code_PAM250_GO_-6_GE_-0.5,sp_match_count,sp_match_count_norm,sp_mismatch_count,sp_mismatch_count_norm,sp_go,sp_go_norm,sp_ge,sp_ge_norm,sp_match_PAM250,sp_match_norm_PAM250,sp_mismatch_PAM250,sp_mismatch_norm_PAM250,sp_PAM250_GO_-6_GE_-0.5,sp_norm_PAM250_GO_-6_GE_-0.5
'bali_phy_msa.1.fas', 8943.0, 0.026, 71201, 0.208, 1217, 0.004, 61633, 0.18, 42921.0, 0.125, -73237, -0.214, -68434.5, -0.2
'bali_phy_msa.10.fas', 33947.0, 0.061, 25032, 0.045, 5444, 0.01, 103963, 0.186, 172847.0, 0.309, -813, -0.001, 87388.5, 0.156
'bali_phy_msa.100.fas', 33882.0, 0.061, 25155, 0.045, 5086, 0.009, 103847, 0.185, 173814.0, 0.31, -905, -0.002, 90469.5, 0.162
'bali_phy_msa.101.fas', 33718.0, 0.06, 25575, 0.046, 5148, 0.009, 103335, 0.185, 172725.0, 0.309, -1988, -0.004, 88181.5, 0.158
'bali_phy_msa.102.fas', 33337.0, 0.058, 24802, 0.043, 5452, 0.009, 105643, 0.183, 171564.0, 0.298, -1443, -0.003, 84587.5, 0.147
'bali_phy_msa.103.fas', 33566.0, 0.058, 25194, 0.044, 5260, 0.009, 104401, 0.181, 172067.0, 0.298, -1153, -0.002, 87153.5, 0.151
'bali_phy_msa.104.fas', 33686.0, 0.059, 25492, 0.045, 5043, 0.009, 103565, 0.182, 172028.0, 0.302, -1163, -0.002, 88824.5, 0.156
'bali_phy_msa.105.fas', 33575.0, 0.058, 24616, 0.042, 5130, 0.009, 105539, 0.182, 170790.0, 0.295, -188, -0.0, 87052.5, 0.15
'bali_phy_msa.106.fas', 33704.0, 0.056, 25132, 0.042, 5326, 0.009, 104249, 0.174, 172586.0, 0.289, -1058, -0.002, 87447.5, 0.146
'bali_phy_msa.107.fas', 33916.0, 0.06, 25006, 0.044, 5142, 0.009, 104077, 0.184, 173867.0, 0.307, -526, -0.001, 90450.5, 0.159
'bali_phy_msa.108.fas', 34011.0, 0.061, 25056, 0.045, 5454, 0.01, 103787, 0.186, 174415.0, 0.312, -593, -0.001, 89204.5, 0.16
'bali_phy_msa.109.fas', 34000.0, 0.06, 25308, 0.045, 5123, 0.009, 103305, 0.183, 173733.0, 0.308, -836, -0.001, 90506.5, 0.16
'bali_phy_msa.11.fas', 33689.0, 0.059, 24912, 0.044, 5178, 0.009, 104719, 0.184, 173240.0, 0.304, -490, -0.001, 89322.5, 0.157
'bali_phy_msa.110.fas', 33966.0, 0.06, 25370, 0.045, 5125, 0.009, 103249, 0.184, 173808.0, 0.309, -1389, -0.002, 90044.5, 0.16
'bali_phy_msa.111.fas', 33469.0, 0.057, 24336, 0.041, 5294, 0.009, 106311, 0.18, 170193.0, 0.288, -607, -0.001, 84666.5, 0.143
'bali_phy_msa.112.fas', 33749.0, 0.06, 25094, 0.045, 5259, 0.009, 104235, 0.185, 171854.0, 0.305, -584, -0.001, 87598.5, 0.155
'bali_phy_msa.113.fas', 33766.0, 0.059, 25138, 0.044, 5306, 0.009, 104113, 0.181, 172692.0, 0.301, -705, -0.001, 88094.5, 0.153
'bali_phy_msa.114.fas', 33578.0, 0.06, 24795, 0.044, 5196, 0.009, 105175, 0.188, 171148.0, 0.306, -953, -0.002, 86431.5, 0.155
'bali_phy_msa.115.fas', 33857.0, 0.061, 25605, 0.046, 5019, 0.009, 102997, 0.186, 173407.0, 0.313, -1812, -0.003, 89982.5, 0.163
'bali_phy_msa.116.fas', 33829.0, 0.06, 24433, 0.043, 5306, 0.009, 105397, 0.187, 172865.0, 0.307, -298, -0.001, 88032.5, 0.156
'bali_phy_msa.117.fas', 33677.0, 0.059, 25067, 0.044, 5377, 0.009, 104433, 0.183, 172407.0, 0.301, -1777, -0.003, 86151.5, 0.151
'bali_phy_msa.118.fas', 33834.0, 0.061, 25194, 0.046, 5204, 0.009, 103865, 0.188, 173434.0, 0.313, -2076, -0.004, 88201.5, 0.159
'bali_phy_msa.119.fas', 33696.0, 0.06, 24765, 0.044, 5248, 0.009, 104999, 0.188, 171727.0, 0.308, -604, -0.001, 87135.5, 0.156
'bali_phy_msa.12.fas', 33824.0, 0.06, 25453, 0.045, 5109, 0.009, 103367, 0.185, 173334.0, 0.31, -512, -0.001, 90484.5, 0.162
'bali_phy_msa.120.fas', 33608.0, 0.058, 24493, 0.043, 5213, 0.009, 105719, 0.184, 171507.0, 0.299, -475, -0.001, 86894.5, 0.151
'bali_phy_msa.121.fas', 33731.0, 0.059, 25008, 0.044, 5227, 0.009, 104443, 0.184, 172966.0, 0.304, -556, -0.001, 88826.5, 0.156
'bali_phy_msa.122.fas', 33892.0, 0.061, 25478, 0.046, 4959, 0.009, 103181, 0.186, 173431.0, 0.313, -1399, -0.003, 90687.5, 0.163
'bali_phy_msa.123.fas', 33743.0, 0.06, 25570, 0.046, 5206, 0.009, 103295, 0.185, 172739.0, 0.309, -1125, -0.002, 88730.5, 0.159
'bali_phy_msa.124.fas', 33746.0, 0.058, 24043, 0.042, 5523, 0.01, 106343, 0.184, 171959.0, 0.297, 565, 0.001, 86214.5, 0.149
'bali_phy_msa.125.fas', 33852.0, 0.061, 25539, 0.046, 5173, 0.009, 103139, 0.186, 173791.0, 0.313, -1406, -0.003, 89777.5, 0.162
'bali_phy_msa.126.fas', 33592.0, 0.056, 24753, 0.041, 5386, 0.009, 105231, 0.176, 172107.0, 0.288, -882, -0.001, 86293.5, 0.144
'bali_phy_msa.127.fas', 33748.0, 0.06, 25134, 0.045, 5254, 0.009, 104157, 0.186, 173403.0, 0.31, -745, -0.001, 89055.5, 0.159
'bali_phy_msa.128.fas', 33842.0, 0.059, 25299, 0.044, 5109, 0.009, 103639, 0.182, 173349.0, 0.304, -607, -0.001, 90268.5, 0.158
'bali_phy_msa.129.fas', 33851.0, 0.06, 25376, 0.045, 5084, 0.009, 103467, 0.184, 173366.0, 0.309, -1074, -0.002, 90054.5, 0.161
'bali_phy_msa.13.fas', 33717.0, 0.06, 24750, 0.044, 5182, 0.009, 104987, 0.188, 172034.0, 0.308, -405, -0.001, 88043.5, 0.158
'bali_phy_msa.130.fas', 33329.0, 0.058, 24555, 0.042, 5182, 0.009, 106153, 0.184, 169770.0, 0.294, -462, -0.001, 85139.5, 0.147
'bali_phy_msa.131.fas', 33703.0, 0.06, 24522, 0.044, 5484, 0.01, 105471, 0.188, 171919.0, 0.306, -937, -0.002, 85342.5, 0.152
'bali_phy_msa.132.fas', 33720.0, 0.059, 24952, 0.044, 5080, 0.009, 104577, 0.184, 172791.0, 0.303, -1322, -0.002, 88700.5, 0.156
'bali_phy_msa.133.fas', 33895.0, 0.06, 25037, 0.044, 5350, 0.009, 104057, 0.184, 173948.0, 0.308, -497, -0.001, 89322.5, 0.158
'bali_phy_msa.134.fas', 33800.0, 0.059, 24820, 0.043, 5352, 0.009, 104681, 0.181, 172068.0, 0.298, -254, -0.0, 87361.5, 0.151
'bali_phy_msa.135.fas', 33812.0, 0.06, 25429, 0.045, 4989, 0.009, 103439, 0.185, 173151.0, 0.309, -2191, -0.004, 89306.5, 0.16
'bali_phy_msa.136.fas', 33865.0, 0.061, 25522, 0.046, 5185, 0.009, 103147, 0.186, 173399.0, 0.312, -1588, -0.003, 89127.5, 0.161
'bali_phy_msa.137.fas', 33696.0, 0.061, 25735, 0.046, 5138, 0.009, 103059, 0.186, 172882.0, 0.312, -476, -0.001, 90048.5, 0.162
'bali_phy_msa.138.fas', 33709.0, 0.057, 24327, 0.041, 5225, 0.009, 105849, 0.179, 171543.0, 0.289, 99, 0.0, 87367.5, 0.147
'bali_phy_msa.139.fas', 33588.0, 0.06, 25180, 0.045, 5233, 0.009, 104385, 0.188, 171139.0, 0.308, -108, -0.0, 87440.5, 0.157
'bali_phy_msa.14.fas', 33871.0, 0.061, 25597, 0.046, 5146, 0.009, 102985, 0.187, 173639.0, 0.315, -1061, -0.002, 90209.5, 0.164
'bali_phy_msa.140.fas', 33576.0, 0.059, 25085, 0.044, 5022, 0.009, 104599, 0.184, 171849.0, 0.302, -1419, -0.002, 87998.5, 0.154
'bali_phy_msa.141.fas', 33541.0, 0.057, 24111, 0.041, 5184, 0.009, 106617, 0.182, 170713.0, 0.291, -433, -0.001, 85867.5, 0.146
'bali_phy_msa.142.fas', 33955.0, 0.062, 25520, 0.046, 4979, 0.009, 102971, 0.187, 173740.0, 0.315, -1089, -0.002, 91291.5, 0.166
'bali_phy_msa.143.fas', 33738.0, 0.059, 25600, 0.045, 5057, 0.009, 103245, 0.181, 172971.0, 0.304, -1370, -0.002, 89636.5, 0.157
'bali_phy_msa.144.fas', 33671.0, 0.059, 24767, 0.044, 5325, 0.009, 105045, 0.186, 171607.0, 0.303, -811, -0.001, 86323.5, 0.153
'bali_phy_msa.145.fas', 33439.0, 0.058, 24366, 0.042, 5392, 0.009, 106311, 0.183, 170361.0, 0.293, -254, -0.0, 84599.5, 0.146
'bali_phy_msa.146.fas', 33781.0, 0.061, 25273, 0.046, 5158, 0.009, 103813, 0.187, 171877.0, 0.31, -785, -0.001, 88237.5, 0.159
'bali_phy_msa.147.fas', 33791.0, 0.059, 25053, 0.044, 5274, 0.009, 104233, 0.182, 173261.0, 0.303, -626, -0.001, 88874.5, 0.155
'bali_phy_msa.148.fas', 33459.0, 0.058, 24601, 0.043, 5206, 0.009, 105801, 0.184, 170626.0, 0.296, -690, -0.001, 85799.5, 0.149
'bali_phy_msa.149.fas', 33604.0, 0.059, 25039, 0.044, 5265, 0.009, 104635, 0.183, 171095.0, 0.299, -513, -0.001, 86674.5, 0.152
'bali_phy_msa.15.fas', 33459.0, 0.055, 24753, 0.041, 4968, 0.008, 105497, 0.173, 171607.0, 0.282, -552, -0.001, 88498.5, 0.145
'bali_phy_msa.150.fas', 33537.0, 0.058, 25020, 0.044, 5534, 0.01, 104807, 0.183, 172206.0, 0.3, -653, -0.001, 85945.5, 0.15
'bali_phy_msa.151.fas', 33372.0, 0.059, 25228, 0.045, 5057, 0.009, 104721, 0.185, 168737.0, 0.298, -1423, -0.003, 84611.5, 0.15
'bali_phy_msa.152.fas', 33759.0, 0.06, 25233, 0.045, 5120, 0.009, 103937, 0.184, 172855.0, 0.307, -645, -0.001, 89521.5, 0.159
'bali_phy_msa.153.fas', 33708.0, 0.06, 25325, 0.045, 5369, 0.01, 103855, 0.184, 172317.0, 0.305, -519, -0.001, 87656.5, 0.155
'bali_phy_msa.154.fas', 33683.0, 0.06, 24501, 0.043, 5377, 0.01, 105553, 0.187, 171372.0, 0.303, -517, -0.001, 85816.5, 0.152
'bali_phy_msa.155.fas', 33851.0, 0.06, 25258, 0.045, 5346, 0.01, 103703, 0.185, 172809.0, 0.308, -558, -0.001, 88323.5, 0.157
'bali_phy_msa.156.fas', 33829.0, 0.06, 25287, 0.045, 4980, 0.009, 103689, 0.184, 172782.0, 0.306, -1582, -0.003, 89475.5, 0.158
'bali_phy_msa.157.fas', 33637.0, 0.06, 24708, 0.044, 5301, 0.009, 105231, 0.186, 171100.0, 0.303, -565, -0.001, 86113.5, 0.152
'bali_phy_msa.158.fas', 33567.0, 0.056, 24359, 0.041, 5491, 0.009, 106069, 0.177, 170814.0, 0.285, -609, -0.001, 84224.5, 0.14
'bali_phy_msa.159.fas', 33859.0, 0.06, 25177, 0.044, 5229, 0.009, 103849, 0.183, 173572.0, 0.305, -863, -0.002, 89410.5, 0.157
'bali_phy_msa.16.fas', 33675.0, 0.058, 24479, 0.042, 5335, 0.009, 105613, 0.182, 171549.0, 0.295, 56, 0.0, 86788.5, 0.149
'bali_phy_msa.160.fas', 33873.0, 0.061, 25511, 0.046, 5131, 0.009, 103153, 0.185, 173239.0, 0.311, -2030, -0.004, 88846.5, 0.159
'bali_phy_msa.161.fas', 33693.0, 0.06, 25423, 0.045, 5054, 0.009, 103689, 0.184, 172423.0, 0.306, -938, -0.002, 89316.5, 0.159
'bali_phy_msa.162.fas', 33903.0, 0.061, 25309, 0.045, 5176, 0.009, 103497, 0.185, 173789.0, 0.31, -1200, -0.002, 89784.5, 0.16
'bali_phy_msa.163.fas', 33903.0, 0.059, 24812, 0.043, 5452, 0.009, 104491, 0.181, 173960.0, 0.301, -528, -0.001, 88474.5, 0.153
'bali_phy_msa.164.fas', 33617.0, 0.058, 25095, 0.043, 5234, 0.009, 104497, 0.18, 172178.0, 0.297, -1409, -0.002, 87116.5, 0.15
'bali_phy_msa.165.fas', 33966.0, 0.061, 25397, 0.046, 5044, 0.009, 103195, 0.186, 173889.0, 0.313, -1062, -0.002, 90965.5, 0.164
'bali_phy_msa.166.fas', 33908.0, 0.059, 24626, 0.043, 5485, 0.01, 104853, 0.182, 173663.0, 0.302, -1426, -0.002, 86900.5, 0.151
'bali_phy_msa.167.fas', 33771.0, 0.059, 24829, 0.043, 5523, 0.01, 104721, 0.182, 173673.0, 0.301, -1028, -0.002, 87146.5, 0.151
'bali_phy_msa.168.fas', 33483.0, 0.056, 24357, 0.041, 5342, 0.009, 106241, 0.177, 170673.0, 0.285, 659, 0.001, 86159.5, 0.144
'bali_phy_msa.169.fas', 33102.0, 0.057, 25135, 0.044, 4959, 0.009, 105447, 0.183, 167304.0, 0.291, -1285, -0.002, 83541.5, 0.145
'bali_phy_msa.17.fas', 33537.0, 0.058, 24750, 0.042, 5168, 0.009, 105347, 0.181, 171708.0, 0.294, -583, -0.001, 87443.5, 0.15
'bali_phy_msa.170.fas', 33531.0, 0.058, 24626, 0.042, 5239, 0.009, 105607, 0.182, 170631.0, 0.294, -648, -0.001, 85745.5, 0.148
'bali_phy_msa.171.fas', 33794.0, 0.06, 25478, 0.045, 5045, 0.009, 103377, 0.184, 172946.0, 0.308, -1539, -0.003, 89448.5, 0.159
'bali_phy_msa.172.fas', 33545.0, 0.057, 24958, 0.043, 5161, 0.009, 104915, 0.18, 172121.0, 0.295, -1039, -0.002, 87658.5, 0.15
'bali_phy_msa.173.fas', 33674.0, 0.059, 25181, 0.044, 5017, 0.009, 104211, 0.183, 172376.0, 0.302, -2046, -0.004, 88122.5, 0.154
'bali_phy_msa.174.fas', 33827.0, 0.059, 25244, 0.044, 5135, 0.009, 103779, 0.181, 173225.0, 0.302, -1258, -0.002, 89267.5, 0.155
'bali_phy_msa.175.fas', 33722.0, 0.06, 24959, 0.044, 5577, 0.01, 104559, 0.186, 172877.0, 0.308, -663, -0.001, 86472.5, 0.154
'bali_phy_msa.176.fas', 33715.0, 0.059, 25215, 0.044, 5062, 0.009, 104061, 0.183, 172496.0, 0.303, -1167, -0.002, 88926.5, 0.156
'bali_phy_msa.177.fas', 33506.0, 0.058, 24572, 0.043, 5297, 0.009, 105765, 0.183, 170500.0, 0.296, -233, -0.0, 85602.5, 0.148
'bali_phy_msa.178.fas', 33938.0, 0.06, 25233, 0.045, 5237, 0.009, 103579, 0.183, 173905.0, 0.308, -1474, -0.003, 89219.5, 0.158
'bali_phy_msa.179.fas', 33774.0, 0.061, 25694, 0.046, 5051, 0.009, 102985, 0.185, 172947.0, 0.31, -1214, -0.002, 89934.5, 0.161
'bali_phy_msa.18.fas', 33718.0, 0.06, 25430, 0.046, 5171, 0.009, 103625, 0.186, 172946.0, 0.31, -350, -0.001, 89757.5, 0.161
'bali_phy_msa.180.fas', 33634.0, 0.057, 24439, 0.042, 5507, 0.009, 105775, 0.181, 171114.0, 0.292, 139, 0.0, 85323.5, 0.146
'bali_phy_msa.181.fas', 33814.0, 0.061, 24892, 0.045, 5345, 0.01, 104509, 0.188, 172238.0, 0.31, -461, -0.001, 87452.5, 0.157
'bali_phy_msa.182.fas', 33745.0, 0.059, 25123, 0.044, 5157, 0.009, 104185, 0.183, 173003.0, 0.304, -469, -0.001, 89499.5, 0.157
'bali_phy_msa.183.fas', 33671.0, 0.061, 25637, 0.046, 5254, 0.009, 103305, 0.186, 172898.0, 0.312, -1770, -0.003, 87951.5, 0.158
'bali_phy_msa.184.fas', 33955.0, 0.06, 25047, 0.044, 5163, 0.009, 103917, 0.183, 173936.0, 0.307, -1257, -0.002, 89742.5, 0.158
'bali_phy_msa.185.fas', 33379.0, 0.057, 24445, 0.042, 5141, 0.009, 106273, 0.183, 169825.0, 0.292, -959, -0.002, 84883.5, 0.146
'bali_phy_msa.186.fas', 33662.0, 0.06, 25256, 0.045, 5166, 0.009, 104085, 0.185, 172717.0, 0.307, -1191, -0.002, 88487.5, 0.157
'bali_phy_msa.187.fas', 33899.0, 0.061, 25097, 0.045, 5031, 0.009, 103929, 0.187, 173331.0, 0.312, -1222, -0.002, 89958.5, 0.162
'bali_phy_msa.188.fas', 33791.0, 0.059, 24480, 0.043, 5361, 0.009, 105379, 0.184, 172231.0, 0.301, -245, -0.0, 87130.5, 0.152
'bali_phy_msa.189.fas', 33820.0, 0.061, 25326, 0.045, 5210, 0.009, 103629, 0.186, 173191.0, 0.311, -836, -0.001, 89280.5, 0.16
'bali_phy_msa.19.fas', 33606.0, 0.058, 24560, 0.042, 5504, 0.009, 105589, 0.182, 171202.0, 0.295, -252, -0.0, 85131.5, 0.147
'bali_phy_msa.190.fas', 33741.0, 0.06, 25456, 0.045, 5409, 0.01, 103527, 0.185, 173044.0, 0.309, -940, -0.002, 87886.5, 0.157
'bali_phy_msa.191.fas', 33613.0, 0.06, 25230, 0.045, 5351, 0.009, 104235, 0.185, 172226.0, 0.305, -1189, -0.002, 86813.5, 0.154
'bali_phy_msa.192.fas', 33811.0, 0.06, 25485, 0.045, 5326, 0.009, 103329, 0.183, 172232.0, 0.306, -1062, -0.002, 87549.5, 0.155
'bali_phy_msa.193.fas', 33616.0, 0.059, 25275, 0.045, 5057, 0.009, 104139, 0.184, 172063.0, 0.304, -252, -0.0, 89399.5, 0.158
'bali_phy_msa.194.fas', 33703.0, 0.06, 25539, 0.046, 5250, 0.009, 103437, 0.185, 172517.0, 0.308, -1095, -0.002, 88203.5, 0.158
'bali_phy_msa.195.fas', 33759.0, 0.062, 25341, 0.046, 5116, 0.009, 103721, 0.189, 171514.0, 0.313, -1472, -0.003, 87485.5, 0.16
'bali_phy_msa.196.fas', 33706.0, 0.059, 24800, 0.044, 5223, 0.009, 104909, 0.185, 171206.0, 0.302, -939, -0.002, 86474.5, 0.152
'bali_phy_msa.197.fas', 33959.0, 0.054, 24931, 0.04, 5385, 0.009, 104141, 0.166, 172862.0, 0.276, -140, -0.0, 88341.5, 0.141
'bali_phy_msa.198.fas', 33817.0, 0.06, 25352, 0.045, 4904, 0.009, 103583, 0.183, 172990.0, 0.306, -1406, -0.002, 90368.5, 0.16
'bali_phy_msa.199.fas', 33668.0, 0.058, 24119, 0.042, 5594, 0.01, 106347, 0.184, 172013.0, 0.297, 99, 0.0, 85374.5, 0.147
'bali_phy_msa.2.fas', 33408.0, 0.056, 25124, 0.042, 5123, 0.009, 104857, 0.176, 170960.0, 0.287, -1339, -0.002, 86454.5, 0.145
'bali_phy_msa.20.fas', 33606.0, 0.058, 25019, 0.043, 5161, 0.009, 104671, 0.18, 171937.0, 0.296, -1112, -0.002, 87523.5, 0.151
'bali_phy_msa.200.fas', 33743.0, 0.059, 25137, 0.044, 5290, 0.009, 104161, 0.183, 171176.0, 0.301, -801, -0.001, 86554.5, 0.152
'bali_phy_msa.201.fas', 33789.0, 0.06, 25401, 0.045, 5177, 0.009, 103541, 0.183, 172500.0, 0.304, -2048, -0.004, 87619.5, 0.154
'bali_phy_msa.202.fas', 33549.0, 0.057, 24736, 0.042, 5387, 0.009, 105351, 0.18, 170918.0, 0.291, -560, -0.001, 85360.5, 0.145
'bali_phy_msa.203.fas', 33726.0, 0.059, 25411, 0.045, 5167, 0.009, 103647, 0.182, 173094.0, 0.305, -822, -0.001, 89446.5, 0.157
'bali_phy_msa.204.fas', 33565.0, 0.057, 24829, 0.042, 5247, 0.009, 105133, 0.18, 171656.0, 0.294, -1358, -0.002, 86249.5, 0.148
'bali_phy_msa.205.fas', 33509.0, 0.06, 25834, 0.046, 5142, 0.009, 103235, 0.185, 171489.0, 0.308, -1928, -0.003, 87091.5, 0.156
'bali_phy_msa.206.fas', 33746.0, 0.059, 24622, 0.043, 5507, 0.01, 105185, 0.185, 172242.0, 0.303, -312, -0.001, 86295.5, 0.152
'bali_phy_msa.207.fas', 33221.0, 0.057, 24111, 0.042, 5332, 0.009, 107257, 0.185, 167767.0, 0.29, -426, -0.001, 81720.5, 0.141
'bali_phy_msa.208.fas', 32904.0, 0.056, 23698, 0.04, 5269, 0.009, 108717, 0.185, 166008.0, 0.283, -397, -0.001, 79638.5, 0.136
'bali_phy_msa.209.fas', 33765.0, 0.059, 24438, 0.043, 5270, 0.009, 105515, 0.184, 171687.0, 0.3, -1463, -0.003, 85846.5, 0.15
'bali_phy_msa.21.fas', 33775.0, 0.06, 25472, 0.045, 4991, 0.009, 103427, 0.184, 172971.0, 0.308, -1670, -0.003, 89641.5, 0.16
'bali_phy_msa.210.fas', 33731.0, 0.058, 24866, 0.042, 5013, 0.009, 104727, 0.179, 172711.0, 0.295, -540, -0.001, 89729.5, 0.153
'bali_phy_msa.211.fas', 33658.0, 0.057, 24755, 0.042, 5393, 0.009, 105095, 0.179, 172723.0, 0.294, -1456, -0.002, 86361.5, 0.147
'bali_phy_msa.212.fas', 33600.0, 0.06, 25499, 0.045, 5144, 0.009, 103723, 0.185, 172568.0, 0.308, -820, -0.001, 89022.5, 0.159
'bali_phy_msa.213.fas', 33772.0, 0.059, 24566, 0.043, 5179, 0.009, 105245, 0.183, 171668.0, 0.298, -466, -0.001, 87505.5, 0.152
'bali_phy_msa.214.fas', 33782.0, 0.06, 25301, 0.045, 5167, 0.009, 103755, 0.183, 173018.0, 0.305, -639, -0.001, 89499.5, 0.158
'bali_phy_msa.215.fas', 33582.0, 0.058, 24650, 0.043, 5171, 0.009, 105457, 0.183, 171118.0, 0.297, -774, -0.001, 86589.5, 0.15
'bali_phy_msa.216.fas', 33674.0, 0.059, 24371, 0.042, 5351, 0.009, 105831, 0.184, 171799.0, 0.299, -811, -0.001, 85966.5, 0.15
'bali_phy_msa.217.fas', 33973.0, 0.061, 25409, 0.046, 5009, 0.009, 103157, 0.186, 173942.0, 0.314, -1198, -0.002, 91111.5, 0.165
'bali_phy_msa.218.fas', 33612.0, 0.06, 25447, 0.045, 5148, 0.009, 103803, 0.185, 172420.0, 0.307, -1270, -0.002, 88360.5, 0.157
'bali_phy_msa.219.fas', 33455.0, 0.058, 24695, 0.043, 5319, 0.009, 105621, 0.183, 170338.0, 0.295, -297, -0.001, 85316.5, 0.148
'bali_phy_msa.22.fas', 33812.0, 0.061, 25725, 0.046, 5107, 0.009, 102847, 0.186, 173300.0, 0.313, -1065, -0.002, 90169.5, 0.163
'bali_phy_msa.220.fas', 33629.0, 0.059, 24979, 0.044, 5083, 0.009, 104705, 0.183, 172238.0, 0.302, -745, -0.001, 88642.5, 0.155
'bali_phy_msa.221.fas', 33654.0, 0.059, 25477, 0.045, 4936, 0.009, 103659, 0.181, 172344.0, 0.301, -1590, -0.003, 89308.5, 0.156
'bali_phy_msa.222.fas', 33807.0, 0.059, 25150, 0.044, 5142, 0.009, 104007, 0.183, 173119.0, 0.305, -938, -0.002, 89325.5, 0.157
'bali_phy_msa.223.fas', 33520.0, 0.058, 24476, 0.043, 5592, 0.01, 105929, 0.185, 171584.0, 0.299, -441, -0.001, 84626.5, 0.148
'bali_phy_msa.224.fas', 33744.0, 0.059, 24373, 0.042, 5229, 0.009, 105687, 0.184, 171814.0, 0.298, -110, -0.0, 87486.5, 0.152
'bali_phy_msa.225.fas', 33524.0, 0.057, 23807, 0.04, 5533, 0.009, 107259, 0.182, 170642.0, 0.289, 203, 0.0, 84017.5, 0.142
'bali_phy_msa.226.fas', 33765.0, 0.059, 24831, 0.043, 5084, 0.009, 104729, 0.183, 172611.0, 0.301, -1158, -0.002, 88584.5, 0.155
'bali_phy_msa.227.fas', 33344.0, 0.056, 24232, 0.041, 5601, 0.009, 106769, 0.18, 170284.0, 0.287, -301, -0.001, 82992.5, 0.14
'bali_phy_msa.228.fas', 33542.0, 0.059, 24393, 0.043, 5191, 0.009, 106051, 0.185, 170560.0, 0.298, -340, -0.001, 86048.5, 0.15
'bali_phy_msa.229.fas', 33605.0, 0.058, 25213, 0.044, 5134, 0.009, 104285, 0.181, 171836.0, 0.298, -1038, -0.002, 87851.5, 0.153
'bali_phy_msa.23.fas', 33726.0, 0.06, 24992, 0.044, 5382, 0.01, 104485, 0.185, 172022.0, 0.305, -34, -0.0, 87453.5, 0.155
'bali_phy_msa.230.fas', 33699.0, 0.059, 25311, 0.044, 5041, 0.009, 103901, 0.182, 172675.0, 0.302, -1841, -0.003, 88637.5, 0.155
'bali_phy_msa.231.fas', 33662.0, 0.058, 24764, 0.042, 5311, 0.009, 105069, 0.18, 172534.0, 0.295, -823, -0.001, 87310.5, 0.149
'bali_phy_msa.232.fas', 33682.0, 0.059, 25335, 0.044, 5091, 0.009, 103887, 0.182, 172578.0, 0.302, -1312, -0.002, 88776.5, 0.156
'bali_phy_msa.233.fas', 33513.0, 0.058, 25313, 0.044, 4907, 0.009, 104269, 0.181, 171655.0, 0.299, -1159, -0.002, 88919.5, 0.155
'bali_phy_msa.234.fas', 33734.0, 0.059, 24859, 0.044, 5161, 0.009, 104735, 0.184, 171701.0, 0.301, -577, -0.001, 87790.5, 0.154
'bali_phy_msa.235.fas', 33910.0, 0.06, 25213, 0.045, 5165, 0.009, 103675, 0.184, 173266.0, 0.307, -1364, -0.002, 89074.5, 0.158
'bali_phy_msa.236.fas', 33830.0, 0.06, 24664, 0.044, 5450, 0.01, 104933, 0.186, 173461.0, 0.307, -357, -0.001, 87937.5, 0.156
'bali_phy_msa.237.fas', 33811.0, 0.059, 25049, 0.044, 5317, 0.009, 104201, 0.182, 173805.0, 0.304, -409, -0.001, 89393.5, 0.156
'bali_phy_msa.238.fas', 33707.0, 0.06, 25505, 0.045, 4965, 0.009, 103497, 0.184, 172671.0, 0.308, -1253, -0.002, 89879.5, 0.16
'bali_phy_msa.239.fas', 33673.0, 0.06, 24946, 0.045, 5177, 0.009, 104683, 0.188, 171544.0, 0.308, -553, -0.001, 87587.5, 0.157
'bali_phy_msa.24.fas', 33695.0, 0.06, 25490, 0.045, 5096, 0.009, 103551, 0.183, 172501.0, 0.305, -717, -0.001, 89432.5, 0.158
'bali_phy_msa.240.fas', 33756.0, 0.06, 25629, 0.046, 5084, 0.009, 103151, 0.184, 172174.0, 0.307, -1138, -0.002, 88956.5, 0.159
'bali_phy_msa.241.fas', 33788.0, 0.057, 24290, 0.041, 5316, 0.009, 105765, 0.177, 172182.0, 0.289, -480, -0.001, 86923.5, 0.146
'bali_phy_msa.242.fas', 33858.0, 0.059, 25002, 0.044, 5286, 0.009, 104201, 0.183, 173562.0, 0.305, -1501, -0.003, 88244.5, 0.155
'bali_phy_msa.243.fas', 33799.0, 0.059, 25082, 0.044, 5204, 0.009, 104159, 0.182, 173358.0, 0.303, -1706, -0.003, 88348.5, 0.154
'bali_phy_msa.244.fas', 33902.0, 0.058, 25090, 0.043, 5078, 0.009, 103937, 0.178, 173565.0, 0.297, -592, -0.001, 90536.5, 0.155
'bali_phy_msa.245.fas', 34024.0, 0.061, 25521, 0.046, 5361, 0.01, 102831, 0.186, 174127.0, 0.314, -1305, -0.002, 89240.5, 0.161
'bali_phy_msa.246.fas', 33902.0, 0.061, 25406, 0.046, 5022, 0.009, 103305, 0.185, 173547.0, 0.311, -1330, -0.002, 90432.5, 0.162
'bali_phy_msa.247.fas', 33609.0, 0.059, 25255, 0.045, 5164, 0.009, 104193, 0.184, 172083.0, 0.304, -902, -0.002, 88100.5, 0.156
'bali_phy_msa.248.fas', 33910.0, 0.062, 25575, 0.046, 5066, 0.009, 102951, 0.187, 173539.0, 0.315, -1740, -0.003, 89927.5, 0.163
'bali_phy_msa.249.fas', 33862.0, 0.062, 25716, 0.047, 5197, 0.009, 102765, 0.187, 173309.0, 0.315, -1539, -0.003, 89205.5, 0.162
'bali_phy_msa.25.fas', 33891.0, 0.06, 25252, 0.045, 5045, 0.009, 103635, 0.183, 173361.0, 0.306, -1616, -0.003, 89657.5, 0.158
'bali_phy_msa.250.fas', 33725.0, 0.06, 25353, 0.045, 5200, 0.009, 103765, 0.185, 173014.0, 0.308, -1509, -0.003, 88422.5, 0.158
'bali_phy_msa.251.fas', 33860.0, 0.061, 25746, 0.046, 5097, 0.009, 102709, 0.184, 173496.0, 0.311, -1299, -0.002, 90260.5, 0.162
'bali_phy_msa.252.fas', 33653.0, 0.059, 25196, 0.044, 5031, 0.009, 104223, 0.183, 172613.0, 0.302, -1206, -0.002, 89109.5, 0.156
'bali_phy_msa.253.fas', 33742.0, 0.058, 24243, 0.041, 5460, 0.009, 105951, 0.181, 171917.0, 0.293, 146, 0.0, 86327.5, 0.147
'bali_phy_msa.254.fas', 33662.0, 0.058, 24805, 0.043, 5741, 0.01, 104987, 0.18, 172266.0, 0.296, -739, -0.001, 84587.5, 0.145
'bali_phy_msa.255.fas', 33149.0, 0.058, 24859, 0.044, 5208, 0.009, 105905, 0.186, 166802.0, 0.293, -668, -0.001, 81933.5, 0.144
'bali_phy_msa.256.fas', 33810.0, 0.059, 24989, 0.044, 5397, 0.009, 104323, 0.182, 173358.0, 0.302, -1107, -0.002, 87707.5, 0.153
'bali_phy_msa.257.fas', 33471.0, 0.057, 24738, 0.042, 5163, 0.009, 105503, 0.18, 170301.0, 0.29, -689, -0.001, 85882.5, 0.146
'bali_phy_msa.258.fas', 33694.0, 0.059, 25267, 0.045, 5201, 0.009, 103999, 0.183, 172662.0, 0.304, -1748, -0.003, 87708.5, 0.155
'bali_phy_msa.259.fas', 33399.0, 0.056, 24795, 0.041, 5307, 0.009, 105533, 0.176, 170034.0, 0.284, -535, -0.001, 84890.5, 0.142
'bali_phy_msa.26.fas', 33773.0, 0.06, 25465, 0.045, 5009, 0.009, 103445, 0.184, 173223.0, 0.309, -1384, -0.002, 90062.5, 0.161
'bali_phy_msa.260.fas', 33928.0, 0.061, 25566, 0.046, 5311, 0.01, 102933, 0.186, 173700.0, 0.314, -1219, -0.002, 89148.5, 0.161
'bali_phy_msa.261.fas', 33768.0, 0.058, 24431, 0.042, 5184, 0.009, 105523, 0.181, 171893.0, 0.295, 59, 0.0, 88086.5, 0.151
'bali_phy_msa.262.fas', 33800.0, 0.059, 25276, 0.044, 5097, 0.009, 103769, 0.181, 173170.0, 0.302, -1355, -0.002, 89348.5, 0.156
'bali_phy_msa.263.fas', 33723.0, 0.06, 24876, 0.044, 5200, 0.009, 104723, 0.187, 171719.0, 0.306, -505, -0.001, 87652.5, 0.156
'bali_phy_msa.264.fas', 33811.0, 0.061, 25622, 0.046, 5314, 0.01, 103055, 0.185, 173622.0, 0.311, -1154, -0.002, 89056.5, 0.16
'bali_phy_msa.265.fas', 33605.0, 0.06, 25004, 0.044, 5164, 0.009, 104703, 0.186, 170842.0, 0.303, -208, -0.0, 87298.5, 0.155
'bali_phy_msa.266.fas', 33833.0, 0.061, 25559, 0.046, 5041, 0.009, 103137, 0.186, 172920.0, 0.312, -1858, -0.003, 89247.5, 0.161
'bali_phy_msa.267.fas', 33837.0, 0.06, 25595, 0.046, 5043, 0.009, 103057, 0.184, 173084.0, 0.309, -1431, -0.003, 89866.5, 0.161
'bali_phy_msa.268.fas', 33651.0, 0.059, 25217, 0.044, 5176, 0.009, 104185, 0.182, 172021.0, 0.3, -880, -0.002, 87992.5, 0.153
'bali_phy_msa.269.fas', 33976.0, 0.06, 24510, 0.043, 5598, 0.01, 104949, 0.184, 173426.0, 0.304, 654, 0.001, 88017.5, 0.155
'bali_phy_msa.27.fas', 33796.0, 0.06, 25442, 0.045, 5122, 0.009, 103445, 0.183, 173066.0, 0.306, -1563, -0.003, 89048.5, 0.158
'bali_phy_msa.270.fas', 33629.0, 0.059, 24258, 0.042, 5595, 0.01, 106147, 0.186, 171263.0, 0.3, -109, -0.0, 84510.5, 0.148
'bali_phy_msa.271.fas', 32915.0, 0.056, 23899, 0.041, 5411, 0.009, 108293, 0.184, 165781.0, 0.281, -617, -0.001, 78551.5, 0.133
'bali_phy_msa.272.fas', 33564.0, 0.058, 24810, 0.043, 5095, 0.009, 105173, 0.182, 170633.0, 0.296, -1024, -0.002, 86452.5, 0.15
'bali_phy_msa.273.fas', 33577.0, 0.058, 25036, 0.043, 5070, 0.009, 104695, 0.18, 170635.0, 0.293, -1053, -0.002, 86814.5, 0.149
'bali_phy_msa.274.fas', 33564.0, 0.056, 25130, 0.042, 5075, 0.008, 104533, 0.173, 172156.0, 0.285, -1546, -0.003, 87893.5, 0.146
'bali_phy_msa.275.fas', 33848.0, 0.06, 25297, 0.045, 5065, 0.009, 103631, 0.183, 173223.0, 0.306, -819, -0.001, 90198.5, 0.159
'bali_phy_msa.276.fas', 33853.0, 0.059, 25281, 0.044, 5022, 0.009, 103653, 0.182, 173436.0, 0.304, -900, -0.002, 90577.5, 0.159
'bali_phy_msa.277.fas', 33369.0, 0.057, 24298, 0.041, 5451, 0.009, 106587, 0.181, 170070.0, 0.289, -112, -0.0, 83958.5, 0.142
'bali_phy_msa.278.fas', 33620.0, 0.06, 25258, 0.045, 5188, 0.009, 104165, 0.186, 170682.0, 0.306, -544, -0.001, 86927.5, 0.156
'bali_phy_msa.279.fas', 33564.0, 0.057, 24455, 0.042, 5215, 0.009, 105883, 0.18, 170981.0, 0.291, -489, -0.001, 86260.5, 0.147
'bali_phy_msa.28.fas', 33826.0, 0.059, 25243, 0.044, 5157, 0.009, 103783, 0.181, 173501.0, 0.303, -760, -0.001, 89907.5, 0.157
'bali_phy_msa.280.fas', 33805.0, 0.06, 25092, 0.045, 5401, 0.01, 104127, 0.186, 172997.0, 0.309, -1076, -0.002, 87451.5, 0.156
'bali_phy_msa.281.fas', 33735.0, 0.061, 25568, 0.046, 5072, 0.009, 103315, 0.186, 172801.0, 0.311, -1371, -0.002, 89340.5, 0.161
'bali_phy_msa.282.fas', 33361.0, 0.057, 25011, 0.043, 5161, 0.009, 105177, 0.181, 171198.0, 0.294, -759, -0.001, 86884.5, 0.149
'bali_phy_msa.283.fas', 33433.0, 0.056, 24080, 0.04, 5301, 0.009, 106895, 0.18, 170528.0, 0.286, -53, -0.0, 85221.5, 0.143
'bali_phy_msa.284.fas', 33570.0, 0.059, 25225, 0.044, 4995, 0.009, 104331, 0.182, 171964.0, 0.3, -1587, -0.003, 88241.5, 0.154
'bali_phy_msa.285.fas', 33587.0, 0.058, 24365, 0.042, 5351, 0.009, 106017, 0.183, 171139.0, 0.295, -254, -0.0, 85770.5, 0.148
'bali_phy_msa.286.fas', 33782.0, 0.06, 24556, 0.044, 5466, 0.01, 105245, 0.187, 172219.0, 0.306, 40, 0.0, 86840.5, 0.154
'bali_phy_msa.287.fas', 33928.0, 0.06, 25120, 0.044, 5141, 0.009, 103825, 0.183, 173925.0, 0.307, -366, -0.001, 90800.5, 0.16
'bali_phy_msa.288.fas', 33600.0, 0.058, 25050, 0.043, 5127, 0.009, 104621, 0.181, 171996.0, 0.297, -993, -0.002, 87930.5, 0.152
'bali_phy_msa.289.fas', 33273.0, 0.056, 24243, 0.041, 5309, 0.009, 106889, 0.181, 169764.0, 0.288, -815, -0.001, 83650.5, 0.142
'bali_phy_msa.29.fas', 33770.0, 0.058, 24768, 0.043, 5233, 0.009, 104845, 0.181, 173142.0, 0.299, -907, -0.002, 88414.5, 0.153
'bali_phy_msa.290.fas', 33680.0, 0.057, 25000, 0.043, 5108, 0.009, 104561, 0.178, 172287.0, 0.294, -759, -0.001, 88599.5, 0.151
'bali_phy_msa.291.fas', 33845.0, 0.061, 25435, 0.046, 5370, 0.01, 103361, 0.186, 173309.0, 0.312, -1018, -0.002, 88390.5, 0.159
'bali_phy_msa.292.fas', 33656.0, 0.058, 24872, 0.043, 5189, 0.009, 104865, 0.179, 172723.0, 0.296, -834, -0.001, 88322.5, 0.151
'bali_phy_msa.293.fas', 33489.0, 0.058, 25310, 0.044, 5007, 0.009, 104323, 0.181, 171372.0, 0.298, -1035, -0.002, 88133.5, 0.153
'bali_phy_msa.294.fas', 33682.0, 0.06, 25677, 0.046, 5169, 0.009, 103203, 0.184, 172342.0, 0.307, -1888, -0.003, 87838.5, 0.156
'bali_phy_msa.295.fas', 33875.0, 0.06, 25138, 0.044, 5149, 0.009, 103895, 0.184, 173594.0, 0.307, -1102, -0.002, 89650.5, 0.158
'bali_phy_msa.296.fas', 33660.0, 0.058, 24441, 0.042, 5270, 0.009, 105719, 0.182, 171162.0, 0.295, -528, -0.001, 86154.5, 0.149
'bali_phy_msa.297.fas', 33573.0, 0.058, 25212, 0.044, 5089, 0.009, 104351, 0.181, 171689.0, 0.298, -1537, -0.003, 87442.5, 0.152
'bali_phy_msa.298.fas', 33791.0, 0.06, 25416, 0.045, 5388, 0.01, 103507, 0.184, 172130.0, 0.306, -973, -0.002, 87075.5, 0.155
'bali_phy_msa.299.fas', 33814.0, 0.06, 25245, 0.045, 5280, 0.009, 103803, 0.185, 172932.0, 0.308, -1090, -0.002, 88260.5, 0.157
'bali_phy_msa.3.fas', 33475.0, 0.053, 24689, 0.039, 5159, 0.008, 105593, 0.166, 170433.0, 0.269, 224, 0.0, 86906.5, 0.137
'bali_phy_msa.30.fas', 33685.0, 0.059, 25220, 0.044, 5154, 0.009, 104111, 0.184, 172798.0, 0.305, -986, -0.002, 88832.5, 0.157
'bali_phy_msa.300.fas', 33676.0, 0.057, 24998, 0.042, 5313, 0.009, 104573, 0.176, 172327.0, 0.29, -1251, -0.002, 86911.5, 0.146
'bali_phy_msa.301.fas', 33519.0, 0.058, 25130, 0.043, 5182, 0.009, 104623, 0.181, 172149.0, 0.298, -427, -0.001, 88318.5, 0.153
'bali_phy_msa.302.fas', 33742.0, 0.059, 25400, 0.045, 5152, 0.009, 103637, 0.183, 172375.0, 0.304, -2047, -0.004, 87597.5, 0.154
'bali_phy_msa.303.fas', 33589.0, 0.059, 24955, 0.044, 5275, 0.009, 104833, 0.183, 170771.0, 0.298, -949, -0.002, 85755.5, 0.15
'bali_phy_msa.304.fas', 33528.0, 0.059, 24733, 0.043, 5498, 0.01, 105399, 0.185, 170736.0, 0.299, -229, -0.0, 84819.5, 0.149
'bali_phy_msa.305.fas', 33721.0, 0.06, 24901, 0.044, 5224, 0.009, 104677, 0.186, 171786.0, 0.306, -567, -0.001, 87536.5, 0.156
'bali_phy_msa.306.fas', 33582.0, 0.059, 25231, 0.044, 5233, 0.009, 104295, 0.184, 171919.0, 0.303, -1365, -0.002, 87008.5, 0.153
'bali_phy_msa.307.fas', 33825.0, 0.061, 25721, 0.046, 5113, 0.009, 102829, 0.185, 172287.0, 0.31, -1038, -0.002, 89156.5, 0.16
'bali_phy_msa.308.fas', 33631.0, 0.059, 25134, 0.044, 5333, 0.009, 104391, 0.184, 170993.0, 0.301, -1387, -0.002, 85412.5, 0.151
'bali_phy_msa.309.fas', 33730.0, 0.06, 25341, 0.045, 4988, 0.009, 103779, 0.183, 172670.0, 0.305, -1357, -0.002, 89495.5, 0.158
'bali_phy_msa.31.fas', 33850.0, 0.06, 25062, 0.045, 5308, 0.009, 104097, 0.185, 173292.0, 0.308, -972, -0.002, 88423.5, 0.157
'bali_phy_msa.310.fas', 33621.0, 0.059, 25083, 0.044, 5087, 0.009, 104513, 0.182, 172357.0, 0.301, -1331, -0.002, 88247.5, 0.154
'bali_phy_msa.311.fas', 33959.0, 0.059, 25187, 0.044, 5368, 0.009, 103629, 0.182, 174450.0, 0.306, -321, -0.001, 90106.5, 0.158
'bali_phy_msa.312.fas', 33840.0, 0.06, 25253, 0.045, 5097, 0.009, 103735, 0.185, 173746.0, 0.31, -482, -0.001, 90814.5, 0.162
'bali_phy_msa.313.fas', 33539.0, 0.058, 25080, 0.043, 5156, 0.009, 104683, 0.181, 172289.0, 0.298, -951, -0.002, 88060.5, 0.152
'bali_phy_msa.314.fas', 33779.0, 0.06, 24548, 0.043, 5283, 0.009, 105267, 0.186, 172294.0, 0.304, 544, 0.001, 88506.5, 0.156
'bali_phy_msa.315.fas', 33727.0, 0.059, 25401, 0.044, 5207, 0.009, 103665, 0.18, 172393.0, 0.3, -1188, -0.002, 88130.5, 0.153
'bali_phy_msa.316.fas', 33482.0, 0.057, 24842, 0.042, 5211, 0.009, 105273, 0.178, 171587.0, 0.29, -884, -0.001, 86800.5, 0.147
'bali_phy_msa.317.fas', 33473.0, 0.059, 25109, 0.044, 5234, 0.009, 104757, 0.185, 171615.0, 0.303, -1367, -0.002, 86465.5, 0.153
'bali_phy_msa.318.fas', 33797.0, 0.059, 24819, 0.043, 5096, 0.009, 104689, 0.183, 173025.0, 0.302, -1126, -0.002, 88978.5, 0.156
'bali_phy_msa.319.fas', 33891.0, 0.061, 25350, 0.046, 5029, 0.009, 103439, 0.187, 173043.0, 0.313, -1125, -0.002, 90024.5, 0.163
'bali_phy_msa.32.fas', 33647.0, 0.058, 24627, 0.043, 5161, 0.009, 105373, 0.182, 172982.0, 0.299, -401, -0.001, 88928.5, 0.153
'bali_phy_msa.320.fas', 33600.0, 0.058, 24381, 0.042, 5231, 0.009, 105959, 0.181, 170798.0, 0.292, 71, 0.0, 86503.5, 0.148
'bali_phy_msa.321.fas', 33752.0, 0.059, 25012, 0.044, 5163, 0.009, 104393, 0.182, 171907.0, 0.3, -356, -0.001, 88376.5, 0.154
'bali_phy_msa.322.fas', 33870.0, 0.06, 25063, 0.044, 5286, 0.009, 104055, 0.183, 173825.0, 0.306, -735, -0.001, 89346.5, 0.157
'bali_phy_msa.323.fas', 33775.0, 0.059, 24679, 0.043, 5116, 0.009, 105013, 0.183, 171976.0, 0.3, -220, -0.0, 88553.5, 0.154
'bali_phy_msa.324.fas', 33592.0, 0.059, 24310, 0.042, 5107, 0.009, 106117, 0.185, 171165.0, 0.299, -533, -0.001, 86931.5, 0.152
'bali_phy_msa.325.fas', 33812.0, 0.061, 25617, 0.046, 5017, 0.009, 103063, 0.187, 173920.0, 0.315, -821, -0.001, 91465.5, 0.166
'bali_phy_msa.326.fas', 33845.0, 0.061, 25573, 0.046, 4804, 0.009, 103085, 0.185, 173364.0, 0.31, -1490, -0.003, 91507.5, 0.164
'bali_phy_msa.327.fas', 33695.0, 0.058, 25265, 0.043, 5089, 0.009, 104001, 0.178, 172398.0, 0.296, -1284, -0.002, 88579.5, 0.152
'bali_phy_msa.328.fas', 33624.0, 0.058, 25282, 0.044, 4976, 0.009, 104109, 0.181, 172046.0, 0.299, -1545, -0.003, 88590.5, 0.154
'bali_phy_msa.329.fas', 33550.0, 0.058, 24920, 0.043, 5291, 0.009, 104981, 0.181, 171895.0, 0.297, -896, -0.002, 86762.5, 0.15
'bali_phy_msa.33.fas', 33567.0, 0.058, 24531, 0.042, 5209, 0.009, 105725, 0.181, 170846.0, 0.293, 199, 0.0, 86928.5, 0.149
'bali_phy_msa.330.fas', 33543.0, 0.058, 24352, 0.042, 5238, 0.009, 106131, 0.183, 171207.0, 0.295, -633, -0.001, 86080.5, 0.148
'bali_phy_msa.331.fas', 33655.0, 0.057, 24648, 0.042, 5332, 0.009, 105315, 0.179, 172966.0, 0.295, -1230, -0.002, 87086.5, 0.148
'bali_phy_msa.332.fas', 33780.0, 0.058, 24720, 0.043, 5348, 0.009, 104921, 0.181, 172838.0, 0.299, -1023, -0.002, 87266.5, 0.151
'bali_phy_msa.333.fas', 33891.0, 0.061, 25523, 0.046, 5263, 0.009, 103093, 0.185, 172604.0, 0.309, -1028, -0.002, 88451.5, 0.158
'bali_phy_msa.334.fas', 33900.0, 0.061, 25123, 0.045, 5164, 0.009, 103875, 0.186, 174014.0, 0.311, -603, -0.001, 90489.5, 0.162
'bali_phy_msa.335.fas', 33537.0, 0.057, 24354, 0.042, 5294, 0.009, 106139, 0.182, 171375.0, 0.293, -683, -0.001, 85858.5, 0.147
'bali_phy_msa.336.fas', 33802.0, 0.059, 25004, 0.044, 5224, 0.009, 104309, 0.182, 173149.0, 0.302, -1309, -0.002, 88341.5, 0.154
'bali_phy_msa.337.fas', 33687.0, 0.059, 25216, 0.044, 5086, 0.009, 104115, 0.182, 172414.0, 0.301, -978, -0.002, 88862.5, 0.155
'bali_phy_msa.338.fas', 33727.0, 0.06, 24730, 0.044, 5147, 0.009, 105007, 0.186, 171537.0, 0.304, -1191, -0.002, 86960.5, 0.154
'bali_phy_msa.339.fas', 33737.0, 0.06, 25183, 0.045, 5007, 0.009, 104081, 0.185, 172885.0, 0.307, -1402, -0.002, 89400.5, 0.159
'bali_phy_msa.34.fas', 33883.0, 0.056, 25651, 0.042, 4898, 0.008, 102853, 0.17, 173408.0, 0.286, -885, -0.001, 91708.5, 0.151
'bali_phy_msa.340.fas', 33863.0, 0.06, 25194, 0.045, 5093, 0.009, 103807, 0.183, 173465.0, 0.307, -789, -0.001, 90214.5, 0.159
'bali_phy_msa.341.fas', 33921.0, 0.058, 25353, 0.044, 5086, 0.009, 103373, 0.178, 173500.0, 0.298, -1668, -0.003, 89629.5, 0.154
'bali_phy_msa.342.fas', 33706.0, 0.058, 24131, 0.042, 5281, 0.009, 106247, 0.184, 171639.0, 0.297, -541, -0.001, 86288.5, 0.149
'bali_phy_msa.343.fas', 33652.0, 0.057, 24020, 0.041, 5595, 0.009, 106577, 0.18, 171403.0, 0.289, 226, 0.0, 84770.5, 0.143
'bali_phy_msa.344.fas', 33899.0, 0.061, 24695, 0.044, 5373, 0.01, 104733, 0.188, 172402.0, 0.309, -794, -0.001, 87003.5, 0.156
'bali_phy_msa.345.fas', 33994.0, 0.06, 25101, 0.045, 5213, 0.009, 103731, 0.184, 174097.0, 0.31, -1055, -0.002, 89898.5, 0.16
'bali_phy_msa.346.fas', 33897.0, 0.06, 24716, 0.044, 5207, 0.009, 104695, 0.186, 172507.0, 0.306, -408, -0.001, 88509.5, 0.157
'bali_phy_msa.347.fas', 33826.0, 0.06, 24884, 0.044, 5233, 0.009, 104501, 0.186, 172358.0, 0.307, -230, -0.0, 88479.5, 0.157
'bali_phy_msa.348.fas', 33669.0, 0.059, 24949, 0.044, 5219, 0.009, 104685, 0.185, 171659.0, 0.303, -757, -0.001, 87245.5, 0.154
'bali_phy_msa.349.fas', 33800.0, 0.06, 24812, 0.044, 5193, 0.009, 104697, 0.187, 172011.0, 0.307, -1301, -0.002, 87203.5, 0.155
'bali_phy_msa.35.fas', 33753.0, 0.061, 25583, 0.046, 5528, 0.01, 103249, 0.186, 172532.0, 0.312, -663, -0.001, 87076.5, 0.157
'bali_phy_msa.350.fas', 33564.0, 0.059, 24980, 0.044, 5083, 0.009, 104833, 0.184, 170958.0, 0.301, -1255, -0.002, 86788.5, 0.153
'bali_phy_msa.351.fas', 33672.0, 0.059, 25057, 0.044, 5384, 0.009, 104463, 0.182, 172411.0, 0.3, -760, -0.001, 87115.5, 0.152
'bali_phy_msa.352.fas', 33753.0, 0.06, 25382, 0.045, 5316, 0.009, 103651, 0.184, 172993.0, 0.306, -211, -0.0, 89060.5, 0.158
'bali_phy_msa.353.fas', 33530.0, 0.057, 25282, 0.043, 5101, 0.009, 104297, 0.178, 171822.0, 0.293, -1199, -0.002, 87868.5, 0.15
'bali_phy_msa.354.fas', 33798.0, 0.059, 25118, 0.044, 5224, 0.009, 104089, 0.183, 171910.0, 0.302, -818, -0.001, 87703.5, 0.154
'bali_phy_msa.355.fas', 33701.0, 0.058, 25226, 0.044, 5336, 0.009, 104067, 0.18, 172539.0, 0.298, -1378, -0.002, 87111.5, 0.151
'bali_phy_msa.356.fas', 33501.0, 0.057, 25042, 0.043, 5312, 0.009, 104835, 0.179, 171773.0, 0.294, -956, -0.002, 86527.5, 0.148
'bali_phy_msa.357.fas', 33610.0, 0.061, 25904, 0.047, 5032, 0.009, 102893, 0.186, 172402.0, 0.311, -1157, -0.002, 89606.5, 0.162
'bali_phy_msa.358.fas', 33662.0, 0.059, 24671, 0.044, 5393, 0.01, 105255, 0.186, 171488.0, 0.303, -1106, -0.002, 85396.5, 0.151
'bali_phy_msa.359.fas', 33840.0, 0.06, 24955, 0.044, 5242, 0.009, 104331, 0.185, 173297.0, 0.308, -995, -0.002, 88684.5, 0.157
'bali_phy_msa.36.fas', 33559.0, 0.059, 24827, 0.044, 5234, 0.009, 105149, 0.185, 170947.0, 0.301, -188, -0.0, 86780.5, 0.153
'bali_phy_msa.360.fas', 33960.0, 0.061, 25340, 0.046, 5182, 0.009, 103321, 0.186, 174312.0, 0.314, -818, -0.001, 90741.5, 0.164
'bali_phy_msa.361.fas', 33742.0, 0.06, 25030, 0.045, 5078, 0.009, 104377, 0.186, 171707.0, 0.305, 48, 0.0, 89098.5, 0.158
'bali_phy_msa.362.fas', 33832.0, 0.06, 24717, 0.044, 5424, 0.01, 104823, 0.185, 172404.0, 0.305, -185, -0.0, 87263.5, 0.154
'bali_phy_msa.363.fas', 34035.0, 0.061, 25391, 0.046, 5031, 0.009, 103069, 0.186, 174237.0, 0.314, -1157, -0.002, 91359.5, 0.165
'bali_phy_msa.364.fas', 33704.0, 0.059, 24341, 0.042, 5164, 0.009, 105831, 0.184, 171832.0, 0.298, 496, 0.001, 88428.5, 0.154
'bali_phy_msa.365.fas', 33665.0, 0.059, 24584, 0.043, 5179, 0.009, 105423, 0.185, 171357.0, 0.301, -391, -0.001, 87180.5, 0.153
'bali_phy_msa.366.fas', 33936.0, 0.06, 25373, 0.045, 5263, 0.009, 103303, 0.182, 173645.0, 0.306, -1567, -0.003, 88848.5, 0.157
'bali_phy_msa.367.fas', 33491.0, 0.058, 25033, 0.043, 5297, 0.009, 104873, 0.181, 171333.0, 0.296, -1318, -0.002, 85796.5, 0.148
'bali_phy_msa.368.fas', 33720.0, 0.056, 24655, 0.041, 5515, 0.009, 105171, 0.176, 171753.0, 0.287, 197, 0.0, 86274.5, 0.144
'bali_phy_msa.369.fas', 33856.0, 0.059, 25734, 0.045, 5089, 0.009, 102741, 0.18, 172848.0, 0.303, -1912, -0.003, 89031.5, 0.156
'bali_phy_msa.37.fas', 33702.0, 0.058, 24853, 0.042, 5127, 0.009, 104811, 0.179, 172734.0, 0.295, -890, -0.002, 88676.5, 0.151
'bali_phy_msa.370.fas', 33760.0, 0.061, 25899, 0.047, 5095, 0.009, 102603, 0.186, 172735.0, 0.313, -1404, -0.003, 89459.5, 0.162
'bali_phy_msa.371.fas', 33582.0, 0.059, 25478, 0.045, 5056, 0.009, 103801, 0.181, 171814.0, 0.3, -862, -0.002, 88715.5, 0.155
'bali_phy_msa.372.fas', 33736.0, 0.06, 25449, 0.045, 5148, 0.009, 103551, 0.183, 172628.0, 0.305, -1234, -0.002, 88730.5, 0.157
'bali_phy_msa.373.fas', 33675.0, 0.057, 24874, 0.042, 5276, 0.009, 104823, 0.177, 172630.0, 0.291, -600, -0.001, 87962.5, 0.148
'bali_phy_msa.374.fas', 34020.0, 0.062, 25419, 0.046, 5230, 0.01, 103043, 0.187, 174470.0, 0.317, -373, -0.001, 91195.5, 0.166
'bali_phy_msa.375.fas', 33835.0, 0.06, 25308, 0.045, 5062, 0.009, 103635, 0.184, 173060.0, 0.307, -1053, -0.002, 89817.5, 0.159
'bali_phy_msa.376.fas', 33783.0, 0.061, 25622, 0.046, 4922, 0.009, 103111, 0.186, 172786.0, 0.311, -1700, -0.003, 89998.5, 0.162
'bali_phy_msa.377.fas', 33647.0, 0.058, 24133, 0.042, 5692, 0.01, 106361, 0.183, 172381.0, 0.297, -789, -0.001, 84259.5, 0.145
'bali_phy_msa.378.fas', 33593.0, 0.058, 24906, 0.043, 5350, 0.009, 104923, 0.181, 171903.0, 0.297, -2489, -0.004, 84852.5, 0.147
'bali_phy_msa.379.fas', 33789.0, 0.061, 25581, 0.046, 5134, 0.009, 103181, 0.185, 172910.0, 0.31, -1109, -0.002, 89406.5, 0.16
'bali_phy_msa.38.fas', 33587.0, 0.059, 24596, 0.043, 5174, 0.009, 105555, 0.184, 170829.0, 0.298, -1105, -0.002, 85902.5, 0.15
'bali_phy_msa.380.fas', 33902.0, 0.06, 24868, 0.044, 5159, 0.009, 104381, 0.185, 173316.0, 0.307, -935, -0.002, 89236.5, 0.158
'bali_phy_msa.381.fas', 33986.0, 0.061, 25048, 0.045, 5373, 0.01, 103853, 0.186, 173779.0, 0.312, -1780, -0.003, 87834.5, 0.158
'bali_phy_msa.382.fas', 33702.0, 0.059, 24542, 0.043, 5295, 0.009, 105433, 0.184, 171584.0, 0.3, -245, -0.0, 86852.5, 0.152
'bali_phy_msa.383.fas', 33580.0, 0.057, 23963, 0.04, 5399, 0.009, 106835, 0.18, 171125.0, 0.289, -455, -0.001, 84858.5, 0.143
'bali_phy_msa.384.fas', 33828.0, 0.059, 25436, 0.044, 5404, 0.009, 103393, 0.18, 173071.0, 0.301, -1138, -0.002, 87812.5, 0.153
'bali_phy_msa.385.fas', 33911.0, 0.06, 24989, 0.044, 5581, 0.01, 104121, 0.184, 173705.0, 0.308, -2001, -0.004, 86157.5, 0.153
'bali_phy_msa.386.fas', 33846.0, 0.06, 25391, 0.045, 5156, 0.009, 103447, 0.184, 172327.0, 0.306, -274, -0.0, 89393.5, 0.159
'bali_phy_msa.387.fas', 33658.0, 0.059, 25135, 0.044, 5415, 0.009, 104335, 0.183, 172961.0, 0.303, 414, 0.001, 88717.5, 0.155
'bali_phy_msa.388.fas', 33744.0, 0.059, 25295, 0.044, 5403, 0.009, 103843, 0.182, 172507.0, 0.302, -1204, -0.002, 86963.5, 0.152
'bali_phy_msa.389.fas', 33752.0, 0.059, 25069, 0.044, 5325, 0.009, 104279, 0.183, 172650.0, 0.304, -1499, -0.003, 87061.5, 0.153
'bali_phy_msa.39.fas', 33480.0, 0.058, 24586, 0.043, 5425, 0.009, 105789, 0.185, 170578.0, 0.298, -1001, -0.002, 84132.5, 0.147
'bali_phy_msa.390.fas', 33843.0, 0.059, 25204, 0.044, 5064, 0.009, 103827, 0.18, 173231.0, 0.301, -601, -0.001, 90332.5, 0.157
'bali_phy_msa.391.fas', 33960.0, 0.06, 25205, 0.044, 5318, 0.009, 103591, 0.183, 173945.0, 0.307, -1065, -0.002, 89176.5, 0.157
'bali_phy_msa.392.fas', 33786.0, 0.06, 24585, 0.043, 5328, 0.009, 105179, 0.186, 172430.0, 0.305, -775, -0.001, 87097.5, 0.154
'bali_phy_msa.393.fas', 33780.0, 0.057, 24077, 0.04, 5291, 0.009, 106207, 0.178, 171844.0, 0.289, -174, -0.0, 86820.5, 0.146
'bali_phy_msa.394.fas', 33734.0, 0.057, 24753, 0.042, 5253, 0.009, 104947, 0.177, 173002.0, 0.292, -480, -0.001, 88530.5, 0.15
'bali_phy_msa.395.fas', 33804.0, 0.06, 25241, 0.045, 5151, 0.009, 103831, 0.184, 173214.0, 0.307, -605, -0.001, 89787.5, 0.159
'bali_phy_msa.396.fas', 33607.0, 0.06, 25588, 0.046, 4974, 0.009, 103531, 0.185, 171944.0, 0.306, -1750, -0.003, 88584.5, 0.158
'bali_phy_msa.397.fas', 33117.0, 0.057, 24382, 0.042, 5386, 0.009, 106923, 0.185, 166697.0, 0.288, -727, -0.001, 80192.5, 0.139
'bali_phy_msa.398.fas', 33581.0, 0.057, 24322, 0.041, 5504, 0.009, 106115, 0.18, 171223.0, 0.291, -21, -0.0, 85120.5, 0.145
'bali_phy_msa.399.fas', 33863.0, 0.061, 25396, 0.046, 5315, 0.01, 103403, 0.186, 173631.0, 0.312, -1191, -0.002, 88848.5, 0.159
'bali_phy_msa.4.fas', 33456.0, 0.058, 25396, 0.044, 4967, 0.009, 104217, 0.182, 171002.0, 0.299, -1607, -0.003, 87484.5, 0.153
'bali_phy_msa.40.fas', 33680.0, 0.06, 25254, 0.045, 5276, 0.009, 104053, 0.184, 172560.0, 0.305, -363, -0.001, 88514.5, 0.156
'bali_phy_msa.400.fas', 33900.0, 0.06, 25291, 0.045, 5166, 0.009, 103539, 0.184, 173697.0, 0.309, -379, -0.001, 90552.5, 0.161
'bali_phy_msa.41.fas', 33651.0, 0.06, 25490, 0.045, 5048, 0.009, 103639, 0.184, 171397.0, 0.304, -1529, -0.003, 87760.5, 0.155
'bali_phy_msa.42.fas', 33705.0, 0.06, 25134, 0.045, 5218, 0.009, 104243, 0.185, 172212.0, 0.305, -2002, -0.004, 86780.5, 0.154
'bali_phy_msa.43.fas', 33591.0, 0.06, 24938, 0.044, 5125, 0.009, 104863, 0.186, 171212.0, 0.304, -516, -0.001, 87514.5, 0.155
'bali_phy_msa.44.fas', 33413.0, 0.058, 24635, 0.043, 5251, 0.009, 105825, 0.185, 170759.0, 0.298, -479, -0.001, 85861.5, 0.15
'bali_phy_msa.45.fas', 33899.0, 0.061, 25160, 0.045, 5143, 0.009, 103803, 0.186, 173494.0, 0.311, -1240, -0.002, 89494.5, 0.16
'bali_phy_msa.46.fas', 33871.0, 0.059, 24934, 0.044, 5508, 0.01, 104311, 0.183, 173815.0, 0.304, -416, -0.001, 88195.5, 0.154
'bali_phy_msa.47.fas', 33673.0, 0.058, 24981, 0.043, 5171, 0.009, 104613, 0.181, 172337.0, 0.299, -973, -0.002, 88031.5, 0.153
'bali_phy_msa.48.fas', 33838.0, 0.06, 25331, 0.045, 5353, 0.009, 103583, 0.183, 173455.0, 0.306, -1112, -0.002, 88433.5, 0.156
'bali_phy_msa.49.fas', 33827.0, 0.059, 24549, 0.043, 5235, 0.009, 105169, 0.185, 172374.0, 0.303, -302, -0.001, 88077.5, 0.155
'bali_phy_msa.5.fas', 33737.0, 0.059, 24614, 0.043, 5196, 0.009, 105219, 0.184, 171639.0, 0.299, -382, -0.001, 87471.5, 0.153
'bali_phy_msa.50.fas', 33640.0, 0.059, 24700, 0.043, 5189, 0.009, 105241, 0.184, 171452.0, 0.3, -606, -0.001, 87091.5, 0.152
'bali_phy_msa.51.fas', 33615.0, 0.056, 24616, 0.041, 5206, 0.009, 105459, 0.177, 170811.0, 0.286, -1231, -0.002, 85614.5, 0.144
'bali_phy_msa.52.fas', 33871.0, 0.06, 25262, 0.045, 5151, 0.009, 103655, 0.185, 173366.0, 0.309, -1464, -0.003, 89168.5, 0.159
'bali_phy_msa.53.fas', 33604.0, 0.058, 24761, 0.043, 5204, 0.009, 105191, 0.182, 172398.0, 0.298, -1371, -0.002, 87207.5, 0.151
'bali_phy_msa.54.fas', 33730.0, 0.06, 25303, 0.045, 5307, 0.009, 103855, 0.184, 172884.0, 0.305, -1027, -0.002, 88087.5, 0.156
'bali_phy_msa.55.fas', 33696.0, 0.057, 24395, 0.042, 5231, 0.009, 105739, 0.18, 172051.0, 0.293, -83, -0.0, 87712.5, 0.149
'bali_phy_msa.56.fas', 33951.0, 0.061, 25329, 0.045, 5040, 0.009, 103361, 0.185, 173773.0, 0.31, -821, -0.001, 91031.5, 0.163
'bali_phy_msa.57.fas', 33695.0, 0.058, 24010, 0.042, 5317, 0.009, 106511, 0.184, 171564.0, 0.297, -56, -0.0, 86350.5, 0.149
'bali_phy_msa.58.fas', 33934.0, 0.059, 25344, 0.044, 5071, 0.009, 103365, 0.181, 173640.0, 0.304, -1008, -0.002, 90523.5, 0.159
'bali_phy_msa.59.fas', 33945.0, 0.059, 24746, 0.043, 5214, 0.009, 104539, 0.181, 173547.0, 0.3, -704, -0.001, 89289.5, 0.154
'bali_phy_msa.6.fas', 33846.0, 0.059, 24984, 0.044, 5318, 0.009, 104261, 0.183, 173619.0, 0.305, -480, -0.001, 89100.5, 0.156
'bali_phy_msa.60.fas', 33968.0, 0.062, 25253, 0.046, 5152, 0.009, 103479, 0.189, 174390.0, 0.318, -827, -0.002, 90911.5, 0.166
'bali_phy_msa.61.fas', 33690.0, 0.059, 24949, 0.044, 5047, 0.009, 104643, 0.183, 172262.0, 0.3, -909, -0.002, 88749.5, 0.155
'bali_phy_msa.62.fas', 33642.0, 0.059, 24584, 0.043, 5413, 0.009, 105469, 0.185, 171407.0, 0.3, -479, -0.001, 85715.5, 0.15
'bali_phy_msa.63.fas', 33772.0, 0.059, 24497, 0.043, 5265, 0.009, 105383, 0.184, 171750.0, 0.3, -401, -0.001, 87067.5, 0.152
'bali_phy_msa.64.fas', 33995.0, 0.061, 25046, 0.045, 5294, 0.009, 103839, 0.186, 174271.0, 0.312, -1147, -0.002, 89440.5, 0.16
'bali_phy_msa.65.fas', 33975.0, 0.061, 25457, 0.046, 5295, 0.01, 103057, 0.185, 173981.0, 0.313, -1786, -0.003, 88896.5, 0.16
'bali_phy_msa.66.fas', 33716.0, 0.058, 24998, 0.043, 5125, 0.009, 104493, 0.181, 172825.0, 0.3, -1166, -0.002, 88662.5, 0.154
'bali_phy_msa.67.fas', 33651.0, 0.059, 24557, 0.043, 5162, 0.009, 105505, 0.185, 171663.0, 0.301, -235, -0.0, 87703.5, 0.154
'bali_phy_msa.68.fas', 33834.0, 0.06, 24782, 0.044, 5261, 0.009, 104689, 0.187, 172300.0, 0.308, -231, -0.0, 88158.5, 0.157
'bali_phy_msa.69.fas', 33720.0, 0.059, 24670, 0.043, 5185, 0.009, 105141, 0.185, 171741.0, 0.302, -209, -0.0, 87851.5, 0.155
'bali_phy_msa.7.fas', 33587.0, 0.057, 24044, 0.041, 5439, 0.009, 106659, 0.182, 171396.0, 0.293, -3, -0.0, 85429.5, 0.146
'bali_phy_msa.70.fas', 33704.0, 0.059, 24725, 0.043, 5228, 0.009, 105063, 0.184, 172878.0, 0.303, -911, -0.002, 88067.5, 0.154
'bali_phy_msa.71.fas', 33827.0, 0.059, 25056, 0.044, 5167, 0.009, 104155, 0.182, 173198.0, 0.302, -677, -0.001, 89441.5, 0.156
'bali_phy_msa.72.fas', 33942.0, 0.061, 25194, 0.045, 5091, 0.009, 103649, 0.186, 173743.0, 0.311, -1225, -0.002, 90147.5, 0.161
'bali_phy_msa.73.fas', 33704.0, 0.059, 25246, 0.045, 5004, 0.009, 104021, 0.183, 172860.0, 0.305, -1266, -0.002, 89559.5, 0.158
'bali_phy_msa.74.fas', 33635.0, 0.06, 24539, 0.044, 5199, 0.009, 105573, 0.188, 171552.0, 0.305, -272, -0.0, 87299.5, 0.155
'bali_phy_msa.75.fas', 33809.0, 0.06, 25358, 0.045, 5353, 0.01, 103587, 0.184, 173659.0, 0.309, -517, -0.001, 89230.5, 0.159
'bali_phy_msa.76.fas', 33671.0, 0.06, 25204, 0.045, 5226, 0.009, 104171, 0.184, 172709.0, 0.306, -816, -0.001, 88451.5, 0.157
'bali_phy_msa.77.fas', 33771.0, 0.061, 25352, 0.046, 5238, 0.009, 103675, 0.187, 172916.0, 0.312, -881, -0.002, 88769.5, 0.16
'bali_phy_msa.78.fas', 33749.0, 0.059, 25169, 0.044, 5026, 0.009, 104085, 0.181, 172498.0, 0.3, -1274, -0.002, 89025.5, 0.155
'bali_phy_msa.79.fas', 33790.0, 0.06, 25394, 0.045, 5200, 0.009, 103553, 0.184, 173120.0, 0.308, -1165, -0.002, 88978.5, 0.158
'bali_phy_msa.8.fas', 33717.0, 0.059, 24599, 0.043, 5519, 0.01, 105289, 0.185, 171975.0, 0.302, -785, -0.001, 85431.5, 0.15
'bali_phy_msa.80.fas', 33574.0, 0.059, 25000, 0.044, 5061, 0.009, 104773, 0.186, 170998.0, 0.303, -502, -0.001, 87743.5, 0.155
'bali_phy_msa.81.fas', 33927.0, 0.061, 25428, 0.046, 5204, 0.009, 103211, 0.185, 173500.0, 0.311, -1957, -0.004, 88713.5, 0.159
'bali_phy_msa.82.fas', 33630.0, 0.059, 25293, 0.044, 5427, 0.009, 104075, 0.182, 172232.0, 0.3, -956, -0.002, 86676.5, 0.151
'bali_phy_msa.83.fas', 33460.0, 0.056, 23911, 0.04, 5299, 0.009, 107179, 0.18, 170544.0, 0.286, -436, -0.001, 84724.5, 0.142
'bali_phy_msa.84.fas', 33695.0, 0.058, 25311, 0.044, 5215, 0.009, 103909, 0.18, 172659.0, 0.299, -1064, -0.002, 88350.5, 0.153
'bali_phy_msa.85.fas', 33649.0, 0.058, 24558, 0.043, 5337, 0.009, 105507, 0.183, 171383.0, 0.298, 159, 0.0, 86766.5, 0.151
'bali_phy_msa.86.fas', 33730.0, 0.058, 24383, 0.042, 5171, 0.009, 105695, 0.183, 171783.0, 0.298, -741, -0.001, 87168.5, 0.151
'bali_phy_msa.87.fas', 33682.0, 0.06, 25384, 0.045, 5054, 0.009, 103789, 0.186, 173025.0, 0.31, -1548, -0.003, 89258.5, 0.16
'bali_phy_msa.88.fas', 33823.0, 0.059, 24257, 0.042, 5369, 0.009, 105761, 0.184, 172643.0, 0.3, -624, -0.001, 86924.5, 0.151
'bali_phy_msa.89.fas', 33683.0, 0.06, 25167, 0.045, 5324, 0.009, 104221, 0.185, 172488.0, 0.307, -851, -0.002, 87582.5, 0.156
'bali_phy_msa.9.fas', 33576.0, 0.058, 25019, 0.044, 5438, 0.009, 104731, 0.182, 171779.0, 0.299, -213, -0.0, 86572.5, 0.151
'bali_phy_msa.90.fas', 33741.0, 0.059, 25056, 0.044, 5244, 0.009, 104327, 0.184, 172908.0, 0.305, -1740, -0.003, 87540.5, 0.154
'bali_phy_msa.91.fas', 33844.0, 0.059, 24923, 0.043, 5295, 0.009, 104387, 0.181, 173758.0, 0.301, -232, -0.0, 89562.5, 0.155
'bali_phy_msa.92.fas', 33781.0, 0.058, 24575, 0.042, 5625, 0.01, 105209, 0.179, 172169.0, 0.293, 58, 0.0, 85872.5, 0.146
'bali_phy_msa.93.fas', 33765.0, 0.061, 25686, 0.047, 5131, 0.009, 103019, 0.187, 173142.0, 0.314, -541, -0.001, 90305.5, 0.164
'bali_phy_msa.94.fas', 33833.0, 0.062, 25318, 0.046, 5135, 0.009, 103619, 0.189, 173270.0, 0.316, -664, -0.001, 89986.5, 0.164
'bali_phy_msa.95.fas', 33683.0, 0.059, 24835, 0.043, 5333, 0.009, 104885, 0.182, 172351.0, 0.299, -725, -0.001, 87185.5, 0.151
'bali_phy_msa.96.fas', 33637.0, 0.058, 24793, 0.043, 5395, 0.009, 105061, 0.182, 172907.0, 0.3, -529, -0.001, 87477.5, 0.152
'bali_phy_msa.97.fas', 33541.0, 0.057, 24362, 0.041, 5130, 0.009, 106115, 0.18, 170458.0, 0.29, -321, -0.001, 86299.5, 0.147
'bali_phy_msa.98.fas', 33722.0, 0.059, 24955, 0.044, 5273, 0.009, 104567, 0.183, 173027.0, 0.303, -871, -0.002, 88234.5, 0.155
'bali_phy_msa.99.fas', 33588.0, 0.059, 25437, 0.045, 4987, 0.009, 103871, 0.182, 171720.0, 0.301, -802, -0.001, 89060.5, 0.156
'MAFFT_b0#0051_hhH_tree_47_OP_1.2558167082838578_Split_51.fasta', 31405.0, 0.063, 26864, 0.054, 6393, 0.013, 105383, 0.211, 161908.0, 0.324, -1284, -0.003, 69574.5, 0.139
'MAFFT_b0#0051_htH_tree_0_OP_1.9201310643830272_Split_51.fasta', 32927.0, 0.059, 27996, 0.05, 5300, 0.009, 100075, 0.179, 169275.0, 0.303, -3483, -0.006, 83954.5, 0.15
'MAFFT_b0#0051_htH_tree_57_OP_1.8145645468714477_Split_51.fasta', 32125.0, 0.067, 28650, 0.06, 5418, 0.011, 100371, 0.208, 165153.0, 0.343, -3230, -0.007, 79229.5, 0.165
'MAFFT_b0#0051_htH_tree_93_OP_2.2336854992597184_Split_51.fasta', 32712.0, 0.069, 27342, 0.058, 5220, 0.011, 101813, 0.215, 168149.0, 0.355, -3405, -0.007, 82517.5, 0.174
'MAFFT_b0#0051_htT_tree_0_OP_1.9201310643830272_Split_51.fasta', 32927.0, 0.059, 27996, 0.05, 5300, 0.009, 100075, 0.179, 169275.0, 0.303, -3483, -0.006, 83954.5, 0.15
'MAFFT_b0#0051_htT_tree_57_OP_1.8145645468714477_Split_51.fasta', 32125.0, 0.067, 28650, 0.06, 5418, 0.011, 100371, 0.208, 165153.0, 0.343, -3230, -0.007, 79229.5, 0.165
'MAFFT_b0#0051_thH_tree_57_OP_1.8145645468714477_Split_51.fasta', 32246.0, 0.067, 28495, 0.059, 5198, 0.011, 100439, 0.208, 165481.0, 0.343, -3219, -0.007, 80854.5, 0.168
'MAFFT_b0#0051_thH_tree_93_OP_2.2336854992597184_Split_51.fasta', 32839.0, 0.069, 27379, 0.058, 5124, 0.011, 101485, 0.214, 168761.0, 0.356, -3665, -0.008, 83609.5, 0.176
'MAFFT_b0#0051_thT_tree_0_OP_1.9201310643830272_Split_51.fasta', 32674.0, 0.062, 28607, 0.054, 5758, 0.011, 99359, 0.189, 168129.0, 0.319, -3712, -0.007, 80189.5, 0.152
'MAFFT_b0#0051_thT_tree_47_OP_1.2558167082838578_Split_51.fasta', 31405.0, 0.063, 26864, 0.054, 6393, 0.013, 105383, 0.211, 161908.0, 0.324, -1284, -0.003, 69574.5, 0.139
'MAFFT_b0#0051_ttH_tree_47_OP_1.2558167082838578_Split_51.fasta', 31228.0, 0.062, 27282, 0.054, 6293, 0.012, 104901, 0.207, 160495.0, 0.317, -749, -0.001, 69537.5, 0.137
'MAFFT_b0#0051_ttH_tree_93_OP_2.2336854992597184_Split_51.fasta', 32712.0, 0.069, 27342, 0.058, 5220, 0.011, 101813, 0.215, 168149.0, 0.355, -3405, -0.007, 82517.5, 0.174
'MAFFT_b0#0051_ttT_tree_0_OP_1.9201310643830272_Split_51.fasta', 32927.0, 0.059, 27996, 0.05, 5300, 0.009, 100075, 0.179, 169275.0, 0.303, -3483, -0.006, 83954.5, 0.15
'MAFFT_b0#0051_ttT_tree_47_OP_1.2558167082838578_Split_51.fasta', 31228.0, 0.062, 27282, 0.054, 6293, 0.012, 104901, 0.207, 160495.0, 0.317, -749, -0.001, 69537.5, 0.137
'MAFFT_b0#0051_ttT_tree_57_OP_1.8145645468714477_Split_51.fasta', 32125.0, 0.067, 28650, 0.06, 5418, 0.011, 100371, 0.208, 165153.0, 0.343, -3230, -0.007, 79229.5, 0.165
'MAFFT_b0#0051_ttT_tree_93_OP_2.2336854992597184_Split_51.fasta', 32712.0, 0.069, 27342, 0.058, 5220, 0.011, 101813, 0.215, 168149.0, 0.355, -3405, -0.007, 82517.5, 0.174
'MAFFT_b0#0053_hhH_tree_5_OP_1.3773636194735985_Split_53.fasta', 33143.0, 0.067, 27056, 0.055, 6225, 0.013, 101523, 0.207, 169319.0, 0.345, -2263, -0.005, 78944.5, 0.161
'MAFFT_b0#0053_hhH_tree_60_OP_2.2485867324412547_Split_53.fasta', 31938.0, 0.068, 29063, 0.062, 5019, 0.011, 99919, 0.213, 163395.0, 0.348, -5994, -0.013, 77327.5, 0.165
'MAFFT_b0#0053_hhT_tree_60_OP_2.2485867324412547_Split_53.fasta', 31938.0, 0.068, 29063, 0.062, 5019, 0.011, 99919, 0.213, 163395.0, 0.348, -5994, -0.013, 77327.5, 0.165
'MAFFT_b0#0053_htH_tree_5_OP_1.3773636194735985_Split_53.fasta', 33073.0, 0.067, 27258, 0.055, 5768, 0.012, 101259, 0.206, 168872.0, 0.343, -2283, -0.005, 81351.5, 0.165
'MAFFT_b0#0053_htT_tree_5_OP_1.3773636194735985_Split_53.fasta', 33073.0, 0.067, 27258, 0.055, 5768, 0.012, 101259, 0.206, 168872.0, 0.343, -2283, -0.005, 81351.5, 0.165
'MAFFT_b0#0053_thH_tree_60_OP_2.2485867324412547_Split_53.fasta', 31938.0, 0.068, 29063, 0.062, 5019, 0.011, 99919, 0.213, 163395.0, 0.348, -5994, -0.013, 77327.5, 0.165
'MAFFT_b0#0053_thT_tree_5_OP_1.3773636194735985_Split_53.fasta', 33111.0, 0.067, 27088, 0.055, 6218, 0.013, 101523, 0.207, 169255.0, 0.345, -2278, -0.005, 78907.5, 0.161
'MAFFT_b0#0053_ttH_tree_60_OP_2.2485867324412547_Split_53.fasta', 32009.0, 0.068, 28985, 0.062, 5023, 0.011, 99933, 0.213, 163608.0, 0.349, -5835, -0.012, 77668.5, 0.166
'MAFFT_b0#0054_hhH_tree_35_OP_2.3157753293540146_Split_54.fasta', 30965.0, 0.063, 33171, 0.067, 4621, 0.009, 93649, 0.19, 158809.0, 0.322, -10968, -0.022, 73290.5, 0.148
'MAFFT_b0#0054_htH_tree_35_OP_2.3157753293540146_Split_54.fasta', 30966.0, 0.063, 33123, 0.067, 4624, 0.009, 93743, 0.19, 158876.0, 0.322, -10958, -0.022, 73302.5, 0.148
'MAFFT_b0#0054_thH_tree_35_OP_2.3157753293540146_Split_54.fasta', 30965.0, 0.063, 33171, 0.067, 4621, 0.009, 93649, 0.19, 158809.0, 0.322, -10968, -0.022, 73290.5, 0.148
'MAFFT_b0#0054_ttT_tree_35_OP_2.3157753293540146_Split_54.fasta', 30966.0, 0.063, 33123, 0.067, 4624, 0.009, 93743, 0.19, 158876.0, 0.322, -10958, -0.022, 73302.5, 0.148
'MAFFT_b0#0057_htH_tree_1_OP_1.4037489078147287_Split_57.fasta', 31070.0, 0.062, 28121, 0.056, 6496, 0.013, 103539, 0.208, 160266.0, 0.321, -2427, -0.005, 67093.5, 0.135
'MAFFT_b0#0057_htT_tree_1_OP_1.4037489078147287_Split_57.fasta', 31070.0, 0.062, 28121, 0.056, 6496, 0.013, 103539, 0.208, 160266.0, 0.321, -2427, -0.005, 67093.5, 0.135
'MAFFT_b0#0057_thT_tree_1_OP_1.4037489078147287_Split_57.fasta', 31070.0, 0.062, 28123, 0.056, 6499, 0.013, 103535, 0.208, 160266.0, 0.321, -2287, -0.005, 67217.5, 0.135
'MAFFT_b0#0057_ttT_tree_1_OP_1.4037489078147287_Split_57.fasta', 31070.0, 0.062, 28121, 0.056, 6496, 0.013, 103539, 0.208, 160266.0, 0.321, -2427, -0.005, 67093.5, 0.135
'MAFFT_b0#0058_hhH_tree_13_OP_1.7913990869854772_Split_58.fasta', 31077.0, 0.065, 29670, 0.062, 5515, 0.012, 100427, 0.211, 157487.0, 0.331, -4592, -0.01, 69591.5, 0.146
'MAFFT_b0#0058_htH_tree_11_OP_1.3146381684889776_Split_58.fasta', 32535.0, 0.067, 27942, 0.058, 5846, 0.012, 100967, 0.209, 167790.0, 0.348, -2370, -0.005, 79860.5, 0.165
'MAFFT_b0#0058_htH_tree_13_OP_1.7913990869854772_Split_58.fasta', 31168.0, 0.066, 29442, 0.062, 5555, 0.012, 100701, 0.212, 157719.0, 0.333, -4649, -0.01, 69389.5, 0.146
'MAFFT_b0#0058_htT_tree_11_OP_1.3146381684889776_Split_58.fasta', 32535.0, 0.067, 27942, 0.058, 5846, 0.012, 100967, 0.209, 167790.0, 0.348, -2370, -0.005, 79860.5, 0.165
'MAFFT_b0#0058_thH_tree_13_OP_1.7913990869854772_Split_58.fasta', 31077.0, 0.065, 29670, 0.062, 5515, 0.012, 100427, 0.211, 157487.0, 0.331, -4592, -0.01, 69591.5, 0.146
'MAFFT_b0#0058_ttH_tree_11_OP_1.3146381684889776_Split_58.fasta', 32515.0, 0.067, 28095, 0.058, 5497, 0.011, 100701, 0.208, 167787.0, 0.347, -2176, -0.004, 82278.5, 0.17
'MAFFT_b0#0058_ttT_tree_11_OP_1.3146381684889776_Split_58.fasta', 32515.0, 0.067, 28095, 0.058, 5497, 0.011, 100701, 0.208, 167787.0, 0.347, -2176, -0.004, 82278.5, 0.17
'MAFFT_b0#0058_ttT_tree_13_OP_1.7913990869854772_Split_58.fasta', 31168.0, 0.066, 29442, 0.062, 5555, 0.012, 100701, 0.212, 157719.0, 0.333, -4649, -0.01, 69389.5, 0.146
'MAFFT_b0#0060_hhT_tree_32_OP_1.498379977124041_Split_60.fasta', 32613.0, 0.062, 29102, 0.056, 5142, 0.01, 98491, 0.189, 166617.0, 0.319, -2940, -0.006, 83579.5, 0.16
'MAFFT_b0#0060_htH_tree_32_OP_1.498379977124041_Split_60.fasta', 32620.0, 0.063, 29021, 0.056, 5215, 0.01, 98639, 0.189, 166655.0, 0.319, -3026, -0.006, 83019.5, 0.159
'MAFFT_b0#0060_htT_tree_32_OP_1.498379977124041_Split_60.fasta', 32620.0, 0.063, 29021, 0.056, 5215, 0.01, 98639, 0.189, 166655.0, 0.319, -3026, -0.006, 83019.5, 0.159
'MAFFT_b0#0060_ttH_tree_32_OP_1.498379977124041_Split_60.fasta', 32620.0, 0.063, 29021, 0.056, 5215, 0.01, 98639, 0.189, 166655.0, 0.319, -3026, -0.006, 83019.5, 0.159
'MAFFT_b0#0061_hhH_tree_87_OP_1.1834961203615137_Split_61.fasta', 32522.0, 0.064, 26810, 0.053, 6780, 0.013, 103257, 0.203, 167146.0, 0.328, -1422, -0.003, 73415.5, 0.144
'MAFFT_b0#0061_hhH_tree_88_OP_2.9570433978664177_Split_61.fasta', 32143.0, 0.069, 28252, 0.06, 4659, 0.01, 101131, 0.216, 164396.0, 0.351, -4557, -0.01, 81319.5, 0.174
'MAFFT_b0#0061_hhH_tree_97_OP_2.1094152983091004_Split_61.fasta', 32490.0, 0.068, 28176, 0.059, 5399, 0.011, 100589, 0.21, 166740.0, 0.348, -3122, -0.007, 80929.5, 0.169
'MAFFT_b0#0061_hhT_tree_18_OP_1.3304542342131214_Split_61.fasta', 29941.0, 0.059, 28307, 0.055, 6417, 0.013, 105425, 0.206, 154242.0, 0.302, -3805, -0.007, 59222.5, 0.116
'MAFFT_b0#0061_hhT_tree_30_OP_2.908145211858187_Split_61.fasta', 32647.0, 0.07, 29649, 0.063, 4570, 0.01, 97329, 0.208, 167288.0, 0.357, -6971, -0.015, 84232.5, 0.18
'MAFFT_b0#0061_htH_tree_18_OP_1.3304542342131214_Split_61.fasta', 29639.0, 0.058, 28497, 0.055, 6282, 0.012, 105649, 0.205, 152726.0, 0.297, -2579, -0.005, 59630.5, 0.116
'MAFFT_b0#0061_htH_tree_30_OP_2.908145211858187_Split_61.fasta', 32621.0, 0.07, 29585, 0.063, 4654, 0.01, 97509, 0.208, 167116.0, 0.357, -7033, -0.015, 83404.5, 0.178
'MAFFT_b0#0061_htH_tree_72_OP_1.8278688995959085_Split_61.fasta', 31710.0, 0.059, 27157, 0.05, 4876, 0.009, 104187, 0.192, 163663.0, 0.302, -3223, -0.006, 79090.5, 0.146
'MAFFT_b0#0061_htH_tree_88_OP_2.9570433978664177_Split_61.fasta', 32260.0, 0.069, 28229, 0.06, 4574, 0.01, 100943, 0.216, 164855.0, 0.352, -4273, -0.009, 82666.5, 0.177
'MAFFT_b0#0061_htT_tree_87_OP_1.1834961203615137_Split_61.fasta', 32447.0, 0.064, 27068, 0.053, 6934, 0.014, 102891, 0.203, 167044.0, 0.329, -436, -0.001, 73558.5, 0.145
'MAFFT_b0#0061_htT_tree_97_OP_2.1094152983091004_Split_61.fasta', 32348.0, 0.069, 28494, 0.061, 5214, 0.011, 100237, 0.214, 165885.0, 0.354, -3822, -0.008, 80660.5, 0.172
'MAFFT_b0#0061_thH_tree_18_OP_1.3304542342131214_Split_61.fasta', 29941.0, 0.059, 28307, 0.055, 6417, 0.013, 105425, 0.206, 154242.0, 0.302, -3805, -0.007, 59222.5, 0.116
'MAFFT_b0#0061_thH_tree_72_OP_1.8278688995959085_Split_61.fasta', 31710.0, 0.059, 27157, 0.05, 4877, 0.009, 104187, 0.192, 163663.0, 0.302, -3223, -0.006, 79084.5, 0.146
'MAFFT_b0#0061_thT_tree_30_OP_2.908145211858187_Split_61.fasta', 32647.0, 0.07, 29649, 0.063, 4570, 0.01, 97329, 0.208, 167288.0, 0.357, -6971, -0.015, 84232.5, 0.18
'MAFFT_b0#0061_thT_tree_72_OP_1.8278688995959085_Split_61.fasta', 31710.0, 0.059, 27157, 0.05, 4877, 0.009, 104187, 0.192, 163663.0, 0.302, -3223, -0.006, 79084.5, 0.146
'MAFFT_b0#0061_thT_tree_87_OP_1.1834961203615137_Split_61.fasta', 32522.0, 0.064, 26810, 0.053, 6780, 0.013, 103257, 0.203, 167146.0, 0.328, -1422, -0.003, 73415.5, 0.144
'MAFFT_b0#0061_thT_tree_88_OP_2.9570433978664177_Split_61.fasta', 32143.0, 0.069, 28252, 0.06, 4659, 0.01, 101131, 0.216, 164396.0, 0.351, -4557, -0.01, 81319.5, 0.174
'MAFFT_b0#0061_thT_tree_97_OP_2.1094152983091004_Split_61.fasta', 32490.0, 0.068, 28176, 0.059, 5399, 0.011, 100589, 0.21, 166740.0, 0.348, -3122, -0.007, 80929.5, 0.169
'MAFFT_b0#0061_ttT_tree_18_OP_1.3304542342131214_Split_61.fasta', 29639.0, 0.058, 28497, 0.055, 6282, 0.012, 105649, 0.205, 152726.0, 0.297, -2579, -0.005, 59630.5, 0.116
'MAFFT_b0#0061_ttT_tree_30_OP_2.908145211858187_Split_61.fasta', 32621.0, 0.07, 29585, 0.063, 4654, 0.01, 97509, 0.208, 167116.0, 0.357, -7033, -0.015, 83404.5, 0.178
'MAFFT_b0#0061_ttT_tree_72_OP_1.8278688995959085_Split_61.fasta', 31710.0, 0.059, 27157, 0.05, 4876, 0.009, 104187, 0.192, 163663.0, 0.302, -3223, -0.006, 79090.5, 0.146
'MAFFT_b0#0061_ttT_tree_87_OP_1.1834961203615137_Split_61.fasta', 32447.0, 0.064, 27068, 0.053, 6934, 0.014, 102891, 0.203, 167044.0, 0.329, -436, -0.001, 73558.5, 0.145
'MAFFT_b0#0061_ttT_tree_88_OP_2.9570433978664177_Split_61.fasta', 32260.0, 0.069, 28229, 0.06, 4574, 0.01, 100943, 0.216, 164855.0, 0.352, -4273, -0.009, 82666.5, 0.177
'MAFFT_b0#0061_ttT_tree_97_OP_2.1094152983091004_Split_61.fasta', 32348.0, 0.069, 28494, 0.061, 5214, 0.011, 100237, 0.214, 165885.0, 0.354, -3822, -0.008, 80660.5, 0.172
'MAFFT_b0#0063_hhH_tree_37_OP_2.065965428692473_Split_63.fasta', 32736.0, 0.071, 27913, 0.06, 5009, 0.011, 100623, 0.217, 168160.0, 0.362, -3803, -0.008, 83991.5, 0.181
'MAFFT_b0#0063_hhT_tree_89_OP_2.6540913216611166_Split_63.fasta', 31361.0, 0.064, 28406, 0.058, 5039, 0.01, 102387, 0.209, 160713.0, 0.329, -5700, -0.012, 73585.5, 0.151
'MAFFT_b0#0063_htH_tree_37_OP_2.065965428692473_Split_63.fasta', 32551.0, 0.072, 28377, 0.063, 4963, 0.011, 100065, 0.221, 167099.0, 0.37, -4015, -0.009, 83273.5, 0.184
'MAFFT_b0#0063_htH_tree_89_OP_2.6540913216611166_Split_63.fasta', 31331.0, 0.065, 28610, 0.06, 4973, 0.01, 102039, 0.213, 160288.0, 0.335, -5099, -0.011, 74331.5, 0.155
'MAFFT_b0#0063_thH_tree_37_OP_2.065965428692473_Split_63.fasta', 32736.0, 0.071, 27913, 0.06, 5009, 0.011, 100623, 0.217, 168160.0, 0.362, -3803, -0.008, 83991.5, 0.181
'MAFFT_b0#0063_thT_tree_89_OP_2.6540913216611166_Split_63.fasta', 31363.0, 0.064, 28404, 0.058, 5039, 0.01, 102387, 0.209, 160719.0, 0.329, -5699, -0.012, 73592.5, 0.151
'MAFFT_b0#0063_ttH_tree_37_OP_2.065965428692473_Split_63.fasta', 32551.0, 0.072, 28377, 0.063, 4963, 0.011, 100065, 0.221, 167099.0, 0.37, -4015, -0.009, 83273.5, 0.184
'MAFFT_b0#0063_ttH_tree_89_OP_2.6540913216611166_Split_63.fasta', 31334.0, 0.065, 28607, 0.06, 4973, 0.01, 102039, 0.213, 160297.0, 0.335, -5098, -0.011, 74341.5, 0.155
'MAFFT_b0#0065_htH_tree_26_OP_2.2970226808572787_Split_65.fasta', 32517.0, 0.067, 27970, 0.058, 4973, 0.01, 100947, 0.209, 166257.0, 0.344, -5551, -0.011, 80394.5, 0.166
'MAFFT_b0#0065_htT_tree_55_OP_1.534121132575311_Split_65.fasta', 30256.0, 0.054, 27943, 0.05, 6187, 0.011, 105523, 0.19, 155568.0, 0.28, -2029, -0.004, 63655.5, 0.114
'MAFFT_b0#0065_thH_tree_26_OP_2.2970226808572787_Split_65.fasta', 32443.0, 0.067, 27922, 0.058, 5098, 0.011, 101191, 0.21, 165959.0, 0.344, -5610, -0.012, 79165.5, 0.164
'MAFFT_b0#0065_thH_tree_55_OP_1.534121132575311_Split_65.fasta', 30160.0, 0.054, 28162, 0.051, 6057, 0.011, 105277, 0.189, 154703.0, 0.278, -2286, -0.004, 63436.5, 0.114
'MAFFT_b0#0065_thT_tree_55_OP_1.534121132575311_Split_65.fasta', 30160.0, 0.054, 28162, 0.051, 6057, 0.011, 105277, 0.189, 154703.0, 0.278, -2286, -0.004, 63436.5, 0.114
'MAFFT_b0#0065_ttH_tree_26_OP_2.2970226808572787_Split_65.fasta', 32517.0, 0.067, 27968, 0.058, 4976, 0.01, 100951, 0.208, 166257.0, 0.343, -5553, -0.011, 80372.5, 0.166
'MAFFT_b0#0065_ttT_tree_26_OP_2.2970226808572787_Split_65.fasta', 32517.0, 0.067, 27968, 0.058, 4976, 0.01, 100951, 0.208, 166257.0, 0.343, -5553, -0.011, 80372.5, 0.166
'MAFFT_b0#0065_ttT_tree_55_OP_1.534121132575311_Split_65.fasta', 30256.0, 0.054, 27943, 0.05, 6187, 0.011, 105523, 0.19, 155568.0, 0.28, -2029, -0.004, 63655.5, 0.114
'MAFFT_b0#0066_hhH_tree_77_OP_1.3827668594678542_Split_66.fasta', 31087.0, 0.064, 31034, 0.064, 6235, 0.013, 97679, 0.201, 159352.0, 0.328, -2085, -0.004, 71017.5, 0.146
'MAFFT_b0#0066_hhT_tree_99_OP_1.9136688454364907_Split_66.fasta', 31798.0, 0.066, 28233, 0.058, 5247, 0.011, 101859, 0.21, 163918.0, 0.338, -3541, -0.007, 77965.5, 0.161
'MAFFT_b0#0066_htT_tree_99_OP_1.9136688454364907_Split_66.fasta', 31776.0, 0.066, 28246, 0.058, 5284, 0.011, 101877, 0.21, 163780.0, 0.338, -3629, -0.007, 77508.5, 0.16
'MAFFT_b0#0066_thH_tree_77_OP_1.3827668594678542_Split_66.fasta', 31087.0, 0.064, 31034, 0.064, 6235, 0.013, 97679, 0.201, 159352.0, 0.328, -2085, -0.004, 71017.5, 0.146
'MAFFT_b0#0066_thH_tree_99_OP_1.9136688454364907_Split_66.fasta', 31798.0, 0.066, 28233, 0.058, 5246, 0.011, 101859, 0.21, 163918.0, 0.338, -3541, -0.007, 77971.5, 0.161
'MAFFT_b0#0066_thT_tree_99_OP_1.9136688454364907_Split_66.fasta', 31798.0, 0.066, 28233, 0.058, 5246, 0.011, 101859, 0.21, 163918.0, 0.338, -3541, -0.007, 77971.5, 0.161
'MAFFT_b0#0066_ttH_tree_77_OP_1.3827668594678542_Split_66.fasta', 31228.0, 0.064, 30812, 0.063, 6311, 0.013, 97841, 0.201, 160073.0, 0.328, -2066, -0.004, 71220.5, 0.146
'MAFFT_b0#0066_ttT_tree_77_OP_1.3827668594678542_Split_66.fasta', 31228.0, 0.064, 30812, 0.063, 6311, 0.013, 97841, 0.201, 160073.0, 0.328, -2066, -0.004, 71220.5, 0.146
'MAFFT_b0#0067_hhT_tree_4_OP_1.1542677766261527_Split_67.fasta', 30741.0, 0.06, 28666, 0.056, 7758, 0.015, 103107, 0.2, 158166.0, 0.307, -1744, -0.003, 58320.5, 0.113
'MAFFT_b0#0067_htH_tree_4_OP_1.1542677766261527_Split_67.fasta', 31530.0, 0.062, 28513, 0.056, 7091, 0.014, 101835, 0.201, 161735.0, 0.32, -2650, -0.005, 65621.5, 0.13
'MAFFT_b0#0067_htH_tree_76_OP_1.9781210467371317_Split_67.fasta', 32587.0, 0.069, 27968, 0.059, 5023, 0.011, 100811, 0.212, 166135.0, 0.35, -3749, -0.008, 81842.5, 0.172
'MAFFT_b0#0067_thH_tree_76_OP_1.9781210467371317_Split_67.fasta', 32584.0, 0.069, 27561, 0.058, 5342, 0.011, 101631, 0.215, 166156.0, 0.351, -3907, -0.008, 79381.5, 0.168
'MAFFT_b0#0067_thT_tree_4_OP_1.1542677766261527_Split_67.fasta', 30741.0, 0.06, 28666, 0.056, 7758, 0.015, 103107, 0.2, 158166.0, 0.307, -1744, -0.003, 58320.5, 0.113
'MAFFT_b0#0067_ttH_tree_76_OP_1.9781210467371317_Split_67.fasta', 32587.0, 0.069, 27968, 0.059, 5023, 0.011, 100811, 0.212, 166135.0, 0.35, -3749, -0.008, 81842.5, 0.172
'MAFFT_b0#0067_ttT_tree_4_OP_1.1542677766261527_Split_67.fasta', 31530.0, 0.062, 28513, 0.056, 7091, 0.014, 101835, 0.201, 161735.0, 0.32, -2650, -0.005, 65621.5, 0.13
'MAFFT_b0#0067_ttT_tree_76_OP_1.9781210467371317_Split_67.fasta', 32587.0, 0.069, 27968, 0.059, 5023, 0.011, 100811, 0.212, 166135.0, 0.35, -3749, -0.008, 81842.5, 0.172
'MAFFT_b0#0069_htH_tree_20_OP_2.4221981553992458_Split_69.fasta', 29545.0, 0.058, 30339, 0.06, 5095, 0.01, 102153, 0.201, 152667.0, 0.301, -8249, -0.016, 62771.5, 0.124
'MAFFT_b0#0069_htH_tree_73_OP_2.973262473304242_Split_69.fasta', 32164.0, 0.068, 28684, 0.061, 4698, 0.01, 100225, 0.211, 164289.0, 0.347, -5410, -0.011, 80578.5, 0.17
'MAFFT_b0#0069_htT_tree_20_OP_2.4221981553992458_Split_69.fasta', 29545.0, 0.058, 30339, 0.06, 5095, 0.01, 102153, 0.201, 152667.0, 0.301, -8249, -0.016, 62771.5, 0.124
'MAFFT_b0#0069_htT_tree_73_OP_2.973262473304242_Split_69.fasta', 32164.0, 0.068, 28684, 0.061, 4698, 0.01, 100225, 0.211, 164289.0, 0.347, -5410, -0.011, 80578.5, 0.17
'MAFFT_b0#0069_thH_tree_20_OP_2.4221981553992458_Split_69.fasta', 29574.0, 0.058, 30346, 0.06, 5027, 0.01, 102081, 0.201, 152723.0, 0.301, -8250, -0.016, 63270.5, 0.125
'MAFFT_b0#0069_thH_tree_73_OP_2.973262473304242_Split_69.fasta', 32110.0, 0.068, 28886, 0.061, 4685, 0.01, 99929, 0.211, 164123.0, 0.346, -5470, -0.012, 80578.5, 0.17
'MAFFT_b0#0069_thT_tree_20_OP_2.4221981553992458_Split_69.fasta', 29574.0, 0.058, 30346, 0.06, 5027, 0.01, 102081, 0.201, 152723.0, 0.301, -8250, -0.016, 63270.5, 0.125
'MAFFT_b0#0069_ttH_tree_73_OP_2.973262473304242_Split_69.fasta', 32164.0, 0.068, 28684, 0.061, 4698, 0.01, 100225, 0.211, 164289.0, 0.347, -5410, -0.011, 80578.5, 0.17
'MAFFT_b0#0070_hhH_tree_86_OP_1.7393056698625855_Split_70.fasta', 31782.0, 0.063, 27059, 0.054, 5250, 0.01, 104239, 0.207, 162500.0, 0.323, -3533, -0.007, 75347.5, 0.15
'MAFFT_b0#0070_hhT_tree_17_OP_1.818409912056766_Split_70.fasta', 31256.0, 0.062, 27966, 0.056, 5194, 0.01, 103477, 0.207, 160480.0, 0.32, -3427, -0.007, 74150.5, 0.148
'MAFFT_b0#0070_htH_tree_86_OP_1.7393056698625855_Split_70.fasta', 31671.0, 0.064, 27447, 0.056, 5253, 0.011, 103685, 0.21, 161745.0, 0.328, -3593, -0.007, 74791.5, 0.151
'MAFFT_b0#0070_thH_tree_17_OP_1.818409912056766_Split_70.fasta', 31330.0, 0.063, 27964, 0.056, 5194, 0.01, 103333, 0.206, 160776.0, 0.321, -3423, -0.007, 74522.5, 0.149
'MAFFT_b0#0070_thH_tree_86_OP_1.7393056698625855_Split_70.fasta', 31782.0, 0.063, 27059, 0.054, 5250, 0.01, 104239, 0.207, 162500.0, 0.323, -3533, -0.007, 75347.5, 0.15
'MAFFT_b0#0070_ttH_tree_17_OP_1.818409912056766_Split_70.fasta', 31330.0, 0.063, 27964, 0.056, 5193, 0.01, 103333, 0.206, 160776.0, 0.321, -3423, -0.007, 74528.5, 0.149
'MAFFT_b0#0070_ttT_tree_17_OP_1.818409912056766_Split_70.fasta', 31330.0, 0.063, 27964, 0.056, 5193, 0.01, 103333, 0.206, 160776.0, 0.321, -3423, -0.007, 74528.5, 0.149
'MAFFT_b0#0070_ttT_tree_86_OP_1.7393056698625855_Split_70.fasta', 31671.0, 0.064, 27447, 0.056, 5253, 0.011, 103685, 0.21, 161745.0, 0.328, -3593, -0.007, 74791.5, 0.151
'MAFFT_b0#0071_thH_tree_83_OP_1.1196527601502904_Split_71.fasta', 33767.0, 0.068, 26746, 0.054, 6104, 0.012, 100895, 0.204, 173168.0, 0.351, -887, -0.002, 85209.5, 0.173
'MAFFT_b0#0071_thT_tree_83_OP_1.1196527601502904_Split_71.fasta', 33767.0, 0.068, 26746, 0.054, 6104, 0.012, 100895, 0.204, 173168.0, 0.351, -887, -0.002, 85209.5, 0.173
'MAFFT_b0#0071_ttH_tree_83_OP_1.1196527601502904_Split_71.fasta', 33643.0, 0.068, 26973, 0.055, 6212, 0.013, 100689, 0.204, 172476.0, 0.35, -558, -0.001, 84301.5, 0.171
'MAFFT_b0#0071_ttT_tree_83_OP_1.1196527601502904_Split_71.fasta', 33643.0, 0.068, 26973, 0.055, 6212, 0.013, 100689, 0.204, 172476.0, 0.35, -558, -0.001, 84301.5, 0.171
'MAFFT_b0#0072_hhH_tree_16_OP_1.904493049197901_Split_72.fasta', 31686.0, 0.062, 28428, 0.055, 5481, 0.011, 101693, 0.198, 160160.0, 0.311, -5364, -0.01, 71063.5, 0.138
'MAFFT_b0#0072_hhH_tree_2_OP_2.0780663887168265_Split_72.fasta', 31741.0, 0.06, 30120, 0.057, 5244, 0.01, 98199, 0.186, 162819.0, 0.308, -5240, -0.01, 77015.5, 0.146
'MAFFT_b0#0072_htH_tree_2_OP_2.0780663887168265_Split_72.fasta', 31578.0, 0.059, 29466, 0.055, 5540, 0.01, 99833, 0.185, 162406.0, 0.301, -4485, -0.008, 74764.5, 0.139
'MAFFT_b0#0072_htT_tree_16_OP_1.904493049197901_Split_72.fasta', 31603.0, 0.061, 28391, 0.055, 5733, 0.011, 101933, 0.198, 159908.0, 0.311, -5342, -0.01, 69201.5, 0.135
'MAFFT_b0#0072_htT_tree_2_OP_2.0780663887168265_Split_72.fasta', 31578.0, 0.059, 29466, 0.055, 5540, 0.01, 99833, 0.185, 162406.0, 0.301, -4485, -0.008, 74764.5, 0.139
'MAFFT_b0#0072_thH_tree_2_OP_2.0780663887168265_Split_72.fasta', 31741.0, 0.06, 30120, 0.057, 5244, 0.01, 98199, 0.186, 162819.0, 0.308, -5240, -0.01, 77015.5, 0.146
'MAFFT_b0#0072_ttH_tree_16_OP_1.904493049197901_Split_72.fasta', 31603.0, 0.061, 28391, 0.055, 5733, 0.011, 101933, 0.198, 159908.0, 0.311, -5342, -0.01, 69201.5, 0.135
'MAFFT_b0#0072_ttT_tree_16_OP_1.904493049197901_Split_72.fasta', 31603.0, 0.061, 28391, 0.055, 5733, 0.011, 101933, 0.198, 159908.0, 0.311, -5342, -0.01, 69201.5, 0.135
'MAFFT_b0#0073_hhT_tree_96_OP_2.2598618576256135_Split_73.fasta', 32823.0, 0.069, 28726, 0.06, 4859, 0.01, 98823, 0.208, 167639.0, 0.353, -3461, -0.007, 85612.5, 0.18
'MAFFT_b0#0073_htH_tree_96_OP_2.2598618576256135_Split_73.fasta', 32840.0, 0.069, 28676, 0.06, 4871, 0.01, 98889, 0.208, 167662.0, 0.353, -3671, -0.008, 85320.5, 0.18
'MAFFT_b0#0073_htT_tree_38_OP_1.4036490691810368_Split_73.fasta', 29764.0, 0.052, 27226, 0.048, 6041, 0.011, 107941, 0.189, 154425.0, 0.271, -5228, -0.009, 58980.5, 0.104
'MAFFT_b0#0073_htT_tree_96_OP_2.2598618576256135_Split_73.fasta', 32840.0, 0.069, 28676, 0.06, 4871, 0.01, 98889, 0.208, 167662.0, 0.353, -3671, -0.008, 85320.5, 0.18
'MAFFT_b0#0073_thT_tree_38_OP_1.4036490691810368_Split_73.fasta', 29738.0, 0.052, 27594, 0.048, 6064, 0.011, 107257, 0.187, 154215.0, 0.269, -5373, -0.009, 58829.5, 0.103
'MAFFT_b0#0073_thT_tree_96_OP_2.2598618576256135_Split_73.fasta', 32823.0, 0.069, 28726, 0.06, 4859, 0.01, 98823, 0.208, 167639.0, 0.353, -3461, -0.007, 85612.5, 0.18
'MAFFT_b0#0073_ttH_tree_38_OP_1.4036490691810368_Split_73.fasta', 29673.0, 0.052, 27350, 0.048, 6199, 0.011, 107875, 0.189, 153997.0, 0.27, -5447, -0.01, 57418.5, 0.101
'MAFFT_b0#0073_ttT_tree_38_OP_1.4036490691810368_Split_73.fasta', 29673.0, 0.052, 27350, 0.048, 6199, 0.011, 107875, 0.189, 153997.0, 0.27, -5447, -0.01, 57418.5, 0.101
'MAFFT_b0#0074_hhH_tree_56_OP_1.8151633835449412_Split_74.fasta', 32212.0, 0.066, 28250, 0.058, 5399, 0.011, 100997, 0.208, 163732.0, 0.338, -4337, -0.009, 76502.5, 0.158
'MAFFT_b0#0074_hhH_tree_79_OP_1.1319264156945865_Split_74.fasta', 31031.0, 0.059, 27978, 0.053, 6465, 0.012, 103903, 0.196, 159135.0, 0.301, -2960, -0.006, 65433.5, 0.124
'MAFFT_b0#0074_htH_tree_56_OP_1.8151633835449412_Split_74.fasta', 32168.0, 0.066, 28276, 0.058, 5338, 0.011, 101033, 0.208, 163585.0, 0.337, -4270, -0.009, 76770.5, 0.158
'MAFFT_b0#0074_htT_tree_79_OP_1.1319264156945865_Split_74.fasta', 31041.0, 0.059, 27983, 0.053, 6485, 0.012, 103873, 0.196, 159110.0, 0.301, -2697, -0.005, 65566.5, 0.124
'MAFFT_b0#0074_thT_tree_56_OP_1.8151633835449412_Split_74.fasta', 32212.0, 0.066, 28250, 0.058, 5399, 0.011, 100997, 0.208, 163732.0, 0.338, -4337, -0.009, 76502.5, 0.158
'MAFFT_b0#0074_ttH_tree_56_OP_1.8151633835449412_Split_74.fasta', 32168.0, 0.066, 28276, 0.058, 5338, 0.011, 101033, 0.208, 163585.0, 0.337, -4270, -0.009, 76770.5, 0.158
'MAFFT_b0#0074_ttH_tree_79_OP_1.1319264156945865_Split_74.fasta', 31041.0, 0.059, 27983, 0.053, 6485, 0.012, 103873, 0.196, 159110.0, 0.301, -2697, -0.005, 65566.5, 0.124
'MAFFT_b0#0074_ttT_tree_79_OP_1.1319264156945865_Split_74.fasta', 31041.0, 0.059, 27983, 0.053, 6485, 0.012, 103873, 0.196, 159110.0, 0.301, -2697, -0.005, 65566.5, 0.124
'MAFFT_b0#0075_hhH_tree_81_OP_1.1314497018902243_Split_75.fasta', 31581.0, 0.058, 26119, 0.048, 6172, 0.011, 106521, 0.197, 162576.0, 0.3, -513, -0.001, 71770.5, 0.133
'MAFFT_b0#0075_hhT_tree_19_OP_1.5848887345678324_Split_75.fasta', 32110.0, 0.07, 27667, 0.06, 5778, 0.013, 102367, 0.222, 165609.0, 0.36, -1838, -0.004, 77919.5, 0.169
'MAFFT_b0#0075_htH_tree_19_OP_1.5848887345678324_Split_75.fasta', 32110.0, 0.07, 27664, 0.06, 5776, 0.013, 102373, 0.222, 165609.0, 0.36, -1928, -0.004, 77838.5, 0.169
'MAFFT_b0#0075_htH_tree_81_OP_1.1314497018902243_Split_75.fasta', 31580.0, 0.058, 26115, 0.048, 6167, 0.011, 106531, 0.197, 162572.0, 0.3, -619, -0.001, 71685.5, 0.132
'MAFFT_b0#0075_thH_tree_81_OP_1.1314497018902243_Split_75.fasta', 31596.0, 0.058, 26102, 0.048, 6159, 0.011, 106525, 0.197, 162636.0, 0.3, -493, -0.001, 71926.5, 0.133
'MAFFT_b0#0075_thT_tree_19_OP_1.5848887345678324_Split_75.fasta', 32149.0, 0.07, 27312, 0.059, 5934, 0.013, 102999, 0.224, 165874.0, 0.36, -1757, -0.004, 77013.5, 0.167
'MAFFT_b0#0075_ttH_tree_19_OP_1.5848887345678324_Split_75.fasta', 32149.0, 0.07, 27309, 0.059, 5932, 0.013, 103005, 0.224, 165874.0, 0.36, -1847, -0.004, 76932.5, 0.167
'MAFFT_b0#0075_ttH_tree_81_OP_1.1314497018902243_Split_75.fasta', 31595.0, 0.058, 26098, 0.048, 6154, 0.011, 106535, 0.197, 162632.0, 0.3, -599, -0.001, 71841.5, 0.133
'MAFFT_b0#0077_hhT_tree_15_OP_2.550159221795637_Split_77.fasta', 32564.0, 0.069, 28019, 0.06, 4913, 0.01, 100755, 0.214, 166767.0, 0.355, -4215, -0.009, 82696.5, 0.176
'MAFFT_b0#0077_htT_tree_15_OP_2.550159221795637_Split_77.fasta', 32494.0, 0.069, 27189, 0.058, 4979, 0.011, 102555, 0.219, 165431.0, 0.354, -4349, -0.009, 79930.5, 0.171
'MAFFT_b0#0077_thH_tree_15_OP_2.550159221795637_Split_77.fasta', 32564.0, 0.069, 28019, 0.06, 4913, 0.01, 100755, 0.214, 166767.0, 0.355, -4215, -0.009, 82696.5, 0.176
'MAFFT_b0#0077_thT_tree_15_OP_2.550159221795637_Split_77.fasta', 32564.0, 0.069, 28019, 0.06, 4913, 0.01, 100755, 0.214, 166767.0, 0.355, -4215, -0.009, 82696.5, 0.176
'MAFFT_b0#0079_hhH_tree_53_OP_2.8446810696084794_Split_79.fasta', 32280.0, 0.071, 32257, 0.071, 4484, 0.01, 92847, 0.204, 165278.0, 0.364, -11764, -0.026, 80186.5, 0.176
'MAFFT_b0#0079_hhT_tree_53_OP_2.8446810696084794_Split_79.fasta', 32280.0, 0.071, 32257, 0.071, 4484, 0.01, 92847, 0.204, 165278.0, 0.364, -11764, -0.026, 80186.5, 0.176
'MAFFT_b0#0079_htT_tree_53_OP_2.8446810696084794_Split_79.fasta', 32282.0, 0.071, 32251, 0.071, 4488, 0.01, 92855, 0.204, 165284.0, 0.364, -11764, -0.026, 80164.5, 0.176
'MAFFT_b0#0079_ttH_tree_53_OP_2.8446810696084794_Split_79.fasta', 32282.0, 0.071, 32249, 0.071, 4492, 0.01, 92859, 0.204, 165284.0, 0.363, -11762, -0.026, 80140.5, 0.176
'MAFFT_b0#0081_hhH_tree_28_OP_2.8015195195451144_Split_81.fasta', 30440.0, 0.066, 31960, 0.069, 4899, 0.011, 97121, 0.21, 155190.0, 0.335, -10942, -0.024, 66293.5, 0.143
'MAFFT_b0#0081_hhT_tree_28_OP_2.8015195195451144_Split_81.fasta', 30440.0, 0.066, 31960, 0.069, 4899, 0.011, 97121, 0.21, 155190.0, 0.335, -10942, -0.024, 66293.5, 0.143
'MAFFT_b0#0081_htH_tree_70_OP_2.86216121405654_Split_81.fasta', 32383.0, 0.067, 28186, 0.059, 4748, 0.01, 100783, 0.21, 164613.0, 0.343, -5065, -0.011, 80668.5, 0.168
'MAFFT_b0#0081_htT_tree_70_OP_2.86216121405654_Split_81.fasta', 32383.0, 0.067, 28186, 0.059, 4748, 0.01, 100783, 0.21, 164613.0, 0.343, -5065, -0.011, 80668.5, 0.168
'MAFFT_b0#0081_thH_tree_70_OP_2.86216121405654_Split_81.fasta', 32410.0, 0.067, 28291, 0.059, 4616, 0.01, 100519, 0.209, 164696.0, 0.343, -5065, -0.011, 81675.5, 0.17
'MAFFT_b0#0081_thT_tree_28_OP_2.8015195195451144_Split_81.fasta', 30440.0, 0.066, 31960, 0.069, 4899, 0.011, 97121, 0.21, 155190.0, 0.335, -10942, -0.024, 66293.5, 0.143
'MAFFT_b0#0081_ttH_tree_28_OP_2.8015195195451144_Split_81.fasta', 30539.0, 0.066, 31857, 0.069, 4902, 0.011, 97129, 0.21, 155763.0, 0.336, -10681, -0.023, 67105.5, 0.145
'MAFFT_b0#0081_ttH_tree_70_OP_2.86216121405654_Split_81.fasta', 32383.0, 0.067, 28186, 0.059, 4748, 0.01, 100783, 0.21, 164613.0, 0.343, -5065, -0.011, 80668.5, 0.168
'MAFFT_b0#0085_hhH_tree_6_OP_2.614406638642872_Split_85.fasta', 30371.0, 0.062, 30089, 0.062, 4728, 0.01, 101001, 0.208, 156940.0, 0.323, -9072, -0.019, 68999.5, 0.142
'MAFFT_b0#0085_htH_tree_6_OP_2.614406638642872_Split_85.fasta', 30371.0, 0.062, 30087, 0.062, 4731, 0.01, 101005, 0.207, 156940.0, 0.322, -9074, -0.019, 68977.5, 0.141
'MAFFT_b0#0085_htT_tree_43_OP_1.1593268235540946_Split_85.fasta', 33211.0, 0.064, 26420, 0.051, 6731, 0.013, 102659, 0.198, 170696.0, 0.329, -1824, -0.004, 77156.5, 0.149
'MAFFT_b0#0085_htT_tree_6_OP_2.614406638642872_Split_85.fasta', 30371.0, 0.062, 30087, 0.062, 4731, 0.01, 101005, 0.207, 156940.0, 0.322, -9074, -0.019, 68977.5, 0.141
'MAFFT_b0#0085_thT_tree_43_OP_1.1593268235540946_Split_85.fasta', 33289.0, 0.065, 26413, 0.051, 6636, 0.013, 102517, 0.199, 170880.0, 0.332, -2079, -0.004, 77726.5, 0.151
'MAFFT_b0#0085_thT_tree_6_OP_2.614406638642872_Split_85.fasta', 30371.0, 0.062, 30089, 0.062, 4728, 0.01, 101001, 0.208, 156940.0, 0.323, -9072, -0.019, 68999.5, 0.142
'MAFFT_b0#0085_ttH_tree_43_OP_1.1593268235540946_Split_85.fasta', 33211.0, 0.064, 26420, 0.051, 6731, 0.013, 102659, 0.198, 170696.0, 0.329, -1824, -0.004, 77156.5, 0.149
'MAFFT_b0#0085_ttT_tree_43_OP_1.1593268235540946_Split_85.fasta', 33211.0, 0.064, 26420, 0.051, 6731, 0.013, 102659, 0.198, 170696.0, 0.329, -1824, -0.004, 77156.5, 0.149
'MAFFT_b0#0086_hhH_tree_98_OP_1.0089131553899002_Split_86.fasta', 32356.0, 0.061, 26940, 0.05, 8051, 0.015, 103329, 0.193, 166067.0, 0.311, -1182, -0.002, 64914.5, 0.122
'MAFFT_b0#0086_hhT_tree_98_OP_1.0089131553899002_Split_86.fasta', 32356.0, 0.061, 26940, 0.05, 8051, 0.015, 103329, 0.193, 166067.0, 0.311, -1182, -0.002, 64914.5, 0.122
'MAFFT_b0#0086_htH_tree_98_OP_1.0089131553899002_Split_86.fasta', 32305.0, 0.061, 26943, 0.051, 8006, 0.015, 103425, 0.196, 165642.0, 0.314, -869, -0.002, 65024.5, 0.123
'MAFFT_b0#0086_thH_tree_98_OP_1.0089131553899002_Split_86.fasta', 32356.0, 0.061, 26940, 0.05, 8051, 0.015, 103329, 0.193, 166067.0, 0.311, -1182, -0.002, 64914.5, 0.122
'MAFFT_b0#0088_hhH_tree_24_OP_2.5256879150632905_Split_88.fasta', 31003.0, 0.066, 30017, 0.064, 4883, 0.01, 99881, 0.214, 159644.0, 0.342, -8786, -0.019, 71619.5, 0.153
'MAFFT_b0#0088_htH_tree_24_OP_2.5256879150632905_Split_88.fasta', 30986.0, 0.066, 30048, 0.064, 4930, 0.011, 99853, 0.214, 159543.0, 0.342, -8810, -0.019, 71226.5, 0.153
'MAFFT_b0#0088_htT_tree_24_OP_2.5256879150632905_Split_88.fasta', 30986.0, 0.066, 30048, 0.064, 4930, 0.011, 99853, 0.214, 159543.0, 0.342, -8810, -0.019, 71226.5, 0.153
'MAFFT_b0#0088_thH_tree_24_OP_2.5256879150632905_Split_88.fasta', 31003.0, 0.066, 30017, 0.064, 4883, 0.01, 99881, 0.214, 159644.0, 0.342, -8786, -0.019, 71619.5, 0.153
'MAFFT_b0#0089_hhH_tree_3_OP_2.728084439580989_Split_89.fasta', 30848.0, 0.063, 30798, 0.063, 4545, 0.009, 98629, 0.203, 157922.0, 0.325, -7798, -0.016, 73539.5, 0.151
'MAFFT_b0#0089_hhT_tree_3_OP_2.728084439580989_Split_89.fasta', 30848.0, 0.063, 30798, 0.063, 4545, 0.009, 98629, 0.203, 157922.0, 0.325, -7798, -0.016, 73539.5, 0.151
'MAFFT_b0#0089_htH_tree_3_OP_2.728084439580989_Split_89.fasta', 30762.0, 0.063, 30849, 0.063, 4497, 0.009, 98699, 0.203, 157699.0, 0.324, -7688, -0.016, 73679.5, 0.152
'MAFFT_b0#0089_htT_tree_3_OP_2.728084439580989_Split_89.fasta', 30762.0, 0.063, 30849, 0.063, 4497, 0.009, 98699, 0.203, 157699.0, 0.324, -7688, -0.016, 73679.5, 0.152
'MAFFT_b0#0091_hhH_tree_58_OP_2.470758940826272_Split_91.fasta', 32076.0, 0.069, 27756, 0.06, 5385, 0.012, 102257, 0.221, 164581.0, 0.355, -5102, -0.011, 76040.5, 0.164
'MAFFT_b0#0091_htH_tree_58_OP_2.470758940826272_Split_91.fasta', 32076.0, 0.069, 27756, 0.06, 5385, 0.012, 102257, 0.221, 164581.0, 0.355, -5102, -0.011, 76040.5, 0.164
'MAFFT_b0#0091_thH_tree_58_OP_2.470758940826272_Split_91.fasta', 31934.0, 0.069, 27911, 0.061, 5270, 0.011, 102231, 0.222, 164203.0, 0.356, -5069, -0.011, 76398.5, 0.166
'MAFFT_b0#0091_thT_tree_58_OP_2.470758940826272_Split_91.fasta', 31934.0, 0.069, 27911, 0.061, 5270, 0.011, 102231, 0.222, 164203.0, 0.356, -5069, -0.011, 76398.5, 0.166
'MAFFT_b0#0092_hhH_tree_42_OP_1.3915835484150982_Split_92.fasta', 32851.0, 0.069, 27659, 0.058, 5547, 0.012, 100901, 0.212, 168574.0, 0.354, -3198, -0.007, 81643.5, 0.171
'MAFFT_b0#0092_htH_tree_42_OP_1.3915835484150982_Split_92.fasta', 32812.0, 0.069, 27550, 0.058, 5730, 0.012, 101197, 0.212, 168526.0, 0.353, -3071, -0.006, 80476.5, 0.168
'MAFFT_b0#0092_thH_tree_42_OP_1.3915835484150982_Split_92.fasta', 32854.0, 0.069, 27661, 0.058, 5545, 0.012, 100891, 0.212, 168582.0, 0.354, -3208, -0.007, 81658.5, 0.171
'MAFFT_b0#0092_thT_tree_42_OP_1.3915835484150982_Split_92.fasta', 32854.0, 0.069, 27661, 0.058, 5545, 0.012, 100891, 0.212, 168582.0, 0.354, -3208, -0.007, 81658.5, 0.171
'MAFFT_b0#0093_hhH_tree_50_OP_1.9153041649578615_Split_93.fasta', 29225.0, 0.058, 28636, 0.056, 5216, 0.01, 106199, 0.209, 150241.0, 0.296, -5685, -0.011, 60160.5, 0.119
'MAFFT_b0#0093_htH_tree_49_OP_1.2895147288295243_Split_93.fasta', 32116.0, 0.066, 27595, 0.057, 6709, 0.014, 102499, 0.212, 165623.0, 0.342, -1213, -0.003, 72906.5, 0.151
'MAFFT_b0#0093_htH_tree_50_OP_1.9153041649578615_Split_93.fasta', 30098.0, 0.061, 28137, 0.057, 5111, 0.01, 105451, 0.212, 155309.0, 0.312, -3798, -0.008, 68119.5, 0.137
'MAFFT_b0#0093_htT_tree_50_OP_1.9153041649578615_Split_93.fasta', 30098.0, 0.061, 28137, 0.057, 5111, 0.01, 105451, 0.212, 155309.0, 0.312, -3798, -0.008, 68119.5, 0.137
'MAFFT_b0#0093_thH_tree_49_OP_1.2895147288295243_Split_93.fasta', 31846.0, 0.066, 28107, 0.058, 6665, 0.014, 102015, 0.21, 164651.0, 0.339, -1283, -0.003, 72370.5, 0.149
'MAFFT_b0#0093_thT_tree_49_OP_1.2895147288295243_Split_93.fasta', 31846.0, 0.066, 28107, 0.058, 6665, 0.014, 102015, 0.21, 164651.0, 0.339, -1283, -0.003, 72370.5, 0.149
'MAFFT_b0#0093_ttT_tree_49_OP_1.2895147288295243_Split_93.fasta', 31845.0, 0.066, 28098, 0.058, 6665, 0.014, 102035, 0.21, 164647.0, 0.339, -1406, -0.003, 72233.5, 0.149
'MAFFT_b0#0093_ttT_tree_50_OP_1.9153041649578615_Split_93.fasta', 29999.0, 0.062, 28603, 0.059, 5073, 0.01, 104717, 0.215, 154607.0, 0.317, -3995, -0.008, 67815.5, 0.139
'MAFFT_b0#0094_hhH_tree_61_OP_2.233368308529553_Split_94.fasta', 32915.0, 0.068, 28276, 0.059, 4951, 0.01, 99539, 0.206, 169222.0, 0.351, -2773, -0.006, 86973.5, 0.18
'MAFFT_b0#0094_hhT_tree_63_OP_2.7597843575557506_Split_94.fasta', 32116.0, 0.069, 27509, 0.059, 5157, 0.011, 102671, 0.219, 164246.0, 0.351, -4511, -0.01, 77457.5, 0.166
'MAFFT_b0#0094_htT_tree_63_OP_2.7597843575557506_Split_94.fasta', 32093.0, 0.068, 27782, 0.059, 4631, 0.01, 102171, 0.218, 164280.0, 0.35, -4544, -0.01, 80864.5, 0.172
'MAFFT_b0#0094_thH_tree_61_OP_2.233368308529553_Split_94.fasta', 32913.0, 0.068, 28271, 0.059, 4950, 0.01, 99553, 0.206, 169214.0, 0.351, -2877, -0.006, 86860.5, 0.18
'MAFFT_b0#0094_thH_tree_63_OP_2.7597843575557506_Split_94.fasta', 32185.0, 0.069, 27443, 0.059, 5154, 0.011, 102665, 0.219, 164453.0, 0.351, -4364, -0.009, 77832.5, 0.166
'MAFFT_b0#0094_thT_tree_61_OP_2.233368308529553_Split_94.fasta', 32913.0, 0.068, 28271, 0.059, 4950, 0.01, 99553, 0.206, 169214.0, 0.351, -2877, -0.006, 86860.5, 0.18
'MAFFT_b0#0094_thT_tree_63_OP_2.7597843575557506_Split_94.fasta', 32185.0, 0.069, 27443, 0.059, 5154, 0.011, 102665, 0.219, 164453.0, 0.351, -4364, -0.009, 77832.5, 0.166
'MAFFT_b0#0094_ttH_tree_61_OP_2.233368308529553_Split_94.fasta', 32874.0, 0.07, 28775, 0.061, 4825, 0.01, 98623, 0.209, 168601.0, 0.357, -3136, -0.007, 87203.5, 0.184
'MAFFT_b0#0095_hhH_tree_36_OP_1.861931102167887_Split_95.fasta', 31046.0, 0.059, 28208, 0.054, 4923, 0.009, 103413, 0.198, 159322.0, 0.305, -4315, -0.008, 73762.5, 0.141
'MAFFT_b0#0095_hhT_tree_25_OP_1.0509666088927379_Split_95.fasta', 31287.0, 0.059, 27550, 0.052, 7668, 0.015, 104247, 0.198, 161360.0, 0.306, 229, 0.0, 63457.5, 0.12
'MAFFT_b0#0095_hhT_tree_36_OP_1.861931102167887_Split_95.fasta', 31046.0, 0.059, 28208, 0.054, 4923, 0.009, 103413, 0.198, 159322.0, 0.305, -4315, -0.008, 73762.5, 0.141
'MAFFT_b0#0095_htT_tree_25_OP_1.0509666088927379_Split_95.fasta', 31287.0, 0.059, 27550, 0.052, 7668, 0.015, 104247, 0.198, 161360.0, 0.306, 229, 0.0, 63457.5, 0.12
'MAFFT_b0#0095_htT_tree_36_OP_1.861931102167887_Split_95.fasta', 31046.0, 0.059, 28208, 0.054, 4923, 0.009, 103413, 0.198, 159322.0, 0.305, -4315, -0.008, 73762.5, 0.141
'MAFFT_b0#0095_thT_tree_25_OP_1.0509666088927379_Split_95.fasta', 31277.0, 0.059, 27575, 0.052, 7752, 0.015, 104217, 0.198, 161606.0, 0.307, -272, -0.001, 62713.5, 0.119
'MAFFT_b0#0095_thT_tree_36_OP_1.861931102167887_Split_95.fasta', 31050.0, 0.059, 28204, 0.054, 4925, 0.009, 103413, 0.197, 159332.0, 0.304, -4329, -0.008, 73746.5, 0.141
'MAFFT_b0#0095_ttH_tree_25_OP_1.0509666088927379_Split_95.fasta', 31277.0, 0.059, 27575, 0.052, 7752, 0.015, 104217, 0.198, 161606.0, 0.307, -272, -0.001, 62713.5, 0.119
'MAFFT_b1#0001_hhH_tree_41_OP_1.752396225471006_Split_1.fasta', 28862.0, 0.058, 32547, 0.065, 5992, 0.012, 99103, 0.198, 147033.0, 0.294, -11851, -0.024, 49678.5, 0.099
'MAFFT_b1#0001_hhH_tree_68_OP_2.7543395888868245_Split_1.fasta', 29428.0, 0.064, 31266, 0.068, 5097, 0.011, 100533, 0.219, 149892.0, 0.327, -9527, -0.021, 59516.5, 0.13
'MAFFT_b1#0001_hhT_tree_41_OP_1.752396225471006_Split_1.fasta', 28862.0, 0.058, 32547, 0.065, 5992, 0.012, 99103, 0.198, 147033.0, 0.294, -11851, -0.024, 49678.5, 0.099
'MAFFT_b1#0001_hhT_tree_68_OP_2.7543395888868245_Split_1.fasta', 29428.0, 0.064, 31266, 0.068, 5097, 0.011, 100533, 0.219, 149892.0, 0.327, -9527, -0.021, 59516.5, 0.13
'MAFFT_b1#0001_htH_tree_41_OP_1.752396225471006_Split_1.fasta', 28781.0, 0.057, 32690, 0.065, 5679, 0.011, 98979, 0.197, 146766.0, 0.292, -11530, -0.023, 51672.5, 0.103
'MAFFT_b1#0001_htH_tree_68_OP_2.7543395888868245_Split_1.fasta', 29452.0, 0.064, 31706, 0.069, 4659, 0.01, 99605, 0.216, 149962.0, 0.326, -9335, -0.02, 62870.5, 0.136
'MAFFT_b1#0001_htT_tree_41_OP_1.752396225471006_Split_1.fasta', 28781.0, 0.057, 32690, 0.065, 5679, 0.011, 98979, 0.197, 146766.0, 0.292, -11530, -0.023, 51672.5, 0.103
'MAFFT_b1#0001_htT_tree_68_OP_2.7543395888868245_Split_1.fasta', 29452.0, 0.064, 31706, 0.069, 4659, 0.01, 99605, 0.216, 149962.0, 0.326, -9335, -0.02, 62870.5, 0.136
'MAFFT_b1#0003_hhH_tree_7_OP_2.423506546963713_Split_3.fasta', 32802.0, 0.073, 27692, 0.062, 5739, 0.013, 100933, 0.226, 168809.0, 0.378, -3376, -0.008, 80532.5, 0.18
'MAFFT_b1#0003_hhT_tree_7_OP_2.423506546963713_Split_3.fasta', 32802.0, 0.073, 27692, 0.062, 5739, 0.013, 100933, 0.226, 168809.0, 0.378, -3376, -0.008, 80532.5, 0.18
'MAFFT_b1#0003_htH_tree_7_OP_2.423506546963713_Split_3.fasta', 32627.0, 0.073, 28004, 0.062, 5218, 0.012, 100659, 0.225, 168303.0, 0.375, -3165, -0.007, 83500.5, 0.186
'MAFFT_b1#0003_htT_tree_7_OP_2.423506546963713_Split_3.fasta', 32627.0, 0.073, 28004, 0.062, 5218, 0.012, 100659, 0.225, 168303.0, 0.375, -3165, -0.007, 83500.5, 0.186
'MAFFT_b1#0006_hhH_tree_12_OP_2.973153388725351_Split_6.fasta', 31740.0, 0.068, 28311, 0.061, 4901, 0.01, 101819, 0.218, 163276.0, 0.349, -4590, -0.01, 78370.5, 0.167
'MAFFT_b1#0006_hhH_tree_82_OP_2.6007870123262946_Split_6.fasta', 32784.0, 0.07, 27973, 0.06, 4865, 0.01, 100407, 0.215, 166396.0, 0.356, -4336, -0.009, 82666.5, 0.177
'MAFFT_b1#0006_hhT_tree_12_OP_2.973153388725351_Split_6.fasta', 31740.0, 0.068, 28311, 0.061, 4901, 0.01, 101819, 0.218, 163276.0, 0.349, -4590, -0.01, 78370.5, 0.167
'MAFFT_b1#0006_hhT_tree_82_OP_2.6007870123262946_Split_6.fasta', 32784.0, 0.07, 27973, 0.06, 4865, 0.01, 100407, 0.215, 166396.0, 0.356, -4336, -0.009, 82666.5, 0.177
'MAFFT_b1#0006_htH_tree_12_OP_2.973153388725351_Split_6.fasta', 31778.0, 0.068, 28276, 0.06, 4904, 0.01, 101813, 0.218, 163425.0, 0.349, -4443, -0.009, 78651.5, 0.168
'MAFFT_b1#0006_htH_tree_82_OP_2.6007870123262946_Split_6.fasta', 32209.0, 0.069, 28620, 0.061, 4943, 0.011, 100263, 0.214, 163862.0, 0.35, -5582, -0.012, 78490.5, 0.168
'MAFFT_b1#0006_htT_tree_12_OP_2.973153388725351_Split_6.fasta', 31778.0, 0.068, 28276, 0.06, 4904, 0.01, 101813, 0.218, 163425.0, 0.349, -4443, -0.009, 78651.5, 0.168
'MAFFT_b1#0006_htT_tree_82_OP_2.6007870123262946_Split_6.fasta', 32209.0, 0.069, 28620, 0.061, 4943, 0.011, 100263, 0.214, 163862.0, 0.35, -5582, -0.012, 78490.5, 0.168
'MAFFT_b1#0007_hhH_tree_40_OP_1.431276692692299_Split_7.fasta', 32262.0, 0.066, 28298, 0.058, 5713, 0.012, 100801, 0.205, 166750.0, 0.339, -3095, -0.006, 78976.5, 0.161
'MAFFT_b1#0007_hhT_tree_40_OP_1.431276692692299_Split_7.fasta', 32262.0, 0.066, 28298, 0.058, 5713, 0.012, 100801, 0.205, 166750.0, 0.339, -3095, -0.006, 78976.5, 0.161
'MAFFT_b1#0007_htH_tree_40_OP_1.431276692692299_Split_7.fasta', 32314.0, 0.066, 28317, 0.058, 5728, 0.012, 100659, 0.204, 166976.0, 0.339, -3169, -0.006, 79109.5, 0.161
'MAFFT_b1#0007_htT_tree_40_OP_1.431276692692299_Split_7.fasta', 32314.0, 0.066, 28317, 0.058, 5728, 0.012, 100659, 0.204, 166976.0, 0.339, -3169, -0.006, 79109.5, 0.161
'MAFFT_b1#0008_hhH_tree_29_OP_1.1774471868850718_Split_8.fasta', 31819.0, 0.063, 28236, 0.056, 6476, 0.013, 101811, 0.201, 163899.0, 0.324, -1360, -0.003, 72777.5, 0.144
'MAFFT_b1#0008_hhT_tree_29_OP_1.1774471868850718_Split_8.fasta', 31819.0, 0.063, 28236, 0.056, 6476, 0.013, 101811, 0.201, 163899.0, 0.324, -1360, -0.003, 72777.5, 0.144
'MAFFT_b1#0008_htH_tree_29_OP_1.1774471868850718_Split_8.fasta', 31821.0, 0.063, 28234, 0.056, 6476, 0.013, 101811, 0.201, 163911.0, 0.324, -1371, -0.003, 72778.5, 0.144
'MAFFT_b1#0008_htT_tree_29_OP_1.1774471868850718_Split_8.fasta', 31821.0, 0.063, 28234, 0.056, 6476, 0.013, 101811, 0.201, 163911.0, 0.324, -1371, -0.003, 72778.5, 0.144
'MAFFT_b1#0010_hhH_tree_48_OP_1.0349214069593133_Split_10.fasta', 32148.0, 0.065, 27180, 0.055, 7121, 0.014, 103265, 0.21, 163032.0, 0.332, -1614, -0.003, 67059.5, 0.137
'MAFFT_b1#0010_hhH_tree_51_OP_1.018044877173671_Split_10.fasta', 32972.0, 0.064, 26927, 0.052, 7426, 0.014, 102123, 0.198, 169818.0, 0.33, -692, -0.001, 73508.5, 0.143
'MAFFT_b1#0010_hhT_tree_48_OP_1.0349214069593133_Split_10.fasta', 32148.0, 0.065, 27180, 0.055, 7121, 0.014, 103265, 0.21, 163032.0, 0.332, -1614, -0.003, 67059.5, 0.137
'MAFFT_b1#0010_hhT_tree_51_OP_1.018044877173671_Split_10.fasta', 32972.0, 0.064, 26927, 0.052, 7426, 0.014, 102123, 0.198, 169818.0, 0.33, -692, -0.001, 73508.5, 0.143
'MAFFT_b1#0010_htH_tree_48_OP_1.0349214069593133_Split_10.fasta', 31349.0, 0.061, 27307, 0.053, 7145, 0.014, 104609, 0.205, 160599.0, 0.314, -1856, -0.004, 63568.5, 0.124
'MAFFT_b1#0010_htH_tree_51_OP_1.018044877173671_Split_10.fasta', 32973.0, 0.064, 26932, 0.052, 7825, 0.015, 102111, 0.199, 170182.0, 0.332, -453, -0.001, 71723.5, 0.14
'MAFFT_b1#0010_htT_tree_48_OP_1.0349214069593133_Split_10.fasta', 31349.0, 0.061, 27307, 0.053, 7145, 0.014, 104609, 0.205, 160599.0, 0.314, -1856, -0.004, 63568.5, 0.124
'MAFFT_b1#0010_htT_tree_51_OP_1.018044877173671_Split_10.fasta', 32973.0, 0.064, 26932, 0.052, 7825, 0.015, 102111, 0.199, 170182.0, 0.332, -453, -0.001, 71723.5, 0.14
'MAFFT_b1#0011_hhH_tree_84_OP_2.680201119072135_Split_11.fasta', 30265.0, 0.064, 28096, 0.059, 5434, 0.011, 105199, 0.222, 156105.0, 0.33, -6537, -0.014, 64364.5, 0.136
'MAFFT_b1#0011_hhT_tree_84_OP_2.680201119072135_Split_11.fasta', 30265.0, 0.064, 28096, 0.059, 5434, 0.011, 105199, 0.222, 156105.0, 0.33, -6537, -0.014, 64364.5, 0.136
'MAFFT_b1#0011_htH_tree_84_OP_2.680201119072135_Split_11.fasta', 30188.0, 0.065, 28872, 0.062, 5017, 0.011, 103801, 0.224, 155639.0, 0.335, -6372, -0.014, 67264.5, 0.145
'MAFFT_b1#0011_htT_tree_84_OP_2.680201119072135_Split_11.fasta', 30188.0, 0.065, 28872, 0.062, 5017, 0.011, 103801, 0.224, 155639.0, 0.335, -6372, -0.014, 67264.5, 0.145
'MAFFT_b1#0012_hhH_tree_62_OP_2.4330105528955412_Split_12.fasta', 31043.0, 0.06, 27646, 0.053, 5029, 0.01, 104543, 0.201, 159608.0, 0.307, -4918, -0.009, 72244.5, 0.139
'MAFFT_b1#0012_hhT_tree_62_OP_2.4330105528955412_Split_12.fasta', 31043.0, 0.06, 27646, 0.053, 5029, 0.01, 104543, 0.201, 159608.0, 0.307, -4918, -0.009, 72244.5, 0.139
'MAFFT_b1#0012_htH_tree_62_OP_2.4330105528955412_Split_12.fasta', 30831.0, 0.059, 27860, 0.054, 5051, 0.01, 104539, 0.201, 158763.0, 0.306, -4497, -0.009, 71690.5, 0.138
'MAFFT_b1#0012_htT_tree_62_OP_2.4330105528955412_Split_12.fasta', 30831.0, 0.059, 27860, 0.054, 5051, 0.01, 104539, 0.201, 158763.0, 0.306, -4497, -0.009, 71690.5, 0.138
'MAFFT_b1#0014_hhH_tree_44_OP_2.639288724484837_Split_14.fasta', 32164.0, 0.071, 28663, 0.063, 4758, 0.011, 100267, 0.222, 164722.0, 0.364, -5157, -0.011, 80883.5, 0.179
'MAFFT_b1#0014_hhH_tree_67_OP_1.9260663748429023_Split_14.fasta', 32167.0, 0.066, 28446, 0.059, 5268, 0.011, 100695, 0.208, 164401.0, 0.34, -3816, -0.008, 78629.5, 0.162
'MAFFT_b1#0014_hhT_tree_44_OP_2.639288724484837_Split_14.fasta', 32164.0, 0.071, 28663, 0.063, 4758, 0.011, 100267, 0.222, 164722.0, 0.364, -5157, -0.011, 80883.5, 0.179
'MAFFT_b1#0014_hhT_tree_67_OP_1.9260663748429023_Split_14.fasta', 32167.0, 0.066, 28446, 0.059, 5268, 0.011, 100695, 0.208, 164401.0, 0.34, -3816, -0.008, 78629.5, 0.162
'MAFFT_b1#0014_htH_tree_44_OP_2.639288724484837_Split_14.fasta', 32236.0, 0.071, 28594, 0.063, 4758, 0.011, 100261, 0.222, 164938.0, 0.365, -5013, -0.011, 81246.5, 0.18
'MAFFT_b1#0014_htH_tree_67_OP_1.9260663748429023_Split_14.fasta', 32055.0, 0.067, 28610, 0.06, 5244, 0.011, 100591, 0.212, 163854.0, 0.345, -4352, -0.009, 77742.5, 0.164
'MAFFT_b1#0014_htT_tree_44_OP_2.639288724484837_Split_14.fasta', 32236.0, 0.071, 28594, 0.063, 4758, 0.011, 100261, 0.222, 164938.0, 0.365, -5013, -0.011, 81246.5, 0.18
'MAFFT_b1#0014_htT_tree_67_OP_1.9260663748429023_Split_14.fasta', 32055.0, 0.067, 28610, 0.06, 5244, 0.011, 100591, 0.212, 163854.0, 0.345, -4352, -0.009, 77742.5, 0.164
'MAFFT_b1#0016_hhH_tree_33_OP_2.3139125348148384_Split_16.fasta', 31019.0, 0.066, 29337, 0.063, 5416, 0.012, 101209, 0.216, 159473.0, 0.34, -6292, -0.013, 70080.5, 0.149
'MAFFT_b1#0016_hhT_tree_33_OP_2.3139125348148384_Split_16.fasta', 31019.0, 0.066, 29337, 0.063, 5416, 0.012, 101209, 0.216, 159473.0, 0.34, -6292, -0.013, 70080.5, 0.149
'MAFFT_b1#0016_htH_tree_33_OP_2.3139125348148384_Split_16.fasta', 31032.0, 0.066, 29320, 0.062, 5419, 0.012, 101217, 0.216, 159571.0, 0.34, -6417, -0.014, 70031.5, 0.149
'MAFFT_b1#0016_htT_tree_33_OP_2.3139125348148384_Split_16.fasta', 31032.0, 0.066, 29320, 0.062, 5419, 0.012, 101217, 0.216, 159571.0, 0.34, -6417, -0.014, 70031.5, 0.149
'MAFFT_b1#0017_hhH_tree_45_OP_2.295265953595705_Split_17.fasta', 30106.0, 0.058, 27105, 0.052, 5226, 0.01, 107499, 0.206, 156175.0, 0.3, -2219, -0.004, 68850.5, 0.132
'MAFFT_b1#0017_hhH_tree_90_OP_2.1610607075340664_Split_17.fasta', 32667.0, 0.064, 28742, 0.056, 4923, 0.01, 99103, 0.194, 168229.0, 0.329, -3545, -0.007, 85594.5, 0.168
'MAFFT_b1#0017_hhT_tree_45_OP_2.295265953595705_Split_17.fasta', 30106.0, 0.058, 27105, 0.052, 5226, 0.01, 107499, 0.206, 156175.0, 0.3, -2219, -0.004, 68850.5, 0.132
'MAFFT_b1#0017_hhT_tree_90_OP_2.1610607075340664_Split_17.fasta', 32667.0, 0.064, 28742, 0.056, 4923, 0.01, 99103, 0.194, 168229.0, 0.329, -3545, -0.007, 85594.5, 0.168
'MAFFT_b1#0017_htH_tree_45_OP_2.295265953595705_Split_17.fasta', 30107.0, 0.058, 26890, 0.052, 5336, 0.01, 107927, 0.208, 156060.0, 0.301, -2599, -0.005, 67481.5, 0.13
'MAFFT_b1#0017_htH_tree_90_OP_2.1610607075340664_Split_17.fasta', 32560.0, 0.066, 28854, 0.058, 4978, 0.01, 99093, 0.2, 167899.0, 0.338, -3621, -0.007, 84863.5, 0.171
'MAFFT_b1#0017_htT_tree_45_OP_2.295265953595705_Split_17.fasta', 30107.0, 0.058, 26890, 0.052, 5336, 0.01, 107927, 0.208, 156060.0, 0.301, -2599, -0.005, 67481.5, 0.13
'MAFFT_b1#0017_htT_tree_90_OP_2.1610607075340664_Split_17.fasta', 32560.0, 0.066, 28854, 0.058, 4978, 0.01, 99093, 0.2, 167899.0, 0.338, -3621, -0.007, 84863.5, 0.171
'MAFFT_b1#0019_hhH_tree_54_OP_1.6636194832224898_Split_19.fasta', 31934.0, 0.066, 27273, 0.057, 5835, 0.012, 103507, 0.214, 163363.0, 0.338, -2968, -0.006, 73631.5, 0.153
'MAFFT_b1#0019_hhH_tree_94_OP_2.5553791369687318_Split_19.fasta', 31544.0, 0.063, 27217, 0.054, 4846, 0.01, 104399, 0.207, 161927.0, 0.321, -4836, -0.01, 75815.5, 0.15
'MAFFT_b1#0019_hhT_tree_54_OP_1.6636194832224898_Split_19.fasta', 31934.0, 0.066, 27273, 0.057, 5835, 0.012, 103507, 0.214, 163363.0, 0.338, -2968, -0.006, 73631.5, 0.153
'MAFFT_b1#0019_hhT_tree_94_OP_2.5553791369687318_Split_19.fasta', 31544.0, 0.063, 27217, 0.054, 4846, 0.01, 104399, 0.207, 161927.0, 0.321, -4836, -0.01, 75815.5, 0.15
'MAFFT_b1#0019_htH_tree_54_OP_1.6636194832224898_Split_19.fasta', 31931.0, 0.066, 27275, 0.057, 5839, 0.012, 103509, 0.214, 163343.0, 0.338, -3002, -0.006, 73552.5, 0.152
'MAFFT_b1#0019_htH_tree_94_OP_2.5553791369687318_Split_19.fasta', 31613.0, 0.063, 27154, 0.054, 4855, 0.01, 104387, 0.207, 162134.0, 0.321, -4701, -0.009, 76109.5, 0.151
'MAFFT_b1#0019_htT_tree_54_OP_1.6636194832224898_Split_19.fasta', 31931.0, 0.066, 27275, 0.057, 5839, 0.012, 103509, 0.214, 163343.0, 0.338, -3002, -0.006, 73552.5, 0.152
'MAFFT_b1#0019_htT_tree_94_OP_2.5553791369687318_Split_19.fasta', 31613.0, 0.063, 27154, 0.054, 4855, 0.01, 104387, 0.207, 162134.0, 0.321, -4701, -0.009, 76109.5, 0.151
'MAFFT_b1#0022_hhH_tree_39_OP_1.522040361295851_Split_22.fasta', 32447.0, 0.067, 28343, 0.059, 5491, 0.011, 100341, 0.207, 166735.0, 0.345, -4169, -0.009, 79449.5, 0.164
'MAFFT_b1#0022_hhH_tree_64_OP_2.935413362566628_Split_22.fasta', 31761.0, 0.071, 28606, 0.064, 4590, 0.01, 101187, 0.226, 163087.0, 0.365, -5710, -0.013, 79243.5, 0.177
'MAFFT_b1#0022_hhT_tree_39_OP_1.522040361295851_Split_22.fasta', 32447.0, 0.067, 28343, 0.059, 5491, 0.011, 100341, 0.207, 166735.0, 0.345, -4169, -0.009, 79449.5, 0.164
'MAFFT_b1#0022_hhT_tree_64_OP_2.935413362566628_Split_22.fasta', 31761.0, 0.071, 28606, 0.064, 4590, 0.01, 101187, 0.226, 163087.0, 0.365, -5710, -0.013, 79243.5, 0.177
'MAFFT_b1#0022_htH_tree_39_OP_1.522040361295851_Split_22.fasta', 32320.0, 0.067, 28355, 0.059, 5642, 0.012, 100571, 0.208, 166194.0, 0.343, -3899, -0.008, 78157.5, 0.162
'MAFFT_b1#0022_htH_tree_64_OP_2.935413362566628_Split_22.fasta', 31834.0, 0.071, 28526, 0.064, 4589, 0.01, 101201, 0.226, 163305.0, 0.365, -5641, -0.013, 79529.5, 0.178
'MAFFT_b1#0022_htT_tree_39_OP_1.522040361295851_Split_22.fasta', 32320.0, 0.067, 28355, 0.059, 5642, 0.012, 100571, 0.208, 166194.0, 0.343, -3899, -0.008, 78157.5, 0.162
'MAFFT_b1#0022_htT_tree_64_OP_2.935413362566628_Split_22.fasta', 31834.0, 0.071, 28526, 0.064, 4589, 0.01, 101201, 0.226, 163305.0, 0.365, -5641, -0.013, 79529.5, 0.178
'MAFFT_b1#0024_hhH_tree_34_OP_2.407510533391993_Split_24.fasta', 30815.0, 0.06, 27919, 0.054, 5199, 0.01, 104453, 0.203, 156954.0, 0.304, -5444, -0.011, 68089.5, 0.132
'MAFFT_b1#0024_hhT_tree_34_OP_2.407510533391993_Split_24.fasta', 30815.0, 0.06, 27919, 0.054, 5199, 0.01, 104453, 0.203, 156954.0, 0.304, -5444, -0.011, 68089.5, 0.132
'MAFFT_b1#0024_htH_tree_34_OP_2.407510533391993_Split_24.fasta', 30865.0, 0.061, 27753, 0.055, 5139, 0.01, 104685, 0.207, 157785.0, 0.313, -5438, -0.011, 69170.5, 0.137
'MAFFT_b1#0024_htT_tree_34_OP_2.407510533391993_Split_24.fasta', 30865.0, 0.061, 27753, 0.055, 5139, 0.01, 104685, 0.207, 157785.0, 0.313, -5438, -0.011, 69170.5, 0.137
'MAFFT_b1#0025_hhH_tree_59_OP_2.170731131311491_Split_25.fasta', 31757.0, 0.067, 28057, 0.059, 5327, 0.011, 102293, 0.216, 161984.0, 0.343, -5023, -0.011, 73852.5, 0.156
'MAFFT_b1#0025_hhH_tree_85_OP_2.480824599307775_Split_25.fasta', 31676.0, 0.065, 29727, 0.061, 4938, 0.01, 99115, 0.203, 162204.0, 0.332, -8203, -0.017, 74815.5, 0.153
'MAFFT_b1#0025_hhT_tree_59_OP_2.170731131311491_Split_25.fasta', 31757.0, 0.067, 28057, 0.059, 5327, 0.011, 102293, 0.216, 161984.0, 0.343, -5023, -0.011, 73852.5, 0.156
'MAFFT_b1#0025_hhT_tree_85_OP_2.480824599307775_Split_25.fasta', 31676.0, 0.065, 29727, 0.061, 4938, 0.01, 99115, 0.203, 162204.0, 0.332, -8203, -0.017, 74815.5, 0.153
'MAFFT_b1#0025_htH_tree_59_OP_2.170731131311491_Split_25.fasta', 31669.0, 0.069, 28416, 0.062, 5302, 0.011, 101751, 0.22, 161523.0, 0.35, -5177, -0.011, 73658.5, 0.159
'MAFFT_b1#0025_htH_tree_85_OP_2.480824599307775_Split_25.fasta', 31693.0, 0.065, 29705, 0.06, 4888, 0.01, 99125, 0.202, 162138.0, 0.33, -8081, -0.016, 75166.5, 0.153
'MAFFT_b1#0025_htT_tree_59_OP_2.170731131311491_Split_25.fasta', 31669.0, 0.069, 28416, 0.062, 5302, 0.011, 101751, 0.22, 161523.0, 0.35, -5177, -0.011, 73658.5, 0.159
'MAFFT_b1#0025_htT_tree_85_OP_2.480824599307775_Split_25.fasta', 31693.0, 0.065, 29705, 0.06, 4888, 0.01, 99125, 0.202, 162138.0, 0.33, -8081, -0.016, 75166.5, 0.153
'MAFFT_b1#0026_hhH_tree_21_OP_2.1310205653910055_Split_26.fasta', 31135.0, 0.066, 28295, 0.06, 5062, 0.011, 103061, 0.218, 157066.0, 0.332, -5096, -0.011, 70067.5, 0.148
'MAFFT_b1#0026_hhH_tree_80_OP_2.5217903856188704_Split_26.fasta', 31165.0, 0.067, 29384, 0.063, 4977, 0.011, 100823, 0.215, 159533.0, 0.341, -6575, -0.014, 72684.5, 0.155
'MAFFT_b1#0026_hhT_tree_21_OP_2.1310205653910055_Split_26.fasta', 31135.0, 0.066, 28295, 0.06, 5062, 0.011, 103061, 0.218, 157066.0, 0.332, -5096, -0.011, 70067.5, 0.148
'MAFFT_b1#0026_hhT_tree_80_OP_2.5217903856188704_Split_26.fasta', 31165.0, 0.067, 29384, 0.063, 4977, 0.011, 100823, 0.215, 159533.0, 0.341, -6575, -0.014, 72684.5, 0.155
'MAFFT_b1#0026_htH_tree_21_OP_2.1310205653910055_Split_26.fasta', 31151.0, 0.066, 28395, 0.06, 4931, 0.01, 102829, 0.216, 157092.0, 0.331, -5062, -0.011, 71029.5, 0.149
'MAFFT_b1#0026_htH_tree_80_OP_2.5217903856188704_Split_26.fasta', 31216.0, 0.067, 29329, 0.063, 4977, 0.011, 100831, 0.215, 159623.0, 0.341, -6430, -0.014, 72915.5, 0.156
'MAFFT_b1#0026_htT_tree_21_OP_2.1310205653910055_Split_26.fasta', 31151.0, 0.066, 28395, 0.06, 4931, 0.01, 102829, 0.216, 157092.0, 0.331, -5062, -0.011, 71029.5, 0.149
'MAFFT_b1#0026_htT_tree_80_OP_2.5217903856188704_Split_26.fasta', 31216.0, 0.067, 29329, 0.063, 4977, 0.011, 100831, 0.215, 159623.0, 0.341, -6430, -0.014, 72915.5, 0.156
'MAFFT_b1#0027_hhH_tree_10_OP_1.9679388553310329_Split_27.fasta', 31421.0, 0.066, 28569, 0.06, 5407, 0.011, 101941, 0.215, 161274.0, 0.34, -4727, -0.01, 73134.5, 0.154
'MAFFT_b1#0027_hhT_tree_10_OP_1.9679388553310329_Split_27.fasta', 31421.0, 0.066, 28569, 0.06, 5407, 0.011, 101941, 0.215, 161274.0, 0.34, -4727, -0.01, 73134.5, 0.154
'MAFFT_b1#0027_htH_tree_10_OP_1.9679388553310329_Split_27.fasta', 31398.0, 0.066, 28586, 0.06, 5411, 0.011, 101953, 0.215, 161136.0, 0.34, -4680, -0.01, 73013.5, 0.154
'MAFFT_b1#0027_htT_tree_10_OP_1.9679388553310329_Split_27.fasta', 31398.0, 0.066, 28586, 0.06, 5411, 0.011, 101953, 0.215, 161136.0, 0.34, -4680, -0.01, 73013.5, 0.154
'MAFFT_b1#0028_hhH_tree_66_OP_2.9673947251158412_Split_28.fasta', 31212.0, 0.065, 28782, 0.06, 5030, 0.011, 101933, 0.214, 160640.0, 0.337, -5332, -0.011, 74161.5, 0.156
'MAFFT_b1#0028_hhT_tree_66_OP_2.9673947251158412_Split_28.fasta', 31212.0, 0.065, 28782, 0.06, 5030, 0.011, 101933, 0.214, 160640.0, 0.337, -5332, -0.011, 74161.5, 0.156
'MAFFT_b1#0028_htH_tree_66_OP_2.9673947251158412_Split_28.fasta', 31212.0, 0.066, 28477, 0.06, 5115, 0.011, 102543, 0.216, 160613.0, 0.339, -5280, -0.011, 73371.5, 0.155
'MAFFT_b1#0028_htT_tree_66_OP_2.9673947251158412_Split_28.fasta', 31212.0, 0.066, 28477, 0.06, 5115, 0.011, 102543, 0.216, 160613.0, 0.339, -5280, -0.011, 73371.5, 0.155
'MAFFT_b1#0029_hhH_tree_27_OP_1.6859321025856457_Split_29.fasta', 32191.0, 0.068, 29853, 0.063, 5866, 0.012, 97833, 0.208, 166055.0, 0.353, -3516, -0.007, 78426.5, 0.167
'MAFFT_b1#0029_hhT_tree_27_OP_1.6859321025856457_Split_29.fasta', 32191.0, 0.068, 29853, 0.063, 5866, 0.012, 97833, 0.208, 166055.0, 0.353, -3516, -0.007, 78426.5, 0.167
'MAFFT_b1#0029_htH_tree_27_OP_1.6859321025856457_Split_29.fasta', 32205.0, 0.064, 29830, 0.059, 5832, 0.012, 97851, 0.193, 165773.0, 0.328, -3790, -0.007, 78065.5, 0.154
'MAFFT_b1#0029_htT_tree_27_OP_1.6859321025856457_Split_29.fasta', 32205.0, 0.064, 29830, 0.059, 5832, 0.012, 97851, 0.193, 165773.0, 0.328, -3790, -0.007, 78065.5, 0.154
'MAFFT_b1#0031_hhH_tree_23_OP_2.940403370408288_Split_31.fasta', 30999.0, 0.067, 32226, 0.069, 5127, 0.011, 95471, 0.205, 158199.0, 0.34, -10048, -0.022, 69653.5, 0.15
'MAFFT_b1#0031_hhH_tree_78_OP_1.9842214843426838_Split_31.fasta', 29382.0, 0.055, 28234, 0.053, 5584, 0.01, 106689, 0.199, 152186.0, 0.284, -2617, -0.005, 62720.5, 0.117
'MAFFT_b1#0031_hhT_tree_23_OP_2.940403370408288_Split_31.fasta', 30999.0, 0.067, 32226, 0.069, 5127, 0.011, 95471, 0.205, 158199.0, 0.34, -10048, -0.022, 69653.5, 0.15
'MAFFT_b1#0031_hhT_tree_78_OP_1.9842214843426838_Split_31.fasta', 29382.0, 0.055, 28234, 0.053, 5584, 0.01, 106689, 0.199, 152186.0, 0.284, -2617, -0.005, 62720.5, 0.117
'MAFFT_b1#0031_htH_tree_23_OP_2.940403370408288_Split_31.fasta', 31058.0, 0.067, 32343, 0.069, 4976, 0.011, 95119, 0.204, 158330.0, 0.34, -10243, -0.022, 70671.5, 0.152
'MAFFT_b1#0031_htH_tree_78_OP_1.9842214843426838_Split_31.fasta', 29335.0, 0.055, 28275, 0.053, 5436, 0.01, 106701, 0.199, 152088.0, 0.283, -2649, -0.005, 63472.5, 0.118
'MAFFT_b1#0031_htT_tree_23_OP_2.940403370408288_Split_31.fasta', 31058.0, 0.067, 32343, 0.069, 4976, 0.011, 95119, 0.204, 158330.0, 0.34, -10243, -0.022, 70671.5, 0.152
'MAFFT_b1#0031_htT_tree_78_OP_1.9842214843426838_Split_31.fasta', 29335.0, 0.055, 28275, 0.053, 5436, 0.01, 106701, 0.199, 152088.0, 0.283, -2649, -0.005, 63472.5, 0.118
'MAFFT_b1#0035_hhH_tree_71_OP_2.3680950705345123_Split_35.fasta', 31698.0, 0.061, 28133, 0.054, 5223, 0.01, 102259, 0.195, 162078.0, 0.31, -3919, -0.007, 75691.5, 0.145
'MAFFT_b1#0035_hhH_tree_75_OP_2.4023709813773846_Split_35.fasta', 31936.0, 0.064, 28768, 0.058, 5255, 0.011, 100513, 0.202, 163127.0, 0.327, -6225, -0.012, 75115.5, 0.151
'MAFFT_b1#0035_hhH_tree_9_OP_1.5653274151471246_Split_35.fasta', 31240.0, 0.064, 27852, 0.057, 6211, 0.013, 103737, 0.213, 160122.0, 0.329, -4549, -0.009, 66438.5, 0.137
'MAFFT_b1#0035_hhT_tree_71_OP_2.3680950705345123_Split_35.fasta', 31698.0, 0.061, 28133, 0.054, 5223, 0.01, 102259, 0.195, 162078.0, 0.31, -3919, -0.007, 75691.5, 0.145
'MAFFT_b1#0035_hhT_tree_75_OP_2.4023709813773846_Split_35.fasta', 31936.0, 0.064, 28768, 0.058, 5255, 0.011, 100513, 0.202, 163127.0, 0.327, -6225, -0.012, 75115.5, 0.151
'MAFFT_b1#0035_hhT_tree_9_OP_1.5653274151471246_Split_35.fasta', 31240.0, 0.064, 27852, 0.057, 6211, 0.013, 103737, 0.213, 160122.0, 0.329, -4549, -0.009, 66438.5, 0.137
'MAFFT_b1#0035_htH_tree_71_OP_2.3680950705345123_Split_35.fasta', 31673.0, 0.061, 28150, 0.054, 5222, 0.01, 102275, 0.196, 161928.0, 0.31, -3868, -0.007, 75590.5, 0.145
'MAFFT_b1#0035_htH_tree_75_OP_2.4023709813773846_Split_35.fasta', 31936.0, 0.064, 28768, 0.058, 5253, 0.011, 100513, 0.202, 163127.0, 0.327, -6225, -0.012, 75127.5, 0.151
'MAFFT_b1#0035_htH_tree_9_OP_1.5653274151471246_Split_35.fasta', 31323.0, 0.062, 28336, 0.056, 5414, 0.011, 102603, 0.202, 160478.0, 0.316, -4555, -0.009, 72137.5, 0.142
'MAFFT_b1#0035_htT_tree_71_OP_2.3680950705345123_Split_35.fasta', 31673.0, 0.061, 28150, 0.054, 5222, 0.01, 102275, 0.196, 161928.0, 0.31, -3868, -0.007, 75590.5, 0.145
'MAFFT_b1#0035_htT_tree_75_OP_2.4023709813773846_Split_35.fasta', 31936.0, 0.064, 28768, 0.058, 5253, 0.011, 100513, 0.202, 163127.0, 0.327, -6225, -0.012, 75127.5, 0.151
'MAFFT_b1#0035_htT_tree_9_OP_1.5653274151471246_Split_35.fasta', 31323.0, 0.062, 28336, 0.056, 5414, 0.011, 102603, 0.202, 160478.0, 0.316, -4555, -0.009, 72137.5, 0.142
'MAFFT_b1#0036_hhH_tree_69_OP_2.9824622002885617_Split_36.fasta', 31232.0, 0.067, 28536, 0.061, 5436, 0.012, 102385, 0.219, 160764.0, 0.344, -4278, -0.009, 72677.5, 0.156
'MAFFT_b1#0036_hhH_tree_74_OP_2.943304477827338_Split_36.fasta', 31288.0, 0.068, 29707, 0.065, 4825, 0.011, 99931, 0.219, 160144.0, 0.35, -6958, -0.015, 74270.5, 0.163
'MAFFT_b1#0036_hhH_tree_91_OP_2.3523277060939405_Split_36.fasta', 31277.0, 0.062, 27773, 0.055, 4967, 0.01, 103821, 0.205, 160498.0, 0.317, -4532, -0.009, 74253.5, 0.147
'MAFFT_b1#0036_hhT_tree_69_OP_2.9824622002885617_Split_36.fasta', 31232.0, 0.067, 28536, 0.061, 5436, 0.012, 102385, 0.219, 160764.0, 0.344, -4278, -0.009, 72677.5, 0.156
'MAFFT_b1#0036_hhT_tree_74_OP_2.943304477827338_Split_36.fasta', 31288.0, 0.068, 29707, 0.065, 4825, 0.011, 99931, 0.219, 160144.0, 0.35, -6958, -0.015, 74270.5, 0.163
'MAFFT_b1#0036_hhT_tree_91_OP_2.3523277060939405_Split_36.fasta', 31277.0, 0.062, 27773, 0.055, 4967, 0.01, 103821, 0.205, 160498.0, 0.317, -4532, -0.009, 74253.5, 0.147
'MAFFT_b1#0036_htH_tree_69_OP_2.9824622002885617_Split_36.fasta', 31285.0, 0.067, 28666, 0.061, 5318, 0.011, 102019, 0.217, 160934.0, 0.343, -4140, -0.009, 73876.5, 0.157
'MAFFT_b1#0036_htH_tree_74_OP_2.943304477827338_Split_36.fasta', 31387.0, 0.069, 29427, 0.065, 4823, 0.011, 100293, 0.22, 160631.0, 0.352, -6087, -0.013, 75459.5, 0.166
'MAFFT_b1#0036_htH_tree_91_OP_2.3523277060939405_Split_36.fasta', 31370.0, 0.062, 27633, 0.055, 4991, 0.01, 103915, 0.205, 160673.0, 0.318, -4234, -0.008, 74535.5, 0.147
'MAFFT_b1#0036_htT_tree_69_OP_2.9824622002885617_Split_36.fasta', 31285.0, 0.067, 28666, 0.061, 5318, 0.011, 102019, 0.217, 160934.0, 0.343, -4140, -0.009, 73876.5, 0.157
'MAFFT_b1#0036_htT_tree_74_OP_2.943304477827338_Split_36.fasta', 31387.0, 0.069, 29427, 0.065, 4823, 0.011, 100293, 0.22, 160631.0, 0.352, -6087, -0.013, 75459.5, 0.166
'MAFFT_b1#0036_htT_tree_91_OP_2.3523277060939405_Split_36.fasta', 31370.0, 0.062, 27633, 0.055, 4991, 0.01, 103915, 0.205, 160673.0, 0.318, -4234, -0.008, 74535.5, 0.147
'MAFFT_b1#0037_hhH_tree_46_OP_2.5904987735791676_Split_37.fasta', 32380.0, 0.068, 29294, 0.061, 4639, 0.01, 98573, 0.207, 165004.0, 0.346, -6747, -0.014, 81136.5, 0.17
'MAFFT_b1#0037_hhH_tree_65_OP_1.3986977410996977_Split_37.fasta', 32545.0, 0.066, 27831, 0.057, 5472, 0.011, 101169, 0.206, 166794.0, 0.34, -2760, -0.006, 80617.5, 0.164
'MAFFT_b1#0037_hhT_tree_46_OP_2.5904987735791676_Split_37.fasta', 32380.0, 0.068, 29294, 0.061, 4639, 0.01, 98573, 0.207, 165004.0, 0.346, -6747, -0.014, 81136.5, 0.17
'MAFFT_b1#0037_hhT_tree_65_OP_1.3986977410996977_Split_37.fasta', 32545.0, 0.066, 27831, 0.057, 5472, 0.011, 101169, 0.206, 166794.0, 0.34, -2760, -0.006, 80617.5, 0.164
'MAFFT_b1#0037_htH_tree_46_OP_2.5904987735791676_Split_37.fasta', 32666.0, 0.068, 28813, 0.06, 4930, 0.01, 98963, 0.207, 166759.0, 0.349, -6163, -0.013, 81534.5, 0.171
'MAFFT_b1#0037_htH_tree_65_OP_1.3986977410996977_Split_37.fasta', 32545.0, 0.066, 27823, 0.056, 5477, 0.011, 101185, 0.205, 166792.0, 0.339, -2877, -0.006, 80460.5, 0.163
'MAFFT_b1#0037_htT_tree_46_OP_2.5904987735791676_Split_37.fasta', 32666.0, 0.068, 28813, 0.06, 4930, 0.01, 98963, 0.207, 166759.0, 0.349, -6163, -0.013, 81534.5, 0.171
'MAFFT_b1#0037_htT_tree_65_OP_1.3986977410996977_Split_37.fasta', 32545.0, 0.066, 27823, 0.056, 5477, 0.011, 101185, 0.205, 166792.0, 0.339, -2877, -0.006, 80460.5, 0.163
'MAFFT_b1#0039_hhH_tree_22_OP_1.0333726057419617_Split_39.fasta', 33726.0, 0.069, 26438, 0.054, 6105, 0.013, 101593, 0.208, 174010.0, 0.357, -1766, -0.004, 84817.5, 0.174
'MAFFT_b1#0039_hhT_tree_22_OP_1.0333726057419617_Split_39.fasta', 33726.0, 0.069, 26438, 0.054, 6105, 0.013, 101593, 0.208, 174010.0, 0.357, -1766, -0.004, 84817.5, 0.174
'MAFFT_b1#0039_htH_tree_22_OP_1.0333726057419617_Split_39.fasta', 33705.0, 0.069, 26566, 0.055, 6234, 0.013, 101379, 0.208, 173991.0, 0.358, -1720, -0.004, 84177.5, 0.173
'MAFFT_b1#0039_htT_tree_22_OP_1.0333726057419617_Split_39.fasta', 33705.0, 0.069, 26566, 0.055, 6234, 0.013, 101379, 0.208, 173991.0, 0.358, -1720, -0.004, 84177.5, 0.173
'MAFFT_b1#0041_hhH_tree_31_OP_2.371648195541206_Split_41.fasta', 31152.0, 0.067, 28861, 0.062, 4943, 0.011, 101895, 0.218, 157928.0, 0.337, -8660, -0.019, 68662.5, 0.147
'MAFFT_b1#0041_hhH_tree_8_OP_2.990366431633018_Split_41.fasta', 32232.0, 0.069, 27764, 0.059, 4649, 0.01, 101929, 0.217, 165160.0, 0.352, -4141, -0.009, 82160.5, 0.175
'MAFFT_b1#0041_hhT_tree_31_OP_2.371648195541206_Split_41.fasta', 31152.0, 0.067, 28861, 0.062, 4943, 0.011, 101895, 0.218, 157928.0, 0.337, -8660, -0.019, 68662.5, 0.147
'MAFFT_b1#0041_hhT_tree_8_OP_2.990366431633018_Split_41.fasta', 32232.0, 0.069, 27764, 0.059, 4649, 0.01, 101929, 0.217, 165160.0, 0.352, -4141, -0.009, 82160.5, 0.175
'MAFFT_b1#0041_htH_tree_31_OP_2.371648195541206_Split_41.fasta', 31376.0, 0.067, 28832, 0.062, 4918, 0.011, 101505, 0.217, 158514.0, 0.339, -8908, -0.019, 69345.5, 0.148
'MAFFT_b1#0041_htH_tree_8_OP_2.990366431633018_Split_41.fasta', 32232.0, 0.069, 27784, 0.059, 4628, 0.01, 101889, 0.217, 165160.0, 0.352, -4160, -0.009, 82287.5, 0.175
'MAFFT_b1#0041_htT_tree_31_OP_2.371648195541206_Split_41.fasta', 31376.0, 0.067, 28832, 0.062, 4918, 0.011, 101505, 0.217, 158514.0, 0.339, -8908, -0.019, 69345.5, 0.148
'MAFFT_b1#0041_htT_tree_8_OP_2.990366431633018_Split_41.fasta', 32232.0, 0.069, 27784, 0.059, 4628, 0.01, 101889, 0.217, 165160.0, 0.352, -4160, -0.009, 82287.5, 0.175
'MAFFT_b1#0042_hhH_tree_92_OP_1.133352346367843_Split_42.fasta', 31686.0, 0.066, 27574, 0.057, 6844, 0.014, 103401, 0.215, 162996.0, 0.339, -1742, -0.004, 68489.5, 0.142
'MAFFT_b1#0042_hhT_tree_92_OP_1.133352346367843_Split_42.fasta', 31686.0, 0.066, 27574, 0.057, 6844, 0.014, 103401, 0.215, 162996.0, 0.339, -1742, -0.004, 68489.5, 0.142
'MAFFT_b1#0042_htH_tree_92_OP_1.133352346367843_Split_42.fasta', 31621.0, 0.066, 27788, 0.058, 6679, 0.014, 103103, 0.214, 162790.0, 0.338, -2008, -0.004, 69156.5, 0.144
'MAFFT_b1#0042_htT_tree_92_OP_1.133352346367843_Split_42.fasta', 31621.0, 0.066, 27788, 0.058, 6679, 0.014, 103103, 0.214, 162790.0, 0.338, -2008, -0.004, 69156.5, 0.144
'MAFFT_b1#0043_hhH_tree_95_OP_2.498402958697362_Split_43.fasta', 33232.0, 0.069, 26799, 0.056, 5013, 0.01, 101859, 0.211, 170558.0, 0.353, -2648, -0.005, 86902.5, 0.18
'MAFFT_b1#0043_hhT_tree_95_OP_2.498402958697362_Split_43.fasta', 33232.0, 0.069, 26799, 0.056, 5013, 0.01, 101859, 0.211, 170558.0, 0.353, -2648, -0.005, 86902.5, 0.18
'MAFFT_b1#0043_htH_tree_95_OP_2.498402958697362_Split_43.fasta', 33018.0, 0.07, 27225, 0.058, 4974, 0.011, 101435, 0.215, 169158.0, 0.358, -3153, -0.007, 85443.5, 0.181
'MAFFT_b1#0043_htT_tree_95_OP_2.498402958697362_Split_43.fasta', 33018.0, 0.07, 27225, 0.058, 4974, 0.011, 101435, 0.215, 169158.0, 0.358, -3153, -0.007, 85443.5, 0.181
'MAFFT_b1#0044_hhH_tree_14_OP_1.7440813830902329_Split_44.fasta', 31053.0, 0.063, 28861, 0.058, 6025, 0.012, 102093, 0.207, 158196.0, 0.32, -5329, -0.011, 65670.5, 0.133
'MAFFT_b1#0044_hhH_tree_52_OP_2.165361006866358_Split_44.fasta', 31570.0, 0.066, 29546, 0.062, 5079, 0.011, 99689, 0.21, 162382.0, 0.342, -3326, -0.007, 78737.5, 0.166
'MAFFT_b1#0044_hhT_tree_14_OP_1.7440813830902329_Split_44.fasta', 31053.0, 0.063, 28861, 0.058, 6025, 0.012, 102093, 0.207, 158196.0, 0.32, -5329, -0.011, 65670.5, 0.133
'MAFFT_b1#0044_hhT_tree_52_OP_2.165361006866358_Split_44.fasta', 31570.0, 0.066, 29546, 0.062, 5079, 0.011, 99689, 0.21, 162382.0, 0.342, -3326, -0.007, 78737.5, 0.166
'MAFFT_b1#0044_htH_tree_14_OP_1.7440813830902329_Split_44.fasta', 31053.0, 0.063, 28856, 0.058, 6024, 0.012, 102103, 0.207, 158196.0, 0.32, -5423, -0.011, 65577.5, 0.133
'MAFFT_b1#0044_htH_tree_52_OP_2.165361006866358_Split_44.fasta', 31645.0, 0.067, 29441, 0.062, 5167, 0.011, 99749, 0.21, 162614.0, 0.342, -3099, -0.007, 78638.5, 0.165
'MAFFT_b1#0044_htT_tree_14_OP_1.7440813830902329_Split_44.fasta', 31053.0, 0.063, 28856, 0.058, 6024, 0.012, 102103, 0.207, 158196.0, 0.32, -5423, -0.011, 65577.5, 0.133
'MAFFT_b1#0044_htT_tree_52_OP_2.165361006866358_Split_44.fasta', 31645.0, 0.067, 29441, 0.062, 5167, 0.011, 99749, 0.21, 162614.0, 0.342, -3099, -0.007, 78638.5, 0.165
'MSA.BALIPHY.aln.best.23410.fas', 33835.0, 0.06, 25259, 0.045, 5214, 0.009, 103733, 0.184, 173318.0, 0.308, -1006, -0.002, 89161.5, 0.158
'MSA.MAFFT.aln.With_Names', 33604.0, 0.069, 26436, 0.054, 5101, 0.01, 101841, 0.209, 172435.0, 0.354, -2055, -0.004, 88853.5, 0.182
'MSA.MUSCLE.aln.best.23410.fas', 33459.0, 0.056, 28707, 0.048, 4657, 0.008, 97589, 0.164, 171394.0, 0.288, -3979, -0.007, 90678.5, 0.152
'MSA.PRANK.aln.With_Names', 30288.0, 0.049, 24227, 0.039, 4808, 0.008, 112891, 0.181, 154464.0, 0.248, -1018, -0.002, 68152.5, 0.11
'MUSCLE_diversified_replicate.abc.1.afa', 32198.0, 0.063, 30422, 0.06, 5037, 0.01, 96681, 0.19, 166034.0, 0.326, -7220, -0.014, 80251.5, 0.157
'MUSCLE_diversified_replicate.abc.101.afa', 31581.0, 0.06, 33012, 0.063, 5366, 0.01, 92735, 0.176, 163155.0, 0.309, -10743, -0.02, 73848.5, 0.14
'MUSCLE_diversified_replicate.abc.105.afa', 31572.0, 0.06, 31595, 0.06, 5059, 0.01, 95587, 0.181, 163288.0, 0.309, -9226, -0.017, 75914.5, 0.144
'MUSCLE_diversified_replicate.abc.109.afa', 33280.0, 0.063, 28638, 0.054, 4919, 0.009, 98085, 0.185, 170733.0, 0.323, -3690, -0.007, 88486.5, 0.167
'MUSCLE_diversified_replicate.abc.113.afa', 33453.0, 0.068, 28564, 0.058, 5078, 0.01, 97887, 0.198, 171605.0, 0.347, -3315, -0.007, 88878.5, 0.18
'MUSCLE_diversified_replicate.abc.117.afa', 31696.0, 0.059, 32548, 0.061, 5112, 0.01, 93433, 0.174, 163404.0, 0.305, -9837, -0.018, 76178.5, 0.142
'MUSCLE_diversified_replicate.abc.121.afa', 31535.0, 0.062, 32875, 0.064, 5015, 0.01, 93101, 0.182, 162283.0, 0.317, -9832, -0.019, 75810.5, 0.148
'MUSCLE_diversified_replicate.abc.125.afa', 32309.0, 0.064, 30815, 0.061, 4934, 0.01, 95673, 0.188, 166280.0, 0.327, -8063, -0.016, 80776.5, 0.159
'MUSCLE_diversified_replicate.abc.129.afa', 31999.0, 0.064, 33279, 0.066, 4720, 0.009, 91365, 0.182, 165029.0, 0.329, -10466, -0.021, 80560.5, 0.16
'MUSCLE_diversified_replicate.abc.13.afa', 32704.0, 0.066, 30057, 0.06, 5015, 0.01, 96399, 0.193, 168496.0, 0.338, -5877, -0.012, 84329.5, 0.169
'MUSCLE_diversified_replicate.abc.133.afa', 33720.0, 0.064, 28226, 0.054, 4993, 0.01, 98029, 0.187, 173201.0, 0.331, -3152, -0.006, 91076.5, 0.174
'MUSCLE_diversified_replicate.abc.137.afa', 31646.0, 0.062, 33076, 0.065, 5254, 0.01, 92477, 0.181, 163502.0, 0.321, -10774, -0.021, 74965.5, 0.147
'MUSCLE_diversified_replicate.abc.141.afa', 31517.0, 0.061, 33034, 0.064, 5257, 0.01, 92819, 0.181, 162813.0, 0.317, -11069, -0.022, 73792.5, 0.144
'MUSCLE_diversified_replicate.abc.145.afa', 32516.0, 0.064, 29982, 0.059, 5327, 0.01, 96925, 0.19, 167313.0, 0.328, -5224, -0.01, 81664.5, 0.16
'MUSCLE_diversified_replicate.abc.149.afa', 33241.0, 0.062, 28383, 0.053, 5009, 0.009, 98673, 0.184, 170694.0, 0.319, -3989, -0.007, 87314.5, 0.163
'MUSCLE_diversified_replicate.abc.153.afa', 32247.0, 0.061, 31155, 0.059, 5003, 0.009, 95117, 0.18, 165755.0, 0.313, -8006, -0.015, 80172.5, 0.151
'MUSCLE_diversified_replicate.abc.157.afa', 31118.0, 0.059, 33123, 0.063, 5676, 0.011, 93439, 0.177, 160502.0, 0.304, -9263, -0.018, 70463.5, 0.133
'MUSCLE_diversified_replicate.abc.161.afa', 33277.0, 0.064, 28785, 0.056, 5186, 0.01, 97797, 0.189, 170805.0, 0.33, -4429, -0.009, 86361.5, 0.167
'MUSCLE_diversified_replicate.abc.165.afa', 31687.0, 0.063, 32829, 0.065, 5181, 0.01, 92889, 0.184, 163381.0, 0.324, -10510, -0.021, 75340.5, 0.149
'MUSCLE_diversified_replicate.abc.169.afa', 32813.0, 0.065, 29406, 0.058, 5386, 0.011, 97483, 0.193, 168946.0, 0.334, -4959, -0.01, 82929.5, 0.164
'MUSCLE_diversified_replicate.abc.17.afa', 32965.0, 0.063, 29402, 0.056, 5167, 0.01, 97187, 0.185, 169327.0, 0.323, -4500, -0.009, 85231.5, 0.163
'MUSCLE_diversified_replicate.abc.173.afa', 32658.0, 0.062, 30313, 0.057, 5103, 0.01, 95979, 0.181, 168166.0, 0.317, -6038, -0.011, 83520.5, 0.157
'MUSCLE_diversified_replicate.abc.177.afa', 31699.0, 0.059, 33012, 0.061, 4933, 0.009, 92499, 0.172, 163777.0, 0.305, -10831, -0.02, 77098.5, 0.143
'MUSCLE_diversified_replicate.abc.181.afa', 32250.0, 0.065, 31271, 0.063, 4786, 0.01, 94879, 0.19, 165892.0, 0.332, -7956, -0.016, 81780.5, 0.164
'MUSCLE_diversified_replicate.abc.185.afa', 31614.0, 0.062, 33120, 0.065, 4933, 0.01, 92453, 0.182, 162367.0, 0.32, -11248, -0.022, 75294.5, 0.148
'MUSCLE_diversified_replicate.abc.189.afa', 31351.0, 0.062, 32652, 0.065, 5062, 0.01, 93915, 0.186, 161673.0, 0.32, -10597, -0.021, 73746.5, 0.146
'MUSCLE_diversified_replicate.abc.193.afa', 31534.0, 0.059, 33051, 0.062, 4942, 0.009, 92751, 0.173, 162846.0, 0.304, -10741, -0.02, 76077.5, 0.142
'MUSCLE_diversified_replicate.abc.197.afa', 32400.0, 0.062, 30822, 0.059, 4894, 0.009, 95477, 0.183, 166577.0, 0.319, -7956, -0.015, 81518.5, 0.156
'MUSCLE_diversified_replicate.abc.201.afa', 32366.0, 0.061, 30924, 0.059, 5101, 0.01, 95341, 0.181, 167066.0, 0.316, -6786, -0.013, 82003.5, 0.155
'MUSCLE_diversified_replicate.abc.205.afa', 32479.0, 0.061, 30775, 0.058, 4914, 0.009, 95413, 0.179, 167476.0, 0.315, -7086, -0.013, 83199.5, 0.156
'MUSCLE_diversified_replicate.abc.209.afa', 32147.0, 0.06, 30461, 0.057, 5057, 0.01, 96705, 0.182, 164631.0, 0.31, -6647, -0.013, 79289.5, 0.149
'MUSCLE_diversified_replicate.abc.21.afa', 31815.0, 0.062, 33231, 0.065, 4775, 0.009, 91829, 0.18, 163460.0, 0.32, -11083, -0.022, 77812.5, 0.152
'MUSCLE_diversified_replicate.abc.213.afa', 32324.0, 0.061, 29837, 0.056, 5108, 0.01, 97599, 0.183, 165737.0, 0.311, -5778, -0.011, 80511.5, 0.151
'MUSCLE_diversified_replicate.abc.217.afa', 32331.0, 0.065, 30819, 0.062, 5072, 0.01, 95621, 0.193, 166181.0, 0.336, -6874, -0.014, 81064.5, 0.164
'MUSCLE_diversified_replicate.abc.221.afa', 32853.0, 0.064, 29376, 0.058, 5035, 0.01, 97463, 0.191, 168662.0, 0.331, -4515, -0.009, 85205.5, 0.167
'MUSCLE_diversified_replicate.abc.225.afa', 31521.0, 0.058, 32973, 0.061, 5120, 0.009, 92933, 0.172, 163110.0, 0.301, -10760, -0.02, 75163.5, 0.139
'MUSCLE_diversified_replicate.abc.229.afa', 31791.0, 0.06, 33530, 0.063, 5090, 0.01, 91279, 0.172, 163044.0, 0.307, -9419, -0.018, 77445.5, 0.146
'MUSCLE_diversified_replicate.abc.233.afa', 31929.0, 0.063, 31394, 0.062, 4744, 0.009, 95275, 0.189, 164598.0, 0.326, -9301, -0.018, 79195.5, 0.157
'MUSCLE_diversified_replicate.abc.237.afa', 31209.0, 0.062, 33359, 0.066, 4864, 0.01, 92785, 0.183, 160406.0, 0.317, -11967, -0.024, 72862.5, 0.144
'MUSCLE_diversified_replicate.abc.241.afa', 32421.0, 0.063, 30862, 0.06, 5182, 0.01, 95355, 0.186, 167111.0, 0.326, -7098, -0.014, 81243.5, 0.159
'MUSCLE_diversified_replicate.abc.245.afa', 31735.0, 0.061, 33196, 0.064, 5061, 0.01, 92059, 0.177, 163790.0, 0.315, -11098, -0.021, 76296.5, 0.147
'MUSCLE_diversified_replicate.abc.249.afa', 31879.0, 0.061, 31815, 0.061, 4946, 0.009, 94533, 0.18, 164196.0, 0.313, -9351, -0.018, 77902.5, 0.149
'MUSCLE_diversified_replicate.abc.25.afa', 31820.0, 0.05, 31323, 0.049, 5024, 0.008, 95635, 0.15, 163920.0, 0.257, -9544, -0.015, 76414.5, 0.12
'MUSCLE_diversified_replicate.abc.253.afa', 32928.0, 0.061, 29077, 0.054, 5010, 0.009, 97911, 0.182, 169665.0, 0.315, -4571, -0.008, 86078.5, 0.16
'MUSCLE_diversified_replicate.abc.257.afa', 32559.0, 0.062, 30502, 0.058, 5070, 0.01, 95799, 0.183, 167659.0, 0.32, -6890, -0.013, 82449.5, 0.157
'MUSCLE_diversified_replicate.abc.261.afa', 31162.0, 0.061, 33329, 0.065, 4928, 0.01, 92939, 0.181, 160546.0, 0.312, -12141, -0.024, 72367.5, 0.141
'MUSCLE_diversified_replicate.abc.265.afa', 31435.0, 0.061, 32346, 0.063, 4838, 0.009, 94359, 0.183, 161786.0, 0.313, -9966, -0.019, 75612.5, 0.146
'MUSCLE_diversified_replicate.abc.269.afa', 32414.0, 0.064, 30919, 0.061, 4945, 0.01, 95255, 0.187, 167090.0, 0.328, -7141, -0.014, 82651.5, 0.162
'MUSCLE_diversified_replicate.abc.273.afa', 31627.0, 0.063, 33098, 0.066, 5001, 0.01, 92471, 0.184, 162635.0, 0.324, -12211, -0.024, 74182.5, 0.148
'MUSCLE_diversified_replicate.abc.277.afa', 31664.0, 0.062, 32561, 0.064, 5359, 0.011, 93471, 0.184, 162884.0, 0.321, -10133, -0.02, 73861.5, 0.146
'MUSCLE_diversified_replicate.abc.281.afa', 31819.0, 0.062, 33033, 0.064, 4951, 0.01, 92217, 0.178, 163190.0, 0.316, -11568, -0.022, 75807.5, 0.147
'MUSCLE_diversified_replicate.abc.285.afa', 32310.0, 0.064, 31236, 0.062, 5166, 0.01, 94829, 0.188, 165464.0, 0.329, -7276, -0.014, 79777.5, 0.158
'MUSCLE_diversified_replicate.abc.289.afa', 32170.0, 0.062, 30715, 0.059, 5021, 0.01, 96151, 0.185, 165846.0, 0.319, -8136, -0.016, 79508.5, 0.153
'MUSCLE_diversified_replicate.abc.29.afa', 31263.0, 0.061, 32676, 0.064, 4817, 0.009, 94043, 0.184, 160850.0, 0.315, -9899, -0.019, 75027.5, 0.147
'MUSCLE_diversified_replicate.abc.293.afa', 32416.0, 0.065, 30854, 0.062, 4870, 0.01, 95381, 0.191, 166664.0, 0.333, -8721, -0.017, 81032.5, 0.162
'MUSCLE_diversified_replicate.abc.297.afa', 32067.0, 0.063, 30925, 0.061, 5013, 0.01, 95937, 0.188, 165423.0, 0.325, -8321, -0.016, 79055.5, 0.155
'MUSCLE_diversified_replicate.abc.301.afa', 31548.0, 0.053, 33613, 0.057, 4952, 0.008, 91599, 0.155, 161224.0, 0.272, -11465, -0.019, 74247.5, 0.125
'MUSCLE_diversified_replicate.abc.305.afa', 32284.0, 0.063, 30785, 0.06, 5163, 0.01, 95783, 0.187, 166393.0, 0.324, -6508, -0.013, 81015.5, 0.158
'MUSCLE_diversified_replicate.abc.309.afa', 31841.0, 0.063, 32628, 0.064, 4974, 0.01, 92983, 0.184, 163745.0, 0.324, -10290, -0.02, 77119.5, 0.152
'MUSCLE_diversified_replicate.abc.313.afa', 31212.0, 0.058, 33097, 0.061, 5018, 0.009, 93303, 0.173, 160945.0, 0.298, -12374, -0.023, 71811.5, 0.133
'MUSCLE_diversified_replicate.abc.317.afa', 31080.0, 0.058, 32920, 0.061, 5061, 0.009, 93921, 0.174, 160174.0, 0.297, -12322, -0.023, 70525.5, 0.131
'MUSCLE_diversified_replicate.abc.321.afa', 32545.0, 0.065, 30511, 0.061, 5009, 0.01, 95809, 0.191, 167324.0, 0.333, -6714, -0.013, 82651.5, 0.165
'MUSCLE_diversified_replicate.abc.325.afa', 31912.0, 0.064, 32131, 0.064, 4946, 0.01, 93835, 0.187, 164293.0, 0.327, -9555, -0.019, 78144.5, 0.156
'MUSCLE_diversified_replicate.abc.329.afa', 31591.0, 0.059, 32853, 0.062, 5037, 0.009, 93033, 0.175, 162420.0, 0.305, -11475, -0.022, 74206.5, 0.139
'MUSCLE_diversified_replicate.abc.33.afa', 31577.0, 0.06, 32637, 0.062, 4970, 0.009, 93493, 0.177, 162774.0, 0.308, -10734, -0.02, 75473.5, 0.143
'MUSCLE_diversified_replicate.abc.333.afa', 33504.0, 0.066, 28516, 0.056, 4871, 0.01, 97881, 0.192, 172138.0, 0.338, -3967, -0.008, 90004.5, 0.177
'MUSCLE_diversified_replicate.abc.337.afa', 33302.0, 0.063, 28647, 0.054, 5061, 0.01, 98023, 0.186, 171092.0, 0.324, -3497, -0.007, 88217.5, 0.167
'MUSCLE_diversified_replicate.abc.341.afa', 31237.0, 0.062, 33665, 0.067, 4831, 0.01, 92117, 0.183, 160789.0, 0.319, -11758, -0.023, 73986.5, 0.147
'MUSCLE_diversified_replicate.abc.345.afa', 33256.0, 0.063, 28420, 0.054, 4917, 0.009, 98569, 0.187, 170510.0, 0.323, -4341, -0.008, 87382.5, 0.166
'MUSCLE_diversified_replicate.abc.349.afa', 32580.0, 0.062, 30451, 0.058, 5076, 0.01, 95859, 0.181, 167748.0, 0.317, -6313, -0.012, 83049.5, 0.157
'MUSCLE_diversified_replicate.abc.353.afa', 32032.0, 0.064, 32709, 0.065, 5086, 0.01, 92439, 0.184, 164938.0, 0.328, -10375, -0.021, 77827.5, 0.155
'MUSCLE_diversified_replicate.abc.357.afa', 32458.0, 0.063, 29666, 0.058, 5166, 0.01, 97673, 0.19, 167943.0, 0.326, -5589, -0.011, 82521.5, 0.16
'MUSCLE_diversified_replicate.abc.361.afa', 31468.0, 0.062, 32450, 0.064, 4898, 0.01, 94085, 0.186, 162170.0, 0.32, -10028, -0.02, 75711.5, 0.149
'MUSCLE_diversified_replicate.abc.365.afa', 32289.0, 0.064, 31132, 0.061, 5311, 0.01, 95079, 0.187, 165362.0, 0.325, -8197, -0.016, 77759.5, 0.153
'MUSCLE_diversified_replicate.abc.369.afa', 32152.0, 0.064, 30960, 0.061, 5140, 0.01, 95697, 0.189, 165579.0, 0.327, -8189, -0.016, 78701.5, 0.156
'MUSCLE_diversified_replicate.abc.37.afa', 32304.0, 0.062, 30972, 0.059, 4997, 0.01, 95369, 0.183, 165977.0, 0.319, -8464, -0.016, 79846.5, 0.153
'MUSCLE_diversified_replicate.abc.373.afa', 32394.0, 0.062, 30961, 0.059, 4982, 0.01, 95211, 0.182, 167115.0, 0.32, -6861, -0.013, 82756.5, 0.159
'MUSCLE_diversified_replicate.abc.377.afa', 31940.0, 0.061, 31217, 0.06, 4931, 0.009, 95607, 0.182, 163973.0, 0.313, -8928, -0.017, 77655.5, 0.148
'MUSCLE_diversified_replicate.abc.381.afa', 31596.0, 0.062, 33506, 0.066, 4912, 0.01, 91717, 0.181, 162819.0, 0.322, -11058, -0.022, 76430.5, 0.151
'MUSCLE_diversified_replicate.abc.385.afa', 32641.0, 0.065, 30342, 0.061, 5069, 0.01, 95955, 0.192, 168505.0, 0.337, -6215, -0.012, 83898.5, 0.168
'MUSCLE_diversified_replicate.abc.389.afa', 31511.0, 0.06, 33111, 0.063, 4891, 0.009, 92677, 0.178, 162223.0, 0.311, -11963, -0.023, 74575.5, 0.143
'MUSCLE_diversified_replicate.abc.393.afa', 32328.0, 0.065, 29982, 0.06, 5016, 0.01, 97301, 0.194, 166519.0, 0.332, -6865, -0.014, 80907.5, 0.161
'MUSCLE_diversified_replicate.abc.397.afa', 32396.0, 0.064, 30031, 0.059, 4949, 0.01, 97067, 0.192, 166770.0, 0.33, -6897, -0.014, 81645.5, 0.161
'MUSCLE_diversified_replicate.abc.41.afa', 31663.0, 0.061, 32937, 0.064, 4977, 0.01, 92721, 0.18, 162787.0, 0.316, -11330, -0.022, 75234.5, 0.146
'MUSCLE_diversified_replicate.abc.45.afa', 33033.0, 0.065, 29010, 0.057, 4937, 0.01, 97835, 0.192, 169640.0, 0.333, -4709, -0.009, 86391.5, 0.17
'MUSCLE_diversified_replicate.abc.49.afa', 32461.0, 0.063, 30186, 0.059, 4945, 0.01, 96627, 0.189, 166597.0, 0.325, -6239, -0.012, 82374.5, 0.161
'MUSCLE_diversified_replicate.abc.5.afa', 32360.0, 0.064, 30618, 0.06, 5080, 0.01, 95965, 0.189, 166567.0, 0.328, -7814, -0.015, 80290.5, 0.158
'MUSCLE_diversified_replicate.abc.53.afa', 31319.0, 0.06, 32501, 0.062, 4896, 0.009, 94281, 0.179, 160612.0, 0.306, -10449, -0.02, 73646.5, 0.14
'MUSCLE_diversified_replicate.abc.57.afa', 32128.0, 0.062, 32275, 0.062, 4826, 0.009, 93115, 0.179, 165153.0, 0.317, -9691, -0.019, 79948.5, 0.154
'MUSCLE_diversified_replicate.abc.61.afa', 33260.0, 0.065, 28394, 0.055, 4837, 0.009, 98613, 0.192, 170817.0, 0.333, -4258, -0.008, 88230.5, 0.172
'MUSCLE_diversified_replicate.abc.65.afa', 32428.0, 0.062, 30602, 0.059, 5144, 0.01, 95861, 0.183, 166747.0, 0.319, -7001, -0.013, 80951.5, 0.155
'MUSCLE_diversified_replicate.abc.69.afa', 30769.0, 0.058, 32811, 0.062, 5131, 0.01, 94761, 0.178, 158703.0, 0.298, -11139, -0.021, 69397.5, 0.13
'MUSCLE_diversified_replicate.abc.73.afa', 31717.0, 0.06, 33189, 0.063, 4898, 0.009, 92109, 0.175, 163517.0, 0.311, -11239, -0.021, 76835.5, 0.146
'MUSCLE_diversified_replicate.abc.77.afa', 31982.0, 0.061, 31204, 0.06, 4788, 0.009, 95549, 0.182, 164478.0, 0.314, -8624, -0.016, 79351.5, 0.151
'MUSCLE_diversified_replicate.abc.81.afa', 32605.0, 0.064, 30363, 0.059, 5172, 0.01, 95985, 0.188, 167823.0, 0.329, -6397, -0.013, 82401.5, 0.161
'MUSCLE_diversified_replicate.abc.85.afa', 32381.0, 0.061, 30869, 0.058, 4953, 0.009, 95421, 0.18, 166752.0, 0.315, -7295, -0.014, 82028.5, 0.155
'MUSCLE_diversified_replicate.abc.89.afa', 32428.0, 0.062, 31051, 0.059, 5023, 0.01, 94963, 0.181, 165739.0, 0.316, -7791, -0.015, 80328.5, 0.153
'MUSCLE_diversified_replicate.abc.9.afa', 31929.0, 0.06, 32998, 0.062, 4846, 0.009, 92067, 0.173, 164376.0, 0.308, -10689, -0.02, 78577.5, 0.147
'MUSCLE_diversified_replicate.abc.93.afa', 31806.0, 0.063, 32747, 0.065, 5151, 0.01, 92815, 0.185, 163980.0, 0.326, -10389, -0.021, 76277.5, 0.152
'MUSCLE_diversified_replicate.abc.97.afa', 33262.0, 0.064, 29179, 0.056, 4953, 0.009, 97039, 0.186, 171378.0, 0.328, -4471, -0.009, 88669.5, 0.17
'MUSCLE_diversified_replicate.acb.10.afa', 32094.0, 0.062, 33048, 0.063, 5003, 0.01, 91637, 0.176, 165529.0, 0.317, -10928, -0.021, 78764.5, 0.151
'MUSCLE_diversified_replicate.acb.102.afa', 31899.0, 0.062, 32622, 0.063, 5151, 0.01, 92879, 0.18, 162202.0, 0.314, -12657, -0.024, 72199.5, 0.14
'MUSCLE_diversified_replicate.acb.106.afa', 32614.0, 0.064, 30591, 0.06, 4932, 0.01, 95511, 0.187, 167609.0, 0.328, -6603, -0.013, 83658.5, 0.164
'MUSCLE_diversified_replicate.acb.110.afa', 32368.0, 0.061, 30648, 0.058, 4819, 0.009, 95889, 0.181, 166431.0, 0.314, -7870, -0.015, 81702.5, 0.154
'MUSCLE_diversified_replicate.acb.114.afa', 32061.0, 0.06, 30736, 0.057, 5046, 0.009, 96327, 0.18, 165654.0, 0.309, -7145, -0.013, 80069.5, 0.149
'MUSCLE_diversified_replicate.acb.118.afa', 31172.0, 0.058, 33474, 0.062, 5218, 0.01, 92629, 0.172, 158357.0, 0.294, -11759, -0.022, 68975.5, 0.128
'MUSCLE_diversified_replicate.acb.122.afa', 31404.0, 0.062, 32744, 0.064, 5259, 0.01, 93625, 0.184, 160700.0, 0.316, -9801, -0.019, 72532.5, 0.143
'MUSCLE_diversified_replicate.acb.126.afa', 31756.0, 0.062, 33038, 0.065, 5074, 0.01, 92333, 0.182, 163745.0, 0.322, -10867, -0.021, 76267.5, 0.15
'MUSCLE_diversified_replicate.acb.130.afa', 32306.0, 0.062, 31123, 0.06, 5068, 0.01, 95063, 0.183, 166640.0, 0.32, -7283, -0.014, 81417.5, 0.156
'MUSCLE_diversified_replicate.acb.134.afa', 31751.0, 0.059, 33346, 0.062, 5195, 0.01, 91727, 0.171, 161784.0, 0.301, -11656, -0.022, 73094.5, 0.136
'MUSCLE_diversified_replicate.acb.138.afa', 32640.0, 0.063, 30575, 0.059, 4966, 0.01, 95491, 0.183, 168140.0, 0.323, -7391, -0.014, 83207.5, 0.16
'MUSCLE_diversified_replicate.acb.14.afa', 32570.0, 0.063, 29563, 0.057, 5106, 0.01, 97655, 0.188, 166764.0, 0.321, -6733, -0.013, 80567.5, 0.155
'MUSCLE_diversified_replicate.acb.142.afa', 32868.0, 0.064, 28881, 0.056, 4878, 0.01, 98423, 0.192, 169224.0, 0.33, -4660, -0.009, 86084.5, 0.168
'MUSCLE_diversified_replicate.acb.146.afa', 32388.0, 0.063, 30594, 0.06, 4892, 0.01, 95957, 0.188, 166139.0, 0.325, -7746, -0.015, 81062.5, 0.159
'MUSCLE_diversified_replicate.acb.150.afa', 33220.0, 0.066, 28394, 0.056, 4917, 0.01, 98693, 0.195, 170934.0, 0.338, -3735, -0.007, 88350.5, 0.175
'MUSCLE_diversified_replicate.acb.154.afa', 31505.0, 0.059, 30937, 0.058, 5249, 0.01, 97037, 0.182, 162075.0, 0.304, -8121, -0.015, 73941.5, 0.139
'MUSCLE_diversified_replicate.acb.158.afa', 32110.0, 0.06, 30307, 0.057, 5131, 0.01, 97087, 0.182, 164698.0, 0.308, -7142, -0.013, 78226.5, 0.146
'MUSCLE_diversified_replicate.acb.162.afa', 33495.0, 0.064, 28904, 0.055, 4960, 0.009, 97123, 0.186, 171026.0, 0.327, -4164, -0.008, 88540.5, 0.169
'MUSCLE_diversified_replicate.acb.166.afa', 32573.0, 0.064, 30353, 0.059, 5247, 0.01, 96069, 0.188, 167836.0, 0.329, -6720, -0.013, 81599.5, 0.16
'MUSCLE_diversified_replicate.acb.170.afa', 32166.0, 0.063, 30715, 0.06, 4982, 0.01, 96159, 0.187, 165570.0, 0.322, -7833, -0.015, 79765.5, 0.155
'MUSCLE_diversified_replicate.acb.174.afa', 33257.0, 0.065, 28909, 0.057, 4928, 0.01, 97589, 0.192, 170752.0, 0.336, -4387, -0.009, 88002.5, 0.173
'MUSCLE_diversified_replicate.acb.178.afa', 32773.0, 0.064, 29978, 0.059, 5207, 0.01, 96419, 0.189, 168410.0, 0.33, -5213, -0.01, 83745.5, 0.164
'MUSCLE_diversified_replicate.acb.18.afa', 32438.0, 0.065, 30191, 0.06, 4852, 0.01, 96663, 0.192, 166556.0, 0.332, -6515, -0.013, 82597.5, 0.164
'MUSCLE_diversified_replicate.acb.182.afa', 31797.0, 0.06, 33202, 0.063, 5049, 0.01, 91923, 0.173, 161929.0, 0.305, -12557, -0.024, 73116.5, 0.138
'MUSCLE_diversified_replicate.acb.186.afa', 32014.0, 0.061, 31413, 0.06, 4953, 0.009, 95067, 0.181, 164467.0, 0.314, -9358, -0.018, 77857.5, 0.148
'MUSCLE_diversified_replicate.acb.190.afa', 32641.0, 0.066, 30021, 0.061, 5061, 0.01, 96597, 0.195, 168081.0, 0.34, -5735, -0.012, 83681.5, 0.169
'MUSCLE_diversified_replicate.acb.194.afa', 33464.0, 0.068, 28811, 0.059, 5011, 0.01, 97371, 0.198, 171675.0, 0.349, -4500, -0.009, 88423.5, 0.18
'MUSCLE_diversified_replicate.acb.198.afa', 33328.0, 0.066, 28831, 0.057, 4864, 0.01, 97603, 0.193, 171208.0, 0.338, -4497, -0.009, 88725.5, 0.175
'MUSCLE_diversified_replicate.acb.2.afa', 33168.0, 0.062, 29155, 0.055, 5056, 0.01, 97275, 0.183, 170844.0, 0.321, -4799, -0.009, 87071.5, 0.164
'MUSCLE_diversified_replicate.acb.202.afa', 32041.0, 0.065, 30785, 0.063, 5029, 0.01, 96269, 0.195, 164774.0, 0.335, -8465, -0.017, 78000.5, 0.158
'MUSCLE_diversified_replicate.acb.206.afa', 32112.0, 0.061, 33401, 0.064, 4996, 0.01, 90895, 0.174, 163126.0, 0.312, -11829, -0.023, 75873.5, 0.145
'MUSCLE_diversified_replicate.acb.210.afa', 32109.0, 0.061, 33206, 0.063, 4972, 0.009, 91291, 0.173, 163503.0, 0.31, -12427, -0.024, 75598.5, 0.143
'MUSCLE_diversified_replicate.acb.214.afa', 33204.0, 0.063, 29009, 0.055, 4904, 0.009, 97495, 0.184, 170748.0, 0.322, -4023, -0.008, 88553.5, 0.167
'MUSCLE_diversified_replicate.acb.218.afa', 33383.0, 0.066, 28824, 0.057, 4970, 0.01, 97507, 0.191, 171591.0, 0.337, -4232, -0.008, 88785.5, 0.174
'MUSCLE_diversified_replicate.acb.22.afa', 32083.0, 0.06, 30725, 0.058, 5178, 0.01, 96305, 0.181, 166159.0, 0.312, -5935, -0.011, 81003.5, 0.152
'MUSCLE_diversified_replicate.acb.222.afa', 31906.0, 0.061, 31297, 0.06, 5094, 0.01, 95515, 0.183, 164586.0, 0.316, -8119, -0.016, 78145.5, 0.15
'MUSCLE_diversified_replicate.acb.226.afa', 33198.0, 0.064, 29132, 0.056, 5112, 0.01, 97261, 0.187, 170560.0, 0.328, -4188, -0.008, 87069.5, 0.168
'MUSCLE_diversified_replicate.acb.230.afa', 31965.0, 0.061, 33424, 0.063, 4893, 0.009, 91143, 0.173, 162331.0, 0.308, -11647, -0.022, 75754.5, 0.144
'MUSCLE_diversified_replicate.acb.234.afa', 32069.0, 0.062, 30696, 0.06, 5030, 0.01, 96391, 0.188, 165395.0, 0.322, -7611, -0.015, 79408.5, 0.155
'MUSCLE_diversified_replicate.acb.238.afa', 31515.0, 0.061, 31070, 0.06, 5318, 0.01, 96751, 0.186, 161892.0, 0.311, -9869, -0.019, 71739.5, 0.138
'MUSCLE_diversified_replicate.acb.242.afa', 31985.0, 0.064, 33274, 0.066, 5053, 0.01, 91403, 0.182, 163495.0, 0.325, -11934, -0.024, 75541.5, 0.15
'MUSCLE_diversified_replicate.acb.246.afa', 31840.0, 0.06, 33220, 0.063, 4904, 0.009, 91801, 0.173, 162914.0, 0.307, -11015, -0.021, 76574.5, 0.144
'MUSCLE_diversified_replicate.acb.250.afa', 31747.0, 0.063, 33415, 0.067, 4936, 0.01, 91597, 0.182, 163762.0, 0.326, -11340, -0.023, 77007.5, 0.153
'MUSCLE_diversified_replicate.acb.254.afa', 32046.0, 0.06, 30450, 0.057, 5006, 0.009, 96929, 0.18, 164912.0, 0.307, -7385, -0.014, 79026.5, 0.147
'MUSCLE_diversified_replicate.acb.258.afa', 31559.0, 0.06, 30820, 0.059, 5244, 0.01, 97163, 0.184, 162206.0, 0.308, -8653, -0.016, 73507.5, 0.14
'MUSCLE_diversified_replicate.acb.26.afa', 32601.0, 0.062, 30482, 0.058, 5030, 0.01, 95755, 0.182, 167723.0, 0.318, -7430, -0.014, 82235.5, 0.156
'MUSCLE_diversified_replicate.acb.262.afa', 33310.0, 0.063, 28652, 0.054, 4947, 0.009, 97997, 0.185, 171166.0, 0.323, -3845, -0.007, 88640.5, 0.167
'MUSCLE_diversified_replicate.acb.266.afa', 32533.0, 0.064, 30159, 0.059, 5258, 0.01, 96537, 0.19, 167787.0, 0.33, -5855, -0.012, 82115.5, 0.162
'MUSCLE_diversified_replicate.acb.270.afa', 32249.0, 0.053, 31229, 0.052, 4931, 0.008, 94965, 0.157, 165881.0, 0.274, -8955, -0.015, 79857.5, 0.132
'MUSCLE_diversified_replicate.acb.274.afa', 32351.0, 0.065, 30919, 0.062, 5233, 0.01, 95381, 0.191, 167169.0, 0.335, -6804, -0.014, 81276.5, 0.163
'MUSCLE_diversified_replicate.acb.278.afa', 31836.0, 0.06, 33549, 0.063, 4905, 0.009, 91151, 0.171, 162113.0, 0.304, -12501, -0.023, 74606.5, 0.14
'MUSCLE_diversified_replicate.acb.282.afa', 31948.0, 0.06, 33609, 0.063, 4824, 0.009, 90807, 0.171, 161783.0, 0.305, -12824, -0.024, 74611.5, 0.141
'MUSCLE_diversified_replicate.acb.286.afa', 33434.0, 0.067, 28753, 0.058, 4820, 0.01, 97547, 0.195, 171605.0, 0.343, -4057, -0.008, 89854.5, 0.18
'MUSCLE_diversified_replicate.acb.290.afa', 33536.0, 0.068, 28624, 0.058, 4824, 0.01, 97601, 0.198, 172240.0, 0.349, -3754, -0.008, 90741.5, 0.184
'MUSCLE_diversified_replicate.acb.294.afa', 31470.0, 0.062, 31174, 0.061, 5342, 0.01, 96633, 0.19, 160715.0, 0.315, -9154, -0.018, 71192.5, 0.14
'MUSCLE_diversified_replicate.acb.298.afa', 32031.0, 0.061, 31253, 0.059, 4952, 0.009, 95353, 0.181, 164788.0, 0.313, -8358, -0.016, 79041.5, 0.15
'MUSCLE_diversified_replicate.acb.30.afa', 31621.0, 0.061, 33615, 0.065, 5131, 0.01, 91449, 0.176, 161172.0, 0.311, -12481, -0.024, 72180.5, 0.139
'MUSCLE_diversified_replicate.acb.302.afa', 31688.0, 0.061, 33361, 0.064, 4915, 0.009, 91823, 0.176, 161024.0, 0.309, -12367, -0.024, 73255.5, 0.141
'MUSCLE_diversified_replicate.acb.306.afa', 32641.0, 0.063, 29359, 0.057, 5070, 0.01, 97921, 0.189, 168259.0, 0.324, -4393, -0.008, 84485.5, 0.163
'MUSCLE_diversified_replicate.acb.310.afa', 31965.0, 0.06, 33443, 0.063, 4873, 0.009, 91105, 0.171, 162395.0, 0.305, -11876, -0.022, 75728.5, 0.142
'MUSCLE_diversified_replicate.acb.314.afa', 32430.0, 0.061, 29653, 0.056, 5150, 0.01, 97755, 0.184, 166198.0, 0.313, -6902, -0.013, 79518.5, 0.15
'MUSCLE_diversified_replicate.acb.318.afa', 33635.0, 0.068, 28463, 0.058, 4979, 0.01, 97725, 0.198, 172531.0, 0.349, -3079, -0.006, 90715.5, 0.184
'MUSCLE_diversified_replicate.acb.322.afa', 32614.0, 0.06, 29116, 0.054, 5270, 0.01, 98461, 0.182, 166659.0, 0.308, -5902, -0.011, 79906.5, 0.148
'MUSCLE_diversified_replicate.acb.326.afa', 32126.0, 0.051, 29999, 0.048, 5204, 0.008, 97671, 0.156, 164918.0, 0.263, -6280, -0.01, 78578.5, 0.125
'MUSCLE_diversified_replicate.acb.330.afa', 33246.0, 0.063, 29077, 0.055, 5046, 0.01, 97275, 0.186, 170205.0, 0.325, -6092, -0.012, 85199.5, 0.163
'MUSCLE_diversified_replicate.acb.334.afa', 32526.0, 0.061, 30689, 0.058, 5081, 0.01, 95491, 0.18, 167272.0, 0.315, -7046, -0.013, 81994.5, 0.154
'MUSCLE_diversified_replicate.acb.338.afa', 31794.0, 0.06, 30791, 0.058, 5175, 0.01, 96751, 0.182, 163501.0, 0.308, -8639, -0.016, 75436.5, 0.142
'MUSCLE_diversified_replicate.acb.34.afa', 33358.0, 0.067, 28939, 0.058, 4868, 0.01, 97327, 0.196, 171339.0, 0.345, -4079, -0.008, 89388.5, 0.18
'MUSCLE_diversified_replicate.acb.342.afa', 33349.0, 0.066, 28968, 0.058, 4924, 0.01, 97287, 0.194, 171625.0, 0.342, -4316, -0.009, 89121.5, 0.177
'MUSCLE_diversified_replicate.acb.346.afa', 32203.0, 0.06, 30394, 0.057, 5051, 0.009, 96727, 0.18, 166203.0, 0.31, -7586, -0.014, 79947.5, 0.149
'MUSCLE_diversified_replicate.acb.350.afa', 31497.0, 0.059, 33929, 0.064, 5156, 0.01, 91069, 0.172, 160337.0, 0.302, -12581, -0.024, 71285.5, 0.134
'MUSCLE_diversified_replicate.acb.354.afa', 31403.0, 0.059, 31112, 0.059, 5294, 0.01, 96891, 0.183, 161376.0, 0.304, -9225, -0.017, 71941.5, 0.136
'MUSCLE_diversified_replicate.acb.358.afa', 32207.0, 0.061, 31194, 0.059, 5252, 0.01, 95119, 0.18, 164978.0, 0.312, -7882, -0.015, 78024.5, 0.148
'MUSCLE_diversified_replicate.acb.362.afa', 33241.0, 0.065, 28854, 0.057, 4725, 0.009, 97731, 0.192, 170088.0, 0.334, -5066, -0.01, 87806.5, 0.172
'MUSCLE_diversified_replicate.acb.366.afa', 32784.0, 0.063, 30088, 0.058, 5036, 0.01, 96177, 0.186, 168971.0, 0.327, -5177, -0.01, 85489.5, 0.165
'MUSCLE_diversified_replicate.acb.370.afa', 32182.0, 0.061, 30132, 0.057, 5332, 0.01, 97293, 0.185, 165621.0, 0.314, -5905, -0.011, 79077.5, 0.15
'MUSCLE_diversified_replicate.acb.374.afa', 31703.0, 0.061, 30106, 0.058, 5468, 0.011, 98303, 0.19, 163208.0, 0.315, -7396, -0.014, 73852.5, 0.143
'MUSCLE_diversified_replicate.acb.378.afa', 33217.0, 0.063, 29054, 0.055, 4972, 0.009, 97379, 0.184, 170688.0, 0.323, -3950, -0.007, 88216.5, 0.167
'MUSCLE_diversified_replicate.acb.38.afa', 32346.0, 0.064, 31021, 0.061, 5118, 0.01, 95187, 0.187, 166068.0, 0.327, -7484, -0.015, 80282.5, 0.158
'MUSCLE_diversified_replicate.acb.382.afa', 31820.0, 0.06, 30458, 0.057, 5191, 0.01, 97365, 0.183, 164423.0, 0.309, -6456, -0.012, 78138.5, 0.147
'MUSCLE_diversified_replicate.acb.386.afa', 33137.0, 0.065, 28601, 0.057, 4835, 0.01, 98445, 0.195, 170111.0, 0.336, -4426, -0.009, 87452.5, 0.173
'MUSCLE_diversified_replicate.acb.390.afa', 32173.0, 0.062, 33426, 0.064, 4958, 0.009, 90723, 0.173, 162765.0, 0.311, -12996, -0.025, 74659.5, 0.143
'MUSCLE_diversified_replicate.acb.394.afa', 31631.0, 0.06, 32959, 0.063, 5154, 0.01, 92741, 0.176, 161316.0, 0.307, -11348, -0.022, 72673.5, 0.138
'MUSCLE_diversified_replicate.acb.398.afa', 31410.0, 0.06, 31279, 0.06, 5100, 0.01, 96543, 0.185, 161079.0, 0.309, -9732, -0.019, 72475.5, 0.139
'MUSCLE_diversified_replicate.acb.42.afa', 31986.0, 0.061, 31496, 0.06, 5418, 0.01, 94957, 0.18, 161499.0, 0.306, -8669, -0.016, 72843.5, 0.138
'MUSCLE_diversified_replicate.acb.46.afa', 32118.0, 0.063, 33506, 0.065, 5020, 0.01, 90673, 0.177, 163185.0, 0.318, -11872, -0.023, 75856.5, 0.148
'MUSCLE_diversified_replicate.acb.50.afa', 31703.0, 0.061, 33555, 0.065, 5098, 0.01, 91405, 0.177, 161292.0, 0.313, -11493, -0.022, 73508.5, 0.143
'MUSCLE_diversified_replicate.acb.54.afa', 32573.0, 0.062, 29628, 0.057, 5162, 0.01, 97519, 0.186, 166801.0, 0.318, -6447, -0.012, 80622.5, 0.154
'MUSCLE_diversified_replicate.acb.58.afa', 32481.0, 0.062, 29952, 0.057, 5149, 0.01, 97055, 0.186, 166563.0, 0.319, -6752, -0.013, 80389.5, 0.154
'MUSCLE_diversified_replicate.acb.6.afa', 32440.0, 0.062, 30502, 0.059, 5092, 0.01, 96037, 0.184, 166943.0, 0.321, -6737, -0.013, 81635.5, 0.157
'MUSCLE_diversified_replicate.acb.62.afa', 32436.0, 0.065, 30862, 0.062, 4827, 0.01, 95325, 0.191, 166464.0, 0.333, -8727, -0.017, 81112.5, 0.162
'MUSCLE_diversified_replicate.acb.66.afa', 32364.0, 0.062, 30038, 0.057, 4998, 0.01, 97117, 0.185, 166261.0, 0.317, -7407, -0.014, 80307.5, 0.153
'MUSCLE_diversified_replicate.acb.70.afa', 31722.0, 0.062, 30554, 0.059, 5413, 0.01, 97369, 0.189, 163617.0, 0.317, -6523, -0.013, 75931.5, 0.147
'MUSCLE_diversified_replicate.acb.74.afa', 31998.0, 0.061, 33643, 0.064, 4799, 0.009, 90639, 0.172, 162376.0, 0.308, -12104, -0.023, 76158.5, 0.144
'MUSCLE_diversified_replicate.acb.78.afa', 31667.0, 0.06, 33902, 0.065, 5129, 0.01, 90783, 0.173, 160345.0, 0.305, -12622, -0.024, 71557.5, 0.136
'MUSCLE_diversified_replicate.acb.82.afa', 31497.0, 0.06, 30863, 0.059, 4942, 0.009, 97201, 0.185, 161279.0, 0.307, -8413, -0.016, 74613.5, 0.142
'MUSCLE_diversified_replicate.acb.86.afa', 32233.0, 0.062, 31213, 0.06, 4979, 0.01, 95029, 0.182, 166188.0, 0.318, -7689, -0.015, 81110.5, 0.155
'MUSCLE_diversified_replicate.acb.90.afa', 32411.0, 0.063, 30892, 0.06, 5185, 0.01, 95315, 0.186, 166839.0, 0.326, -7147, -0.014, 80924.5, 0.158
'MUSCLE_diversified_replicate.acb.94.afa', 33454.0, 0.068, 28720, 0.058, 4744, 0.01, 97573, 0.198, 171288.0, 0.347, -4670, -0.009, 89367.5, 0.181
'MUSCLE_diversified_replicate.acb.98.afa', 31859.0, 0.061, 32514, 0.062, 5096, 0.01, 93175, 0.178, 161959.0, 0.309, -12014, -0.023, 72781.5, 0.139
'MUSCLE_diversified_replicate.bca.103.afa', 31747.0, 0.061, 33002, 0.063, 4771, 0.009, 92423, 0.177, 163242.0, 0.312, -11549, -0.022, 76855.5, 0.147
'MUSCLE_diversified_replicate.bca.107.afa', 32597.0, 0.062, 30403, 0.058, 5071, 0.01, 95921, 0.182, 167954.0, 0.318, -7222, -0.014, 82345.5, 0.156
'MUSCLE_diversified_replicate.bca.11.afa', 32244.0, 0.062, 30925, 0.059, 4810, 0.009, 95583, 0.183, 166443.0, 0.318, -7973, -0.015, 81818.5, 0.156
'MUSCLE_diversified_replicate.bca.111.afa', 31490.0, 0.059, 32198, 0.06, 4990, 0.009, 94545, 0.176, 162096.0, 0.302, -10628, -0.02, 74255.5, 0.138
'MUSCLE_diversified_replicate.bca.115.afa', 31247.0, 0.052, 33477, 0.056, 5376, 0.009, 92473, 0.154, 160262.0, 0.267, -10647, -0.018, 71122.5, 0.118
'MUSCLE_diversified_replicate.bca.119.afa', 31748.0, 0.061, 32752, 0.062, 5029, 0.01, 92921, 0.177, 163528.0, 0.312, -11016, -0.021, 75877.5, 0.145
'MUSCLE_diversified_replicate.bca.123.afa', 32509.0, 0.064, 30506, 0.06, 5051, 0.01, 95891, 0.189, 167445.0, 0.329, -6388, -0.013, 82805.5, 0.163
'MUSCLE_diversified_replicate.bca.127.afa', 32324.0, 0.065, 31219, 0.063, 5137, 0.01, 94835, 0.191, 165278.0, 0.332, -7826, -0.016, 79212.5, 0.159
'MUSCLE_diversified_replicate.bca.131.afa', 31951.0, 0.061, 30700, 0.059, 5317, 0.01, 96619, 0.184, 164702.0, 0.314, -7463, -0.014, 77027.5, 0.147
'MUSCLE_diversified_replicate.bca.135.afa', 31677.0, 0.061, 31872, 0.062, 4991, 0.01, 94823, 0.183, 163280.0, 0.316, -8618, -0.017, 77304.5, 0.15
'MUSCLE_diversified_replicate.bca.139.afa', 32397.0, 0.062, 30996, 0.059, 4927, 0.009, 95135, 0.181, 166670.0, 0.318, -7146, -0.014, 82394.5, 0.157
'MUSCLE_diversified_replicate.bca.143.afa', 31654.0, 0.062, 33251, 0.065, 5033, 0.01, 92111, 0.18, 163596.0, 0.319, -11315, -0.022, 76027.5, 0.148
'MUSCLE_diversified_replicate.bca.147.afa', 32080.0, 0.061, 30499, 0.058, 5209, 0.01, 96763, 0.184, 165021.0, 0.313, -7569, -0.014, 77816.5, 0.148
'MUSCLE_diversified_replicate.bca.15.afa', 32655.0, 0.051, 29691, 0.046, 4907, 0.008, 97229, 0.152, 168304.0, 0.263, -6408, -0.01, 83839.5, 0.131
'MUSCLE_diversified_replicate.bca.151.afa', 31368.0, 0.059, 32283, 0.061, 4982, 0.009, 94619, 0.179, 161986.0, 0.307, -10131, -0.019, 74653.5, 0.141
'MUSCLE_diversified_replicate.bca.155.afa', 33099.0, 0.063, 29049, 0.055, 4986, 0.009, 97625, 0.185, 170151.0, 0.322, -4739, -0.009, 86683.5, 0.164
'MUSCLE_diversified_replicate.bca.159.afa', 31714.0, 0.06, 31064, 0.059, 4853, 0.009, 96365, 0.183, 163781.0, 0.31, -8603, -0.016, 77877.5, 0.148
'MUSCLE_diversified_replicate.bca.163.afa', 31634.0, 0.06, 33237, 0.063, 4955, 0.009, 92179, 0.174, 162215.0, 0.307, -11806, -0.022, 74589.5, 0.141
'MUSCLE_diversified_replicate.bca.167.afa', 31209.0, 0.057, 32273, 0.059, 5501, 0.01, 94957, 0.175, 161332.0, 0.297, -10011, -0.018, 70836.5, 0.13
'MUSCLE_diversified_replicate.bca.171.afa', 33329.0, 0.065, 29058, 0.057, 4897, 0.01, 97147, 0.19, 171045.0, 0.334, -3752, -0.007, 89337.5, 0.174
'MUSCLE_diversified_replicate.bca.175.afa', 32416.0, 0.06, 30382, 0.057, 5026, 0.009, 96325, 0.18, 166723.0, 0.311, -6153, -0.011, 82251.5, 0.153
'MUSCLE_diversified_replicate.bca.179.afa', 32497.0, 0.062, 29519, 0.056, 5127, 0.01, 97889, 0.185, 166855.0, 0.316, -6468, -0.012, 80680.5, 0.153
'MUSCLE_diversified_replicate.bca.183.afa', 32559.0, 0.061, 30408, 0.057, 5034, 0.009, 95987, 0.181, 167772.0, 0.316, -6890, -0.013, 82684.5, 0.156
'MUSCLE_diversified_replicate.bca.187.afa', 32605.0, 0.064, 29845, 0.059, 5382, 0.011, 97021, 0.19, 167822.0, 0.329, -6147, -0.012, 80872.5, 0.159
'MUSCLE_diversified_replicate.bca.19.afa', 32530.0, 0.063, 30545, 0.059, 5648, 0.011, 95771, 0.185, 166775.0, 0.322, -5998, -0.012, 79003.5, 0.152
'MUSCLE_diversified_replicate.bca.191.afa', 32237.0, 0.065, 31087, 0.063, 5044, 0.01, 95273, 0.192, 166359.0, 0.335, -7657, -0.015, 80801.5, 0.163
'MUSCLE_diversified_replicate.bca.195.afa', 31719.0, 0.062, 33366, 0.065, 5021, 0.01, 91751, 0.18, 162384.0, 0.319, -10671, -0.021, 75711.5, 0.149
'MUSCLE_diversified_replicate.bca.199.afa', 32455.0, 0.061, 29618, 0.055, 5162, 0.01, 97775, 0.183, 166463.0, 0.311, -6212, -0.012, 80391.5, 0.15
'MUSCLE_diversified_replicate.bca.203.afa', 33364.0, 0.067, 28952, 0.059, 4897, 0.01, 97289, 0.197, 171410.0, 0.346, -4125, -0.008, 89258.5, 0.18
'MUSCLE_diversified_replicate.bca.207.afa', 32522.0, 0.061, 30455, 0.057, 5233, 0.01, 95967, 0.181, 167418.0, 0.315, -6236, -0.012, 81800.5, 0.154
'MUSCLE_diversified_replicate.bca.211.afa', 31819.0, 0.062, 31918, 0.062, 5178, 0.01, 94447, 0.183, 164053.0, 0.317, -9552, -0.018, 76209.5, 0.147
'MUSCLE_diversified_replicate.bca.215.afa', 32201.0, 0.061, 31114, 0.059, 5079, 0.01, 95291, 0.18, 164851.0, 0.312, -8552, -0.016, 78179.5, 0.148
'MUSCLE_diversified_replicate.bca.219.afa', 33209.0, 0.063, 28622, 0.054, 5012, 0.01, 98259, 0.187, 170433.0, 0.324, -3409, -0.006, 87822.5, 0.167
'MUSCLE_diversified_replicate.bca.223.afa', 32167.0, 0.06, 30738, 0.057, 5023, 0.009, 96111, 0.179, 165608.0, 0.309, -7134, -0.013, 80280.5, 0.15
'MUSCLE_diversified_replicate.bca.227.afa', 32524.0, 0.066, 30710, 0.062, 4941, 0.01, 95453, 0.193, 167518.0, 0.339, -7201, -0.015, 82944.5, 0.168
'MUSCLE_diversified_replicate.bca.23.afa', 32305.0, 0.065, 30027, 0.061, 5410, 0.011, 97257, 0.197, 166565.0, 0.337, -6294, -0.013, 79182.5, 0.16
'MUSCLE_diversified_replicate.bca.231.afa', 30543.0, 0.058, 32521, 0.061, 4816, 0.009, 95793, 0.181, 157474.0, 0.297, -11259, -0.021, 69422.5, 0.131
'MUSCLE_diversified_replicate.bca.235.afa', 31684.0, 0.063, 31192, 0.062, 4866, 0.01, 96169, 0.19, 163111.0, 0.322, -9189, -0.018, 76641.5, 0.151
'MUSCLE_diversified_replicate.bca.239.afa', 32562.0, 0.063, 30670, 0.059, 5009, 0.01, 95457, 0.184, 167566.0, 0.323, -6741, -0.013, 83042.5, 0.16
'MUSCLE_diversified_replicate.bca.243.afa', 33419.0, 0.068, 28762, 0.058, 5105, 0.01, 97559, 0.198, 171471.0, 0.347, -3772, -0.008, 88289.5, 0.179
'MUSCLE_diversified_replicate.bca.247.afa', 32000.0, 0.061, 32713, 0.063, 4850, 0.009, 92495, 0.177, 164652.0, 0.316, -10344, -0.02, 78960.5, 0.151
'MUSCLE_diversified_replicate.bca.251.afa', 31620.0, 0.063, 33053, 0.066, 4860, 0.01, 92575, 0.186, 162444.0, 0.326, -12112, -0.024, 74884.5, 0.15
'MUSCLE_diversified_replicate.bca.255.afa', 32498.0, 0.063, 30606, 0.059, 5069, 0.01, 95713, 0.184, 167111.0, 0.322, -6721, -0.013, 82119.5, 0.158
'MUSCLE_diversified_replicate.bca.259.afa', 32310.0, 0.064, 31120, 0.062, 4998, 0.01, 95061, 0.188, 165446.0, 0.328, -7247, -0.014, 80680.5, 0.16
'MUSCLE_diversified_replicate.bca.263.afa', 32116.0, 0.061, 31121, 0.059, 5414, 0.01, 95447, 0.18, 165453.0, 0.313, -6881, -0.013, 78364.5, 0.148
'MUSCLE_diversified_replicate.bca.267.afa', 31756.0, 0.06, 31592, 0.06, 5063, 0.01, 95225, 0.181, 163870.0, 0.312, -9190, -0.017, 76689.5, 0.146
'MUSCLE_diversified_replicate.bca.27.afa', 31613.0, 0.061, 32770, 0.064, 5021, 0.01, 93155, 0.181, 162754.0, 0.316, -11212, -0.022, 74838.5, 0.145
'MUSCLE_diversified_replicate.bca.271.afa', 33637.0, 0.068, 28619, 0.058, 4934, 0.01, 97409, 0.197, 172322.0, 0.349, -3587, -0.007, 90426.5, 0.183
'MUSCLE_diversified_replicate.bca.275.afa', 32622.0, 0.051, 29891, 0.047, 4911, 0.008, 96895, 0.152, 168196.0, 0.265, -5984, -0.009, 84298.5, 0.133
'MUSCLE_diversified_replicate.bca.279.afa', 32154.0, 0.062, 30988, 0.06, 4978, 0.01, 95637, 0.184, 165445.0, 0.318, -8145, -0.016, 79613.5, 0.153
'MUSCLE_diversified_replicate.bca.283.afa', 31701.0, 0.059, 32745, 0.061, 4880, 0.009, 93029, 0.174, 163025.0, 0.305, -11303, -0.021, 75927.5, 0.142
'MUSCLE_diversified_replicate.bca.287.afa', 32299.0, 0.062, 30968, 0.059, 4962, 0.01, 95387, 0.183, 166032.0, 0.319, -7616, -0.015, 80950.5, 0.155
'MUSCLE_diversified_replicate.bca.291.afa', 32457.0, 0.062, 31025, 0.06, 5009, 0.01, 94957, 0.182, 167373.0, 0.321, -7333, -0.014, 82507.5, 0.158
'MUSCLE_diversified_replicate.bca.295.afa', 32366.0, 0.064, 30951, 0.061, 5013, 0.01, 95287, 0.187, 166736.0, 0.328, -7841, -0.015, 81173.5, 0.16
'MUSCLE_diversified_replicate.bca.299.afa', 31143.0, 0.059, 32338, 0.061, 4954, 0.009, 94959, 0.18, 160225.0, 0.303, -11283, -0.021, 71738.5, 0.136
'MUSCLE_diversified_replicate.bca.3.afa', 32299.0, 0.06, 29619, 0.055, 5189, 0.01, 98085, 0.183, 165499.0, 0.309, -5941, -0.011, 79381.5, 0.148
'MUSCLE_diversified_replicate.bca.303.afa', 31401.0, 0.059, 33100, 0.062, 5001, 0.009, 92919, 0.175, 162010.0, 0.305, -10966, -0.021, 74578.5, 0.141
'MUSCLE_diversified_replicate.bca.307.afa', 32223.0, 0.063, 30929, 0.061, 5412, 0.011, 95617, 0.188, 166488.0, 0.327, -7120, -0.014, 79087.5, 0.156
'MUSCLE_diversified_replicate.bca.31.afa', 33157.0, 0.065, 29177, 0.058, 4899, 0.01, 97253, 0.192, 170561.0, 0.336, -4828, -0.01, 87712.5, 0.173
'MUSCLE_diversified_replicate.bca.311.afa', 32546.0, 0.062, 30520, 0.058, 5134, 0.01, 95789, 0.183, 167788.0, 0.32, -7298, -0.014, 81791.5, 0.156
'MUSCLE_diversified_replicate.bca.315.afa', 32053.0, 0.065, 32062, 0.065, 4841, 0.01, 93691, 0.19, 164831.0, 0.335, -9698, -0.02, 79241.5, 0.161
'MUSCLE_diversified_replicate.bca.319.afa', 32221.0, 0.062, 30541, 0.059, 5032, 0.01, 96397, 0.186, 166157.0, 0.32, -6638, -0.013, 81128.5, 0.156
'MUSCLE_diversified_replicate.bca.323.afa', 31487.0, 0.062, 32477, 0.064, 5057, 0.01, 93993, 0.185, 162541.0, 0.32, -11003, -0.022, 74199.5, 0.146
'MUSCLE_diversified_replicate.bca.327.afa', 32806.0, 0.065, 30108, 0.06, 5060, 0.01, 96093, 0.191, 168664.0, 0.335, -4959, -0.01, 85298.5, 0.169
'MUSCLE_diversified_replicate.bca.331.afa', 31693.0, 0.061, 32547, 0.062, 5230, 0.01, 93441, 0.179, 163743.0, 0.314, -8972, -0.017, 76670.5, 0.147
'MUSCLE_diversified_replicate.bca.335.afa', 33233.0, 0.064, 29017, 0.056, 4886, 0.009, 97421, 0.187, 170894.0, 0.328, -4110, -0.008, 88757.5, 0.17
'MUSCLE_diversified_replicate.bca.339.afa', 31399.0, 0.061, 32101, 0.062, 5129, 0.01, 94921, 0.184, 162216.0, 0.315, -9395, -0.018, 74586.5, 0.145
'MUSCLE_diversified_replicate.bca.343.afa', 31962.0, 0.063, 31313, 0.062, 4823, 0.01, 95371, 0.189, 164545.0, 0.327, -8244, -0.016, 79677.5, 0.158
'MUSCLE_diversified_replicate.bca.347.afa', 32559.0, 0.065, 30043, 0.06, 5006, 0.01, 96717, 0.194, 167020.0, 0.336, -5354, -0.011, 83271.5, 0.167
'MUSCLE_diversified_replicate.bca.35.afa', 33397.0, 0.063, 28701, 0.054, 4750, 0.009, 97725, 0.185, 170444.0, 0.322, -4972, -0.009, 88109.5, 0.166
'MUSCLE_diversified_replicate.bca.351.afa', 31423.0, 0.059, 33372, 0.063, 5187, 0.01, 92331, 0.174, 162039.0, 0.306, -10609, -0.02, 74142.5, 0.14
'MUSCLE_diversified_replicate.bca.355.afa', 32170.0, 0.062, 30575, 0.058, 5128, 0.01, 96431, 0.184, 164699.0, 0.315, -8240, -0.016, 77475.5, 0.148
'MUSCLE_diversified_replicate.bca.359.afa', 31649.0, 0.059, 32708, 0.061, 4997, 0.009, 93207, 0.175, 162970.0, 0.305, -10726, -0.02, 75658.5, 0.142
'MUSCLE_diversified_replicate.bca.363.afa', 33134.0, 0.063, 28609, 0.054, 4684, 0.009, 98435, 0.187, 169731.0, 0.322, -4836, -0.009, 87573.5, 0.166
'MUSCLE_diversified_replicate.bca.367.afa', 31489.0, 0.061, 33347, 0.064, 5256, 0.01, 92249, 0.178, 162379.0, 0.313, -11652, -0.022, 73066.5, 0.141
'MUSCLE_diversified_replicate.bca.371.afa', 33017.0, 0.062, 29246, 0.055, 4906, 0.009, 97395, 0.184, 170115.0, 0.321, -4764, -0.009, 87217.5, 0.164
'MUSCLE_diversified_replicate.bca.375.afa', 32388.0, 0.064, 31010, 0.061, 4928, 0.01, 95125, 0.187, 166651.0, 0.327, -8120, -0.016, 81400.5, 0.16
'MUSCLE_diversified_replicate.bca.379.afa', 32884.0, 0.063, 29622, 0.057, 5354, 0.01, 96909, 0.186, 169101.0, 0.324, -4687, -0.009, 83835.5, 0.161
'MUSCLE_diversified_replicate.bca.383.afa', 32603.0, 0.064, 29881, 0.058, 5101, 0.01, 96953, 0.189, 167636.0, 0.327, -5880, -0.011, 82673.5, 0.161
'MUSCLE_diversified_replicate.bca.387.afa', 32519.0, 0.062, 30860, 0.059, 5296, 0.01, 95163, 0.182, 166726.0, 0.319, -6264, -0.012, 81104.5, 0.155
'MUSCLE_diversified_replicate.bca.39.afa', 32700.0, 0.064, 29733, 0.058, 5166, 0.01, 97055, 0.189, 168931.0, 0.328, -5628, -0.011, 83779.5, 0.163
'MUSCLE_diversified_replicate.bca.391.afa', 31736.0, 0.063, 32215, 0.064, 5009, 0.01, 94019, 0.187, 163446.0, 0.325, -11141, -0.022, 75241.5, 0.15
'MUSCLE_diversified_replicate.bca.395.afa', 33394.0, 0.067, 28776, 0.058, 4951, 0.01, 97581, 0.197, 170239.0, 0.344, -3679, -0.007, 88063.5, 0.178
'MUSCLE_diversified_replicate.bca.399.afa', 31496.0, 0.061, 33211, 0.064, 4790, 0.009, 92507, 0.179, 162161.0, 0.314, -11201, -0.022, 75966.5, 0.147
'MUSCLE_diversified_replicate.bca.43.afa', 31950.0, 0.061, 32579, 0.062, 4961, 0.01, 92863, 0.178, 164495.0, 0.315, -9888, -0.019, 78409.5, 0.15
'MUSCLE_diversified_replicate.bca.47.afa', 31572.0, 0.059, 32791, 0.061, 4906, 0.009, 93195, 0.174, 162515.0, 0.303, -12095, -0.023, 74386.5, 0.139
'MUSCLE_diversified_replicate.bca.51.afa', 31650.0, 0.063, 33616, 0.067, 4769, 0.009, 91389, 0.182, 162841.0, 0.323, -11883, -0.024, 76649.5, 0.152
'MUSCLE_diversified_replicate.bca.55.afa', 32030.0, 0.06, 30747, 0.057, 5006, 0.009, 96367, 0.18, 164090.0, 0.307, -9582, -0.018, 76288.5, 0.143
'MUSCLE_diversified_replicate.bca.59.afa', 32589.0, 0.064, 29490, 0.058, 5061, 0.01, 97763, 0.193, 167302.0, 0.331, -4948, -0.01, 83106.5, 0.164
'MUSCLE_diversified_replicate.bca.63.afa', 31720.0, 0.06, 30697, 0.058, 5266, 0.01, 97087, 0.182, 163125.0, 0.306, -8184, -0.015, 74801.5, 0.14
'MUSCLE_diversified_replicate.bca.67.afa', 30831.0, 0.06, 33591, 0.065, 5011, 0.01, 93077, 0.181, 158547.0, 0.309, -12254, -0.024, 69688.5, 0.136
'MUSCLE_diversified_replicate.bca.7.afa', 31475.0, 0.062, 33253, 0.065, 4972, 0.01, 92465, 0.182, 162473.0, 0.32, -11657, -0.023, 74751.5, 0.147
'MUSCLE_diversified_replicate.bca.71.afa', 31798.0, 0.062, 32512, 0.063, 4989, 0.01, 93301, 0.181, 163628.0, 0.318, -10682, -0.021, 76361.5, 0.148
'MUSCLE_diversified_replicate.bca.75.afa', 31502.0, 0.063, 33227, 0.066, 5349, 0.011, 92463, 0.185, 161585.0, 0.323, -10140, -0.02, 73119.5, 0.146
'MUSCLE_diversified_replicate.bca.79.afa', 31337.0, 0.059, 32258, 0.061, 4869, 0.009, 94731, 0.179, 161365.0, 0.305, -10273, -0.019, 74512.5, 0.141
'MUSCLE_diversified_replicate.bca.83.afa', 31803.0, 0.063, 32821, 0.065, 4829, 0.01, 92673, 0.184, 163311.0, 0.324, -11695, -0.023, 76305.5, 0.151
'MUSCLE_diversified_replicate.bca.87.afa', 31616.0, 0.062, 32170, 0.063, 4991, 0.01, 94349, 0.185, 162587.0, 0.319, -10731, -0.021, 74735.5, 0.147
'MUSCLE_diversified_replicate.bca.91.afa', 31739.0, 0.061, 32645, 0.063, 5148, 0.01, 93153, 0.18, 163294.0, 0.316, -9855, -0.019, 75974.5, 0.147
'MUSCLE_diversified_replicate.bca.95.afa', 31755.0, 0.06, 33381, 0.063, 4754, 0.009, 91649, 0.172, 163338.0, 0.307, -11807, -0.022, 77182.5, 0.145
'MUSCLE_diversified_replicate.bca.99.afa', 31207.0, 0.061, 33579, 0.066, 4834, 0.009, 92349, 0.18, 160618.0, 0.314, -11651, -0.023, 73788.5, 0.144
'MUSCLE_diversified_replicate.none.0.afa', 33459.0, 0.056, 28707, 0.048, 4657, 0.008, 97589, 0.164, 171394.0, 0.288, -3979, -0.007, 90678.5, 0.152
'MUSCLE_diversified_replicate.none.100.afa', 31781.0, 0.054, 33410, 0.057, 4795, 0.008, 91539, 0.156, 163603.0, 0.278, -11720, -0.02, 77343.5, 0.132
'MUSCLE_diversified_replicate.none.104.afa', 31625.0, 0.052, 33438, 0.055, 4871, 0.008, 91795, 0.152, 163009.0, 0.27, -11525, -0.019, 76360.5, 0.126
'MUSCLE_diversified_replicate.none.108.afa', 31965.0, 0.055, 33598, 0.058, 4524, 0.008, 90795, 0.156, 163632.0, 0.281, -12718, -0.022, 78372.5, 0.134
'MUSCLE_diversified_replicate.none.112.afa', 32065.0, 0.062, 33324, 0.064, 4841, 0.009, 91143, 0.176, 164779.0, 0.318, -11590, -0.022, 78571.5, 0.152
'MUSCLE_diversified_replicate.none.116.afa', 31992.0, 0.05, 33141, 0.052, 4790, 0.008, 91655, 0.144, 164005.0, 0.258, -12228, -0.019, 77209.5, 0.121
'MUSCLE_diversified_replicate.none.12.afa', 33589.0, 0.055, 28452, 0.047, 4772, 0.008, 97839, 0.16, 172061.0, 0.282, -3906, -0.006, 90603.5, 0.149
'MUSCLE_diversified_replicate.none.120.afa', 33541.0, 0.056, 28534, 0.047, 4714, 0.008, 97771, 0.162, 171432.0, 0.284, -4489, -0.007, 89773.5, 0.149
'MUSCLE_diversified_replicate.none.124.afa', 33457.0, 0.058, 28812, 0.05, 4646, 0.008, 97383, 0.17, 171319.0, 0.298, -4529, -0.008, 90222.5, 0.157
'MUSCLE_diversified_replicate.none.128.afa', 33505.0, 0.056, 28664, 0.048, 4737, 0.008, 97583, 0.164, 171406.0, 0.288, -4388, -0.007, 89804.5, 0.151
'MUSCLE_diversified_replicate.none.132.afa', 33247.0, 0.066, 28964, 0.058, 4893, 0.01, 97499, 0.194, 170742.0, 0.34, -5218, -0.01, 87416.5, 0.174
'MUSCLE_diversified_replicate.none.136.afa', 33541.0, 0.055, 28669, 0.047, 4883, 0.008, 97501, 0.16, 171858.0, 0.282, -3850, -0.006, 89959.5, 0.148
'MUSCLE_diversified_replicate.none.140.afa', 31804.0, 0.052, 33274, 0.055, 4773, 0.008, 91765, 0.15, 163500.0, 0.268, -12566, -0.021, 76413.5, 0.125
'MUSCLE_diversified_replicate.none.144.afa', 33475.0, 0.053, 28519, 0.045, 4787, 0.008, 97933, 0.155, 171511.0, 0.271, -4467, -0.007, 89355.5, 0.141
'MUSCLE_diversified_replicate.none.148.afa', 32073.0, 0.054, 33076, 0.056, 4837, 0.008, 91623, 0.154, 164567.0, 0.277, -11995, -0.02, 77738.5, 0.131
'MUSCLE_diversified_replicate.none.152.afa', 33552.0, 0.053, 28547, 0.045, 4759, 0.008, 97723, 0.154, 171497.0, 0.271, -4059, -0.006, 90022.5, 0.142
'MUSCLE_diversified_replicate.none.156.afa', 33692.0, 0.069, 28676, 0.059, 4723, 0.01, 97185, 0.198, 172591.0, 0.352, -3705, -0.008, 91955.5, 0.188
'MUSCLE_diversified_replicate.none.16.afa', 33522.0, 0.056, 28597, 0.047, 4655, 0.008, 97683, 0.162, 171622.0, 0.285, -4094, -0.007, 90756.5, 0.151
'MUSCLE_diversified_replicate.none.160.afa', 32206.0, 0.055, 33288, 0.057, 4665, 0.008, 90933, 0.156, 165186.0, 0.283, -12118, -0.021, 79611.5, 0.136
'MUSCLE_diversified_replicate.none.164.afa', 33705.0, 0.058, 28462, 0.049, 4945, 0.008, 97587, 0.168, 172669.0, 0.297, -3703, -0.006, 90502.5, 0.156
'MUSCLE_diversified_replicate.none.168.afa', 32034.0, 0.055, 33472, 0.057, 4613, 0.008, 90909, 0.156, 164779.0, 0.283, -11898, -0.02, 79748.5, 0.137
'MUSCLE_diversified_replicate.none.172.afa', 32012.0, 0.055, 33278, 0.058, 4631, 0.008, 91341, 0.158, 164417.0, 0.284, -12565, -0.022, 78395.5, 0.136
'MUSCLE_diversified_replicate.none.176.afa', 31956.0, 0.055, 33411, 0.057, 4678, 0.008, 91187, 0.156, 164469.0, 0.281, -11995, -0.02, 78812.5, 0.135
'MUSCLE_diversified_replicate.none.180.afa', 33587.0, 0.056, 28524, 0.047, 4775, 0.008, 97699, 0.162, 172153.0, 0.286, -3777, -0.006, 90876.5, 0.151
'MUSCLE_diversified_replicate.none.184.afa', 33471.0, 0.067, 28767, 0.058, 4882, 0.01, 97445, 0.196, 171623.0, 0.345, -4069, -0.008, 89539.5, 0.18
'MUSCLE_diversified_replicate.none.188.afa', 33475.0, 0.055, 28599, 0.047, 4712, 0.008, 97773, 0.16, 171600.0, 0.28, -4199, -0.007, 90242.5, 0.147
'MUSCLE_diversified_replicate.none.192.afa', 31925.0, 0.053, 33346, 0.055, 4648, 0.008, 91379, 0.151, 164209.0, 0.272, -12096, -0.02, 78535.5, 0.13
'MUSCLE_diversified_replicate.none.196.afa', 33160.0, 0.058, 28864, 0.05, 4699, 0.008, 97873, 0.171, 169911.0, 0.296, -4749, -0.008, 88031.5, 0.154
'MUSCLE_diversified_replicate.none.20.afa', 33587.0, 0.068, 28648, 0.058, 4785, 0.01, 97451, 0.196, 172066.0, 0.346, -4340, -0.009, 90290.5, 0.182
'MUSCLE_diversified_replicate.none.200.afa', 33505.0, 0.053, 28729, 0.045, 4778, 0.008, 97453, 0.154, 171596.0, 0.271, -4248, -0.007, 89953.5, 0.142
'MUSCLE_diversified_replicate.none.204.afa', 33490.0, 0.056, 28674, 0.048, 4718, 0.008, 97593, 0.164, 171183.0, 0.288, -4336, -0.007, 89742.5, 0.151
'MUSCLE_diversified_replicate.none.208.afa', 31908.0, 0.064, 33492, 0.068, 4686, 0.009, 91121, 0.184, 164410.0, 0.331, -12218, -0.025, 78515.5, 0.158
'MUSCLE_diversified_replicate.none.212.afa', 31753.0, 0.052, 33549, 0.054, 4745, 0.008, 91317, 0.148, 162831.0, 0.264, -12635, -0.021, 76067.5, 0.123
'MUSCLE_diversified_replicate.none.216.afa', 31740.0, 0.052, 33431, 0.055, 4765, 0.008, 91579, 0.151, 163346.0, 0.269, -12761, -0.021, 76205.5, 0.125
'MUSCLE_diversified_replicate.none.220.afa', 31812.0, 0.055, 33365, 0.057, 4758, 0.008, 91567, 0.157, 163662.0, 0.281, -13096, -0.022, 76234.5, 0.131
'MUSCLE_diversified_replicate.none.224.afa', 31953.0, 0.062, 33557, 0.065, 4704, 0.009, 90901, 0.177, 164409.0, 0.32, -11973, -0.023, 78761.5, 0.153
'MUSCLE_diversified_replicate.none.228.afa', 32872.0, 0.06, 29195, 0.053, 4724, 0.009, 97787, 0.177, 168229.0, 0.305, -5894, -0.011, 85097.5, 0.154
'MUSCLE_diversified_replicate.none.232.afa', 33521.0, 0.058, 28722, 0.049, 4689, 0.008, 97435, 0.167, 171601.0, 0.295, -4312, -0.007, 90437.5, 0.155
'MUSCLE_diversified_replicate.none.236.afa', 31979.0, 0.053, 33299, 0.055, 4740, 0.008, 91365, 0.152, 164261.0, 0.273, -12346, -0.021, 77792.5, 0.129
'MUSCLE_diversified_replicate.none.24.afa', 33428.0, 0.054, 28499, 0.046, 4876, 0.008, 98067, 0.159, 171532.0, 0.277, -4200, -0.007, 89042.5, 0.144
'MUSCLE_diversified_replicate.none.240.afa', 33564.0, 0.058, 28614, 0.049, 4720, 0.008, 97565, 0.168, 171937.0, 0.295, -3470, -0.006, 91364.5, 0.157
'MUSCLE_diversified_replicate.none.244.afa', 31745.0, 0.054, 33473, 0.057, 4687, 0.008, 91485, 0.156, 163295.0, 0.279, -12615, -0.022, 76815.5, 0.131
'MUSCLE_diversified_replicate.none.248.afa', 32074.0, 0.054, 33142, 0.056, 4760, 0.008, 91489, 0.154, 164235.0, 0.276, -11847, -0.02, 78083.5, 0.131
'MUSCLE_diversified_replicate.none.252.afa', 33576.0, 0.058, 28603, 0.049, 4738, 0.008, 97563, 0.168, 171961.0, 0.296, -4093, -0.007, 90658.5, 0.156
'MUSCLE_diversified_replicate.none.256.afa', 33507.0, 0.058, 28698, 0.05, 4665, 0.008, 97511, 0.169, 171609.0, 0.298, -3445, -0.006, 91418.5, 0.159
'MUSCLE_diversified_replicate.none.260.afa', 31991.0, 0.054, 33189, 0.056, 4783, 0.008, 91561, 0.154, 164196.0, 0.276, -11989, -0.02, 77728.5, 0.131
'MUSCLE_diversified_replicate.none.264.afa', 32080.0, 0.054, 33247, 0.056, 4635, 0.008, 91267, 0.153, 164351.0, 0.276, -13022, -0.022, 77885.5, 0.131
'MUSCLE_diversified_replicate.none.268.afa', 31588.0, 0.05, 33665, 0.053, 4570, 0.007, 91415, 0.145, 162424.0, 0.258, -13075, -0.021, 76221.5, 0.121
'MUSCLE_diversified_replicate.none.272.afa', 33564.0, 0.057, 28507, 0.048, 4722, 0.008, 97779, 0.166, 171749.0, 0.291, -3698, -0.006, 90829.5, 0.154
'MUSCLE_diversified_replicate.none.276.afa', 33611.0, 0.058, 28689, 0.05, 4776, 0.008, 97321, 0.168, 172283.0, 0.297, -3731, -0.006, 91235.5, 0.157
'MUSCLE_diversified_replicate.none.28.afa', 33544.0, 0.056, 28616, 0.048, 4720, 0.008, 97601, 0.164, 171799.0, 0.289, -3861, -0.006, 90817.5, 0.153
'MUSCLE_diversified_replicate.none.280.afa', 33562.0, 0.055, 28484, 0.047, 4756, 0.008, 97829, 0.16, 171850.0, 0.282, -4137, -0.007, 90262.5, 0.148
'MUSCLE_diversified_replicate.none.284.afa', 33564.0, 0.055, 28520, 0.047, 4762, 0.008, 97753, 0.161, 172018.0, 0.284, -4296, -0.007, 90273.5, 0.149
'MUSCLE_diversified_replicate.none.288.afa', 33521.0, 0.056, 28635, 0.048, 4661, 0.008, 97609, 0.163, 171763.0, 0.286, -4162, -0.007, 90830.5, 0.151
'MUSCLE_diversified_replicate.none.292.afa', 31925.0, 0.056, 33362, 0.058, 4701, 0.008, 91347, 0.159, 163712.0, 0.286, -12615, -0.022, 77217.5, 0.135
'MUSCLE_diversified_replicate.none.296.afa', 31734.0, 0.055, 33515, 0.058, 4694, 0.008, 91423, 0.158, 163463.0, 0.283, -11945, -0.021, 77642.5, 0.134
'MUSCLE_diversified_replicate.none.300.afa', 31878.0, 0.053, 33480, 0.055, 4689, 0.008, 91205, 0.15, 163921.0, 0.27, -12663, -0.021, 77521.5, 0.128
'MUSCLE_diversified_replicate.none.304.afa', 33387.0, 0.053, 28858, 0.045, 4772, 0.008, 97431, 0.153, 170404.0, 0.268, -5389, -0.008, 87667.5, 0.138
'MUSCLE_diversified_replicate.none.308.afa', 33450.0, 0.058, 28816, 0.05, 4683, 0.008, 97389, 0.17, 171293.0, 0.298, -4103, -0.007, 90397.5, 0.157
'MUSCLE_diversified_replicate.none.312.afa', 33565.0, 0.057, 28726, 0.049, 4802, 0.008, 97339, 0.167, 171537.0, 0.294, -4764, -0.008, 89291.5, 0.153
'MUSCLE_diversified_replicate.none.316.afa', 33551.0, 0.064, 28688, 0.055, 4849, 0.009, 97443, 0.187, 171775.0, 0.329, -4052, -0.008, 89907.5, 0.172
'MUSCLE_diversified_replicate.none.32.afa', 33361.0, 0.058, 28793, 0.05, 4803, 0.008, 97613, 0.17, 171013.0, 0.297, -4161, -0.007, 89227.5, 0.155
'MUSCLE_diversified_replicate.none.320.afa', 33480.0, 0.055, 28518, 0.047, 4799, 0.008, 97925, 0.161, 171516.0, 0.281, -4041, -0.007, 89718.5, 0.147
'MUSCLE_diversified_replicate.none.324.afa', 33276.0, 0.054, 28727, 0.047, 4801, 0.008, 97915, 0.159, 169908.0, 0.276, -4270, -0.007, 87874.5, 0.143
'MUSCLE_diversified_replicate.none.328.afa', 33579.0, 0.059, 28696, 0.05, 4714, 0.008, 97371, 0.17, 171901.0, 0.3, -3631, -0.006, 91300.5, 0.159
'MUSCLE_diversified_replicate.none.332.afa', 33593.0, 0.058, 28685, 0.049, 4704, 0.008, 97365, 0.168, 172376.0, 0.297, -4195, -0.007, 91274.5, 0.157
'MUSCLE_diversified_replicate.none.336.afa', 33537.0, 0.057, 28523, 0.048, 4875, 0.008, 97801, 0.165, 171644.0, 0.29, -3920, -0.007, 89573.5, 0.151
'MUSCLE_diversified_replicate.none.340.afa', 33306.0, 0.055, 28774, 0.047, 4739, 0.008, 97761, 0.161, 170787.0, 0.281, -4047, -0.007, 89425.5, 0.147
'MUSCLE_diversified_replicate.none.344.afa', 31943.0, 0.061, 33412, 0.064, 4734, 0.009, 91211, 0.174, 164332.0, 0.313, -13151, -0.025, 77171.5, 0.147
'MUSCLE_diversified_replicate.none.348.afa', 31784.0, 0.052, 33434, 0.055, 4780, 0.008, 91485, 0.15, 163660.0, 0.269, -12382, -0.02, 76855.5, 0.126
'MUSCLE_diversified_replicate.none.352.afa', 33499.0, 0.057, 28746, 0.049, 4836, 0.008, 97431, 0.167, 171555.0, 0.294, -4851, -0.008, 88972.5, 0.153
'MUSCLE_diversified_replicate.none.356.afa', 33309.0, 0.053, 28825, 0.046, 4768, 0.008, 97653, 0.154, 170856.0, 0.27, -4568, -0.007, 88853.5, 0.14
'MUSCLE_diversified_replicate.none.36.afa', 33235.0, 0.057, 28740, 0.049, 4731, 0.008, 97971, 0.169, 170285.0, 0.293, -4648, -0.008, 88265.5, 0.152
'MUSCLE_diversified_replicate.none.360.afa', 33125.0, 0.055, 28942, 0.048, 4659, 0.008, 97787, 0.162, 169261.0, 0.28, -4810, -0.008, 87603.5, 0.145
'MUSCLE_diversified_replicate.none.364.afa', 31812.0, 0.054, 33358, 0.056, 4809, 0.008, 91581, 0.155, 163599.0, 0.277, -12358, -0.021, 76596.5, 0.13
'MUSCLE_diversified_replicate.none.368.afa', 33464.0, 0.057, 28681, 0.049, 4944, 0.008, 97631, 0.167, 171637.0, 0.293, -3995, -0.007, 89162.5, 0.152
'MUSCLE_diversified_replicate.none.372.afa', 31877.0, 0.061, 33390, 0.063, 4684, 0.009, 91387, 0.173, 163947.0, 0.311, -12706, -0.024, 77443.5, 0.147
'MUSCLE_diversified_replicate.none.376.afa', 33468.0, 0.057, 28656, 0.049, 4739, 0.008, 97673, 0.166, 171363.0, 0.292, -4574, -0.008, 89518.5, 0.153
'MUSCLE_diversified_replicate.none.380.afa', 31735.0, 0.054, 33318, 0.057, 4890, 0.008, 91815, 0.157, 163705.0, 0.281, -11756, -0.02, 76701.5, 0.132
'MUSCLE_diversified_replicate.none.384.afa', 33466.0, 0.055, 28652, 0.047, 4671, 0.008, 97685, 0.162, 171459.0, 0.284, -3960, -0.007, 90630.5, 0.15
'MUSCLE_diversified_replicate.none.388.afa', 31514.0, 0.053, 33482, 0.057, 4765, 0.008, 91929, 0.156, 162122.0, 0.275, -12152, -0.021, 75415.5, 0.128
'MUSCLE_diversified_replicate.none.392.afa', 31485.0, 0.053, 33562, 0.057, 4743, 0.008, 91827, 0.155, 162442.0, 0.274, -12912, -0.022, 75158.5, 0.127
'MUSCLE_diversified_replicate.none.396.afa', 31940.0, 0.058, 33000, 0.059, 4866, 0.009, 92041, 0.166, 164418.0, 0.296, -11324, -0.02, 77877.5, 0.14
'MUSCLE_diversified_replicate.none.4.afa', 33527.0, 0.058, 28741, 0.05, 4660, 0.008, 97385, 0.168, 171785.0, 0.296, -4248, -0.007, 90884.5, 0.157
'MUSCLE_diversified_replicate.none.40.afa', 31840.0, 0.055, 33363, 0.058, 4788, 0.008, 91515, 0.159, 163468.0, 0.283, -11683, -0.02, 77299.5, 0.134
'MUSCLE_diversified_replicate.none.44.afa', 31906.0, 0.053, 33312, 0.055, 4722, 0.008, 91485, 0.151, 164076.0, 0.271, -12437, -0.021, 77564.5, 0.128
'MUSCLE_diversified_replicate.none.48.afa', 33627.0, 0.058, 28508, 0.049, 4750, 0.008, 97651, 0.168, 171829.0, 0.296, -5033, -0.009, 89470.5, 0.154
'MUSCLE_diversified_replicate.none.52.afa', 32111.0, 0.055, 33366, 0.057, 4635, 0.008, 90967, 0.156, 164392.0, 0.282, -12944, -0.022, 78154.5, 0.134
'MUSCLE_diversified_replicate.none.56.afa', 31968.0, 0.052, 33346, 0.054, 4572, 0.007, 91293, 0.148, 164084.0, 0.266, -12350, -0.02, 78655.5, 0.127
'MUSCLE_diversified_replicate.none.60.afa', 33481.0, 0.058, 28734, 0.049, 4726, 0.008, 97491, 0.168, 171532.0, 0.295, -4423, -0.008, 90007.5, 0.155
'MUSCLE_diversified_replicate.none.64.afa', 33156.0, 0.055, 28785, 0.048, 4695, 0.008, 98039, 0.163, 170008.0, 0.283, -4556, -0.008, 88262.5, 0.147
'MUSCLE_diversified_replicate.none.68.afa', 33651.0, 0.056, 28520, 0.047, 4824, 0.008, 97579, 0.162, 172234.0, 0.286, -3836, -0.006, 90664.5, 0.15
'MUSCLE_diversified_replicate.none.72.afa', 33440.0, 0.057, 28744, 0.049, 4655, 0.008, 97553, 0.168, 171168.0, 0.294, -4592, -0.008, 89869.5, 0.154
'MUSCLE_diversified_replicate.none.76.afa', 32691.0, 0.054, 29339, 0.048, 4870, 0.008, 97861, 0.16, 167658.0, 0.275, -5965, -0.01, 83542.5, 0.137
'MUSCLE_diversified_replicate.none.8.afa', 31964.0, 0.053, 33308, 0.055, 4694, 0.008, 91377, 0.152, 164061.0, 0.272, -12856, -0.021, 77352.5, 0.128
'MUSCLE_diversified_replicate.none.80.afa', 31948.0, 0.053, 33357, 0.055, 4774, 0.008, 91311, 0.151, 164407.0, 0.271, -12059, -0.02, 78048.5, 0.129
'MUSCLE_diversified_replicate.none.84.afa', 33550.0, 0.058, 28832, 0.05, 4656, 0.008, 97157, 0.169, 171407.0, 0.298, -4771, -0.008, 90121.5, 0.157
'MUSCLE_diversified_replicate.none.88.afa', 33652.0, 0.059, 28650, 0.05, 4879, 0.008, 97317, 0.169, 172473.0, 0.3, -3986, -0.007, 90554.5, 0.158
'MUSCLE_diversified_replicate.none.92.afa', 33310.0, 0.055, 28732, 0.047, 4675, 0.008, 97837, 0.162, 170759.0, 0.282, -4130, -0.007, 89660.5, 0.148
'MUSCLE_diversified_replicate.none.96.afa', 33551.0, 0.058, 28618, 0.049, 4722, 0.008, 97583, 0.168, 171884.0, 0.295, -3463, -0.006, 91297.5, 0.157
'PRANK_b0#0050_hhH_tree_63_OP_0.36203966777708846_Split_50.fasta', 27638.0, 0.04, 20178, 0.029, 13509, 0.02, 126289, 0.183, 141232.0, 0.205, 3362, 0.005, 395.5, 0.001
'PRANK_b0#0050_hhT_tree_63_OP_0.36203966777708846_Split_50.fasta', 31796.0, 0.052, 22915, 0.037, 12208, 0.02, 112499, 0.183, 163502.0, 0.266, 2404, 0.004, 36408.5, 0.059
'PRANK_b0#0050_htT_tree_63_OP_0.36203966777708846_Split_50.fasta', 31747.0, 0.051, 22705, 0.037, 12533, 0.02, 113017, 0.182, 163100.0, 0.263, 2065, 0.003, 33458.5, 0.054
'PRANK_b0#0050_ttH_tree_63_OP_0.36203966777708846_Split_50.fasta', 27947.0, 0.041, 19936, 0.029, 13514, 0.02, 126155, 0.183, 142081.0, 0.206, 3469, 0.005, 1388.5, 0.002
'PRANK_b0#0051_hhT_tree_7_OP_0.4287654329803016_Split_51.fasta', 29032.0, 0.048, 22083, 0.037, 12358, 0.02, 119691, 0.198, 148625.0, 0.246, 5178, 0.009, 19809.5, 0.033
'PRANK_b0#0051_htH_tree_7_OP_0.4287654329803016_Split_51.fasta', 29310.0, 0.05, 22128, 0.038, 12663, 0.022, 119045, 0.203, 149842.0, 0.256, 4710, 0.008, 19051.5, 0.033
'PRANK_b0#0051_htT_tree_7_OP_0.4287654329803016_Split_51.fasta', 28597.0, 0.044, 23152, 0.035, 12386, 0.019, 118423, 0.181, 146661.0, 0.224, 4311, 0.007, 17444.5, 0.027
'PRANK_b0#0051_ttT_tree_7_OP_0.4287654329803016_Split_51.fasta', 28611.0, 0.044, 23168, 0.035, 12345, 0.019, 118363, 0.181, 146717.0, 0.224, 4311, 0.007, 17776.5, 0.027
'PRANK_b0#0053_hhH_tree_13_OP_0.09692142234876278_Split_53.fasta', 26522.0, 0.037, 21869, 0.031, 11005, 0.015, 125139, 0.175, 133638.0, 0.187, 688, 0.001, 5726.5, 0.008
'PRANK_b0#0053_htT_tree_13_OP_0.09692142234876278_Split_53.fasta', 26681.0, 0.039, 22565, 0.033, 12332, 0.018, 123429, 0.179, 137159.0, 0.199, 69, 0.0, 1521.5, 0.002
'PRANK_b0#0053_htT_tree_69_OP_0.05304651807751681_Split_53.fasta', 29687.0, 0.046, 22793, 0.035, 9148, 0.014, 116961, 0.18, 148944.0, 0.229, 1943, 0.003, 37518.5, 0.058
'PRANK_b0#0053_thT_tree_69_OP_0.05304651807751681_Split_53.fasta', 29661.0, 0.046, 22726, 0.035, 9241, 0.014, 117147, 0.18, 148867.0, 0.229, 1919, 0.003, 36766.5, 0.057
'PRANK_b0#0053_ttH_tree_13_OP_0.09692142234876278_Split_53.fasta', 26522.0, 0.037, 21869, 0.031, 11020, 0.015, 125139, 0.175, 133638.0, 0.187, 688, 0.001, 5636.5, 0.008
'PRANK_b0#0053_ttH_tree_69_OP_0.05304651807751681_Split_53.fasta', 31484.0, 0.05, 24707, 0.039, 8635, 0.014, 109539, 0.173, 162033.0, 0.256, 961, 0.002, 56414.5, 0.089
'PRANK_b0#0053_ttT_tree_13_OP_0.09692142234876278_Split_53.fasta', 27890.0, 0.041, 23523, 0.034, 12166, 0.018, 119095, 0.175, 142356.0, 0.209, 137, 0.0, 9949.5, 0.015
'PRANK_b0#0053_ttT_tree_69_OP_0.05304651807751681_Split_53.fasta', 29661.0, 0.046, 22726, 0.035, 9241, 0.014, 117147, 0.18, 148867.0, 0.229, 1919, 0.003, 36766.5, 0.057
'PRANK_b0#0054_hhT_tree_37_OP_0.3234162682987525_Split_54.fasta', 32880.0, 0.06, 23963, 0.044, 10813, 0.02, 108235, 0.197, 165863.0, 0.302, 1185, 0.002, 48052.5, 0.088
'PRANK_b0#0054_htH_tree_11_OP_0.0660385202278223_Split_54.fasta', 27100.0, 0.04, 21517, 0.032, 6993, 0.01, 124687, 0.183, 137175.0, 0.202, 140, 0.0, 33013.5, 0.049
'PRANK_b0#0054_htT_tree_37_OP_0.3234162682987525_Split_54.fasta', 32857.0, 0.06, 24359, 0.044, 10127, 0.018, 107489, 0.196, 165725.0, 0.302, 869, 0.002, 52087.5, 0.095
'PRANK_b0#0054_htT_tree_60_OP_0.2742882468420108_Split_54.fasta', 31283.0, 0.052, 24109, 0.04, 9114, 0.015, 111137, 0.184, 159974.0, 0.265, 842, 0.001, 50563.5, 0.084
'PRANK_b0#0054_thH_tree_11_OP_0.0660385202278223_Split_54.fasta', 27100.0, 0.04, 21517, 0.032, 6877, 0.01, 124687, 0.183, 137175.0, 0.202, 140, 0.0, 33709.5, 0.05
'PRANK_b0#0054_thH_tree_60_OP_0.2742882468420108_Split_54.fasta', 31488.0, 0.054, 24828, 0.043, 9181, 0.016, 109289, 0.188, 161279.0, 0.277, 1221, 0.002, 52769.5, 0.091
'PRANK_b0#0054_thT_tree_11_OP_0.0660385202278223_Split_54.fasta', 27324.0, 0.038, 21566, 0.03, 6602, 0.009, 124141, 0.174, 139065.0, 0.195, 104, 0.0, 37486.5, 0.053
'PRANK_b0#0054_thT_tree_60_OP_0.2742882468420108_Split_54.fasta', 31275.0, 0.052, 24141, 0.04, 9107, 0.015, 111089, 0.184, 159948.0, 0.264, 902, 0.001, 50663.5, 0.084
'PRANK_b0#0054_ttH_tree_11_OP_0.0660385202278223_Split_54.fasta', 27100.0, 0.04, 21517, 0.032, 6831, 0.01, 124687, 0.183, 137175.0, 0.202, 140, 0.0, 33985.5, 0.05
'PRANK_b0#0054_ttH_tree_37_OP_0.3234162682987525_Split_54.fasta', 32555.0, 0.059, 23552, 0.043, 11723, 0.021, 109707, 0.199, 164692.0, 0.299, 1641, 0.003, 41141.5, 0.075
'PRANK_b0#0054_ttT_tree_37_OP_0.3234162682987525_Split_54.fasta', 32601.0, 0.059, 23754, 0.043, 11046, 0.02, 109211, 0.198, 164476.0, 0.298, 908, 0.002, 44502.5, 0.081
'PRANK_b0#0054_ttT_tree_60_OP_0.2742882468420108_Split_54.fasta', 31275.0, 0.052, 24141, 0.04, 9108, 0.015, 111089, 0.184, 159948.0, 0.264, 902, 0.001, 50657.5, 0.084
'PRANK_b0#0055_hhH_tree_96_OP_0.3899661250904219_Split_55.fasta', 29570.0, 0.047, 21604, 0.035, 12047, 0.019, 119573, 0.192, 153831.0, 0.247, 4261, 0.007, 26023.5, 0.042
'PRANK_b0#0055_hhT_tree_23_OP_0.41879358418754387_Split_55.fasta', 29148.0, 0.042, 20702, 0.03, 12421, 0.018, 122221, 0.177, 146180.0, 0.212, 2198, 0.003, 12741.5, 0.018
'PRANK_b0#0055_hhT_tree_40_OP_0.08821008325435137_Split_55.fasta', 28331.0, 0.041, 22472, 0.032, 8798, 0.013, 120315, 0.173, 145381.0, 0.209, -599, -0.001, 31836.5, 0.046
'PRANK_b0#0055_hhT_tree_96_OP_0.3899661250904219_Split_55.fasta', 29786.0, 0.048, 22105, 0.036, 12128, 0.02, 118139, 0.192, 155013.0, 0.252, 3057, 0.005, 26232.5, 0.043
'PRANK_b0#0055_htH_tree_96_OP_0.3899661250904219_Split_55.fasta', 29388.0, 0.046, 21604, 0.034, 11918, 0.019, 119937, 0.189, 153161.0, 0.241, 3799, 0.006, 25483.5, 0.04
'PRANK_b0#0055_thH_tree_23_OP_0.41879358418754387_Split_55.fasta', 29668.0, 0.044, 20967, 0.031, 11716, 0.017, 120651, 0.18, 148239.0, 0.221, 2121, 0.003, 19738.5, 0.029
'PRANK_b0#0055_thH_tree_40_OP_0.08821008325435137_Split_55.fasta', 28267.0, 0.041, 23295, 0.034, 7939, 0.012, 118797, 0.172, 145238.0, 0.211, -60, -0.0, 38145.5, 0.055
'PRANK_b0#0055_thT_tree_40_OP_0.08821008325435137_Split_55.fasta', 28331.0, 0.041, 22472, 0.032, 8798, 0.013, 120315, 0.173, 145381.0, 0.209, -599, -0.001, 31836.5, 0.046
'PRANK_b0#0055_ttH_tree_23_OP_0.41879358418754387_Split_55.fasta', 29456.0, 0.044, 21033, 0.031, 11785, 0.018, 120943, 0.18, 147679.0, 0.22, 2176, 0.003, 18673.5, 0.028
'PRANK_b0#0055_ttT_tree_23_OP_0.41879358418754387_Split_55.fasta', 29082.0, 0.042, 20778, 0.03, 12400, 0.018, 122201, 0.177, 145864.0, 0.211, 2214, 0.003, 12577.5, 0.018
'PRANK_b0#0055_ttT_tree_40_OP_0.08821008325435137_Split_55.fasta', 28331.0, 0.041, 22472, 0.032, 8798, 0.013, 120315, 0.173, 145381.0, 0.209, -599, -0.001, 31836.5, 0.046
'PRANK_b0#0055_ttT_tree_96_OP_0.3899661250904219_Split_55.fasta', 29764.0, 0.048, 22104, 0.036, 12263, 0.02, 118185, 0.193, 154881.0, 0.252, 3157, 0.005, 25367.5, 0.041
'PRANK_b0#0056_hhH_tree_56_OP_0.23502932209680477_Split_56.fasta', 29983.0, 0.049, 22938, 0.038, 10909, 0.018, 116079, 0.191, 156319.0, 0.257, -331, -0.001, 32494.5, 0.053
'PRANK_b0#0056_htH_tree_56_OP_0.23502932209680477_Split_56.fasta', 29869.0, 0.049, 22826, 0.037, 10984, 0.018, 116531, 0.191, 155976.0, 0.256, -341, -0.001, 31465.5, 0.052
'PRANK_b0#0056_htT_tree_99_OP_0.18594199344926288_Split_56.fasta', 30405.0, 0.05, 24371, 0.04, 8992, 0.015, 112369, 0.183, 154986.0, 0.253, 1440, 0.002, 46289.5, 0.075
'PRANK_b0#0056_thH_tree_99_OP_0.18594199344926288_Split_56.fasta', 30936.0, 0.051, 24879, 0.041, 8653, 0.014, 110291, 0.181, 158219.0, 0.259, -300, -0.0, 50855.5, 0.083
'PRANK_b0#0056_thT_tree_56_OP_0.23502932209680477_Split_56.fasta', 30461.0, 0.052, 23161, 0.04, 11044, 0.019, 114677, 0.197, 158311.0, 0.271, -80, -0.0, 34628.5, 0.059
'PRANK_b0#0056_thT_tree_99_OP_0.18594199344926288_Split_56.fasta', 30405.0, 0.05, 24371, 0.04, 8992, 0.015, 112369, 0.183, 154986.0, 0.253, 1440, 0.002, 46289.5, 0.075
'PRANK_b0#0056_ttH_tree_56_OP_0.23502932209680477_Split_56.fasta', 29856.0, 0.049, 22833, 0.038, 11033, 0.018, 116543, 0.191, 155871.0, 0.256, -352, -0.001, 31049.5, 0.051
'PRANK_b0#0056_ttH_tree_99_OP_0.18594199344926288_Split_56.fasta', 31020.0, 0.051, 24698, 0.04, 8718, 0.014, 110485, 0.181, 158925.0, 0.261, -226, -0.0, 51148.5, 0.084
'PRANK_b0#0057_htH_tree_64_OP_0.05970650417263379_Split_57.fasta', 28919.0, 0.045, 22179, 0.034, 5460, 0.008, 119725, 0.185, 147259.0, 0.228, 110, 0.0, 54746.5, 0.085
'PRANK_b0#0057_thH_tree_64_OP_0.05970650417263379_Split_57.fasta', 28920.0, 0.045, 22175, 0.034, 5453, 0.008, 119731, 0.185, 147265.0, 0.228, 114, 0.0, 54795.5, 0.085
'PRANK_b0#0057_thT_tree_64_OP_0.05970650417263379_Split_57.fasta', 28834.0, 0.044, 22128, 0.034, 5387, 0.008, 119997, 0.185, 146358.0, 0.225, 166, 0.0, 54203.5, 0.083
'PRANK_b0#0057_ttH_tree_64_OP_0.05970650417263379_Split_57.fasta', 28920.0, 0.045, 22175, 0.034, 5453, 0.008, 119731, 0.185, 147265.0, 0.228, 114, 0.0, 54795.5, 0.085
'PRANK_b0#0058_hhH_tree_84_OP_0.3564845080908704_Split_58.fasta', 29868.0, 0.045, 21361, 0.032, 12507, 0.019, 119463, 0.18, 150490.0, 0.227, 2715, 0.004, 18431.5, 0.028
'PRANK_b0#0058_hhT_tree_84_OP_0.3564845080908704_Split_58.fasta', 29776.0, 0.045, 21881, 0.033, 11879, 0.018, 118607, 0.18, 149973.0, 0.228, 2819, 0.004, 22214.5, 0.034
'PRANK_b0#0058_hhT_tree_97_OP_0.1673876920856745_Split_58.fasta', 31599.0, 0.048, 24039, 0.036, 9824, 0.015, 110645, 0.168, 161190.0, 0.244, 3018, 0.005, 49941.5, 0.076
'PRANK_b0#0058_htT_tree_84_OP_0.3564845080908704_Split_58.fasta', 29777.0, 0.046, 21896, 0.034, 11883, 0.018, 118575, 0.182, 149977.0, 0.23, 2813, 0.004, 22204.5, 0.034
'PRANK_b0#0058_htT_tree_97_OP_0.1673876920856745_Split_58.fasta', 31591.0, 0.048, 24028, 0.036, 9819, 0.015, 110683, 0.168, 161161.0, 0.244, 3015, 0.005, 49920.5, 0.076
'PRANK_b0#0058_thH_tree_97_OP_0.1673876920856745_Split_58.fasta', 31651.0, 0.048, 24476, 0.037, 9009, 0.014, 109667, 0.166, 161380.0, 0.245, 1994, 0.003, 54486.5, 0.083
'PRANK_b0#0058_thT_tree_97_OP_0.1673876920856745_Split_58.fasta', 31541.0, 0.048, 24092, 0.036, 9840, 0.015, 110655, 0.168, 160879.0, 0.244, 2979, 0.005, 49490.5, 0.075
'PRANK_b0#0058_ttT_tree_84_OP_0.3564845080908704_Split_58.fasta', 29892.0, 0.045, 21805, 0.033, 11725, 0.018, 118527, 0.178, 150567.0, 0.226, 3473, 0.005, 24426.5, 0.037
'PRANK_b0#0059_hhT_tree_80_OP_0.3860599313375234_Split_59.fasta', 30539.0, 0.048, 22673, 0.035, 11263, 0.018, 115497, 0.18, 155222.0, 0.242, 1998, 0.003, 31893.5, 0.05
'PRANK_b0#0059_htH_tree_36_OP_0.21650135794201675_Split_59.fasta', 28952.0, 0.044, 20931, 0.032, 9264, 0.014, 122155, 0.184, 145623.0, 0.22, 160, 0.0, 29121.5, 0.044
'PRANK_b0#0059_htH_tree_80_OP_0.3860599313375234_Split_59.fasta', 30197.0, 0.047, 22302, 0.035, 11189, 0.017, 116923, 0.181, 154041.0, 0.239, 1406, 0.002, 29851.5, 0.046
'PRANK_b0#0059_htH_tree_85_OP_0.16592734946943577_Split_59.fasta', 29283.0, 0.045, 20994, 0.032, 11416, 0.018, 121367, 0.186, 147682.0, 0.227, 945, 0.001, 19447.5, 0.03
'PRANK_b0#0059_htT_tree_36_OP_0.21650135794201675_Split_59.fasta', 29284.0, 0.046, 21344, 0.034, 10251, 0.016, 120665, 0.191, 148002.0, 0.234, 687, 0.001, 26850.5, 0.042
'PRANK_b0#0059_htT_tree_80_OP_0.3860599313375234_Split_59.fasta', 30523.0, 0.048, 22635, 0.035, 11622, 0.018, 115605, 0.18, 155182.0, 0.242, 1899, 0.003, 29546.5, 0.046
'PRANK_b0#0059_htT_tree_85_OP_0.16592734946943577_Split_59.fasta', 29456.0, 0.049, 21242, 0.036, 11283, 0.019, 120525, 0.202, 148813.0, 0.249, 243, 0.0, 21095.5, 0.035
'PRANK_b0#0059_thH_tree_36_OP_0.21650135794201675_Split_59.fasta', 28939.0, 0.044, 20938, 0.032, 9301, 0.014, 122167, 0.185, 145289.0, 0.22, -11, -0.0, 28388.5, 0.043
'PRANK_b0#0059_thH_tree_85_OP_0.16592734946943577_Split_59.fasta', 29298.0, 0.046, 20973, 0.033, 11463, 0.018, 121379, 0.189, 147748.0, 0.23, 1015, 0.002, 19295.5, 0.03
'PRANK_b0#0059_ttH_tree_80_OP_0.3860599313375234_Split_59.fasta', 30180.0, 0.047, 22352, 0.035, 11182, 0.017, 116857, 0.181, 154034.0, 0.239, 1324, 0.002, 29837.5, 0.046
'PRANK_b0#0059_ttH_tree_85_OP_0.16592734946943577_Split_59.fasta', 29300.0, 0.046, 20971, 0.033, 11463, 0.018, 121379, 0.189, 147760.0, 0.23, 1019, 0.002, 19311.5, 0.03
'PRANK_b0#0059_ttT_tree_36_OP_0.21650135794201675_Split_59.fasta', 29284.0, 0.046, 21344, 0.034, 10255, 0.016, 120665, 0.191, 148002.0, 0.234, 687, 0.001, 26826.5, 0.042
'PRANK_b0#0060_hhH_tree_24_OP_0.35224591752289836_Split_60.fasta', 32163.0, 0.054, 22864, 0.039, 11786, 0.02, 111867, 0.189, 164146.0, 0.277, 2967, 0.005, 40463.5, 0.068
'PRANK_b0#0060_hhT_tree_24_OP_0.35224591752289836_Split_60.fasta', 32349.0, 0.054, 23059, 0.038, 11493, 0.019, 111105, 0.185, 164795.0, 0.275, 3180, 0.005, 43464.5, 0.073
'PRANK_b0#0060_ttH_tree_24_OP_0.35224591752289836_Split_60.fasta', 32194.0, 0.054, 22838, 0.039, 11803, 0.02, 111857, 0.189, 164425.0, 0.277, 2984, 0.005, 40662.5, 0.069
'PRANK_b0#0060_ttT_tree_24_OP_0.35224591752289836_Split_60.fasta', 32272.0, 0.054, 23129, 0.039, 11479, 0.019, 111119, 0.185, 164255.0, 0.274, 3109, 0.005, 42930.5, 0.072
'PRANK_b0#0061_hhH_tree_16_OP_0.3566466444359746_Split_61.fasta', 25741.0, 0.038, 20900, 0.031, 12815, 0.019, 128639, 0.19, 131863.0, 0.194, -230, -0.0, -9576.5, -0.014
'PRANK_b0#0061_thT_tree_16_OP_0.3566466444359746_Split_61.fasta', 29107.0, 0.047, 23004, 0.037, 13235, 0.021, 117699, 0.191, 150448.0, 0.244, 2272, 0.004, 14460.5, 0.023
'PRANK_b0#0061_ttH_tree_16_OP_0.3566466444359746_Split_61.fasta', 25741.0, 0.038, 20900, 0.031, 12791, 0.019, 128639, 0.19, 131863.0, 0.194, -230, -0.0, -9432.5, -0.014
'PRANK_b0#0061_ttT_tree_16_OP_0.3566466444359746_Split_61.fasta', 29157.0, 0.047, 22960, 0.037, 13220, 0.021, 117687, 0.191, 150660.0, 0.245, 2269, 0.004, 14765.5, 0.024
'PRANK_b0#0062_hhH_tree_0_OP_0.4657131574362508_Split_62.fasta', 29201.0, 0.04, 20847, 0.028, 11303, 0.015, 121825, 0.165, 151255.0, 0.205, 4272, 0.006, 26796.5, 0.036
'PRANK_b0#0062_hhT_tree_81_OP_0.4058614503238694_Split_62.fasta', 30480.0, 0.05, 22739, 0.037, 12762, 0.021, 115483, 0.19, 156595.0, 0.257, 2446, 0.004, 24727.5, 0.041
'PRANK_b0#0062_htH_tree_0_OP_0.4657131574362508_Split_62.fasta', 29433.0, 0.041, 21129, 0.029, 11310, 0.016, 120797, 0.168, 153094.0, 0.213, 4454, 0.006, 29289.5, 0.041
'PRANK_b0#0062_htT_tree_81_OP_0.4058614503238694_Split_62.fasta', 30663.0, 0.05, 22844, 0.037, 12783, 0.021, 114907, 0.187, 157603.0, 0.257, 2468, 0.004, 25919.5, 0.042
'PRANK_b0#0062_thH_tree_81_OP_0.4058614503238694_Split_62.fasta', 30933.0, 0.051, 23043, 0.038, 12172, 0.02, 113969, 0.189, 160087.0, 0.265, 2397, 0.004, 32467.5, 0.054
'PRANK_b0#0062_thT_tree_0_OP_0.4657131574362508_Split_62.fasta', 29791.0, 0.042, 20756, 0.029, 11743, 0.016, 120827, 0.169, 154423.0, 0.215, 4818, 0.007, 28369.5, 0.04
'PRANK_b0#0062_thT_tree_81_OP_0.4058614503238694_Split_62.fasta', 30663.0, 0.05, 22844, 0.037, 12783, 0.021, 114907, 0.187, 157603.0, 0.257, 2468, 0.004, 25919.5, 0.042
'PRANK_b0#0062_ttT_tree_0_OP_0.4657131574362508_Split_62.fasta', 29023.0, 0.04, 20736, 0.029, 11463, 0.016, 122403, 0.169, 150532.0, 0.208, 4611, 0.006, 25163.5, 0.035
'PRANK_b0#0063_htH_tree_71_OP_0.26664288485028304_Split_63.fasta', 31004.0, 0.053, 22348, 0.038, 10058, 0.017, 115217, 0.198, 155177.0, 0.267, 1750, 0.003, 38970.5, 0.067
'PRANK_b0#0063_htT_tree_71_OP_0.26664288485028304_Split_63.fasta', 31751.0, 0.055, 22670, 0.039, 10555, 0.018, 113079, 0.197, 158698.0, 0.276, 2025, 0.004, 40853.5, 0.071
'PRANK_b0#0063_thH_tree_71_OP_0.26664288485028304_Split_63.fasta', 30985.0, 0.053, 22376, 0.038, 10031, 0.017, 115199, 0.198, 155064.0, 0.266, 1692, 0.003, 38970.5, 0.067
'PRANK_b0#0063_thT_tree_71_OP_0.26664288485028304_Split_63.fasta', 31779.0, 0.055, 22637, 0.039, 10557, 0.018, 113089, 0.197, 158838.0, 0.276, 2059, 0.004, 41010.5, 0.071
'PRANK_b0#0065_hhH_tree_48_OP_0.33799514808893955_Split_65.fasta', 30047.0, 0.048, 21491, 0.035, 10784, 0.017, 118845, 0.191, 151219.0, 0.243, 3197, 0.005, 30289.5, 0.049
'PRANK_b0#0065_htH_tree_48_OP_0.33799514808893955_Split_65.fasta', 30047.0, 0.048, 21491, 0.035, 10648, 0.017, 118845, 0.191, 151219.0, 0.243, 3197, 0.005, 31105.5, 0.05
'PRANK_b0#0065_thH_tree_48_OP_0.33799514808893955_Split_65.fasta', 30078.0, 0.048, 21459, 0.034, 10802, 0.017, 118847, 0.191, 151374.0, 0.243, 3202, 0.005, 30340.5, 0.049
'PRANK_b0#0065_thT_tree_48_OP_0.33799514808893955_Split_65.fasta', 30616.0, 0.051, 21897, 0.036, 10562, 0.018, 116895, 0.194, 152979.0, 0.254, 2916, 0.005, 34075.5, 0.057
'PRANK_b0#0067_hhH_tree_6_OP_0.18497671267226667_Split_67.fasta', 29713.0, 0.046, 22990, 0.035, 7686, 0.012, 116515, 0.178, 153568.0, 0.235, 42, 0.0, 49236.5, 0.075
'PRANK_b0#0067_htH_tree_6_OP_0.18497671267226667_Split_67.fasta', 29740.0, 0.046, 22965, 0.035, 7693, 0.012, 116511, 0.178, 153703.0, 0.235, 42, 0.0, 49331.5, 0.076
'PRANK_b0#0067_thT_tree_6_OP_0.18497671267226667_Split_67.fasta', 30522.0, 0.047, 22811, 0.035, 7857, 0.012, 115255, 0.178, 157158.0, 0.243, 133, 0.0, 52521.5, 0.081
'PRANK_b0#0067_ttT_tree_6_OP_0.18497671267226667_Split_67.fasta', 30522.0, 0.047, 22811, 0.035, 7860, 0.012, 115255, 0.178, 157158.0, 0.243, 133, 0.0, 52503.5, 0.081
'PRANK_b0#0070_htH_tree_30_OP_0.20469024912096356_Split_70.fasta', 30278.0, 0.048, 23616, 0.038, 9917, 0.016, 114133, 0.182, 154091.0, 0.246, 1022, 0.002, 38544.5, 0.062
'PRANK_b0#0070_htH_tree_43_OP_0.41666011848334805_Split_70.fasta', 33060.0, 0.057, 23178, 0.04, 10936, 0.019, 109445, 0.189, 168899.0, 0.291, 2983, 0.005, 51543.5, 0.089
'PRANK_b0#0070_htT_tree_30_OP_0.20469024912096356_Split_70.fasta', 30500.0, 0.049, 23408, 0.038, 9638, 0.016, 114105, 0.184, 154849.0, 0.25, 679, 0.001, 40647.5, 0.066
'PRANK_b0#0070_thH_tree_30_OP_0.20469024912096356_Split_70.fasta', 30243.0, 0.048, 23424, 0.037, 10347, 0.017, 114587, 0.183, 153809.0, 0.246, 1259, 0.002, 35692.5, 0.057
'PRANK_b0#0070_thH_tree_43_OP_0.41666011848334805_Split_70.fasta', 33061.0, 0.057, 23164, 0.04, 10941, 0.019, 109471, 0.189, 168901.0, 0.291, 2989, 0.005, 51508.5, 0.089
'PRANK_b0#0070_ttH_tree_43_OP_0.41666011848334805_Split_70.fasta', 33111.0, 0.057, 22851, 0.039, 11327, 0.02, 109997, 0.189, 169579.0, 0.292, 3004, 0.005, 49622.5, 0.085
'PRANK_b0#0070_ttT_tree_30_OP_0.20469024912096356_Split_70.fasta', 30495.0, 0.049, 23418, 0.038, 9630, 0.016, 114095, 0.184, 154828.0, 0.25, 653, 0.001, 40653.5, 0.066
'PRANK_b0#0070_ttT_tree_43_OP_0.41666011848334805_Split_70.fasta', 33069.0, 0.058, 23160, 0.04, 11023, 0.019, 109463, 0.191, 168937.0, 0.294, 3502, 0.006, 51569.5, 0.09
'PRANK_b0#0073_htT_tree_10_OP_0.17197861239551077_Split_73.fasta', 28273.0, 0.038, 21776, 0.029, 7421, 0.01, 121823, 0.162, 144229.0, 0.191, 1609, 0.002, 40400.5, 0.054
'PRANK_b0#0073_thH_tree_10_OP_0.17197861239551077_Split_73.fasta', 28857.0, 0.043, 21896, 0.033, 7723, 0.011, 120415, 0.179, 146906.0, 0.218, 807, 0.001, 41167.5, 0.061
'PRANK_b0#0073_ttH_tree_10_OP_0.17197861239551077_Split_73.fasta', 28857.0, 0.043, 21896, 0.033, 7742, 0.012, 120415, 0.179, 146906.0, 0.218, 807, 0.001, 41053.5, 0.061
'PRANK_b0#0073_ttT_tree_10_OP_0.17197861239551077_Split_73.fasta', 28273.0, 0.038, 21776, 0.029, 7421, 0.01, 121823, 0.162, 144229.0, 0.191, 1609, 0.002, 40400.5, 0.054
'PRANK_b0#0077_hhH_tree_35_OP_0.23719613041625226_Split_77.fasta', 27985.0, 0.039, 21337, 0.03, 8666, 0.012, 123277, 0.174, 143082.0, 0.202, -819, -0.001, 28628.5, 0.04
'PRANK_b0#0077_hhT_tree_35_OP_0.23719613041625226_Split_77.fasta', 26622.0, 0.038, 21042, 0.03, 8599, 0.012, 126593, 0.178, 136835.0, 0.193, 1365, 0.002, 23309.5, 0.033
'PRANK_b0#0077_htT_tree_35_OP_0.23719613041625226_Split_77.fasta', 26525.0, 0.037, 21069, 0.03, 8751, 0.012, 126733, 0.179, 136589.0, 0.193, 1230, 0.002, 21946.5, 0.031
'PRANK_b0#0077_htT_tree_79_OP_0.39849921812999034_Split_77.fasta', 31033.0, 0.044, 23181, 0.033, 11152, 0.016, 113493, 0.162, 158368.0, 0.226, 1624, 0.002, 36333.5, 0.052
'PRANK_b0#0077_thH_tree_35_OP_0.23719613041625226_Split_77.fasta', 27910.0, 0.039, 21308, 0.03, 8777, 0.012, 123485, 0.174, 142932.0, 0.202, -848, -0.001, 27679.5, 0.039
'PRANK_b0#0077_thH_tree_79_OP_0.39849921812999034_Split_77.fasta', 30756.0, 0.043, 22859, 0.032, 11115, 0.016, 114691, 0.162, 157259.0, 0.222, 1146, 0.002, 34369.5, 0.048
'PRANK_b0#0077_thT_tree_79_OP_0.39849921812999034_Split_77.fasta', 31021.0, 0.044, 23297, 0.033, 11127, 0.016, 113285, 0.162, 158385.0, 0.226, 1723, 0.002, 36703.5, 0.052
'PRANK_b0#0077_ttT_tree_79_OP_0.39849921812999034_Split_77.fasta', 31046.0, 0.044, 23271, 0.033, 11132, 0.016, 113287, 0.162, 158460.0, 0.226, 1737, 0.002, 36761.5, 0.052
'PRANK_b0#0078_hhH_tree_86_OP_0.2347265646541319_Split_78.fasta', 29031.0, 0.052, 24468, 0.044, 14217, 0.026, 114923, 0.208, 149457.0, 0.27, 2656, 0.005, 9349.5, 0.017
'PRANK_b0#0078_hhT_tree_53_OP_0.05303947942235687_Split_78.fasta', 29484.0, 0.05, 24696, 0.042, 8013, 0.014, 113561, 0.192, 150353.0, 0.254, 311, 0.001, 45805.5, 0.077
'PRANK_b0#0078_htH_tree_53_OP_0.05303947942235687_Split_78.fasta', 27881.0, 0.044, 23623, 0.038, 7583, 0.012, 118913, 0.189, 143054.0, 0.228, -189, -0.0, 37910.5, 0.06
'PRANK_b0#0078_htH_tree_86_OP_0.2347265646541319_Split_78.fasta', 28876.0, 0.052, 24311, 0.044, 13928, 0.025, 115547, 0.209, 148389.0, 0.269, 2247, 0.004, 9294.5, 0.017
'PRANK_b0#0078_thH_tree_86_OP_0.2347265646541319_Split_78.fasta', 29057.0, 0.052, 24238, 0.043, 14148, 0.025, 115331, 0.206, 149516.0, 0.268, 2614, 0.005, 9576.5, 0.017
'PRANK_b0#0078_thT_tree_53_OP_0.05303947942235687_Split_78.fasta', 29484.0, 0.05, 24696, 0.042, 8013, 0.014, 113561, 0.192, 150353.0, 0.254, 311, 0.001, 45805.5, 0.077
'PRANK_b0#0078_ttH_tree_53_OP_0.05303947942235687_Split_78.fasta', 27879.0, 0.044, 23625, 0.038, 7591, 0.012, 118913, 0.189, 143046.0, 0.228, -173, -0.0, 37870.5, 0.06
'PRANK_b0#0078_ttT_tree_86_OP_0.2347265646541319_Split_78.fasta', 28878.0, 0.052, 24356, 0.044, 13871, 0.025, 115453, 0.209, 148299.0, 0.268, 2273, 0.004, 9619.5, 0.017
'PRANK_b0#0079_hhH_tree_88_OP_0.1810795500099957_Split_79.fasta', 26560.0, 0.039, 20224, 0.03, 10398, 0.015, 128353, 0.191, 136391.0, 0.202, 327, 0.0, 10153.5, 0.015
'PRANK_b0#0079_hhT_tree_88_OP_0.1810795500099957_Split_79.fasta', 26691.0, 0.039, 19967, 0.029, 10319, 0.015, 128605, 0.188, 136375.0, 0.199, 838, 0.001, 10996.5, 0.016
'PRANK_b0#0079_ttH_tree_88_OP_0.1810795500099957_Split_79.fasta', 26560.0, 0.039, 20224, 0.03, 10394, 0.015, 128353, 0.191, 136391.0, 0.202, 327, 0.0, 10177.5, 0.015
'PRANK_b0#0079_ttT_tree_88_OP_0.1810795500099957_Split_79.fasta', 26689.0, 0.039, 19963, 0.029, 10360, 0.015, 128617, 0.188, 136367.0, 0.199, 778, 0.001, 10676.5, 0.016
'PRANK_b0#0080_hhT_tree_3_OP_0.05125309180508808_Split_80.fasta', 31392.0, 0.057, 25415, 0.047, 7437, 0.014, 108307, 0.198, 161393.0, 0.295, -307, -0.001, 62310.5, 0.114
'PRANK_b0#0080_htH_tree_3_OP_0.05125309180508808_Split_80.fasta', 31345.0, 0.059, 25860, 0.048, 7125, 0.013, 107511, 0.201, 161133.0, 0.301, -865, -0.002, 63762.5, 0.119
'PRANK_b0#0080_htT_tree_3_OP_0.05125309180508808_Split_80.fasta', 31392.0, 0.057, 25415, 0.047, 7551, 0.014, 108307, 0.198, 161393.0, 0.295, -307, -0.001, 61626.5, 0.113
'PRANK_b0#0080_ttH_tree_3_OP_0.05125309180508808_Split_80.fasta', 31345.0, 0.059, 25860, 0.048, 7127, 0.013, 107511, 0.201, 161133.0, 0.301, -865, -0.002, 63750.5, 0.119
'PRANK_b0#0081_hhH_tree_5_OP_0.22898839817158656_Split_81.fasta', 31102.0, 0.053, 23502, 0.04, 9921, 0.017, 112713, 0.191, 158972.0, 0.269, 3770, 0.006, 46859.5, 0.079
'PRANK_b0#0081_hhT_tree_51_OP_0.3986228120499837_Split_81.fasta', 32619.0, 0.053, 22472, 0.036, 10891, 0.018, 111739, 0.18, 166690.0, 0.268, 3681, 0.006, 49155.5, 0.079
'PRANK_b0#0081_hhT_tree_73_OP_0.04516409856856096_Split_81.fasta', 30923.0, 0.054, 25227, 0.044, 6758, 0.012, 109621, 0.192, 156330.0, 0.274, -277, -0.0, 60694.5, 0.107
'PRANK_b0#0081_htH_tree_51_OP_0.3986228120499837_Split_81.fasta', 32510.0, 0.052, 22438, 0.036, 10833, 0.017, 112025, 0.178, 166308.0, 0.265, 3624, 0.006, 48921.5, 0.078
'PRANK_b0#0081_htT_tree_5_OP_0.22898839817158656_Split_81.fasta', 31343.0, 0.053, 23364, 0.04, 9953, 0.017, 112507, 0.192, 159917.0, 0.273, 3113, 0.005, 47058.5, 0.08
'PRANK_b0#0081_htT_tree_73_OP_0.04516409856856096_Split_81.fasta', 30923.0, 0.054, 25227, 0.044, 6758, 0.012, 109621, 0.192, 156330.0, 0.274, -277, -0.0, 60694.5, 0.107
'PRANK_b0#0081_thH_tree_5_OP_0.22898839817158656_Split_81.fasta', 31098.0, 0.053, 23502, 0.04, 9923, 0.017, 112721, 0.191, 158948.0, 0.269, 3770, 0.006, 46819.5, 0.079
'PRANK_b0#0081_thH_tree_73_OP_0.04516409856856096_Split_81.fasta', 30651.0, 0.054, 25603, 0.045, 6464, 0.011, 109413, 0.193, 154807.0, 0.273, -1348, -0.002, 59968.5, 0.106
'PRANK_b0#0081_thT_tree_51_OP_0.3986228120499837_Split_81.fasta', 32662.0, 0.053, 22266, 0.036, 11184, 0.018, 112065, 0.18, 167116.0, 0.269, 3373, 0.005, 47352.5, 0.076
'PRANK_b0#0081_ttH_tree_51_OP_0.3986228120499837_Split_81.fasta', 32632.0, 0.052, 22522, 0.036, 10659, 0.017, 111613, 0.178, 166941.0, 0.266, 3739, 0.006, 50919.5, 0.081
'PRANK_b0#0081_ttH_tree_73_OP_0.04516409856856096_Split_81.fasta', 30647.0, 0.054, 25601, 0.045, 6461, 0.011, 109425, 0.193, 154757.0, 0.273, -1323, -0.002, 59955.5, 0.106
'PRANK_b0#0081_ttT_tree_5_OP_0.22898839817158656_Split_81.fasta', 31347.0, 0.053, 23355, 0.04, 9955, 0.017, 112517, 0.192, 159933.0, 0.273, 3107, 0.005, 47051.5, 0.08
'PRANK_b0#0085_hhT_tree_59_OP_0.3079281034987719_Split_85.fasta', 29204.0, 0.045, 23123, 0.035, 10652, 0.016, 117267, 0.18, 151980.0, 0.233, -1473, -0.002, 27961.5, 0.043
'PRANK_b0#0085_thT_tree_59_OP_0.3079281034987719_Split_85.fasta', 29188.0, 0.045, 23144, 0.035, 10695, 0.016, 117257, 0.18, 151948.0, 0.233, -1450, -0.002, 27699.5, 0.042
'PRANK_b0#0085_ttH_tree_59_OP_0.3079281034987719_Split_85.fasta', 29215.0, 0.044, 22991, 0.035, 10674, 0.016, 117509, 0.179, 152060.0, 0.231, -1479, -0.002, 27782.5, 0.042
'PRANK_b0#0085_ttT_tree_59_OP_0.3079281034987719_Split_85.fasta', 29181.0, 0.045, 23108, 0.035, 10659, 0.016, 117343, 0.179, 151969.0, 0.232, -1597, -0.002, 27746.5, 0.042
'PRANK_b0#0086_hhH_tree_46_OP_0.17943757149806483_Split_86.fasta', 31452.0, 0.053, 24513, 0.042, 9158, 0.016, 109991, 0.186, 160496.0, 0.272, 641, 0.001, 51193.5, 0.087
'PRANK_b0#0086_hhT_tree_46_OP_0.17943757149806483_Split_86.fasta', 31523.0, 0.053, 24530, 0.041, 9041, 0.015, 109815, 0.186, 160891.0, 0.272, 80, 0.0, 51817.5, 0.088
'PRANK_b0#0086_hhT_tree_47_OP_0.4322745197435511_Split_86.fasta', 30459.0, 0.047, 21299, 0.033, 13421, 0.021, 118405, 0.184, 153392.0, 0.239, 2614, 0.004, 16277.5, 0.025
'PRANK_b0#0086_htT_tree_47_OP_0.4322745197435511_Split_86.fasta', 30453.0, 0.047, 21301, 0.033, 13460, 0.021, 118413, 0.184, 153354.0, 0.239, 2609, 0.004, 15996.5, 0.025
'PRANK_b0#0086_thT_tree_46_OP_0.17943757149806483_Split_86.fasta', 31464.0, 0.053, 24603, 0.042, 9087, 0.015, 109787, 0.186, 160543.0, 0.271, 524, 0.001, 51651.5, 0.087
'PRANK_b0#0086_thT_tree_47_OP_0.4322745197435511_Split_86.fasta', 30479.0, 0.048, 21279, 0.033, 13240, 0.021, 118405, 0.185, 153513.0, 0.24, 2875, 0.004, 17745.5, 0.028
'PRANK_b0#0086_ttH_tree_46_OP_0.17943757149806483_Split_86.fasta', 31656.0, 0.054, 24281, 0.041, 9074, 0.015, 110047, 0.187, 162556.0, 0.276, 652, 0.001, 53740.5, 0.091
'PRANK_b0#0086_ttH_tree_47_OP_0.4322745197435511_Split_86.fasta', 30030.0, 0.047, 21852, 0.034, 13145, 0.021, 118157, 0.185, 150920.0, 0.237, 3137, 0.005, 16108.5, 0.025
'PRANK_b0#0087_hhT_tree_44_OP_0.200818760412537_Split_87.fasta', 28504.0, 0.041, 26146, 0.038, 8569, 0.012, 112621, 0.162, 147053.0, 0.211, -1761, -0.003, 37567.5, 0.054
'PRANK_b0#0087_htT_tree_44_OP_0.200818760412537_Split_87.fasta', 28504.0, 0.041, 26146, 0.038, 8567, 0.012, 112621, 0.162, 147053.0, 0.211, -1761, -0.003, 37579.5, 0.054
'PRANK_b0#0087_thT_tree_44_OP_0.200818760412537_Split_87.fasta', 28534.0, 0.041, 26129, 0.037, 8580, 0.012, 112595, 0.162, 147323.0, 0.211, -1764, -0.003, 37781.5, 0.054
'PRANK_b0#0087_ttT_tree_44_OP_0.200818760412537_Split_87.fasta', 28509.0, 0.041, 26141, 0.038, 8569, 0.012, 112621, 0.162, 147089.0, 0.211, -1754, -0.003, 37610.5, 0.054
'PRANK_b0#0088_hhH_tree_14_OP_0.3064418702671071_Split_88.fasta', 23775.0, 0.034, 15365, 0.022, 10011, 0.014, 143641, 0.204, 123472.0, 0.175, 1182, 0.002, -7232.5, -0.01
'PRANK_b0#0088_hhT_tree_92_OP_0.23387605000900108_Split_88.fasta', 31323.0, 0.052, 23218, 0.038, 9727, 0.016, 112839, 0.187, 160283.0, 0.265, 276, 0.0, 45777.5, 0.076
'PRANK_b0#0088_htH_tree_92_OP_0.23387605000900108_Split_88.fasta', 31474.0, 0.053, 23113, 0.039, 10360, 0.018, 112747, 0.191, 161842.0, 0.275, 1433, 0.002, 44741.5, 0.076
'PRANK_b0#0088_htT_tree_14_OP_0.3064418702671071_Split_88.fasta', 24091.0, 0.036, 16038, 0.024, 9757, 0.015, 141663, 0.213, 125093.0, 0.188, 1326, 0.002, -2954.5, -0.004
'PRANK_b0#0088_thH_tree_92_OP_0.23387605000900108_Split_88.fasta', 31470.0, 0.053, 23119, 0.039, 10259, 0.017, 112743, 0.191, 161834.0, 0.275, 1218, 0.002, 45126.5, 0.077
'PRANK_b0#0088_thT_tree_14_OP_0.3064418702671071_Split_88.fasta', 24137.0, 0.036, 16097, 0.024, 9771, 0.015, 141453, 0.213, 125371.0, 0.188, 1443, 0.002, -2538.5, -0.004
'PRANK_b0#0088_thT_tree_92_OP_0.23387605000900108_Split_88.fasta', 31136.0, 0.052, 23353, 0.039, 9572, 0.016, 112943, 0.188, 159745.0, 0.266, 554, 0.001, 46395.5, 0.077
'PRANK_b0#0088_ttH_tree_14_OP_0.3064418702671071_Split_88.fasta', 23775.0, 0.034, 15365, 0.022, 10011, 0.014, 143641, 0.204, 123472.0, 0.175, 1182, 0.002, -7232.5, -0.01
'PRANK_b0#0089_hhH_tree_21_OP_0.22890592879188038_Split_89.fasta', 32740.0, 0.056, 24517, 0.042, 10300, 0.018, 107407, 0.185, 167771.0, 0.289, 1153, 0.002, 53420.5, 0.092
'PRANK_b0#0089_htT_tree_21_OP_0.22890592879188038_Split_89.fasta', 32858.0, 0.057, 24400, 0.042, 10657, 0.018, 107405, 0.185, 168421.0, 0.291, 1208, 0.002, 51984.5, 0.09
'PRANK_b0#0089_thH_tree_21_OP_0.22890592879188038_Split_89.fasta', 32745.0, 0.056, 24518, 0.042, 10226, 0.018, 107395, 0.185, 167776.0, 0.289, 1165, 0.002, 53887.5, 0.093
'PRANK_b0#0089_ttT_tree_21_OP_0.22890592879188038_Split_89.fasta', 32882.0, 0.057, 24385, 0.042, 10601, 0.018, 107387, 0.185, 168493.0, 0.291, 1208, 0.002, 52401.5, 0.09
'PRANK_b0#0090_hhT_tree_95_OP_0.1030307002700046_Split_90.fasta', 31488.0, 0.056, 27233, 0.049, 7210, 0.013, 104479, 0.187, 163274.0, 0.292, 306, 0.001, 68080.5, 0.122
'PRANK_b0#0090_thH_tree_95_OP_0.1030307002700046_Split_90.fasta', 32070.0, 0.059, 27437, 0.051, 7130, 0.013, 102907, 0.19, 165948.0, 0.307, 181, 0.0, 71895.5, 0.133
'PRANK_b0#0090_ttH_tree_95_OP_0.1030307002700046_Split_90.fasta', 32157.0, 0.06, 27364, 0.051, 7128, 0.013, 102879, 0.19, 166209.0, 0.308, 216, 0.0, 72217.5, 0.134
'PRANK_b0#0090_ttT_tree_95_OP_0.1030307002700046_Split_90.fasta', 31577.0, 0.056, 27158, 0.049, 7209, 0.013, 104451, 0.187, 163539.0, 0.292, 325, 0.001, 68384.5, 0.122
'PRANK_b0#0091_hhH_tree_4_OP_0.3917727204478945_Split_91.fasta', 31305.0, 0.048, 22117, 0.034, 12004, 0.018, 115077, 0.177, 160498.0, 0.247, 1558, 0.002, 32493.5, 0.05
'PRANK_b0#0091_htT_tree_4_OP_0.3917727204478945_Split_91.fasta', 31670.0, 0.049, 22310, 0.035, 12076, 0.019, 113961, 0.177, 161941.0, 0.252, 2211, 0.003, 34715.5, 0.054
'PRANK_b0#0091_thH_tree_4_OP_0.3917727204478945_Split_91.fasta', 31219.0, 0.048, 21976, 0.034, 12235, 0.019, 115531, 0.178, 160189.0, 0.247, 1746, 0.003, 30759.5, 0.047
'PRANK_b0#0091_thT_tree_4_OP_0.3917727204478945_Split_91.fasta', 31549.0, 0.049, 22199, 0.034, 12223, 0.019, 114425, 0.178, 161209.0, 0.25, 2028, 0.003, 32686.5, 0.051
'PRANK_b0#0096_hhH_tree_77_OP_0.06320220646162977_Split_96.fasta', 27627.0, 0.042, 22890, 0.035, 7880, 0.012, 120887, 0.184, 143231.0, 0.218, -96, -0.0, 35411.5, 0.054
'PRANK_b0#0096_hhT_tree_77_OP_0.06320220646162977_Split_96.fasta', 26265.0, 0.035, 21724, 0.029, 7894, 0.011, 125943, 0.17, 136662.0, 0.184, -20, -0.0, 26306.5, 0.035
'PRANK_b0#0096_htH_tree_77_OP_0.06320220646162977_Split_96.fasta', 27627.0, 0.042, 22890, 0.035, 7880, 0.012, 120887, 0.184, 143231.0, 0.218, -96, -0.0, 35411.5, 0.054
'PRANK_b0#0096_ttT_tree_77_OP_0.06320220646162977_Split_96.fasta', 26218.0, 0.035, 21535, 0.029, 7920, 0.011, 126415, 0.171, 136449.0, 0.184, -210, -0.0, 25511.5, 0.034
'PRANK_b1#0000_hhH_tree_61_OP_0.4330011748014624_Split_0.fasta', 31535.0, 0.05, 22404, 0.036, 12424, 0.02, 114043, 0.182, 159724.0, 0.255, 4723, 0.008, 32881.5, 0.052
'PRANK_b1#0000_hhT_tree_61_OP_0.4330011748014624_Split_0.fasta', 31711.0, 0.05, 22135, 0.035, 12446, 0.02, 114229, 0.18, 160768.0, 0.254, 5405, 0.009, 34382.5, 0.054
'PRANK_b1#0000_htH_tree_61_OP_0.4330011748014624_Split_0.fasta', 31535.0, 0.05, 22403, 0.036, 12423, 0.02, 114045, 0.182, 159724.0, 0.255, 4723, 0.008, 32886.5, 0.052
'PRANK_b1#0000_htT_tree_61_OP_0.4330011748014624_Split_0.fasta', 31734.0, 0.05, 22113, 0.035, 12438, 0.02, 114227, 0.18, 160816.0, 0.254, 5314, 0.008, 34388.5, 0.054
'PRANK_b1#0001_hhH_tree_89_OP_0.08315440018559267_Split_1.fasta', 32659.0, 0.058, 26412, 0.047, 7839, 0.014, 103779, 0.184, 166481.0, 0.295, 1925, 0.003, 69482.5, 0.123
'PRANK_b1#0001_hhT_tree_89_OP_0.08315440018559267_Split_1.fasta', 32724.0, 0.058, 26381, 0.047, 7861, 0.014, 103711, 0.184, 166852.0, 0.296, 2036, 0.004, 69866.5, 0.124
'PRANK_b1#0001_htH_tree_89_OP_0.08315440018559267_Split_1.fasta', 32659.0, 0.058, 26416, 0.047, 7836, 0.014, 103771, 0.184, 166479.0, 0.295, 1993, 0.004, 69570.5, 0.123
'PRANK_b1#0001_htT_tree_89_OP_0.08315440018559267_Split_1.fasta', 32677.0, 0.058, 26432, 0.047, 7843, 0.014, 103703, 0.184, 166651.0, 0.296, 1935, 0.003, 69676.5, 0.124
'PRANK_b1#0004_hhH_tree_20_OP_0.1825262028599538_Split_4.fasta', 30165.0, 0.048, 22553, 0.036, 9638, 0.015, 116485, 0.186, 154653.0, 0.247, 3201, 0.005, 41783.5, 0.067
'PRANK_b1#0004_hhH_tree_2_OP_0.0971126692608415_Split_4.fasta', 30174.0, 0.045, 25136, 0.038, 8941, 0.013, 111301, 0.166, 153167.0, 0.229, 337, 0.001, 44207.5, 0.066
'PRANK_b1#0004_hhT_tree_20_OP_0.1825262028599538_Split_4.fasta', 30151.0, 0.048, 23021, 0.036, 8344, 0.013, 115577, 0.182, 153691.0, 0.243, 2757, 0.004, 48595.5, 0.077
'PRANK_b1#0004_hhT_tree_2_OP_0.0971126692608415_Split_4.fasta', 27330.0, 0.043, 24858, 0.039, 9761, 0.016, 117545, 0.187, 139084.0, 0.221, -1360, -0.002, 20385.5, 0.032
'PRANK_b1#0004_htH_tree_20_OP_0.1825262028599538_Split_4.fasta', 30141.0, 0.048, 22752, 0.036, 9433, 0.015, 116135, 0.185, 154705.0, 0.247, 3226, 0.005, 43265.5, 0.069
'PRANK_b1#0004_htH_tree_2_OP_0.0971126692608415_Split_4.fasta', 30089.0, 0.045, 25122, 0.038, 8942, 0.013, 111499, 0.167, 153267.0, 0.229, 293, 0.0, 44158.5, 0.066
'PRANK_b1#0004_htT_tree_20_OP_0.1825262028599538_Split_4.fasta', 30119.0, 0.048, 23045, 0.036, 8334, 0.013, 115593, 0.183, 153403.0, 0.242, 2771, 0.004, 48373.5, 0.076
'PRANK_b1#0004_htT_tree_2_OP_0.0971126692608415_Split_4.fasta', 27321.0, 0.043, 24876, 0.04, 9774, 0.016, 117527, 0.187, 139020.0, 0.221, -1357, -0.002, 20255.5, 0.032
'PRANK_b1#0005_hhH_tree_67_OP_0.008476858088944328_Split_5.fasta', 31728.0, 0.058, 26579, 0.049, 5554, 0.01, 105307, 0.193, 164133.0, 0.301, -3660, -0.007, 74495.5, 0.137
'PRANK_b1#0005_hhT_tree_67_OP_0.008476858088944328_Split_5.fasta', 31123.0, 0.054, 25978, 0.045, 6011, 0.01, 107719, 0.186, 160758.0, 0.278, -3121, -0.005, 67711.5, 0.117
'PRANK_b1#0005_htH_tree_67_OP_0.008476858088944328_Split_5.fasta', 31728.0, 0.058, 26579, 0.049, 5557, 0.01, 105307, 0.193, 164133.0, 0.301, -3660, -0.007, 74477.5, 0.137
'PRANK_b1#0005_htT_tree_67_OP_0.008476858088944328_Split_5.fasta', 31125.0, 0.054, 25972, 0.045, 6016, 0.01, 107727, 0.186, 160764.0, 0.278, -3121, -0.005, 67683.5, 0.117
'PRANK_b1#0006_hhH_tree_90_OP_0.4673207261707267_Split_6.fasta', 30016.0, 0.046, 21102, 0.032, 13627, 0.021, 119685, 0.184, 157160.0, 0.242, 3529, 0.005, 19084.5, 0.029
'PRANK_b1#0006_hhT_tree_90_OP_0.4673207261707267_Split_6.fasta', 29912.0, 0.046, 21180, 0.033, 13777, 0.021, 119737, 0.184, 156879.0, 0.242, 3750, 0.006, 18098.5, 0.028
'PRANK_b1#0006_htH_tree_90_OP_0.4673207261707267_Split_6.fasta', 30059.0, 0.046, 21129, 0.032, 13629, 0.021, 119545, 0.184, 157402.0, 0.242, 3597, 0.006, 19452.5, 0.03
'PRANK_b1#0006_htT_tree_90_OP_0.4673207261707267_Split_6.fasta', 30059.0, 0.046, 21186, 0.033, 13661, 0.021, 119431, 0.184, 157315.0, 0.242, 3824, 0.006, 19457.5, 0.03
'PRANK_b1#0007_hhH_tree_41_OP_0.02098294888047958_Split_7.fasta', 28757.0, 0.047, 23828, 0.039, 4971, 0.008, 116751, 0.19, 145072.0, 0.236, -2155, -0.004, 54715.5, 0.089
'PRANK_b1#0007_hhT_tree_41_OP_0.02098294888047958_Split_7.fasta', 29009.0, 0.048, 24310, 0.04, 5970, 0.01, 115283, 0.189, 146065.0, 0.24, -1482, -0.002, 51121.5, 0.084
'PRANK_b1#0007_htH_tree_41_OP_0.02098294888047958_Split_7.fasta', 28757.0, 0.047, 23828, 0.039, 4971, 0.008, 116751, 0.19, 145072.0, 0.236, -2155, -0.004, 54715.5, 0.089
'PRANK_b1#0007_htT_tree_41_OP_0.02098294888047958_Split_7.fasta', 29009.0, 0.048, 24310, 0.04, 5970, 0.01, 115283, 0.189, 146065.0, 0.24, -1482, -0.002, 51121.5, 0.084
'PRANK_b1#0008_hhH_tree_15_OP_0.23700500204391878_Split_8.fasta', 29447.0, 0.044, 21301, 0.032, 12203, 0.018, 120425, 0.18, 150050.0, 0.224, 2169, 0.003, 18788.5, 0.028
'PRANK_b1#0008_hhT_tree_15_OP_0.23700500204391878_Split_8.fasta', 27624.0, 0.042, 22468, 0.034, 12670, 0.019, 121737, 0.184, 140409.0, 0.213, 1398, 0.002, 4918.5, 0.007
'PRANK_b1#0008_htH_tree_15_OP_0.23700500204391878_Split_8.fasta', 29459.0, 0.044, 21337, 0.032, 12610, 0.019, 120329, 0.181, 149894.0, 0.225, 2154, 0.003, 16223.5, 0.024
'PRANK_b1#0008_htT_tree_15_OP_0.23700500204391878_Split_8.fasta', 28567.0, 0.045, 24121, 0.038, 12794, 0.02, 116545, 0.185, 146454.0, 0.232, 2267, 0.004, 13684.5, 0.022
'PRANK_b1#0009_hhH_tree_29_OP_0.3263217068805121_Split_9.fasta', 28993.0, 0.044, 24492, 0.037, 13126, 0.02, 114951, 0.174, 147926.0, 0.224, 755, 0.001, 12449.5, 0.019
'PRANK_b1#0009_hhT_tree_29_OP_0.3263217068805121_Split_9.fasta', 28588.0, 0.042, 22854, 0.033, 13170, 0.019, 119037, 0.174, 146106.0, 0.213, 1413, 0.002, 8980.5, 0.013
'PRANK_b1#0009_htH_tree_29_OP_0.3263217068805121_Split_9.fasta', 28970.0, 0.044, 24516, 0.037, 13131, 0.02, 114949, 0.174, 147857.0, 0.224, 737, 0.001, 12333.5, 0.019
'PRANK_b1#0009_htT_tree_29_OP_0.3263217068805121_Split_9.fasta', 28596.0, 0.042, 22835, 0.033, 13244, 0.019, 119059, 0.174, 146148.0, 0.213, 1440, 0.002, 8594.5, 0.013
'PRANK_b1#0010_hhH_tree_55_OP_0.12131382649812672_Split_10.fasta', 31515.0, 0.055, 25574, 0.044, 9576, 0.017, 107743, 0.187, 161730.0, 0.281, 1750, 0.003, 52152.5, 0.091
'PRANK_b1#0010_hhH_tree_78_OP_0.2199134490774199_Split_10.fasta', 23395.0, 0.033, 18463, 0.026, 8857, 0.012, 138205, 0.193, 120028.0, 0.168, -1892, -0.003, -4108.5, -0.006
'PRANK_b1#0010_hhH_tree_93_OP_0.22235197408396468_Split_10.fasta', 32373.0, 0.056, 23828, 0.041, 8968, 0.015, 109519, 0.188, 167876.0, 0.288, 1892, 0.003, 61200.5, 0.105
'PRANK_b1#0010_hhT_tree_55_OP_0.12131382649812672_Split_10.fasta', 31578.0, 0.054, 25528, 0.044, 9637, 0.017, 107709, 0.186, 161987.0, 0.28, 1853, 0.003, 52163.5, 0.09
'PRANK_b1#0010_hhT_tree_78_OP_0.2199134490774199_Split_10.fasta', 23245.0, 0.032, 18646, 0.026, 9355, 0.013, 138139, 0.193, 118680.0, 0.166, -1989, -0.003, -8508.5, -0.012
'PRANK_b1#0010_hhT_tree_93_OP_0.22235197408396468_Split_10.fasta', 32383.0, 0.056, 23907, 0.041, 8967, 0.015, 109341, 0.189, 167929.0, 0.29, 1904, 0.003, 61360.5, 0.106
'PRANK_b1#0010_htH_tree_55_OP_0.12131382649812672_Split_10.fasta', 31515.0, 0.055, 25574, 0.044, 9581, 0.017, 107743, 0.187, 161730.0, 0.281, 1750, 0.003, 52122.5, 0.091
'PRANK_b1#0010_htH_tree_78_OP_0.2199134490774199_Split_10.fasta', 23342.0, 0.033, 18336, 0.026, 8814, 0.012, 138565, 0.194, 119857.0, 0.168, -1943, -0.003, -4252.5, -0.006
'PRANK_b1#0010_htH_tree_93_OP_0.22235197408396468_Split_10.fasta', 32373.0, 0.056, 23828, 0.041, 8984, 0.015, 109519, 0.188, 167876.0, 0.288, 1892, 0.003, 61104.5, 0.105
'PRANK_b1#0010_htT_tree_55_OP_0.12131382649812672_Split_10.fasta', 31565.0, 0.054, 25535, 0.044, 9644, 0.017, 107721, 0.186, 161909.0, 0.279, 1847, 0.003, 52031.5, 0.09
'PRANK_b1#0010_htT_tree_78_OP_0.2199134490774199_Split_10.fasta', 23245.0, 0.032, 18646, 0.026, 9357, 0.013, 138139, 0.193, 118680.0, 0.166, -1989, -0.003, -8520.5, -0.012
'PRANK_b1#0010_htT_tree_93_OP_0.22235197408396468_Split_10.fasta', 32425.0, 0.056, 23936, 0.041, 8933, 0.015, 109199, 0.189, 168114.0, 0.291, 1838, 0.003, 61754.5, 0.107
'PRANK_b1#0012_hhH_tree_39_OP_0.22687500454657905_Split_12.fasta', 33078.0, 0.059, 24718, 0.044, 9615, 0.017, 106329, 0.189, 169333.0, 0.301, 2057, 0.004, 60535.5, 0.108
'PRANK_b1#0012_hhH_tree_42_OP_0.0496315149686164_Split_12.fasta', 31286.0, 0.053, 24080, 0.041, 7538, 0.013, 111189, 0.189, 160246.0, 0.273, -113, -0.0, 59310.5, 0.101
'PRANK_b1#0012_hhT_tree_39_OP_0.22687500454657905_Split_12.fasta', 32970.0, 0.058, 24682, 0.043, 9479, 0.017, 106617, 0.187, 168696.0, 0.296, 1456, 0.003, 59969.5, 0.105
'PRANK_b1#0012_hhT_tree_42_OP_0.0496315149686164_Split_12.fasta', 31275.0, 0.053, 24575, 0.041, 6765, 0.011, 110221, 0.186, 160761.0, 0.271, -729, -0.001, 64331.5, 0.108
'PRANK_b1#0012_htH_tree_39_OP_0.22687500454657905_Split_12.fasta', 33053.0, 0.059, 24743, 0.044, 9615, 0.017, 106329, 0.189, 169183.0, 0.301, 2123, 0.004, 60451.5, 0.108
'PRANK_b1#0012_htH_tree_42_OP_0.0496315149686164_Split_12.fasta', 31306.0, 0.053, 24065, 0.041, 7567, 0.013, 111179, 0.189, 160370.0, 0.273, -202, -0.0, 59176.5, 0.101
'PRANK_b1#0012_htT_tree_39_OP_0.22687500454657905_Split_12.fasta', 32970.0, 0.058, 24682, 0.043, 9477, 0.017, 106617, 0.187, 168696.0, 0.296, 1456, 0.003, 59981.5, 0.105
'PRANK_b1#0012_htT_tree_42_OP_0.0496315149686164_Split_12.fasta', 31260.0, 0.053, 24596, 0.041, 6765, 0.011, 110209, 0.185, 160671.0, 0.27, -675, -0.001, 64301.5, 0.108
'PRANK_b1#0015_hhH_tree_18_OP_0.2024155938605975_Split_15.fasta', 32798.0, 0.059, 24232, 0.043, 10405, 0.019, 107861, 0.194, 166271.0, 0.298, 1547, 0.003, 51457.5, 0.092
'PRANK_b1#0015_hhT_tree_18_OP_0.2024155938605975_Split_15.fasta', 33008.0, 0.06, 24261, 0.044, 10175, 0.018, 107383, 0.195, 167085.0, 0.303, 1788, 0.003, 54131.5, 0.098
'PRANK_b1#0015_htH_tree_18_OP_0.2024155938605975_Split_15.fasta', 32825.0, 0.059, 24230, 0.043, 10380, 0.019, 107811, 0.193, 166351.0, 0.298, 1525, 0.003, 51690.5, 0.093
'PRANK_b1#0015_htT_tree_18_OP_0.2024155938605975_Split_15.fasta', 33008.0, 0.06, 24258, 0.044, 10179, 0.018, 107389, 0.195, 167085.0, 0.303, 1835, 0.003, 54151.5, 0.098
'PRANK_b1#0017_hhH_tree_25_OP_0.40331807202508463_Split_17.fasta', 31068.0, 0.049, 22702, 0.036, 12719, 0.02, 114381, 0.182, 160824.0, 0.255, 4170, 0.007, 31489.5, 0.05
'PRANK_b1#0017_hhT_tree_25_OP_0.40331807202508463_Split_17.fasta', 30768.0, 0.048, 22507, 0.035, 12435, 0.019, 115371, 0.178, 161002.0, 0.249, 3549, 0.005, 32255.5, 0.05
'PRANK_b1#0017_htH_tree_25_OP_0.40331807202508463_Split_17.fasta', 30552.0, 0.047, 22651, 0.035, 12362, 0.019, 115515, 0.178, 158204.0, 0.244, 3751, 0.006, 30025.5, 0.046
'PRANK_b1#0017_htT_tree_25_OP_0.40331807202508463_Split_17.fasta', 30719.0, 0.045, 22404, 0.033, 12429, 0.018, 115675, 0.171, 160718.0, 0.238, 3638, 0.005, 31944.5, 0.047
'PRANK_b1#0018_hhH_tree_75_OP_0.4799762788828158_Split_18.fasta', 30893.0, 0.046, 21568, 0.032, 12041, 0.018, 116999, 0.175, 159617.0, 0.238, 4685, 0.007, 33556.5, 0.05
'PRANK_b1#0018_hhT_tree_75_OP_0.4799762788828158_Split_18.fasta', 30777.0, 0.045, 21706, 0.032, 11656, 0.017, 116955, 0.172, 159189.0, 0.235, 4470, 0.007, 35245.5, 0.052
'PRANK_b1#0018_htH_tree_75_OP_0.4799762788828158_Split_18.fasta', 30738.0, 0.046, 21743, 0.032, 12097, 0.018, 116959, 0.174, 157448.0, 0.234, 4125, 0.006, 30511.5, 0.045
'PRANK_b1#0018_htT_tree_75_OP_0.4799762788828158_Split_18.fasta', 30662.0, 0.045, 21768, 0.032, 12081, 0.018, 117061, 0.17, 158806.0, 0.231, 4420, 0.006, 32209.5, 0.047
'PRANK_b1#0020_hhH_tree_32_OP_0.46510307915842913_Split_20.fasta', 27679.0, 0.039, 22707, 0.032, 12683, 0.018, 121149, 0.172, 141882.0, 0.201, 3305, 0.005, 8514.5, 0.012
'PRANK_b1#0020_hhH_tree_45_OP_0.34336798907063576_Split_20.fasta', 32861.0, 0.057, 24824, 0.043, 10427, 0.018, 106551, 0.184, 168163.0, 0.291, 2745, 0.005, 55070.5, 0.095
'PRANK_b1#0020_hhT_tree_32_OP_0.46510307915842913_Split_20.fasta', 27266.0, 0.039, 22136, 0.032, 12400, 0.018, 123117, 0.176, 139357.0, 0.199, 3368, 0.005, 6766.5, 0.01
'PRANK_b1#0020_hhT_tree_45_OP_0.34336798907063576_Split_20.fasta', 32266.0, 0.055, 24245, 0.042, 10660, 0.018, 108899, 0.187, 164395.0, 0.283, 2573, 0.004, 48558.5, 0.083
'PRANK_b1#0020_htH_tree_32_OP_0.46510307915842913_Split_20.fasta', 27621.0, 0.039, 22704, 0.032, 12990, 0.018, 121271, 0.17, 141692.0, 0.199, 2653, 0.004, 5769.5, 0.008
'PRANK_b1#0020_htH_tree_45_OP_0.34336798907063576_Split_20.fasta', 32862.0, 0.057, 24807, 0.043, 10439, 0.018, 106583, 0.184, 168165.0, 0.291, 2743, 0.005, 54982.5, 0.095
'PRANK_b1#0020_htT_tree_32_OP_0.46510307915842913_Split_20.fasta', 27342.0, 0.039, 22195, 0.032, 12358, 0.018, 122847, 0.175, 139666.0, 0.199, 3465, 0.005, 7559.5, 0.011
'PRANK_b1#0020_htT_tree_45_OP_0.34336798907063576_Split_20.fasta', 32028.0, 0.055, 24217, 0.042, 10884, 0.019, 109431, 0.188, 163919.0, 0.282, 2545, 0.004, 46444.5, 0.08
'PRANK_b1#0021_hhH_tree_72_OP_0.03379288926432422_Split_21.fasta', 30809.0, 0.049, 26300, 0.042, 7205, 0.012, 107703, 0.172, 159307.0, 0.255, -2279, -0.004, 59946.5, 0.096
'PRANK_b1#0021_hhT_tree_72_OP_0.03379288926432422_Split_21.fasta', 30926.0, 0.046, 25621, 0.038, 7383, 0.011, 108827, 0.162, 159615.0, 0.237, -244, -0.0, 60659.5, 0.09
'PRANK_b1#0021_htH_tree_72_OP_0.03379288926432422_Split_21.fasta', 30809.0, 0.049, 26300, 0.042, 7199, 0.012, 107703, 0.172, 159307.0, 0.255, -2279, -0.004, 59982.5, 0.096
'PRANK_b1#0021_htT_tree_72_OP_0.03379288926432422_Split_21.fasta', 30882.0, 0.046, 25669, 0.038, 7422, 0.011, 108819, 0.162, 159483.0, 0.237, -344, -0.001, 60197.5, 0.09
'PRANK_b1#0022_hhH_tree_82_OP_0.3028561213552523_Split_22.fasta', 29863.0, 0.04, 24919, 0.034, 10990, 0.015, 112357, 0.152, 153768.0, 0.207, 1774, 0.002, 33423.5, 0.045
'PRANK_b1#0022_hhH_tree_83_OP_0.37330283834351374_Split_22.fasta', 33684.0, 0.059, 24510, 0.043, 9398, 0.016, 105533, 0.185, 173865.0, 0.305, 1217, 0.002, 65927.5, 0.115
'PRANK_b1#0022_hhT_tree_82_OP_0.3028561213552523_Split_22.fasta', 29756.0, 0.043, 24645, 0.036, 11188, 0.016, 113119, 0.164, 152836.0, 0.222, 1745, 0.003, 30893.5, 0.045
'PRANK_b1#0022_hhT_tree_83_OP_0.37330283834351374_Split_22.fasta', 32323.0, 0.054, 24117, 0.04, 9066, 0.015, 109041, 0.181, 165514.0, 0.275, 1300, 0.002, 57897.5, 0.096
'PRANK_b1#0022_htH_tree_82_OP_0.3028561213552523_Split_22.fasta', 29915.0, 0.04, 24879, 0.034, 10928, 0.015, 112333, 0.152, 153924.0, 0.208, 1862, 0.003, 34051.5, 0.046
'PRANK_b1#0022_htH_tree_83_OP_0.37330283834351374_Split_22.fasta', 33664.0, 0.059, 24535, 0.043, 9348, 0.016, 105523, 0.185, 173769.0, 0.304, 1220, 0.002, 66139.5, 0.116
'PRANK_b1#0022_htT_tree_82_OP_0.3028561213552523_Split_22.fasta', 29786.0, 0.043, 24633, 0.036, 11193, 0.016, 113083, 0.164, 153106.0, 0.222, 1733, 0.003, 31139.5, 0.045
'PRANK_b1#0022_htT_tree_83_OP_0.37330283834351374_Split_22.fasta', 32369.0, 0.054, 24253, 0.041, 9041, 0.015, 108677, 0.183, 165818.0, 0.279, 1343, 0.002, 58576.5, 0.099
'PRANK_b1#0024_hhH_tree_12_OP_0.12503863659849623_Split_24.fasta', 29515.0, 0.051, 23675, 0.041, 9745, 0.017, 115541, 0.201, 151472.0, 0.264, -1281, -0.002, 33950.5, 0.059
'PRANK_b1#0024_hhH_tree_28_OP_0.026059464327883253_Split_24.fasta', 30655.0, 0.054, 26696, 0.047, 6500, 0.011, 107219, 0.189, 156106.0, 0.276, -2290, -0.004, 61206.5, 0.108
'PRANK_b1#0024_hhH_tree_34_OP_0.3871869419205337_Split_24.fasta', 33236.0, 0.055, 22698, 0.037, 11095, 0.018, 110053, 0.181, 170314.0, 0.281, 2615, 0.004, 51332.5, 0.085
'PRANK_b1#0024_hhH_tree_58_OP_0.4060880752132891_Split_24.fasta', 32491.0, 0.057, 21967, 0.039, 11661, 0.021, 113005, 0.199, 166905.0, 0.294, 3090, 0.005, 43526.5, 0.077
'PRANK_b1#0024_hhH_tree_65_OP_0.2277419037379937_Split_24.fasta', 29761.0, 0.054, 24849, 0.045, 13541, 0.025, 112701, 0.206, 153083.0, 0.28, -197, -0.0, 15289.5, 0.028
'PRANK_b1#0024_hhT_tree_12_OP_0.12503863659849623_Split_24.fasta', 29483.0, 0.051, 23689, 0.041, 9852, 0.017, 115577, 0.202, 151025.0, 0.263, -1227, -0.002, 32897.5, 0.057
'PRANK_b1#0024_hhT_tree_28_OP_0.026059464327883253_Split_24.fasta', 30912.0, 0.055, 26989, 0.048, 6743, 0.012, 106119, 0.19, 155941.0, 0.279, -2252, -0.004, 60171.5, 0.107
'PRANK_b1#0024_hhT_tree_34_OP_0.3871869419205337_Split_24.fasta', 32324.0, 0.051, 22545, 0.036, 10659, 0.017, 112183, 0.177, 166368.0, 0.263, 2792, 0.004, 49114.5, 0.078
'PRANK_b1#0024_hhT_tree_58_OP_0.4060880752132891_Split_24.fasta', 31725.0, 0.055, 21674, 0.038, 11278, 0.02, 115123, 0.2, 163257.0, 0.284, 4561, 0.008, 42588.5, 0.074
'PRANK_b1#0024_hhT_tree_65_OP_0.2277419037379937_Split_24.fasta', 29496.0, 0.05, 24600, 0.042, 12500, 0.021, 113729, 0.193, 152191.0, 0.258, 86, 0.0, 20412.5, 0.035
'PRANK_b1#0024_htH_tree_12_OP_0.12503863659849623_Split_24.fasta', 29502.0, 0.051, 23681, 0.041, 9752, 0.017, 115555, 0.201, 151394.0, 0.264, -1287, -0.002, 33817.5, 0.059
'PRANK_b1#0024_htH_tree_28_OP_0.026059464327883253_Split_24.fasta', 30655.0, 0.054, 26696, 0.047, 6500, 0.011, 107219, 0.189, 156106.0, 0.276, -2290, -0.004, 61206.5, 0.108
'PRANK_b1#0024_htH_tree_34_OP_0.3871869419205337_Split_24.fasta', 32900.0, 0.053, 22655, 0.037, 10761, 0.017, 110811, 0.18, 169117.0, 0.274, 2253, 0.004, 51398.5, 0.083
'PRANK_b1#0024_htH_tree_58_OP_0.4060880752132891_Split_24.fasta', 32717.0, 0.058, 22112, 0.039, 11435, 0.02, 112263, 0.198, 168301.0, 0.297, 3590, 0.006, 47149.5, 0.083
'PRANK_b1#0024_htH_tree_65_OP_0.2277419037379937_Split_24.fasta', 29752.0, 0.054, 24839, 0.045, 13528, 0.025, 112739, 0.206, 153043.0, 0.279, -269, -0.0, 15236.5, 0.028
'PRANK_b1#0024_htT_tree_12_OP_0.12503863659849623_Split_24.fasta', 29483.0, 0.051, 23689, 0.041, 9852, 0.017, 115577, 0.202, 151025.0, 0.263, -1227, -0.002, 32897.5, 0.057
'PRANK_b1#0024_htT_tree_28_OP_0.026059464327883253_Split_24.fasta', 30912.0, 0.055, 26989, 0.048, 6744, 0.012, 106119, 0.19, 155941.0, 0.279, -2252, -0.004, 60165.5, 0.107
'PRANK_b1#0024_htT_tree_34_OP_0.3871869419205337_Split_24.fasta', 32441.0, 0.052, 22691, 0.036, 10602, 0.017, 111657, 0.178, 166629.0, 0.266, 3111, 0.005, 50299.5, 0.08
'PRANK_b1#0024_htT_tree_58_OP_0.4060880752132891_Split_24.fasta', 31698.0, 0.055, 21708, 0.038, 11272, 0.02, 115109, 0.2, 163129.0, 0.283, 4534, 0.008, 42476.5, 0.074
'PRANK_b1#0024_htT_tree_65_OP_0.2277419037379937_Split_24.fasta', 29518.0, 0.05, 24576, 0.042, 12499, 0.021, 113733, 0.193, 152323.0, 0.258, 19, 0.0, 20481.5, 0.035
'PRANK_b1#0026_hhH_tree_87_OP_0.11403984600375927_Split_26.fasta', 29670.0, 0.047, 22929, 0.037, 8343, 0.013, 116723, 0.187, 152462.0, 0.244, -583, -0.001, 43459.5, 0.07
'PRANK_b1#0026_hhT_tree_87_OP_0.11403984600375927_Split_26.fasta', 29900.0, 0.042, 23286, 0.033, 6792, 0.01, 115549, 0.163, 152800.0, 0.215, -626, -0.001, 53647.5, 0.076
'PRANK_b1#0026_htH_tree_87_OP_0.11403984600375927_Split_26.fasta', 29669.0, 0.047, 22961, 0.037, 8317, 0.013, 116661, 0.187, 152513.0, 0.244, -591, -0.001, 43689.5, 0.07
'PRANK_b1#0026_htT_tree_87_OP_0.11403984600375927_Split_26.fasta', 29913.0, 0.042, 23274, 0.033, 6793, 0.01, 115547, 0.163, 152865.0, 0.216, -625, -0.001, 53708.5, 0.076
'PRANK_b1#0028_hhH_tree_70_OP_0.3490789034502281_Split_28.fasta', 26948.0, 0.038, 21960, 0.031, 11295, 0.016, 124105, 0.176, 140299.0, 0.199, 2752, 0.004, 13228.5, 0.019
'PRANK_b1#0028_hhT_tree_70_OP_0.3490789034502281_Split_28.fasta', 28182.0, 0.04, 21659, 0.031, 10867, 0.016, 122239, 0.175, 145970.0, 0.209, 560, 0.001, 20208.5, 0.029
'PRANK_b1#0028_htH_tree_70_OP_0.3490789034502281_Split_28.fasta', 29081.0, 0.042, 23189, 0.034, 10817, 0.016, 117381, 0.171, 149589.0, 0.218, 2306, 0.003, 28302.5, 0.041
'PRANK_b1#0028_htT_tree_70_OP_0.3490789034502281_Split_28.fasta', 29684.0, 0.043, 22628, 0.033, 10399, 0.015, 117297, 0.17, 152411.0, 0.221, 638, 0.001, 32006.5, 0.046
'PRANK_b1#0029_hhH_tree_1_OP_0.05363264786522631_Split_29.fasta', 24180.0, 0.036, 19656, 0.029, 8111, 0.012, 134249, 0.2, 126439.0, 0.188, 3403, 0.005, 14051.5, 0.021
'PRANK_b1#0029_hhH_tree_62_OP_0.09025347905865139_Split_29.fasta', 26903.0, 0.037, 21548, 0.03, 6631, 0.009, 125019, 0.174, 137061.0, 0.191, -1294, -0.002, 33471.5, 0.047
'PRANK_b1#0029_hhT_tree_1_OP_0.05363264786522631_Split_29.fasta', 24078.0, 0.035, 19509, 0.028, 8323, 0.012, 134747, 0.196, 125672.0, 0.183, 3717, 0.005, 12077.5, 0.018
'PRANK_b1#0029_hhT_tree_62_OP_0.09025347905865139_Split_29.fasta', 27603.0, 0.039, 21976, 0.031, 5995, 0.009, 122763, 0.175, 140001.0, 0.199, -794, -0.001, 41855.5, 0.06
'PRANK_b1#0029_htH_tree_1_OP_0.05363264786522631_Split_29.fasta', 24159.0, 0.036, 19635, 0.029, 8089, 0.012, 134333, 0.2, 126355.0, 0.188, 3361, 0.005, 14015.5, 0.021
'PRANK_b1#0029_htH_tree_62_OP_0.09025347905865139_Split_29.fasta', 26903.0, 0.037, 21548, 0.03, 6631, 0.009, 125019, 0.174, 137061.0, 0.191, -1294, -0.002, 33471.5, 0.047
'PRANK_b1#0029_htT_tree_1_OP_0.05363264786522631_Split_29.fasta', 24118.0, 0.035, 19513, 0.028, 8347, 0.012, 134659, 0.196, 125927.0, 0.183, 3744, 0.005, 12259.5, 0.018
'PRANK_b1#0029_htT_tree_62_OP_0.09025347905865139_Split_29.fasta', 27603.0, 0.039, 21976, 0.031, 5994, 0.009, 122763, 0.175, 140001.0, 0.199, -794, -0.001, 41861.5, 0.06
'PRANK_b1#0030_hhH_tree_68_OP_0.2161589229083642_Split_30.fasta', 31885.0, 0.053, 24855, 0.041, 8764, 0.015, 108441, 0.18, 164270.0, 0.273, 2010, 0.003, 59475.5, 0.099
'PRANK_b1#0030_hhT_tree_68_OP_0.2161589229083642_Split_30.fasta', 31959.0, 0.053, 25012, 0.042, 8842, 0.015, 107979, 0.181, 164392.0, 0.275, 2626, 0.004, 59976.5, 0.1
'PRANK_b1#0030_htH_tree_68_OP_0.2161589229083642_Split_30.fasta', 32004.0, 0.054, 25285, 0.042, 8300, 0.014, 107343, 0.18, 164876.0, 0.276, 2382, 0.004, 63786.5, 0.107
'PRANK_b1#0030_htT_tree_68_OP_0.2161589229083642_Split_30.fasta', 31931.0, 0.053, 25037, 0.042, 8847, 0.015, 107985, 0.181, 164308.0, 0.275, 2604, 0.004, 59837.5, 0.1
'PRANK_b1#0032_hhH_tree_17_OP_0.0883996370966601_Split_32.fasta', 24046.0, 0.037, 22663, 0.035, 9284, 0.014, 128503, 0.199, 124350.0, 0.192, 1704, 0.003, 6098.5, 0.009
'PRANK_b1#0032_hhH_tree_31_OP_0.2991272106085847_Split_32.fasta', 33787.0, 0.058, 24378, 0.042, 8185, 0.014, 105591, 0.182, 172583.0, 0.298, -385, -0.001, 70292.5, 0.121
'PRANK_b1#0032_hhH_tree_57_OP_0.01035969654869301_Split_32.fasta', 29827.0, 0.053, 28972, 0.051, 6346, 0.011, 104323, 0.185, 152801.0, 0.271, -4989, -0.009, 57574.5, 0.102
'PRANK_b1#0032_hhH_tree_74_OP_0.34003546929790274_Split_32.fasta', 32582.0, 0.054, 22575, 0.037, 9978, 0.017, 111607, 0.185, 166995.0, 0.277, 2231, 0.004, 53554.5, 0.089
'PRANK_b1#0032_hhH_tree_76_OP_0.3744455664317578_Split_32.fasta', 31046.0, 0.051, 22306, 0.036, 11729, 0.019, 115217, 0.188, 159012.0, 0.26, 1993, 0.003, 33022.5, 0.054
'PRANK_b1#0032_hhT_tree_17_OP_0.0883996370966601_Split_32.fasta', 23461.0, 0.034, 19198, 0.028, 9150, 0.013, 136603, 0.196, 122601.0, 0.176, 2949, 0.004, 2348.5, 0.003
'PRANK_b1#0032_hhT_tree_31_OP_0.2991272106085847_Split_32.fasta', 33441.0, 0.057, 24294, 0.041, 8401, 0.014, 106451, 0.181, 170824.0, 0.291, -371, -0.001, 66821.5, 0.114
'PRANK_b1#0032_hhT_tree_57_OP_0.01035969654869301_Split_32.fasta', 29866.0, 0.053, 29121, 0.052, 6359, 0.011, 103947, 0.184, 153087.0, 0.271, -5161, -0.009, 57798.5, 0.102
'PRANK_b1#0032_hhT_tree_74_OP_0.34003546929790274_Split_32.fasta', 30259.0, 0.046, 21134, 0.032, 9346, 0.014, 119135, 0.181, 151635.0, 0.23, 979, 0.001, 36970.5, 0.056
'PRANK_b1#0032_hhT_tree_76_OP_0.3744455664317578_Split_32.fasta', 29980.0, 0.047, 21781, 0.034, 10945, 0.017, 118399, 0.185, 152760.0, 0.239, 1062, 0.002, 28952.5, 0.045
'PRANK_b1#0032_htH_tree_17_OP_0.0883996370966601_Split_32.fasta', 24046.0, 0.037, 22663, 0.035, 9244, 0.014, 128503, 0.199, 124350.0, 0.192, 1704, 0.003, 6338.5, 0.01
'PRANK_b1#0032_htH_tree_31_OP_0.2991272106085847_Split_32.fasta', 33789.0, 0.058, 24376, 0.042, 8188, 0.014, 105591, 0.182, 172593.0, 0.298, -467, -0.001, 70202.5, 0.121
'PRANK_b1#0032_htH_tree_57_OP_0.01035969654869301_Split_32.fasta', 29827.0, 0.053, 28972, 0.051, 6346, 0.011, 104323, 0.185, 152801.0, 0.271, -4989, -0.009, 57574.5, 0.102
'PRANK_b1#0032_htH_tree_74_OP_0.34003546929790274_Split_32.fasta', 31114.0, 0.048, 21533, 0.033, 9569, 0.015, 116627, 0.18, 158547.0, 0.245, 708, 0.001, 43527.5, 0.067
'PRANK_b1#0032_htH_tree_76_OP_0.3744455664317578_Split_32.fasta', 31027.0, 0.051, 22335, 0.036, 11709, 0.019, 115197, 0.188, 158898.0, 0.259, 1899, 0.003, 32944.5, 0.054
'PRANK_b1#0032_htT_tree_17_OP_0.0883996370966601_Split_32.fasta', 23461.0, 0.034, 19198, 0.028, 9115, 0.013, 136603, 0.196, 122601.0, 0.176, 2949, 0.004, 2558.5, 0.004
'PRANK_b1#0032_htT_tree_31_OP_0.2991272106085847_Split_32.fasta', 33441.0, 0.057, 24294, 0.041, 8401, 0.014, 106451, 0.181, 170824.0, 0.291, -371, -0.001, 66821.5, 0.114
'PRANK_b1#0032_htT_tree_57_OP_0.01035969654869301_Split_32.fasta', 29867.0, 0.053, 29124, 0.052, 6384, 0.011, 103939, 0.186, 153096.0, 0.273, -5162, -0.009, 57660.5, 0.103
'PRANK_b1#0032_htT_tree_74_OP_0.34003546929790274_Split_32.fasta', 32568.0, 0.053, 22349, 0.036, 9979, 0.016, 112087, 0.183, 166898.0, 0.272, 2091, 0.003, 53071.5, 0.086
'PRANK_b1#0032_htT_tree_76_OP_0.3744455664317578_Split_32.fasta', 29980.0, 0.047, 21781, 0.034, 10945, 0.017, 118399, 0.185, 152760.0, 0.239, 1062, 0.002, 28952.5, 0.045
'PRANK_b1#0034_hhH_tree_33_OP_0.48048927330141855_Split_34.fasta', 24651.0, 0.034, 18311, 0.025, 14455, 0.02, 135997, 0.188, 129067.0, 0.179, 4058, 0.006, -21603.5, -0.03
'PRANK_b1#0034_hhH_tree_52_OP_0.03486385316080837_Split_34.fasta', 26466.0, 0.039, 21889, 0.033, 5145, 0.008, 125211, 0.187, 135428.0, 0.202, -822, -0.001, 41130.5, 0.061
'PRANK_b1#0034_hhT_tree_33_OP_0.48048927330141855_Split_34.fasta', 30326.0, 0.043, 20079, 0.029, 14873, 0.021, 121111, 0.172, 155144.0, 0.221, 3993, 0.006, 9343.5, 0.013
'PRANK_b1#0034_hhT_tree_52_OP_0.03486385316080837_Split_34.fasta', 26360.0, 0.038, 21798, 0.031, 4954, 0.007, 125605, 0.181, 134656.0, 0.194, -1044, -0.002, 41085.5, 0.059
'PRANK_b1#0034_htH_tree_33_OP_0.48048927330141855_Split_34.fasta', 30293.0, 0.044, 20204, 0.029, 15342, 0.022, 120927, 0.176, 154302.0, 0.224, 4906, 0.007, 6692.5, 0.01
'PRANK_b1#0034_htH_tree_52_OP_0.03486385316080837_Split_34.fasta', 26466.0, 0.039, 21880, 0.033, 5143, 0.008, 125229, 0.187, 135428.0, 0.202, -791, -0.001, 41164.5, 0.061
'PRANK_b1#0034_htT_tree_33_OP_0.48048927330141855_Split_34.fasta', 30326.0, 0.043, 20079, 0.029, 14801, 0.021, 121111, 0.172, 155144.0, 0.221, 3993, 0.006, 9775.5, 0.014
'PRANK_b1#0034_htT_tree_52_OP_0.03486385316080837_Split_34.fasta', 26360.0, 0.038, 21798, 0.031, 4954, 0.007, 125605, 0.181, 134656.0, 0.194, -1044, -0.002, 41085.5, 0.059
'PRANK_b1#0036_hhH_tree_8_OP_0.3698786236358351_Split_36.fasta', 31659.0, 0.054, 24217, 0.041, 12976, 0.022, 110169, 0.188, 162227.0, 0.276, 2244, 0.004, 31530.5, 0.054
'PRANK_b1#0036_hhT_tree_8_OP_0.3698786236358351_Split_36.fasta', 32064.0, 0.055, 24564, 0.042, 13360, 0.023, 108665, 0.186, 163922.0, 0.28, 2653, 0.005, 32082.5, 0.055
'PRANK_b1#0036_htH_tree_8_OP_0.3698786236358351_Split_36.fasta', 31680.0, 0.054, 24197, 0.041, 12796, 0.022, 110167, 0.187, 162710.0, 0.277, 2547, 0.004, 33397.5, 0.057
'PRANK_b1#0036_htT_tree_8_OP_0.3698786236358351_Split_36.fasta', 32140.0, 0.055, 24650, 0.042, 13035, 0.022, 108341, 0.185, 164559.0, 0.281, 2809, 0.005, 34987.5, 0.06
'PRANK_b1#0037_hhH_tree_19_OP_0.2601680197593299_Split_37.fasta', 32416.0, 0.056, 23819, 0.041, 9602, 0.017, 109451, 0.19, 165777.0, 0.288, 2250, 0.004, 55689.5, 0.097
'PRANK_b1#0037_hhT_tree_19_OP_0.2601680197593299_Split_37.fasta', 32444.0, 0.056, 23441, 0.04, 9582, 0.016, 110151, 0.189, 166105.0, 0.285, 2588, 0.004, 56125.5, 0.096
'PRANK_b1#0037_htH_tree_19_OP_0.2601680197593299_Split_37.fasta', 32393.0, 0.056, 23835, 0.041, 9591, 0.017, 109465, 0.189, 165650.0, 0.286, 2259, 0.004, 55630.5, 0.096
'PRANK_b1#0037_htT_tree_19_OP_0.2601680197593299_Split_37.fasta', 32444.0, 0.056, 23438, 0.04, 9589, 0.016, 110157, 0.189, 166107.0, 0.285, 2563, 0.004, 56057.5, 0.096
'PRANK_b1#0038_hhH_tree_22_OP_0.1313757710015392_Split_38.fasta', 30367.0, 0.05, 23158, 0.038, 8757, 0.014, 114871, 0.188, 152736.0, 0.249, 1340, 0.002, 44098.5, 0.072
'PRANK_b1#0038_hhH_tree_38_OP_0.29843463616112814_Split_38.fasta', 33209.0, 0.058, 24091, 0.042, 9765, 0.017, 107321, 0.187, 169955.0, 0.296, 732, 0.001, 58436.5, 0.102
'PRANK_b1#0038_hhH_tree_91_OP_0.31689700001611826_Split_38.fasta', 31885.0, 0.053, 24279, 0.04, 10187, 0.017, 109593, 0.181, 163463.0, 0.27, 5079, 0.008, 52623.5, 0.087
'PRANK_b1#0038_hhT_tree_22_OP_0.1313757710015392_Split_38.fasta', 30344.0, 0.05, 22820, 0.037, 9145, 0.015, 115593, 0.189, 152535.0, 0.249, 1137, 0.002, 41005.5, 0.067
'PRANK_b1#0038_hhT_tree_38_OP_0.29843463616112814_Split_38.fasta', 33089.0, 0.057, 24178, 0.042, 9706, 0.017, 107387, 0.185, 169027.0, 0.292, 598, 0.001, 57695.5, 0.1
'PRANK_b1#0038_hhT_tree_91_OP_0.31689700001611826_Split_38.fasta', 32623.0, 0.054, 24789, 0.041, 10447, 0.017, 107097, 0.177, 166137.0, 0.275, 4454, 0.007, 54360.5, 0.09
'PRANK_b1#0038_htH_tree_22_OP_0.1313757710015392_Split_38.fasta', 30438.0, 0.05, 23077, 0.038, 8762, 0.014, 114891, 0.188, 153036.0, 0.25, 1538, 0.003, 44556.5, 0.073
'PRANK_b1#0038_htH_tree_38_OP_0.29843463616112814_Split_38.fasta', 33228.0, 0.058, 24073, 0.042, 9766, 0.017, 107319, 0.187, 170031.0, 0.297, 722, 0.001, 58497.5, 0.102
'PRANK_b1#0038_htH_tree_91_OP_0.31689700001611826_Split_38.fasta', 32558.0, 0.055, 24894, 0.042, 10509, 0.018, 107017, 0.18, 165822.0, 0.279, 4651, 0.008, 53910.5, 0.091
'PRANK_b1#0038_htT_tree_22_OP_0.1313757710015392_Split_38.fasta', 30339.0, 0.05, 22824, 0.037, 9143, 0.015, 115595, 0.189, 152515.0, 0.249, 1158, 0.002, 41017.5, 0.067
'PRANK_b1#0038_htT_tree_38_OP_0.29843463616112814_Split_38.fasta', 33089.0, 0.057, 24178, 0.042, 9706, 0.017, 107387, 0.185, 169027.0, 0.292, 598, 0.001, 57695.5, 0.1
'PRANK_b1#0038_htT_tree_91_OP_0.31689700001611826_Split_38.fasta', 31991.0, 0.052, 24188, 0.039, 10058, 0.016, 109563, 0.179, 163887.0, 0.267, 4614, 0.008, 53371.5, 0.087
'PRANK_b1#0040_hhH_tree_27_OP_0.14896923282821622_Split_40.fasta', 32911.0, 0.062, 26261, 0.049, 8461, 0.016, 103577, 0.194, 169581.0, 0.318, 906, 0.002, 67932.5, 0.127
'PRANK_b1#0040_hhH_tree_9_OP_0.3803136599863731_Split_40.fasta', 29992.0, 0.046, 22865, 0.035, 11915, 0.018, 116207, 0.177, 153658.0, 0.234, 395, 0.001, 24459.5, 0.037
'PRANK_b1#0040_hhT_tree_27_OP_0.14896923282821622_Split_40.fasta', 32743.0, 0.061, 26304, 0.049, 8293, 0.015, 103827, 0.194, 169255.0, 0.315, 982, 0.002, 68565.5, 0.128
'PRANK_b1#0040_hhT_tree_9_OP_0.3803136599863731_Split_40.fasta', 29692.0, 0.044, 21936, 0.033, 12569, 0.019, 118665, 0.176, 150645.0, 0.224, 584, 0.001, 16482.5, 0.025
'PRANK_b1#0040_htH_tree_27_OP_0.14896923282821622_Split_40.fasta', 32912.0, 0.062, 26260, 0.049, 8461, 0.016, 103577, 0.194, 169584.0, 0.318, 908, 0.002, 67937.5, 0.127
'PRANK_b1#0040_htH_tree_9_OP_0.3803136599863731_Split_40.fasta', 29978.0, 0.046, 22790, 0.035, 11990, 0.018, 116385, 0.177, 153599.0, 0.234, 549, 0.001, 24015.5, 0.037
'PRANK_b1#0040_htT_tree_27_OP_0.14896923282821622_Split_40.fasta', 32923.0, 0.061, 26321, 0.049, 8243, 0.015, 103433, 0.193, 169641.0, 0.316, 1044, 0.002, 69510.5, 0.13
'PRANK_b1#0040_htT_tree_9_OP_0.3803136599863731_Split_40.fasta', 29679.0, 0.044, 22021, 0.033, 12503, 0.019, 118521, 0.176, 150596.0, 0.224, 448, 0.001, 16765.5, 0.025
'PRANK_b1#0041_hhH_tree_98_OP_0.2156405548443302_Split_41.fasta', 27137.0, 0.041, 23577, 0.036, 10759, 0.016, 120493, 0.182, 141021.0, 0.214, 2067, 0.003, 18287.5, 0.028
'PRANK_b1#0041_hhT_tree_98_OP_0.2156405548443302_Split_41.fasta', 27237.0, 0.041, 23819, 0.036, 9891, 0.015, 119809, 0.182, 141101.0, 0.214, 1903, 0.003, 23753.5, 0.036
'PRANK_b1#0041_htH_tree_98_OP_0.2156405548443302_Split_41.fasta', 27163.0, 0.041, 23531, 0.036, 10776, 0.016, 120533, 0.183, 141149.0, 0.214, 2261, 0.003, 18487.5, 0.028
'PRANK_b1#0041_htT_tree_98_OP_0.2156405548443302_Split_41.fasta', 27191.0, 0.041, 23877, 0.036, 9895, 0.015, 119785, 0.182, 140871.0, 0.214, 1909, 0.003, 23517.5, 0.036
'PRANK_b1#0042_hhH_tree_26_OP_0.19458729828343746_Split_42.fasta', 32817.0, 0.057, 25304, 0.044, 7769, 0.014, 105679, 0.185, 169888.0, 0.297, 641, 0.001, 71075.5, 0.124
'PRANK_b1#0042_hhH_tree_50_OP_0.41441335319694456_Split_42.fasta', 31651.0, 0.055, 22229, 0.039, 12663, 0.022, 114161, 0.2, 158178.0, 0.277, 2815, 0.005, 27934.5, 0.049
'PRANK_b1#0042_hhT_tree_26_OP_0.19458729828343746_Split_42.fasta', 32191.0, 0.055, 24554, 0.042, 8271, 0.014, 108431, 0.184, 166646.0, 0.283, 1152, 0.002, 63956.5, 0.109
'PRANK_b1#0042_hhT_tree_50_OP_0.41441335319694456_Split_42.fasta', 31793.0, 0.055, 21988, 0.038, 12578, 0.022, 114359, 0.199, 157989.0, 0.274, 3056, 0.005, 28397.5, 0.049
'PRANK_b1#0042_htH_tree_26_OP_0.19458729828343746_Split_42.fasta', 32426.0, 0.056, 24843, 0.043, 8407, 0.014, 107383, 0.185, 167600.0, 0.288, 949, 0.002, 64415.5, 0.111
'PRANK_b1#0042_htH_tree_50_OP_0.41441335319694456_Split_42.fasta', 31757.0, 0.056, 22121, 0.039, 12759, 0.022, 114165, 0.2, 158374.0, 0.278, 3002, 0.005, 27739.5, 0.049
'PRANK_b1#0042_htT_tree_26_OP_0.19458729828343746_Split_42.fasta', 32212.0, 0.055, 24539, 0.042, 8280, 0.014, 108419, 0.184, 166705.0, 0.284, 1199, 0.002, 64014.5, 0.109
'PRANK_b1#0042_htT_tree_50_OP_0.41441335319694456_Split_42.fasta', 31775.0, 0.055, 21996, 0.038, 12589, 0.022, 114379, 0.199, 157935.0, 0.274, 3052, 0.005, 28263.5, 0.049
'PRANK_b1#0044_hhH_tree_66_OP_0.002445136450722696_Split_44.fasta', 30148.0, 0.05, 25617, 0.043, 6284, 0.01, 110391, 0.183, 155259.0, 0.258, -3412, -0.006, 58947.5, 0.098
'PRANK_b1#0044_hhT_tree_66_OP_0.002445136450722696_Split_44.fasta', 28840.0, 0.046, 24321, 0.039, 6724, 0.011, 115599, 0.184, 146394.0, 0.233, -1560, -0.002, 46690.5, 0.074
'PRANK_b1#0044_htH_tree_66_OP_0.002445136450722696_Split_44.fasta', 30752.0, 0.054, 26208, 0.046, 6250, 0.011, 108001, 0.188, 158369.0, 0.276, -3815, -0.007, 63053.5, 0.11
'PRANK_b1#0044_htT_tree_66_OP_0.002445136450722696_Split_44.fasta', 30739.0, 0.054, 26181, 0.046, 7039, 0.012, 108081, 0.189, 155637.0, 0.273, -2738, -0.005, 56624.5, 0.099
'PRANK_b1#0047_hhH_tree_49_OP_0.3808211405032018_Split_47.fasta', 31384.0, 0.05, 23307, 0.037, 12378, 0.02, 112539, 0.179, 160752.0, 0.256, 2566, 0.004, 32780.5, 0.052
'PRANK_b1#0047_hhH_tree_54_OP_0.19617966006842125_Split_47.fasta', 30165.0, 0.05, 22482, 0.037, 8121, 0.013, 116627, 0.194, 153944.0, 0.255, -247, -0.0, 46657.5, 0.077
'PRANK_b1#0047_hhH_tree_94_OP_0.02673109171310184_Split_47.fasta', 30848.0, 0.053, 27619, 0.048, 6738, 0.012, 104987, 0.181, 160384.0, 0.276, -589, -0.001, 66873.5, 0.115
'PRANK_b1#0047_hhT_tree_49_OP_0.3808211405032018_Split_47.fasta', 31477.0, 0.051, 23603, 0.038, 12182, 0.02, 111761, 0.18, 160634.0, 0.258, 3187, 0.005, 34848.5, 0.056
'PRANK_b1#0047_hhT_tree_54_OP_0.19617966006842125_Split_47.fasta', 32316.0, 0.055, 23867, 0.04, 7795, 0.013, 109555, 0.185, 166322.0, 0.281, 522, 0.001, 65296.5, 0.11
'PRANK_b1#0047_hhT_tree_94_OP_0.02673109171310184_Split_47.fasta', 30194.0, 0.052, 28892, 0.05, 6382, 0.011, 103749, 0.179, 157403.0, 0.272, -1908, -0.003, 65328.5, 0.113
'PRANK_b1#0047_htH_tree_49_OP_0.3808211405032018_Split_47.fasta', 31841.0, 0.052, 23993, 0.039, 12336, 0.02, 110253, 0.18, 162683.0, 0.266, 2466, 0.004, 36006.5, 0.059
'PRANK_b1#0047_htH_tree_54_OP_0.19617966006842125_Split_47.fasta', 30154.0, 0.05, 22493, 0.037, 8108, 0.013, 116627, 0.194, 153863.0, 0.255, -228, -0.0, 46673.5, 0.077
'PRANK_b1#0047_htH_tree_94_OP_0.02673109171310184_Split_47.fasta', 30847.0, 0.053, 27625, 0.048, 6869, 0.012, 104977, 0.181, 160381.0, 0.276, -590, -0.001, 66088.5, 0.114
'PRANK_b1#0047_htT_tree_49_OP_0.3808211405032018_Split_47.fasta', 31534.0, 0.051, 23581, 0.038, 12147, 0.02, 111691, 0.179, 160871.0, 0.259, 3136, 0.005, 35279.5, 0.057
'PRANK_b1#0047_htT_tree_54_OP_0.19617966006842125_Split_47.fasta', 32333.0, 0.055, 24022, 0.041, 7729, 0.013, 109211, 0.187, 166464.0, 0.285, 510, 0.001, 65994.5, 0.113
'PRANK_b1#0047_htT_tree_94_OP_0.02673109171310184_Split_47.fasta', 30193.0, 0.052, 28898, 0.05, 6377, 0.011, 103739, 0.179, 157400.0, 0.272, -1909, -0.003, 65359.5, 0.113
'23410', 34073.0, 0.057, 25532, 0.043, 4960, 0.008, 102711, 0.173, 174119.0, 0.292, -1443, -0.002, 91560.5, 0.154
