code_BLOSUM62_GO_-10_GE_-1,sp_HENIKOFF_with_gaps_BLOSUM62_GO_-10_GE_-1,sp_HENIKOFF_without_gaps_BLOSUM62_GO_-10_GE_-1,sp_CLUSTAL_WEIGHTS_mid_root_BLOSUM62_GO_-10_GE_-1,sp_CLUSTAL_WEIGHTS_diff_sum_BLOSUM62_GO_-10_GE_-1
'bali_phy_msa.1.fas', -73.92, -76.473, -62.797, -76.489
'bali_phy_msa.10.fas', -10.206, -5.843, -11.593, -13.423
'bali_phy_msa.100.fas', -9.566, -5.462, -12.074, -13.886
'bali_phy_msa.101.fas', -9.952, -5.679, -9.926, -13.698
'bali_phy_msa.102.fas', -15.595, -12.735, -14.779, -20.076
'bali_phy_msa.103.fas', -11.618, -7.97, -11.405, -15.856
'bali_phy_msa.104.fas', -8.666, -3.984, -9.007, -12.388
'bali_phy_msa.105.fas', -10.577, -6.859, -10.268, -14.312
'bali_phy_msa.106.fas', -10.148, -5.702, -7.83, -14.415
'bali_phy_msa.107.fas', -9.479, -5.564, -12.002, -13.042
'bali_phy_msa.108.fas', -11.559, -7.881, -12.032, -15.015
'bali_phy_msa.109.fas', -8.876, -4.609, -10.475, -12.425
'bali_phy_msa.11.fas', -10.718, -6.969, -12.807, -13.897
'bali_phy_msa.110.fas', -9.391, -5.442, -10.412, -12.506
'bali_phy_msa.111.fas', -12.326, -8.951, -12.592, -16.183
'bali_phy_msa.112.fas', -10.552, -6.866, -9.712, -14.528
'bali_phy_msa.113.fas', -11.679, -8.041, -11.19, -15.865
'bali_phy_msa.114.fas', -11.355, -7.342, -12.639, -14.913
'bali_phy_msa.115.fas', -8.67, -4.207, -11.933, -11.258
'bali_phy_msa.116.fas', -9.952, -5.806, -11.135, -14.288
'bali_phy_msa.117.fas', -14.116, -11.089, -13.753, -18.902
'bali_phy_msa.118.fas', -10.329, -6.323, -12.673, -13.997
'bali_phy_msa.119.fas', -10.513, -6.559, -11.169, -14.754
'bali_phy_msa.12.fas', -9.253, -5.041, -12.241, -13.39
'bali_phy_msa.120.fas', -11.754, -8.361, -12.071, -16.201
'bali_phy_msa.121.fas', -11.255, -7.87, -11.921, -16.052
'bali_phy_msa.122.fas', -8.729, -4.551, -11.898, -11.76
'bali_phy_msa.123.fas', -10.844, -7.072, -13.094, -13.19
'bali_phy_msa.124.fas', -13.219, -10.18, -14.318, -17.405
'bali_phy_msa.125.fas', -9.345, -5.443, -7.126, -13.718
'bali_phy_msa.126.fas', -12.571, -9.441, -12.038, -16.636
'bali_phy_msa.127.fas', -10.847, -7.09, -13.093, -13.618
'bali_phy_msa.128.fas', -9.3, -5.111, -11.782, -14.113
'bali_phy_msa.129.fas', -9.761, -5.821, -12.572, -12.992
'bali_phy_msa.13.fas', -9.567, -5.236, -11.09, -12.503
'bali_phy_msa.130.fas', -11.072, -7.053, -11.696, -14.932
'bali_phy_msa.131.fas', -10.904, -6.788, -12.224, -14.821
'bali_phy_msa.132.fas', -10.035, -6.23, -10.044, -13.856
'bali_phy_msa.133.fas', -10.856, -7.054, -11.738, -15.596
'bali_phy_msa.134.fas', -10.223, -6.118, -10.734, -13.747
'bali_phy_msa.135.fas', -9.025, -5.009, -9.367, -13.102
'bali_phy_msa.136.fas', -9.9, -5.743, -11.716, -12.751
'bali_phy_msa.137.fas', -10.165, -6.289, -11.495, -13.846
'bali_phy_msa.138.fas', -10.967, -7.318, -10.759, -14.452
'bali_phy_msa.139.fas', -12.055, -8.79, -12.459, -15.552
'bali_phy_msa.14.fas', -8.716, -4.134, -10.573, -11.469
'bali_phy_msa.140.fas', -9.808, -5.795, -12.127, -12.259
'bali_phy_msa.141.fas', -10.892, -7.298, -10.157, -14.966
'bali_phy_msa.142.fas', -7.547, -2.925, -9.644, -10.099
'bali_phy_msa.143.fas', -8.75, -4.308, -9.445, -12.631
'bali_phy_msa.144.fas', -11.744, -8.101, -12.703, -15.842
'bali_phy_msa.145.fas', -13.769, -10.942, -13.392, -18.081
'bali_phy_msa.146.fas', -9.384, -5.234, -12.237, -13.011
'bali_phy_msa.147.fas', -11.038, -7.34, -8.086, -14.924
'bali_phy_msa.148.fas', -12.142, -8.577, -12.554, -16.123
'bali_phy_msa.149.fas', -11.678, -7.935, -11.723, -15.08
'bali_phy_msa.15.fas', -11.428, -7.959, -12.923, -14.969
'bali_phy_msa.150.fas', -14.012, -10.713, -15.943, -17.988
'bali_phy_msa.151.fas', -15.157, -12.292, -13.155, -19.194
'bali_phy_msa.152.fas', -10.174, -6.39, -10.451, -14.375
'bali_phy_msa.153.fas', -10.861, -6.718, -14.133, -13.944
'bali_phy_msa.154.fas', -11.364, -7.726, -12.325, -15.127
'bali_phy_msa.155.fas', -10.501, -6.549, -9.763, -13.751
'bali_phy_msa.156.fas', -9.474, -5.596, -9.073, -13.132
'bali_phy_msa.157.fas', -11.901, -8.106, -12.622, -15.03
'bali_phy_msa.158.fas', -12.698, -9.115, -12.37, -16.642
'bali_phy_msa.159.fas', -11.212, -7.612, -10.707, -14.545
'bali_phy_msa.16.fas', -11.86, -8.444, -12.284, -16.034
'bali_phy_msa.160.fas', -8.878, -4.498, -9.404, -12.875
'bali_phy_msa.161.fas', -9.626, -5.398, -9.303, -13.118
'bali_phy_msa.162.fas', -8.944, -4.511, -8.096, -12.581
'bali_phy_msa.163.fas', -12.577, -9.357, -12.657, -16.786
'bali_phy_msa.164.fas', -10.952, -7.144, -11.056, -15.092
'bali_phy_msa.165.fas', -8.512, -4.216, -11.394, -12.022
'bali_phy_msa.166.fas', -12.136, -8.755, -12.239, -16.724
'bali_phy_msa.167.fas', -13.865, -10.953, -13.254, -17.972
'bali_phy_msa.168.fas', -12.137, -8.554, -12.535, -15.948
'bali_phy_msa.169.fas', -13.94, -10.7, -15.811, -17.589
'bali_phy_msa.17.fas', -11.604, -7.885, -13.978, -15.049
'bali_phy_msa.170.fas', -11.213, -7.427, -13.052, -15.928
'bali_phy_msa.171.fas', -8.926, -4.592, -8.945, -12.676
'bali_phy_msa.172.fas', -10.435, -6.333, -11.026, -14.718
'bali_phy_msa.173.fas', -10.209, -6.155, -9.917, -13.541
'bali_phy_msa.174.fas', -9.525, -5.274, -10.538, -14.188
'bali_phy_msa.175.fas', -11.762, -7.659, -15.259, -14.839
'bali_phy_msa.176.fas', -9.658, -5.715, -10.103, -13.659
'bali_phy_msa.177.fas', -13.194, -9.984, -14.712, -17.385
'bali_phy_msa.178.fas', -9.423, -5.278, -11.357, -12.524
'bali_phy_msa.179.fas', -8.618, -4.187, -8.415, -11.961
'bali_phy_msa.18.fas', -9.628, -5.593, -11.63, -12.721
'bali_phy_msa.180.fas', -13.286, -10.098, -14.871, -16.706
'bali_phy_msa.181.fas', -11.217, -7.405, -11.918, -15.401
'bali_phy_msa.182.fas', -10.987, -7.406, -11.162, -15.11
'bali_phy_msa.183.fas', -10.021, -5.604, -12.927, -13.517
'bali_phy_msa.184.fas', -8.916, -4.776, -10.172, -13.516
'bali_phy_msa.185.fas', -12.128, -8.42, -14.555, -15.57
'bali_phy_msa.186.fas', -10.504, -6.659, -11.901, -14.346
'bali_phy_msa.187.fas', -8.942, -4.918, -11.052, -12.851
'bali_phy_msa.188.fas', -11.006, -7.265, -11.354, -14.839
'bali_phy_msa.189.fas', -10.44, -6.546, -13.334, -13.592
'bali_phy_msa.19.fas', -12.859, -9.31, -12.422, -17.044
'bali_phy_msa.190.fas', -12.661, -9.256, -14.914, -15.647
'bali_phy_msa.191.fas', -13.927, -10.947, -15.423, -18.679
'bali_phy_msa.192.fas', -9.551, -5.005, -10.119, -13.404
'bali_phy_msa.193.fas', -10.666, -6.806, -14.182, -15.014
'bali_phy_msa.194.fas', -10.936, -7.21, -11.272, -14.848
'bali_phy_msa.195.fas', -9.46, -5.25, -10.011, -12.006
'bali_phy_msa.196.fas', -10.302, -6.147, -11.773, -13.731
'bali_phy_msa.197.fas', -9.737, -5.552, -10.486, -13.827
'bali_phy_msa.198.fas', -8.441, -4.417, -8.741, -12.593
'bali_phy_msa.199.fas', -14.592, -11.764, -13.199, -18.81
'bali_phy_msa.2.fas', -13.038, -9.965, -11.73, -16.772
'bali_phy_msa.20.fas', -11.899, -8.627, -11.289, -15.659
'bali_phy_msa.200.fas', -11.234, -7.182, -10.512, -14.836
'bali_phy_msa.201.fas', -9.933, -5.855, -9.625, -13.766
'bali_phy_msa.202.fas', -12.807, -9.547, -9.899, -17.6
'bali_phy_msa.203.fas', -9.518, -5.394, -9.759, -13.295
'bali_phy_msa.204.fas', -12.367, -8.881, -15.145, -16.146
'bali_phy_msa.205.fas', -10.998, -7.163, -11.592, -14.012
'bali_phy_msa.206.fas', -12.425, -9.229, -10.891, -16.894
'bali_phy_msa.207.fas', -15.813, -12.695, -15.536, -19.261
'bali_phy_msa.208.fas', -17.563, -15.037, -18.349, -21.849
'bali_phy_msa.209.fas', -10.978, -7.392, -10.551, -14.961
'bali_phy_msa.21.fas', -9.189, -5.132, -8.806, -12.795
'bali_phy_msa.210.fas', -9.778, -6.25, -9.863, -14.174
'bali_phy_msa.211.fas', -12.791, -9.605, -12.252, -17.155
'bali_phy_msa.212.fas', -10.239, -6.202, -12.909, -12.404
'bali_phy_msa.213.fas', -10.323, -6.686, -10.952, -14.944
'bali_phy_msa.214.fas', -10.409, -6.436, -10.092, -14.35
'bali_phy_msa.215.fas', -11.793, -8.375, -12.402, -15.781
'bali_phy_msa.216.fas', -12.563, -9.147, -12.979, -17.686
'bali_phy_msa.217.fas', -7.476, -2.85, -10.376, -11.422
'bali_phy_msa.218.fas', -10.163, -6.168, -11.932, -13.365
'bali_phy_msa.219.fas', -11.325, -7.403, -12.202, -14.844
'bali_phy_msa.22.fas', -9.346, -5.251, -10.336, -13.358
'bali_phy_msa.220.fas', -11.181, -7.557, -12.616, -14.515
'bali_phy_msa.221.fas', -9.696, -5.77, -9.487, -13.19
'bali_phy_msa.222.fas', -9.813, -5.887, -9.737, -13.346
'bali_phy_msa.223.fas', -12.574, -8.815, -12.863, -16.368
'bali_phy_msa.224.fas', -11.157, -7.764, -11.112, -15.257
'bali_phy_msa.225.fas', -13.471, -10.301, -13.869, -17.984
'bali_phy_msa.226.fas', -9.555, -5.45, -10.299, -13.649
'bali_phy_msa.227.fas', -15.323, -12.427, -14.848, -19.692
'bali_phy_msa.228.fas', -11.357, -7.684, -11.6, -15.314
'bali_phy_msa.229.fas', -10.25, -6.425, -10.387, -13.668
'bali_phy_msa.23.fas', -10.798, -6.769, -11.295, -13.876
'bali_phy_msa.230.fas', -9.448, -5.353, -9.614, -13.444
'bali_phy_msa.231.fas', -11.361, -7.588, -12.37, -14.815
'bali_phy_msa.232.fas', -11.08, -7.422, -13.17, -15.057
'bali_phy_msa.233.fas', -9.789, -5.763, -7.951, -16.141
'bali_phy_msa.234.fas', -10.039, -6.028, -11.961, -14.062
'bali_phy_msa.235.fas', -9.848, -5.834, -11.877, -14.069
'bali_phy_msa.236.fas', -11.486, -7.871, -13.537, -15.169
'bali_phy_msa.237.fas', -11.103, -7.465, -14.381, -14.599
'bali_phy_msa.238.fas', -10.158, -6.193, -13.393, -13.775
'bali_phy_msa.239.fas', -10.836, -7.025, -11.339, -14.254
'bali_phy_msa.24.fas', -9.033, -4.596, -9.327, -12.658
'bali_phy_msa.240.fas', -9.286, -5.236, -9.553, -13.271
'bali_phy_msa.241.fas', -11.347, -7.844, -8.307, -16.31
'bali_phy_msa.242.fas', -11.82, -8.296, -12.816, -15.728
'bali_phy_msa.243.fas', -9.183, -4.707, -10.231, -13.611
'bali_phy_msa.244.fas', -10.074, -6.508, -9.56, -14.519
'bali_phy_msa.245.fas', -9.36, -4.919, -11.493, -12.916
'bali_phy_msa.246.fas', -8.217, -3.918, -8.886, -12.239
'bali_phy_msa.247.fas', -12.002, -8.537, -12.205, -14.842
'bali_phy_msa.248.fas', -8.345, -3.813, -9.705, -11.231
'bali_phy_msa.249.fas', -10.331, -6.49, -11.164, -14.071
'bali_phy_msa.25.fas', -8.633, -4.202, -8.934, -12.34
'bali_phy_msa.250.fas', -13.315, -10.198, -13.199, -18.236
'bali_phy_msa.251.fas', -9.413, -5.218, -13.143, -13.583
'bali_phy_msa.252.fas', -9.781, -5.842, -9.701, -13.467
'bali_phy_msa.253.fas', -11.642, -7.789, -12.442, -16.123
'bali_phy_msa.254.fas', -17.345, -15.225, -18.788, -21.322
'bali_phy_msa.255.fas', -13.99, -10.424, -14.158, -17.614
'bali_phy_msa.256.fas', -12.36, -9.078, -11.967, -16.927
'bali_phy_msa.257.fas', -10.8, -6.887, -9.467, -15.008
'bali_phy_msa.258.fas', -12.076, -8.612, -11.454, -16.413
'bali_phy_msa.259.fas', -12.22, -8.555, -12.253, -16.003
'bali_phy_msa.26.fas', -9.844, -6.068, -9.524, -13.906
'bali_phy_msa.260.fas', -10.354, -6.298, -13.104, -13.22
'bali_phy_msa.261.fas', -10.301, -6.775, -10.539, -14.888
'bali_phy_msa.262.fas', -10.338, -6.656, -11.876, -14.955
'bali_phy_msa.263.fas', -10.0, -5.712, -11.975, -14.413
'bali_phy_msa.264.fas', -10.95, -6.952, -11.931, -14.77
'bali_phy_msa.265.fas', -9.957, -5.61, -11.96, -13.648
'bali_phy_msa.266.fas', -9.358, -5.302, -9.036, -13.156
'bali_phy_msa.267.fas', -8.472, -3.782, -8.639, -11.859
'bali_phy_msa.268.fas', -12.085, -8.579, -14.683, -15.547
'bali_phy_msa.269.fas', -10.883, -6.973, -12.604, -15.206
'bali_phy_msa.27.fas', -9.601, -5.548, -10.381, -13.225
'bali_phy_msa.270.fas', -14.968, -12.091, -15.532, -20.184
'bali_phy_msa.271.fas', -20.418, -18.656, -19.125, -24.338
'bali_phy_msa.272.fas', -10.126, -6.11, -10.573, -12.916
'bali_phy_msa.273.fas', -10.301, -6.294, -10.885, -14.109
'bali_phy_msa.274.fas', -10.917, -7.457, -10.921, -15.268
'bali_phy_msa.275.fas', -9.005, -4.911, -10.502, -12.702
'bali_phy_msa.276.fas', -9.026, -5.048, -9.774, -13.277
'bali_phy_msa.277.fas', -14.024, -11.153, -14.042, -18.164
'bali_phy_msa.278.fas', -10.032, -5.718, -10.939, -12.738
'bali_phy_msa.279.fas', -11.14, -7.51, -11.299, -14.292
'bali_phy_msa.28.fas', -9.633, -5.675, -9.734, -13.592
'bali_phy_msa.280.fas', -12.241, -8.737, -9.371, -16.764
'bali_phy_msa.281.fas', -9.183, -5.067, -9.611, -12.523
'bali_phy_msa.282.fas', -11.636, -8.03, -12.151, -15.206
'bali_phy_msa.283.fas', -12.042, -8.517, -12.76, -15.496
'bali_phy_msa.284.fas', -10.43, -6.708, -10.519, -14.448
'bali_phy_msa.285.fas', -11.703, -7.945, -12.038, -15.709
'bali_phy_msa.286.fas', -11.376, -7.615, -12.995, -15.088
'bali_phy_msa.287.fas', -8.315, -4.126, -9.317, -12.326
'bali_phy_msa.288.fas', -11.705, -8.2, -12.184, -15.359
'bali_phy_msa.289.fas', -12.744, -9.41, -12.935, -16.551
'bali_phy_msa.29.fas', -10.224, -6.231, -10.493, -14.231
'bali_phy_msa.290.fas', -10.151, -6.375, -9.878, -13.93
'bali_phy_msa.291.fas', -11.536, -7.651, -14.61, -15.864
'bali_phy_msa.292.fas', -11.466, -8.037, -10.922, -15.233
'bali_phy_msa.293.fas', -11.147, -7.367, -11.931, -14.935
'bali_phy_msa.294.fas', -10.89, -7.024, -10.356, -14.625
'bali_phy_msa.295.fas', -9.223, -5.013, -9.257, -12.986
'bali_phy_msa.296.fas', -10.961, -7.133, -12.649, -15.337
'bali_phy_msa.297.fas', -10.359, -6.407, -10.302, -14.054
'bali_phy_msa.298.fas', -11.36, -7.709, -10.16, -14.427
'bali_phy_msa.299.fas', -10.831, -7.073, -10.443, -14.933
'bali_phy_msa.3.fas', -11.838, -8.397, -12.476, -15.915
'bali_phy_msa.30.fas', -9.466, -5.461, -10.296, -14.122
'bali_phy_msa.300.fas', -11.489, -7.966, -11.541, -15.362
'bali_phy_msa.301.fas', -12.877, -9.693, -13.995, -16.933
'bali_phy_msa.302.fas', -10.532, -6.7, -10.351, -14.475
'bali_phy_msa.303.fas', -10.938, -6.994, -8.268, -16.165
'bali_phy_msa.304.fas', -12.904, -9.338, -13.038, -16.843
'bali_phy_msa.305.fas', -10.15, -6.185, -10.818, -14.581
'bali_phy_msa.306.fas', -9.965, -5.468, -10.988, -13.715
'bali_phy_msa.307.fas', -8.807, -4.461, -8.951, -12.07
'bali_phy_msa.308.fas', -12.169, -8.455, -11.657, -16.18
'bali_phy_msa.309.fas', -9.619, -5.663, -9.875, -13.867
'bali_phy_msa.31.fas', -10.828, -6.768, -12.445, -13.259
'bali_phy_msa.310.fas', -11.508, -7.792, -10.118, -15.771
'bali_phy_msa.311.fas', -9.909, -5.906, -10.339, -14.035
'bali_phy_msa.312.fas', -8.586, -4.349, -10.075, -11.244
'bali_phy_msa.313.fas', -12.564, -9.188, -13.391, -16.864
'bali_phy_msa.314.fas', -9.599, -5.458, -10.623, -13.013
'bali_phy_msa.315.fas', -10.536, -6.763, -10.02, -13.907
'bali_phy_msa.316.fas', -11.541, -7.843, -11.132, -15.344
'bali_phy_msa.317.fas', -10.819, -6.977, -14.558, -14.745
'bali_phy_msa.318.fas', -8.905, -4.447, -7.19, -12.981
'bali_phy_msa.319.fas', -8.965, -4.729, -8.922, -12.396
'bali_phy_msa.32.fas', -10.116, -6.238, -11.267, -13.817
'bali_phy_msa.320.fas', -10.705, -6.86, -11.091, -14.913
'bali_phy_msa.321.fas', -9.553, -5.477, -10.468, -13.321
'bali_phy_msa.322.fas', -10.322, -6.29, -10.81, -14.249
'bali_phy_msa.323.fas', -9.324, -5.147, -11.495, -13.735
'bali_phy_msa.324.fas', -10.257, -6.431, -10.945, -13.532
'bali_phy_msa.325.fas', -8.321, -3.978, -10.875, -11.547
'bali_phy_msa.326.fas', -8.205, -4.104, -8.411, -12.391
'bali_phy_msa.327.fas', -9.783, -5.548, -10.427, -13.425
'bali_phy_msa.328.fas', -10.022, -6.209, -9.645, -13.758
'bali_phy_msa.329.fas', -11.994, -8.502, -12.616, -15.326
'bali_phy_msa.33.fas', -11.699, -8.039, -13.235, -14.579
'bali_phy_msa.330.fas', -11.609, -7.91, -13.241, -15.796
'bali_phy_msa.331.fas', -11.973, -8.069, -11.602, -15.923
'bali_phy_msa.332.fas', -11.657, -8.255, -6.479, -15.898
'bali_phy_msa.333.fas', -9.128, -4.567, -12.179, -11.761
'bali_phy_msa.334.fas', -9.208, -4.942, -11.787, -12.538
'bali_phy_msa.335.fas', -13.36, -10.352, -14.606, -17.632
'bali_phy_msa.336.fas', -10.659, -6.576, -10.618, -14.681
'bali_phy_msa.337.fas', -9.967, -5.944, -9.846, -14.036
'bali_phy_msa.338.fas', -10.213, -6.014, -12.125, -14.143
'bali_phy_msa.339.fas', -8.755, -4.494, -10.847, -12.792
'bali_phy_msa.34.fas', -7.524, -2.892, -11.437, -11.964
'bali_phy_msa.340.fas', -9.456, -5.514, -11.817, -12.962
'bali_phy_msa.341.fas', -8.379, -4.022, -8.847, -12.458
'bali_phy_msa.342.fas', -11.074, -7.519, -8.082, -16.359
'bali_phy_msa.343.fas', -12.524, -8.817, -13.036, -16.83
'bali_phy_msa.344.fas', -10.617, -6.754, -12.773, -13.408
'bali_phy_msa.345.fas', -9.471, -5.308, -11.477, -12.882
'bali_phy_msa.346.fas', -9.339, -5.187, -8.682, -14.409
'bali_phy_msa.347.fas', -9.384, -5.132, -9.964, -13.385
'bali_phy_msa.348.fas', -11.812, -8.295, -10.58, -14.903
'bali_phy_msa.349.fas', -9.847, -5.898, -9.769, -12.93
'bali_phy_msa.35.fas', -10.9, -6.476, -14.636, -14.331
'bali_phy_msa.350.fas', -10.014, -6.018, -7.334, -14.912
'bali_phy_msa.351.fas', -11.538, -7.883, -9.897, -14.918
'bali_phy_msa.352.fas', -10.867, -7.007, -11.016, -14.165
'bali_phy_msa.353.fas', -10.179, -6.056, -10.642, -13.39
'bali_phy_msa.354.fas', -11.288, -7.701, -10.54, -15.145
'bali_phy_msa.355.fas', -10.886, -6.92, -11.337, -14.582
'bali_phy_msa.356.fas', -12.472, -9.065, -12.311, -16.101
'bali_phy_msa.357.fas', -9.365, -5.098, -11.64, -11.56
'bali_phy_msa.358.fas', -12.54, -9.087, -12.807, -15.917
'bali_phy_msa.359.fas', -10.995, -7.398, -11.68, -15.199
'bali_phy_msa.36.fas', -10.281, -6.125, -11.233, -13.176
'bali_phy_msa.360.fas', -8.379, -3.813, -11.24, -12.242
'bali_phy_msa.361.fas', -9.277, -5.184, -10.158, -12.217
'bali_phy_msa.362.fas', -10.217, -6.159, -9.424, -13.943
'bali_phy_msa.363.fas', -7.674, -3.259, -9.113, -11.676
'bali_phy_msa.364.fas', -10.575, -7.012, -11.383, -13.722
'bali_phy_msa.365.fas', -10.173, -6.261, -12.019, -14.052
'bali_phy_msa.366.fas', -9.547, -5.294, -8.869, -14.249
'bali_phy_msa.367.fas', -12.516, -9.117, -11.781, -16.463
'bali_phy_msa.368.fas', -11.438, -7.433, -11.823, -14.978
'bali_phy_msa.369.fas', -8.858, -4.461, -9.096, -12.538
'bali_phy_msa.37.fas', -11.563, -8.166, -11.04, -15.869
'bali_phy_msa.370.fas', -10.202, -6.318, -10.245, -14.032
'bali_phy_msa.371.fas', -10.614, -6.689, -12.343, -13.146
'bali_phy_msa.372.fas', -8.878, -4.327, -9.245, -12.881
'bali_phy_msa.373.fas', -11.687, -8.301, -12.409, -15.878
'bali_phy_msa.374.fas', -8.676, -4.356, -12.381, -11.623
'bali_phy_msa.375.fas', -9.556, -5.589, -5.76, -14.3
'bali_phy_msa.376.fas', -8.223, -3.872, -10.571, -11.736
'bali_phy_msa.377.fas', -13.606, -10.225, -12.905, -17.595
'bali_phy_msa.378.fas', -13.817, -10.36, -14.282, -17.825
'bali_phy_msa.379.fas', -8.677, -3.971, -8.239, -12.576
'bali_phy_msa.38.fas', -10.325, -6.078, -12.299, -14.181
'bali_phy_msa.380.fas', -9.034, -4.713, -12.033, -12.892
'bali_phy_msa.381.fas', -9.535, -5.154, -9.071, -13.665
'bali_phy_msa.382.fas', -10.731, -6.671, -11.068, -15.005
'bali_phy_msa.383.fas', -12.148, -8.699, -11.804, -16.723
'bali_phy_msa.384.fas', -11.631, -7.925, -14.673, -15.476
'bali_phy_msa.385.fas', -13.185, -9.671, -10.192, -17.977
'bali_phy_msa.386.fas', -9.061, -4.768, -12.624, -12.724
'bali_phy_msa.387.fas', -12.839, -9.696, -11.094, -19.395
'bali_phy_msa.388.fas', -12.006, -8.124, -11.58, -16.225
'bali_phy_msa.389.fas', -13.105, -9.854, -15.04, -16.264
'bali_phy_msa.39.fas', -12.196, -8.364, -13.222, -16.459
'bali_phy_msa.390.fas', -10.018, -6.061, -12.0, -13.718
'bali_phy_msa.391.fas', -10.726, -6.953, -13.339, -14.385
'bali_phy_msa.392.fas', -9.72, -5.494, -11.122, -12.182
'bali_phy_msa.393.fas', -10.843, -7.088, -11.499, -15.6
'bali_phy_msa.394.fas', -9.705, -5.67, -10.952, -13.083
'bali_phy_msa.395.fas', -8.923, -4.799, -10.658, -13.625
'bali_phy_msa.396.fas', -9.443, -5.239, -12.436, -12.153
'bali_phy_msa.397.fas', -17.963, -15.371, -19.268, -21.811
'bali_phy_msa.398.fas', -12.628, -8.97, -13.182, -16.996
'bali_phy_msa.399.fas', -11.042, -7.198, -13.118, -14.746
'bali_phy_msa.4.fas', -9.469, -5.402, -9.573, -12.76
'bali_phy_msa.40.fas', -11.879, -8.554, -14.311, -15.688
'bali_phy_msa.400.fas', -9.15, -4.949, -12.803, -13.105
'bali_phy_msa.41.fas', -9.666, -5.628, -9.261, -13.094
'bali_phy_msa.42.fas', -11.83, -8.062, -14.736, -14.685
'bali_phy_msa.43.fas', -10.092, -5.839, -10.428, -14.05
'bali_phy_msa.44.fas', -11.411, -7.691, -12.291, -15.691
'bali_phy_msa.45.fas', -8.487, -4.075, -11.445, -12.182
'bali_phy_msa.46.fas', -10.428, -6.244, -10.328, -14.566
'bali_phy_msa.47.fas', -10.226, -6.269, -10.085, -13.653
'bali_phy_msa.48.fas', -11.013, -7.466, -11.252, -16.164
'bali_phy_msa.49.fas', -10.077, -6.046, -10.72, -14.234
'bali_phy_msa.5.fas', -10.651, -6.763, -11.797, -15.064
'bali_phy_msa.50.fas', -10.665, -6.94, -12.416, -15.036
'bali_phy_msa.51.fas', -10.395, -6.319, -10.692, -13.782
'bali_phy_msa.52.fas', -10.179, -6.425, -12.198, -13.019
'bali_phy_msa.53.fas', -12.059, -8.47, -14.337, -16.337
'bali_phy_msa.54.fas', -10.765, -6.822, -14.01, -14.626
'bali_phy_msa.55.fas', -10.122, -6.16, -11.613, -14.705
'bali_phy_msa.56.fas', -8.56, -4.313, -10.676, -11.083
'bali_phy_msa.57.fas', -10.361, -6.325, -11.232, -14.48
'bali_phy_msa.58.fas', -8.859, -4.623, -8.598, -13.542
'bali_phy_msa.59.fas', -10.692, -7.301, -9.795, -15.659
'bali_phy_msa.6.fas', -10.503, -6.553, -10.612, -14.176
'bali_phy_msa.60.fas', -8.285, -3.862, -11.245, -12.223
'bali_phy_msa.61.fas', -9.466, -5.371, -9.18, -12.711
'bali_phy_msa.62.fas', -11.078, -7.142, -8.492, -15.424
'bali_phy_msa.63.fas', -10.193, -5.886, -8.069, -15.912
'bali_phy_msa.64.fas', -11.324, -7.869, -13.478, -15.372
'bali_phy_msa.65.fas', -10.269, -6.426, -13.425, -14.761
'bali_phy_msa.66.fas', -10.96, -7.426, -10.954, -15.501
'bali_phy_msa.67.fas', -10.362, -6.358, -10.456, -13.803
'bali_phy_msa.68.fas', -9.054, -4.512, -11.518, -12.224
'bali_phy_msa.69.fas', -10.92, -7.096, -12.138, -14.201
'bali_phy_msa.7.fas', -12.828, -9.672, -10.792, -18.838
'bali_phy_msa.70.fas', -10.736, -6.997, -9.633, -15.972
'bali_phy_msa.71.fas', -10.345, -6.6, -12.14, -14.621
'bali_phy_msa.72.fas', -8.724, -4.333, -9.385, -12.886
'bali_phy_msa.73.fas', -9.721, -5.663, -10.627, -14.148
'bali_phy_msa.74.fas', -9.627, -5.558, -12.848, -13.094
'bali_phy_msa.75.fas', -10.68, -6.481, -11.8, -14.348
'bali_phy_msa.76.fas', -11.598, -7.935, -12.23, -15.238
'bali_phy_msa.77.fas', -11.547, -7.759, -12.937, -15.251
'bali_phy_msa.78.fas', -9.15, -5.076, -9.122, -12.641
'bali_phy_msa.79.fas', -10.204, -6.064, -10.063, -13.827
'bali_phy_msa.8.fas', -13.968, -10.933, -13.921, -18.186
'bali_phy_msa.80.fas', -9.619, -5.531, -11.924, -12.053
'bali_phy_msa.81.fas', -9.188, -4.887, -9.483, -13.36
'bali_phy_msa.82.fas', -11.479, -7.409, -11.215, -14.761
'bali_phy_msa.83.fas', -11.866, -8.361, -13.925, -15.512
'bali_phy_msa.84.fas', -10.661, -6.838, -14.187, -15.154
'bali_phy_msa.85.fas', -12.196, -8.548, -12.996, -15.094
'bali_phy_msa.86.fas', -10.375, -6.55, -11.268, -14.666
'bali_phy_msa.87.fas', -10.772, -7.067, -12.304, -14.253
'bali_phy_msa.88.fas', -10.875, -7.064, -12.27, -14.423
'bali_phy_msa.89.fas', -12.701, -9.072, -15.573, -16.314
'bali_phy_msa.9.fas', -14.042, -11.011, -14.045, -19.005
'bali_phy_msa.90.fas', -11.827, -8.306, -11.617, -16.103
'bali_phy_msa.91.fas', -11.725, -8.454, -11.038, -15.712
'bali_phy_msa.92.fas', -14.074, -11.14, -15.066, -19.416
'bali_phy_msa.93.fas', -9.696, -5.51, -12.023, -13.338
'bali_phy_msa.94.fas', -8.925, -4.546, -11.248, -12.027
'bali_phy_msa.95.fas', -10.931, -7.148, -9.404, -17.228
'bali_phy_msa.96.fas', -12.546, -9.149, -14.667, -17.05
'bali_phy_msa.97.fas', -11.506, -8.19, -9.464, -15.393
'bali_phy_msa.98.fas', -10.099, -5.997, -8.816, -14.32
'bali_phy_msa.99.fas', -10.403, -6.591, -7.796, -15.295
'MAFFT_b0#0051_hhH_tree_47_OP_1.2558167082838578_Split_51.fasta', -18.073, -13.599, -21.374, -19.266
'MAFFT_b0#0051_htH_tree_0_OP_1.9201310643830272_Split_51.fasta', -15.895, -14.834, -16.856, -22.224
'MAFFT_b0#0051_htH_tree_57_OP_1.8145645468714477_Split_51.fasta', -14.885, -11.024, -13.949, -20.528
'MAFFT_b0#0051_htH_tree_93_OP_2.2336854992597184_Split_51.fasta', -11.315, -6.63, -17.18, -14.545
'MAFFT_b0#0051_htT_tree_0_OP_1.9201310643830272_Split_51.fasta', -15.895, -14.834, -16.856, -22.224
'MAFFT_b0#0051_htT_tree_57_OP_1.8145645468714477_Split_51.fasta', -14.885, -11.024, -13.949, -20.528
'MAFFT_b0#0051_thH_tree_57_OP_1.8145645468714477_Split_51.fasta', -12.965, -8.834, -11.711, -18.35
'MAFFT_b0#0051_thH_tree_93_OP_2.2336854992597184_Split_51.fasta', -10.592, -5.952, -16.362, -14.092
'MAFFT_b0#0051_thT_tree_0_OP_1.9201310643830272_Split_51.fasta', -14.296, -11.299, -11.822, -19.602
'MAFFT_b0#0051_thT_tree_47_OP_1.2558167082838578_Split_51.fasta', -18.073, -13.599, -21.374, -19.266
'MAFFT_b0#0051_ttH_tree_47_OP_1.2558167082838578_Split_51.fasta', -18.99, -14.919, -21.401, -21.467
'MAFFT_b0#0051_ttH_tree_93_OP_2.2336854992597184_Split_51.fasta', -11.315, -6.63, -17.18, -14.545
'MAFFT_b0#0051_ttT_tree_0_OP_1.9201310643830272_Split_51.fasta', -15.895, -14.834, -16.856, -22.224
'MAFFT_b0#0051_ttT_tree_47_OP_1.2558167082838578_Split_51.fasta', -18.99, -14.919, -21.401, -21.467
'MAFFT_b0#0051_ttT_tree_57_OP_1.8145645468714477_Split_51.fasta', -14.885, -11.024, -13.949, -20.528
'MAFFT_b0#0051_ttT_tree_93_OP_2.2336854992597184_Split_51.fasta', -11.315, -6.63, -17.18, -14.545
'MAFFT_b0#0053_hhH_tree_5_OP_1.3773636194735985_Split_53.fasta', -13.957, -9.156, -14.653, -17.647
'MAFFT_b0#0053_hhH_tree_60_OP_2.2485867324412547_Split_53.fasta', -12.646, -7.938, -12.994, -18.809
'MAFFT_b0#0053_hhT_tree_60_OP_2.2485867324412547_Split_53.fasta', -12.646, -7.938, -12.994, -18.809
'MAFFT_b0#0053_htH_tree_5_OP_1.3773636194735985_Split_53.fasta', -12.627, -7.91, -12.717, -16.741
'MAFFT_b0#0053_htT_tree_5_OP_1.3773636194735985_Split_53.fasta', -12.627, -7.91, -12.717, -16.741
'MAFFT_b0#0053_thH_tree_60_OP_2.2485867324412547_Split_53.fasta', -12.646, -7.938, -12.994, -18.809
'MAFFT_b0#0053_thT_tree_5_OP_1.3773636194735985_Split_53.fasta', -14.008, -9.207, -14.714, -17.72
'MAFFT_b0#0053_ttH_tree_60_OP_2.2485867324412547_Split_53.fasta', -12.246, -7.451, -12.674, -18.375
'MAFFT_b0#0054_hhH_tree_35_OP_2.3157753293540146_Split_54.fasta', -14.739, -10.846, -12.675, -17.555
'MAFFT_b0#0054_htH_tree_35_OP_2.3157753293540146_Split_54.fasta', -14.609, -10.659, -12.509, -17.431
'MAFFT_b0#0054_thH_tree_35_OP_2.3157753293540146_Split_54.fasta', -14.739, -10.846, -12.675, -17.555
'MAFFT_b0#0054_ttT_tree_35_OP_2.3157753293540146_Split_54.fasta', -14.609, -10.659, -12.509, -17.431
'MAFFT_b0#0057_htH_tree_1_OP_1.4037489078147287_Split_57.fasta', -20.566, -16.66, -22.863, -22.413
'MAFFT_b0#0057_htT_tree_1_OP_1.4037489078147287_Split_57.fasta', -20.566, -16.66, -22.863, -22.413
'MAFFT_b0#0057_thT_tree_1_OP_1.4037489078147287_Split_57.fasta', -20.498, -16.578, -21.946, -22.31
'MAFFT_b0#0057_ttT_tree_1_OP_1.4037489078147287_Split_57.fasta', -20.566, -16.66, -22.863, -22.413
'MAFFT_b0#0058_hhH_tree_13_OP_1.7913990869854772_Split_58.fasta', -21.072, -17.797, -21.058, -25.707
'MAFFT_b0#0058_htH_tree_11_OP_1.3146381684889776_Split_58.fasta', -13.353, -8.662, -14.64, -18.026
'MAFFT_b0#0058_htH_tree_13_OP_1.7913990869854772_Split_58.fasta', -20.619, -17.214, -19.043, -25.979
'MAFFT_b0#0058_htT_tree_11_OP_1.3146381684889776_Split_58.fasta', -13.353, -8.662, -14.64, -18.026
'MAFFT_b0#0058_thH_tree_13_OP_1.7913990869854772_Split_58.fasta', -21.072, -17.797, -21.058, -25.707
'MAFFT_b0#0058_ttH_tree_11_OP_1.3146381684889776_Split_58.fasta', -12.13, -7.411, -12.846, -18.173
'MAFFT_b0#0058_ttT_tree_11_OP_1.3146381684889776_Split_58.fasta', -12.13, -7.411, -12.846, -18.173
'MAFFT_b0#0058_ttT_tree_13_OP_1.7913990869854772_Split_58.fasta', -20.619, -17.214, -19.043, -25.979
'MAFFT_b0#0060_hhT_tree_32_OP_1.498379977124041_Split_60.fasta', -13.829, -10.915, -16.99, -20.383
'MAFFT_b0#0060_htH_tree_32_OP_1.498379977124041_Split_60.fasta', -14.063, -11.139, -17.261, -20.616
'MAFFT_b0#0060_htT_tree_32_OP_1.498379977124041_Split_60.fasta', -14.063, -11.139, -17.261, -20.616
'MAFFT_b0#0060_ttH_tree_32_OP_1.498379977124041_Split_60.fasta', -14.063, -11.139, -17.261, -20.616
'MAFFT_b0#0061_hhH_tree_87_OP_1.1834961203615137_Split_61.fasta', -17.832, -13.357, -18.653, -21.925
'MAFFT_b0#0061_hhH_tree_88_OP_2.9570433978664177_Split_61.fasta', -12.503, -8.506, -12.892, -18.112
'MAFFT_b0#0061_hhH_tree_97_OP_2.1094152983091004_Split_61.fasta', -13.019, -8.957, -16.13, -16.428
'MAFFT_b0#0061_hhT_tree_18_OP_1.3304542342131214_Split_61.fasta', -31.28, -29.499, -29.562, -37.069
'MAFFT_b0#0061_hhT_tree_30_OP_2.908145211858187_Split_61.fasta', -8.313, -3.769, -5.839, -12.452
'MAFFT_b0#0061_htH_tree_18_OP_1.3304542342131214_Split_61.fasta', -31.396, -29.681, -30.487, -37.228
'MAFFT_b0#0061_htH_tree_30_OP_2.908145211858187_Split_61.fasta', -9.505, -5.141, -6.385, -14.573
'MAFFT_b0#0061_htH_tree_72_OP_1.8278688995959085_Split_61.fasta', -15.232, -12.424, -16.821, -18.555
'MAFFT_b0#0061_htH_tree_88_OP_2.9570433978664177_Split_61.fasta', -11.894, -7.861, -12.191, -16.119
'MAFFT_b0#0061_htT_tree_87_OP_1.1834961203615137_Split_61.fasta', -18.371, -13.943, -16.741, -21.51
'MAFFT_b0#0061_htT_tree_97_OP_2.1094152983091004_Split_61.fasta', -12.872, -8.825, -15.537, -16.319
'MAFFT_b0#0061_thH_tree_18_OP_1.3304542342131214_Split_61.fasta', -31.28, -29.499, -29.562, -37.069
'MAFFT_b0#0061_thH_tree_72_OP_1.8278688995959085_Split_61.fasta', -15.241, -12.433, -16.828, -18.571
'MAFFT_b0#0061_thT_tree_30_OP_2.908145211858187_Split_61.fasta', -8.313, -3.769, -5.839, -12.452
'MAFFT_b0#0061_thT_tree_72_OP_1.8278688995959085_Split_61.fasta', -15.241, -12.433, -16.828, -18.571
'MAFFT_b0#0061_thT_tree_87_OP_1.1834961203615137_Split_61.fasta', -17.832, -13.357, -18.653, -21.925
'MAFFT_b0#0061_thT_tree_88_OP_2.9570433978664177_Split_61.fasta', -12.503, -8.506, -12.892, -18.112
'MAFFT_b0#0061_thT_tree_97_OP_2.1094152983091004_Split_61.fasta', -13.019, -8.957, -16.13, -16.428
'MAFFT_b0#0061_ttT_tree_18_OP_1.3304542342131214_Split_61.fasta', -31.396, -29.681, -30.487, -37.228
'MAFFT_b0#0061_ttT_tree_30_OP_2.908145211858187_Split_61.fasta', -9.505, -5.141, -6.385, -14.573
'MAFFT_b0#0061_ttT_tree_72_OP_1.8278688995959085_Split_61.fasta', -15.232, -12.424, -16.821, -18.555
'MAFFT_b0#0061_ttT_tree_87_OP_1.1834961203615137_Split_61.fasta', -18.371, -13.943, -16.741, -21.51
'MAFFT_b0#0061_ttT_tree_88_OP_2.9570433978664177_Split_61.fasta', -11.894, -7.861, -12.191, -16.119
'MAFFT_b0#0061_ttT_tree_97_OP_2.1094152983091004_Split_61.fasta', -12.872, -8.825, -15.537, -16.319
'MAFFT_b0#0063_hhH_tree_37_OP_2.065965428692473_Split_63.fasta', -11.026, -6.631, -10.541, -16.97
'MAFFT_b0#0063_hhT_tree_89_OP_2.6540913216611166_Split_63.fasta', -16.44, -12.972, -14.606, -18.65
'MAFFT_b0#0063_htH_tree_37_OP_2.065965428692473_Split_63.fasta', -11.598, -7.248, -10.889, -17.373
'MAFFT_b0#0063_htH_tree_89_OP_2.6540913216611166_Split_63.fasta', -16.701, -13.288, -14.886, -18.938
'MAFFT_b0#0063_thH_tree_37_OP_2.065965428692473_Split_63.fasta', -11.026, -6.631, -10.541, -16.97
'MAFFT_b0#0063_thT_tree_89_OP_2.6540913216611166_Split_63.fasta', -16.436, -12.969, -14.6, -18.645
'MAFFT_b0#0063_ttH_tree_37_OP_2.065965428692473_Split_63.fasta', -11.598, -7.248, -10.889, -17.373
'MAFFT_b0#0063_ttH_tree_89_OP_2.6540913216611166_Split_63.fasta', -16.699, -13.288, -14.877, -18.936
'MAFFT_b0#0065_htH_tree_26_OP_2.2970226808572787_Split_65.fasta', -12.8, -8.692, -12.202, -15.94
'MAFFT_b0#0065_htT_tree_55_OP_1.534121132575311_Split_65.fasta', -26.671, -24.844, -24.018, -28.804
'MAFFT_b0#0065_thH_tree_26_OP_2.2970226808572787_Split_65.fasta', -13.595, -9.617, -12.894, -16.663
'MAFFT_b0#0065_thH_tree_55_OP_1.534121132575311_Split_65.fasta', -26.958, -25.267, -24.3, -29.601
'MAFFT_b0#0065_thT_tree_55_OP_1.534121132575311_Split_65.fasta', -26.958, -25.267, -24.3, -29.601
'MAFFT_b0#0065_ttH_tree_26_OP_2.2970226808572787_Split_65.fasta', -12.852, -8.766, -12.232, -16.014
'MAFFT_b0#0065_ttT_tree_26_OP_2.2970226808572787_Split_65.fasta', -12.852, -8.766, -12.232, -16.014
'MAFFT_b0#0065_ttT_tree_55_OP_1.534121132575311_Split_65.fasta', -26.671, -24.844, -24.018, -28.804
'MAFFT_b0#0066_hhH_tree_77_OP_1.3827668594678542_Split_66.fasta', -20.547, -17.085, -22.354, -23.012
'MAFFT_b0#0066_hhT_tree_99_OP_1.9136688454364907_Split_66.fasta', -15.503, -11.941, -13.19, -20.292
'MAFFT_b0#0066_htT_tree_99_OP_1.9136688454364907_Split_66.fasta', -15.715, -12.145, -13.297, -20.389
'MAFFT_b0#0066_thH_tree_77_OP_1.3827668594678542_Split_66.fasta', -20.547, -17.085, -22.354, -23.012
'MAFFT_b0#0066_thH_tree_99_OP_1.9136688454364907_Split_66.fasta', -15.501, -11.94, -13.187, -20.29
'MAFFT_b0#0066_thT_tree_99_OP_1.9136688454364907_Split_66.fasta', -15.501, -11.94, -13.187, -20.29
'MAFFT_b0#0066_ttH_tree_77_OP_1.3827668594678542_Split_66.fasta', -20.09, -16.515, -22.64, -22.201
'MAFFT_b0#0066_ttT_tree_77_OP_1.3827668594678542_Split_66.fasta', -20.09, -16.515, -22.64, -22.201
'MAFFT_b0#0067_hhT_tree_4_OP_1.1542677766261527_Split_67.fasta', -24.476, -20.925, -25.343, -25.98
'MAFFT_b0#0067_htH_tree_4_OP_1.1542677766261527_Split_67.fasta', -19.895, -15.825, -18.179, -22.546
'MAFFT_b0#0067_htH_tree_76_OP_1.9781210467371317_Split_67.fasta', -11.499, -7.255, -15.805, -14.471
'MAFFT_b0#0067_thH_tree_76_OP_1.9781210467371317_Split_67.fasta', -12.915, -8.66, -17.422, -16.384
'MAFFT_b0#0067_thT_tree_4_OP_1.1542677766261527_Split_67.fasta', -24.476, -20.925, -25.343, -25.98
'MAFFT_b0#0067_ttH_tree_76_OP_1.9781210467371317_Split_67.fasta', -11.499, -7.255, -15.805, -14.471
'MAFFT_b0#0067_ttT_tree_4_OP_1.1542677766261527_Split_67.fasta', -19.895, -15.825, -18.179, -22.546
'MAFFT_b0#0067_ttT_tree_76_OP_1.9781210467371317_Split_67.fasta', -11.499, -7.255, -15.805, -14.471
'MAFFT_b0#0069_htH_tree_20_OP_2.4221981553992458_Split_69.fasta', -22.004, -20.404, -17.502, -24.435
'MAFFT_b0#0069_htH_tree_73_OP_2.973262473304242_Split_69.fasta', -13.451, -9.579, -17.414, -15.528
'MAFFT_b0#0069_htT_tree_20_OP_2.4221981553992458_Split_69.fasta', -22.004, -20.404, -17.502, -24.435
'MAFFT_b0#0069_htT_tree_73_OP_2.973262473304242_Split_69.fasta', -13.451, -9.579, -17.414, -15.528
'MAFFT_b0#0069_thH_tree_20_OP_2.4221981553992458_Split_69.fasta', -21.588, -19.969, -17.164, -24.089
'MAFFT_b0#0069_thH_tree_73_OP_2.973262473304242_Split_69.fasta', -13.908, -10.152, -17.278, -15.907
'MAFFT_b0#0069_thT_tree_20_OP_2.4221981553992458_Split_69.fasta', -21.588, -19.969, -17.164, -24.089
'MAFFT_b0#0069_ttH_tree_73_OP_2.973262473304242_Split_69.fasta', -13.451, -9.579, -17.414, -15.528
'MAFFT_b0#0070_hhH_tree_86_OP_1.7393056698625855_Split_70.fasta', -14.789, -11.129, -17.005, -17.966
'MAFFT_b0#0070_hhT_tree_17_OP_1.818409912056766_Split_70.fasta', -19.723, -16.398, -20.532, -22.559
'MAFFT_b0#0070_htH_tree_86_OP_1.7393056698625855_Split_70.fasta', -15.403, -11.763, -15.434, -19.604
'MAFFT_b0#0070_thH_tree_17_OP_1.818409912056766_Split_70.fasta', -19.141, -15.688, -20.387, -22.834
'MAFFT_b0#0070_thH_tree_86_OP_1.7393056698625855_Split_70.fasta', -14.789, -11.129, -17.005, -17.966
'MAFFT_b0#0070_ttH_tree_17_OP_1.818409912056766_Split_70.fasta', -19.139, -15.687, -20.382, -22.832
'MAFFT_b0#0070_ttT_tree_17_OP_1.818409912056766_Split_70.fasta', -19.139, -15.687, -20.382, -22.832
'MAFFT_b0#0070_ttT_tree_86_OP_1.7393056698625855_Split_70.fasta', -15.403, -11.763, -15.434, -19.604
'MAFFT_b0#0071_thH_tree_83_OP_1.1196527601502904_Split_71.fasta', -12.294, -7.281, -12.962, -14.888
'MAFFT_b0#0071_thT_tree_83_OP_1.1196527601502904_Split_71.fasta', -12.294, -7.281, -12.962, -14.888
'MAFFT_b0#0071_ttH_tree_83_OP_1.1196527601502904_Split_71.fasta', -13.73, -9.119, -12.112, -17.547
'MAFFT_b0#0071_ttT_tree_83_OP_1.1196527601502904_Split_71.fasta', -13.73, -9.119, -12.112, -17.547
'MAFFT_b0#0072_hhH_tree_16_OP_1.904493049197901_Split_72.fasta', -16.51, -12.84, -17.97, -19.158
'MAFFT_b0#0072_hhH_tree_2_OP_2.0780663887168265_Split_72.fasta', -17.71, -15.941, -15.767, -22.164
'MAFFT_b0#0072_htH_tree_2_OP_2.0780663887168265_Split_72.fasta', -20.211, -18.276, -16.666, -24.678
'MAFFT_b0#0072_htT_tree_16_OP_1.904493049197901_Split_72.fasta', -17.645, -14.004, -19.394, -19.989
'MAFFT_b0#0072_htT_tree_2_OP_2.0780663887168265_Split_72.fasta', -20.211, -18.276, -16.666, -24.678
'MAFFT_b0#0072_thH_tree_2_OP_2.0780663887168265_Split_72.fasta', -17.71, -15.941, -15.767, -22.164
'MAFFT_b0#0072_ttH_tree_16_OP_1.904493049197901_Split_72.fasta', -17.645, -14.004, -19.394, -19.989
'MAFFT_b0#0072_ttT_tree_16_OP_1.904493049197901_Split_72.fasta', -17.645, -14.004, -19.394, -19.989
'MAFFT_b0#0073_hhT_tree_96_OP_2.2598618576256135_Split_73.fasta', -7.561, -2.798, -10.242, -11.114
'MAFFT_b0#0073_htH_tree_96_OP_2.2598618576256135_Split_73.fasta', -7.679, -2.921, -10.036, -11.038
'MAFFT_b0#0073_htT_tree_38_OP_1.4036490691810368_Split_73.fasta', -25.304, -23.887, -25.507, -27.469
'MAFFT_b0#0073_htT_tree_96_OP_2.2598618576256135_Split_73.fasta', -7.679, -2.921, -10.036, -11.038
'MAFFT_b0#0073_thT_tree_38_OP_1.4036490691810368_Split_73.fasta', -24.847, -23.334, -25.077, -26.809
'MAFFT_b0#0073_thT_tree_96_OP_2.2598618576256135_Split_73.fasta', -7.561, -2.798, -10.242, -11.114
'MAFFT_b0#0073_ttH_tree_38_OP_1.4036490691810368_Split_73.fasta', -26.686, -25.509, -26.408, -29.322
'MAFFT_b0#0073_ttT_tree_38_OP_1.4036490691810368_Split_73.fasta', -26.686, -25.509, -26.408, -29.322
'MAFFT_b0#0074_hhH_tree_56_OP_1.8151633835449412_Split_74.fasta', -12.492, -7.343, -13.052, -15.169
'MAFFT_b0#0074_hhH_tree_79_OP_1.1319264156945865_Split_74.fasta', -23.248, -20.531, -20.761, -25.943
'MAFFT_b0#0074_htH_tree_56_OP_1.8151633835449412_Split_74.fasta', -12.394, -7.308, -13.611, -14.704
'MAFFT_b0#0074_htT_tree_79_OP_1.1319264156945865_Split_74.fasta', -23.064, -20.241, -21.141, -25.539
'MAFFT_b0#0074_thT_tree_56_OP_1.8151633835449412_Split_74.fasta', -12.492, -7.343, -13.052, -15.169
'MAFFT_b0#0074_ttH_tree_56_OP_1.8151633835449412_Split_74.fasta', -12.394, -7.308, -13.611, -14.704
'MAFFT_b0#0074_ttH_tree_79_OP_1.1319264156945865_Split_74.fasta', -23.064, -20.241, -21.141, -25.539
'MAFFT_b0#0074_ttT_tree_79_OP_1.1319264156945865_Split_74.fasta', -23.064, -20.241, -21.141, -25.539
'MAFFT_b0#0075_hhH_tree_81_OP_1.1314497018902243_Split_75.fasta', -23.757, -20.293, -26.206, -27.312
'MAFFT_b0#0075_hhT_tree_19_OP_1.5848887345678324_Split_75.fasta', -15.28, -10.756, -19.231, -19.576
'MAFFT_b0#0075_htH_tree_19_OP_1.5848887345678324_Split_75.fasta', -15.298, -10.771, -19.253, -19.597
'MAFFT_b0#0075_htH_tree_81_OP_1.1314497018902243_Split_75.fasta', -23.791, -20.321, -26.215, -27.321
'MAFFT_b0#0075_thH_tree_81_OP_1.1314497018902243_Split_75.fasta', -23.57, -20.059, -26.051, -27.14
'MAFFT_b0#0075_thT_tree_19_OP_1.5848887345678324_Split_75.fasta', -15.703, -11.22, -18.725, -20.651
'MAFFT_b0#0075_ttH_tree_19_OP_1.5848887345678324_Split_75.fasta', -15.722, -11.235, -18.748, -20.671
'MAFFT_b0#0075_ttH_tree_81_OP_1.1314497018902243_Split_75.fasta', -23.604, -20.087, -26.061, -27.148
'MAFFT_b0#0077_hhT_tree_15_OP_2.550159221795637_Split_77.fasta', -11.34, -6.738, -13.896, -14.25
'MAFFT_b0#0077_htT_tree_15_OP_2.550159221795637_Split_77.fasta', -14.004, -10.135, -15.35, -16.93
'MAFFT_b0#0077_thH_tree_15_OP_2.550159221795637_Split_77.fasta', -11.34, -6.738, -13.896, -14.25
'MAFFT_b0#0077_thT_tree_15_OP_2.550159221795637_Split_77.fasta', -11.34, -6.738, -13.896, -14.25
'MAFFT_b0#0079_hhH_tree_53_OP_2.8446810696084794_Split_79.fasta', -11.226, -7.511, -8.549, -16.184
'MAFFT_b0#0079_hhT_tree_53_OP_2.8446810696084794_Split_79.fasta', -11.226, -7.511, -8.549, -16.184
'MAFFT_b0#0079_htT_tree_53_OP_2.8446810696084794_Split_79.fasta', -11.288, -7.582, -8.58, -16.26
'MAFFT_b0#0079_ttH_tree_53_OP_2.8446810696084794_Split_79.fasta', -11.343, -7.659, -8.629, -16.345
'MAFFT_b0#0081_hhH_tree_28_OP_2.8015195195451144_Split_81.fasta', -17.512, -13.837, -15.362, -20.457
'MAFFT_b0#0081_hhT_tree_28_OP_2.8015195195451144_Split_81.fasta', -17.512, -13.837, -15.362, -20.457
'MAFFT_b0#0081_htH_tree_70_OP_2.86216121405654_Split_81.fasta', -11.862, -7.551, -11.458, -16.745
'MAFFT_b0#0081_htT_tree_70_OP_2.86216121405654_Split_81.fasta', -11.862, -7.551, -11.458, -16.745
'MAFFT_b0#0081_thH_tree_70_OP_2.86216121405654_Split_81.fasta', -11.138, -6.741, -10.985, -16.282
'MAFFT_b0#0081_thT_tree_28_OP_2.8015195195451144_Split_81.fasta', -17.512, -13.837, -15.362, -20.457
'MAFFT_b0#0081_ttH_tree_28_OP_2.8015195195451144_Split_81.fasta', -17.026, -13.246, -14.765, -20.015
'MAFFT_b0#0081_ttH_tree_70_OP_2.86216121405654_Split_81.fasta', -11.862, -7.551, -11.458, -16.745
'MAFFT_b0#0085_hhH_tree_6_OP_2.614406638642872_Split_85.fasta', -19.052, -16.506, -21.247, -21.041
'MAFFT_b0#0085_htH_tree_6_OP_2.614406638642872_Split_85.fasta', -19.091, -16.562, -21.25, -21.085
'MAFFT_b0#0085_htT_tree_43_OP_1.1593268235540946_Split_85.fasta', -16.177, -11.821, -15.522, -19.463
'MAFFT_b0#0085_htT_tree_6_OP_2.614406638642872_Split_85.fasta', -19.091, -16.562, -21.25, -21.085
'MAFFT_b0#0085_thT_tree_43_OP_1.1593268235540946_Split_85.fasta', -15.729, -11.331, -15.401, -21.644
'MAFFT_b0#0085_thT_tree_6_OP_2.614406638642872_Split_85.fasta', -19.052, -16.506, -21.247, -21.041
'MAFFT_b0#0085_ttH_tree_43_OP_1.1593268235540946_Split_85.fasta', -16.177, -11.821, -15.522, -19.463
'MAFFT_b0#0085_ttT_tree_43_OP_1.1593268235540946_Split_85.fasta', -16.177, -11.821, -15.522, -19.463
'MAFFT_b0#0086_hhH_tree_98_OP_1.0089131553899002_Split_86.fasta', -23.673, -19.932, -23.27, -27.319
'MAFFT_b0#0086_hhT_tree_98_OP_1.0089131553899002_Split_86.fasta', -23.673, -19.932, -23.27, -27.319
'MAFFT_b0#0086_htH_tree_98_OP_1.0089131553899002_Split_86.fasta', -23.587, -19.739, -22.344, -26.79
'MAFFT_b0#0086_thH_tree_98_OP_1.0089131553899002_Split_86.fasta', -23.673, -19.932, -23.27, -27.319
'MAFFT_b0#0088_hhH_tree_24_OP_2.5256879150632905_Split_88.fasta', -15.531, -11.408, -13.729, -21.272
'MAFFT_b0#0088_htH_tree_24_OP_2.5256879150632905_Split_88.fasta', -15.375, -11.157, -13.487, -20.975
'MAFFT_b0#0088_htT_tree_24_OP_2.5256879150632905_Split_88.fasta', -15.375, -11.157, -13.487, -20.975
'MAFFT_b0#0088_thH_tree_24_OP_2.5256879150632905_Split_88.fasta', -15.531, -11.408, -13.729, -21.272
'MAFFT_b0#0089_hhH_tree_3_OP_2.728084439580989_Split_89.fasta', -13.608, -10.277, -10.408, -16.916
'MAFFT_b0#0089_hhT_tree_3_OP_2.728084439580989_Split_89.fasta', -13.608, -10.277, -10.408, -16.916
'MAFFT_b0#0089_htH_tree_3_OP_2.728084439580989_Split_89.fasta', -13.914, -10.713, -9.77, -17.068
'MAFFT_b0#0089_htT_tree_3_OP_2.728084439580989_Split_89.fasta', -13.914, -10.713, -9.77, -17.068
'MAFFT_b0#0091_hhH_tree_58_OP_2.470758940826272_Split_91.fasta', -16.858, -14.326, -20.972, -19.249
'MAFFT_b0#0091_htH_tree_58_OP_2.470758940826272_Split_91.fasta', -16.858, -14.326, -20.972, -19.249
'MAFFT_b0#0091_thH_tree_58_OP_2.470758940826272_Split_91.fasta', -15.569, -12.681, -19.466, -17.672
'MAFFT_b0#0091_thT_tree_58_OP_2.470758940826272_Split_91.fasta', -15.569, -12.681, -19.466, -17.672
'MAFFT_b0#0092_hhH_tree_42_OP_1.3915835484150982_Split_92.fasta', -15.061, -12.001, -11.033, -19.153
'MAFFT_b0#0092_htH_tree_42_OP_1.3915835484150982_Split_92.fasta', -15.753, -12.662, -11.98, -19.335
'MAFFT_b0#0092_thH_tree_42_OP_1.3915835484150982_Split_92.fasta', -15.07, -12.021, -11.011, -19.128
'MAFFT_b0#0092_thT_tree_42_OP_1.3915835484150982_Split_92.fasta', -15.07, -12.021, -11.011, -19.128
'MAFFT_b0#0093_hhH_tree_50_OP_1.9153041649578615_Split_93.fasta', -21.396, -18.523, -20.518, -24.319
'MAFFT_b0#0093_htH_tree_49_OP_1.2895147288295243_Split_93.fasta', -16.368, -11.043, -16.668, -22.74
'MAFFT_b0#0093_htH_tree_50_OP_1.9153041649578615_Split_93.fasta', -18.375, -15.225, -18.955, -20.682
'MAFFT_b0#0093_htT_tree_50_OP_1.9153041649578615_Split_93.fasta', -18.375, -15.225, -18.955, -20.682
'MAFFT_b0#0093_thH_tree_49_OP_1.2895147288295243_Split_93.fasta', -17.471, -12.557, -15.826, -23.827
'MAFFT_b0#0093_thT_tree_49_OP_1.2895147288295243_Split_93.fasta', -17.471, -12.557, -15.826, -23.827
'MAFFT_b0#0093_ttT_tree_49_OP_1.2895147288295243_Split_93.fasta', -17.522, -12.596, -18.205, -23.131
'MAFFT_b0#0093_ttT_tree_50_OP_1.9153041649578615_Split_93.fasta', -18.57, -15.42, -19.197, -20.793
'MAFFT_b0#0094_hhH_tree_61_OP_2.233368308529553_Split_94.fasta', -10.823, -6.634, -13.901, -13.84
'MAFFT_b0#0094_hhT_tree_63_OP_2.7597843575557506_Split_94.fasta', -14.259, -10.554, -14.583, -19.414
'MAFFT_b0#0094_htT_tree_63_OP_2.7597843575557506_Split_94.fasta', -12.143, -8.454, -13.55, -15.776
'MAFFT_b0#0094_thH_tree_61_OP_2.233368308529553_Split_94.fasta', -10.909, -6.738, -13.975, -13.907
'MAFFT_b0#0094_thH_tree_63_OP_2.7597843575557506_Split_94.fasta', -13.772, -9.968, -14.251, -18.885
'MAFFT_b0#0094_thT_tree_61_OP_2.233368308529553_Split_94.fasta', -10.909, -6.738, -13.975, -13.907
'MAFFT_b0#0094_thT_tree_63_OP_2.7597843575557506_Split_94.fasta', -13.772, -9.968, -14.251, -18.885
'MAFFT_b0#0094_ttH_tree_61_OP_2.233368308529553_Split_94.fasta', -11.266, -7.162, -14.944, -14.209
'MAFFT_b0#0095_hhH_tree_36_OP_1.861931102167887_Split_95.fasta', -18.24, -16.044, -19.483, -22.384
'MAFFT_b0#0095_hhT_tree_25_OP_1.0509666088927379_Split_95.fasta', -24.438, -21.08, -23.42, -28.981
'MAFFT_b0#0095_hhT_tree_36_OP_1.861931102167887_Split_95.fasta', -18.24, -16.044, -19.483, -22.384
'MAFFT_b0#0095_htT_tree_25_OP_1.0509666088927379_Split_95.fasta', -24.438, -21.08, -23.42, -28.981
'MAFFT_b0#0095_htT_tree_36_OP_1.861931102167887_Split_95.fasta', -18.24, -16.044, -19.483, -22.384
'MAFFT_b0#0095_thT_tree_25_OP_1.0509666088927379_Split_95.fasta', -24.882, -21.494, -22.217, -30.519
'MAFFT_b0#0095_thT_tree_36_OP_1.861931102167887_Split_95.fasta', -18.28, -16.103, -19.507, -22.429
'MAFFT_b0#0095_ttH_tree_25_OP_1.0509666088927379_Split_95.fasta', -24.882, -21.494, -22.217, -30.519
'MAFFT_b1#0001_hhH_tree_41_OP_1.752396225471006_Split_1.fasta', -27.122, -23.883, -26.526, -31.076
'MAFFT_b1#0001_hhH_tree_68_OP_2.7543395888868245_Split_1.fasta', -21.68, -18.297, -20.883, -24.757
'MAFFT_b1#0001_hhT_tree_41_OP_1.752396225471006_Split_1.fasta', -27.122, -23.883, -26.526, -31.076
'MAFFT_b1#0001_hhT_tree_68_OP_2.7543395888868245_Split_1.fasta', -21.68, -18.297, -20.883, -24.757
'MAFFT_b1#0001_htH_tree_41_OP_1.752396225471006_Split_1.fasta', -25.925, -22.648, -25.014, -29.969
'MAFFT_b1#0001_htH_tree_68_OP_2.7543395888868245_Split_1.fasta', -20.024, -16.635, -18.099, -23.477
'MAFFT_b1#0001_htT_tree_41_OP_1.752396225471006_Split_1.fasta', -25.925, -22.648, -25.014, -29.969
'MAFFT_b1#0001_htT_tree_68_OP_2.7543395888868245_Split_1.fasta', -20.024, -16.635, -18.099, -23.477
'MAFFT_b1#0003_hhH_tree_7_OP_2.423506546963713_Split_3.fasta', -12.949, -8.57, -15.188, -15.214
'MAFFT_b1#0003_hhT_tree_7_OP_2.423506546963713_Split_3.fasta', -12.949, -8.57, -15.188, -15.214
'MAFFT_b1#0003_htH_tree_7_OP_2.423506546963713_Split_3.fasta', -11.023, -6.578, -15.062, -13.684
'MAFFT_b1#0003_htT_tree_7_OP_2.423506546963713_Split_3.fasta', -11.023, -6.578, -15.062, -13.684
'MAFFT_b1#0006_hhH_tree_12_OP_2.973153388725351_Split_6.fasta', -14.096, -10.332, -19.224, -17.315
'MAFFT_b1#0006_hhH_tree_82_OP_2.6007870123262946_Split_6.fasta', -9.596, -4.665, -8.295, -15.374
'MAFFT_b1#0006_hhT_tree_12_OP_2.973153388725351_Split_6.fasta', -14.096, -10.332, -19.224, -17.315
'MAFFT_b1#0006_hhT_tree_82_OP_2.6007870123262946_Split_6.fasta', -9.596, -4.665, -8.295, -15.374
'MAFFT_b1#0006_htH_tree_12_OP_2.973153388725351_Split_6.fasta', -13.691, -9.812, -18.976, -16.868
'MAFFT_b1#0006_htH_tree_82_OP_2.6007870123262946_Split_6.fasta', -10.603, -5.528, -10.011, -15.364
'MAFFT_b1#0006_htT_tree_12_OP_2.973153388725351_Split_6.fasta', -13.691, -9.812, -18.976, -16.868
'MAFFT_b1#0006_htT_tree_82_OP_2.6007870123262946_Split_6.fasta', -10.603, -5.528, -10.011, -15.364
'MAFFT_b1#0007_hhH_tree_40_OP_1.431276692692299_Split_7.fasta', -13.456, -8.802, -17.218, -17.175
'MAFFT_b1#0007_hhT_tree_40_OP_1.431276692692299_Split_7.fasta', -13.456, -8.802, -17.218, -17.175
'MAFFT_b1#0007_htH_tree_40_OP_1.431276692692299_Split_7.fasta', -13.294, -8.571, -16.902, -16.853
'MAFFT_b1#0007_htT_tree_40_OP_1.431276692692299_Split_7.fasta', -13.294, -8.571, -16.902, -16.853
'MAFFT_b1#0008_hhH_tree_29_OP_1.1774471868850718_Split_8.fasta', -20.887, -18.567, -22.92, -23.683
'MAFFT_b1#0008_hhT_tree_29_OP_1.1774471868850718_Split_8.fasta', -20.887, -18.567, -22.92, -23.683
'MAFFT_b1#0008_htH_tree_29_OP_1.1774471868850718_Split_8.fasta', -20.892, -18.573, -22.925, -23.688
'MAFFT_b1#0008_htT_tree_29_OP_1.1774471868850718_Split_8.fasta', -20.892, -18.573, -22.925, -23.688
'MAFFT_b1#0010_hhH_tree_48_OP_1.0349214069593133_Split_10.fasta', -20.922, -16.556, -19.87, -25.329
'MAFFT_b1#0010_hhH_tree_51_OP_1.018044877173671_Split_10.fasta', -18.922, -15.159, -17.411, -22.244
'MAFFT_b1#0010_hhT_tree_48_OP_1.0349214069593133_Split_10.fasta', -20.922, -16.556, -19.87, -25.329
'MAFFT_b1#0010_hhT_tree_51_OP_1.018044877173671_Split_10.fasta', -18.922, -15.159, -17.411, -22.244
'MAFFT_b1#0010_htH_tree_48_OP_1.0349214069593133_Split_10.fasta', -22.185, -18.265, -22.659, -24.837
'MAFFT_b1#0010_htH_tree_51_OP_1.018044877173671_Split_10.fasta', -21.114, -17.413, -19.402, -24.834
'MAFFT_b1#0010_htT_tree_48_OP_1.0349214069593133_Split_10.fasta', -22.185, -18.265, -22.659, -24.837
'MAFFT_b1#0010_htT_tree_51_OP_1.018044877173671_Split_10.fasta', -21.114, -17.413, -19.402, -24.834
'MAFFT_b1#0011_hhH_tree_84_OP_2.680201119072135_Split_11.fasta', -19.67, -16.196, -22.251, -21.197
'MAFFT_b1#0011_hhT_tree_84_OP_2.680201119072135_Split_11.fasta', -19.67, -16.196, -22.251, -21.197
'MAFFT_b1#0011_htH_tree_84_OP_2.680201119072135_Split_11.fasta', -18.495, -14.769, -18.819, -21.742
'MAFFT_b1#0011_htT_tree_84_OP_2.680201119072135_Split_11.fasta', -18.495, -14.769, -18.819, -21.742
'MAFFT_b1#0012_hhH_tree_62_OP_2.4330105528955412_Split_12.fasta', -19.484, -17.296, -21.462, -21.547
'MAFFT_b1#0012_hhT_tree_62_OP_2.4330105528955412_Split_12.fasta', -19.484, -17.296, -21.462, -21.547
'MAFFT_b1#0012_htH_tree_62_OP_2.4330105528955412_Split_12.fasta', -20.05, -17.975, -17.886, -23.268
'MAFFT_b1#0012_htT_tree_62_OP_2.4330105528955412_Split_12.fasta', -20.05, -17.975, -17.886, -23.268
'MAFFT_b1#0014_hhH_tree_44_OP_2.639288724484837_Split_14.fasta', -12.53, -8.234, -12.501, -17.182
'MAFFT_b1#0014_hhH_tree_67_OP_1.9260663748429023_Split_14.fasta', -12.957, -8.96, -17.496, -15.455
'MAFFT_b1#0014_hhT_tree_44_OP_2.639288724484837_Split_14.fasta', -12.53, -8.234, -12.501, -17.182
'MAFFT_b1#0014_hhT_tree_67_OP_1.9260663748429023_Split_14.fasta', -12.957, -8.96, -17.496, -15.455
'MAFFT_b1#0014_htH_tree_44_OP_2.639288724484837_Split_14.fasta', -12.051, -7.651, -12.216, -16.655
'MAFFT_b1#0014_htH_tree_67_OP_1.9260663748429023_Split_14.fasta', -13.728, -10.044, -12.134, -16.398
'MAFFT_b1#0014_htT_tree_44_OP_2.639288724484837_Split_14.fasta', -12.051, -7.651, -12.216, -16.655
'MAFFT_b1#0014_htT_tree_67_OP_1.9260663748429023_Split_14.fasta', -13.728, -10.044, -12.134, -16.398
'MAFFT_b1#0016_hhH_tree_33_OP_2.3139125348148384_Split_16.fasta', -18.133, -14.206, -14.697, -21.076
'MAFFT_b1#0016_hhT_tree_33_OP_2.3139125348148384_Split_16.fasta', -18.133, -14.206, -14.697, -21.076
'MAFFT_b1#0016_htH_tree_33_OP_2.3139125348148384_Split_16.fasta', -17.898, -13.883, -14.055, -20.287
'MAFFT_b1#0016_htT_tree_33_OP_2.3139125348148384_Split_16.fasta', -17.898, -13.883, -14.055, -20.287
'MAFFT_b1#0017_hhH_tree_45_OP_2.295265953595705_Split_17.fasta', -21.39, -19.173, -22.554, -22.302
'MAFFT_b1#0017_hhH_tree_90_OP_2.1610607075340664_Split_17.fasta', -12.642, -9.04, -11.964, -15.589
'MAFFT_b1#0017_hhT_tree_45_OP_2.295265953595705_Split_17.fasta', -21.39, -19.173, -22.554, -22.302
'MAFFT_b1#0017_hhT_tree_90_OP_2.1610607075340664_Split_17.fasta', -12.642, -9.04, -11.964, -15.589
'MAFFT_b1#0017_htH_tree_45_OP_2.295265953595705_Split_17.fasta', -22.991, -21.081, -23.192, -24.509
'MAFFT_b1#0017_htH_tree_90_OP_2.1610607075340664_Split_17.fasta', -13.095, -9.481, -11.754, -16.65
'MAFFT_b1#0017_htT_tree_45_OP_2.295265953595705_Split_17.fasta', -22.991, -21.081, -23.192, -24.509
'MAFFT_b1#0017_htT_tree_90_OP_2.1610607075340664_Split_17.fasta', -13.095, -9.481, -11.754, -16.65
'MAFFT_b1#0019_hhH_tree_54_OP_1.6636194832224898_Split_19.fasta', -18.039, -14.185, -18.573, -20.863
'MAFFT_b1#0019_hhH_tree_94_OP_2.5553791369687318_Split_19.fasta', -16.578, -13.728, -17.095, -21.764
'MAFFT_b1#0019_hhT_tree_54_OP_1.6636194832224898_Split_19.fasta', -18.039, -14.185, -18.573, -20.863
'MAFFT_b1#0019_hhT_tree_94_OP_2.5553791369687318_Split_19.fasta', -16.578, -13.728, -17.095, -21.764
'MAFFT_b1#0019_htH_tree_54_OP_1.6636194832224898_Split_19.fasta', -18.09, -14.218, -18.612, -20.965
'MAFFT_b1#0019_htH_tree_94_OP_2.5553791369687318_Split_19.fasta', -16.252, -13.337, -16.845, -21.426
'MAFFT_b1#0019_htT_tree_54_OP_1.6636194832224898_Split_19.fasta', -18.09, -14.218, -18.612, -20.965
'MAFFT_b1#0019_htT_tree_94_OP_2.5553791369687318_Split_19.fasta', -16.252, -13.337, -16.845, -21.426
'MAFFT_b1#0022_hhH_tree_39_OP_1.522040361295851_Split_22.fasta', -13.403, -8.808, -12.983, -14.445
'MAFFT_b1#0022_hhH_tree_64_OP_2.935413362566628_Split_22.fasta', -13.4, -9.393, -18.158, -17.124
'MAFFT_b1#0022_hhT_tree_39_OP_1.522040361295851_Split_22.fasta', -13.403, -8.808, -12.983, -14.445
'MAFFT_b1#0022_hhT_tree_64_OP_2.935413362566628_Split_22.fasta', -13.4, -9.393, -18.158, -17.124
'MAFFT_b1#0022_htH_tree_39_OP_1.522040361295851_Split_22.fasta', -14.069, -9.473, -12.12, -17.448
'MAFFT_b1#0022_htH_tree_64_OP_2.935413362566628_Split_22.fasta', -12.962, -8.852, -17.874, -16.534
'MAFFT_b1#0022_htT_tree_39_OP_1.522040361295851_Split_22.fasta', -14.069, -9.473, -12.12, -17.448
'MAFFT_b1#0022_htT_tree_64_OP_2.935413362566628_Split_22.fasta', -12.962, -8.852, -17.874, -16.534
'MAFFT_b1#0024_hhH_tree_34_OP_2.407510533391993_Split_24.fasta', -17.494, -14.15, -19.135, -22.595
'MAFFT_b1#0024_hhT_tree_34_OP_2.407510533391993_Split_24.fasta', -17.494, -14.15, -19.135, -22.595
'MAFFT_b1#0024_htH_tree_34_OP_2.407510533391993_Split_24.fasta', -18.756, -15.766, -19.903, -24.028
'MAFFT_b1#0024_htT_tree_34_OP_2.407510533391993_Split_24.fasta', -18.756, -15.766, -19.903, -24.028
'MAFFT_b1#0025_hhH_tree_59_OP_2.170731131311491_Split_25.fasta', -14.578, -10.312, -15.136, -17.808
'MAFFT_b1#0025_hhH_tree_85_OP_2.480824599307775_Split_25.fasta', -13.815, -9.406, -12.153, -16.07
'MAFFT_b1#0025_hhT_tree_59_OP_2.170731131311491_Split_25.fasta', -14.578, -10.312, -15.136, -17.808
'MAFFT_b1#0025_hhT_tree_85_OP_2.480824599307775_Split_25.fasta', -13.815, -9.406, -12.153, -16.07
'MAFFT_b1#0025_htH_tree_59_OP_2.170731131311491_Split_25.fasta', -15.24, -11.091, -15.605, -18.324
'MAFFT_b1#0025_htH_tree_85_OP_2.480824599307775_Split_25.fasta', -13.353, -8.889, -11.822, -15.624
'MAFFT_b1#0025_htT_tree_59_OP_2.170731131311491_Split_25.fasta', -15.24, -11.091, -15.605, -18.324
'MAFFT_b1#0025_htT_tree_85_OP_2.480824599307775_Split_25.fasta', -13.353, -8.889, -11.822, -15.624
'MAFFT_b1#0026_hhH_tree_21_OP_2.1310205653910055_Split_26.fasta', -22.19, -19.094, -17.696, -27.238
'MAFFT_b1#0026_hhH_tree_80_OP_2.5217903856188704_Split_26.fasta', -15.161, -11.063, -12.816, -18.175
'MAFFT_b1#0026_hhT_tree_21_OP_2.1310205653910055_Split_26.fasta', -22.19, -19.094, -17.696, -27.238
'MAFFT_b1#0026_hhT_tree_80_OP_2.5217903856188704_Split_26.fasta', -15.161, -11.063, -12.816, -18.175
'MAFFT_b1#0026_htH_tree_21_OP_2.1310205653910055_Split_26.fasta', -21.9, -18.799, -19.942, -26.333
'MAFFT_b1#0026_htH_tree_80_OP_2.5217903856188704_Split_26.fasta', -14.736, -10.545, -12.54, -17.706
'MAFFT_b1#0026_htT_tree_21_OP_2.1310205653910055_Split_26.fasta', -21.9, -18.799, -19.942, -26.333
'MAFFT_b1#0026_htT_tree_80_OP_2.5217903856188704_Split_26.fasta', -14.736, -10.545, -12.54, -17.706
'MAFFT_b1#0027_hhH_tree_10_OP_1.9679388553310329_Split_27.fasta', -14.64, -9.979, -15.447, -17.553
'MAFFT_b1#0027_hhT_tree_10_OP_1.9679388553310329_Split_27.fasta', -14.64, -9.979, -15.447, -17.553
'MAFFT_b1#0027_htH_tree_10_OP_1.9679388553310329_Split_27.fasta', -14.677, -10.013, -12.733, -20.311
'MAFFT_b1#0027_htT_tree_10_OP_1.9679388553310329_Split_27.fasta', -14.677, -10.013, -12.733, -20.311
'MAFFT_b1#0028_hhH_tree_66_OP_2.9673947251158412_Split_28.fasta', -16.05, -12.638, -15.276, -19.895
'MAFFT_b1#0028_hhT_tree_66_OP_2.9673947251158412_Split_28.fasta', -16.05, -12.638, -15.276, -19.895
'MAFFT_b1#0028_htH_tree_66_OP_2.9673947251158412_Split_28.fasta', -17.567, -14.459, -20.292, -20.591
'MAFFT_b1#0028_htT_tree_66_OP_2.9673947251158412_Split_28.fasta', -17.567, -14.459, -20.292, -20.591
'MAFFT_b1#0029_hhH_tree_27_OP_1.6859321025856457_Split_29.fasta', -16.481, -13.599, -15.202, -20.618
'MAFFT_b1#0029_hhT_tree_27_OP_1.6859321025856457_Split_29.fasta', -16.481, -13.599, -15.202, -20.618
'MAFFT_b1#0029_htH_tree_27_OP_1.6859321025856457_Split_29.fasta', -18.257, -16.031, -16.481, -22.594
'MAFFT_b1#0029_htT_tree_27_OP_1.6859321025856457_Split_29.fasta', -18.257, -16.031, -16.481, -22.594
'MAFFT_b1#0031_hhH_tree_23_OP_2.940403370408288_Split_31.fasta', -17.034, -13.489, -14.093, -19.186
'MAFFT_b1#0031_hhH_tree_78_OP_1.9842214843426838_Split_31.fasta', -26.79, -24.959, -26.918, -31.273
'MAFFT_b1#0031_hhT_tree_23_OP_2.940403370408288_Split_31.fasta', -17.034, -13.489, -14.093, -19.186
'MAFFT_b1#0031_hhT_tree_78_OP_1.9842214843426838_Split_31.fasta', -26.79, -24.959, -26.918, -31.273
'MAFFT_b1#0031_htH_tree_23_OP_2.940403370408288_Split_31.fasta', -15.668, -11.98, -13.071, -18.073
'MAFFT_b1#0031_htH_tree_78_OP_1.9842214843426838_Split_31.fasta', -26.258, -24.35, -27.228, -30.561
'MAFFT_b1#0031_htT_tree_23_OP_2.940403370408288_Split_31.fasta', -15.668, -11.98, -13.071, -18.073
'MAFFT_b1#0031_htT_tree_78_OP_1.9842214843426838_Split_31.fasta', -26.258, -24.35, -27.228, -30.561
'MAFFT_b1#0035_hhH_tree_71_OP_2.3680950705345123_Split_35.fasta', -13.427, -9.096, -15.827, -16.112
'MAFFT_b1#0035_hhH_tree_75_OP_2.4023709813773846_Split_35.fasta', -13.466, -9.936, -10.461, -17.073
'MAFFT_b1#0035_hhH_tree_9_OP_1.5653274151471246_Split_35.fasta', -20.016, -16.864, -23.334, -22.342
'MAFFT_b1#0035_hhT_tree_71_OP_2.3680950705345123_Split_35.fasta', -13.427, -9.096, -15.827, -16.112
'MAFFT_b1#0035_hhT_tree_75_OP_2.4023709813773846_Split_35.fasta', -13.466, -9.936, -10.461, -17.073
'MAFFT_b1#0035_hhT_tree_9_OP_1.5653274151471246_Split_35.fasta', -20.016, -16.864, -23.334, -22.342
'MAFFT_b1#0035_htH_tree_71_OP_2.3680950705345123_Split_35.fasta', -13.46, -9.13, -15.853, -16.144
'MAFFT_b1#0035_htH_tree_75_OP_2.4023709813773846_Split_35.fasta', -13.459, -9.93, -10.452, -17.066
'MAFFT_b1#0035_htH_tree_9_OP_1.5653274151471246_Split_35.fasta', -18.811, -16.34, -19.448, -22.395
'MAFFT_b1#0035_htT_tree_71_OP_2.3680950705345123_Split_35.fasta', -13.46, -9.13, -15.853, -16.144
'MAFFT_b1#0035_htT_tree_75_OP_2.4023709813773846_Split_35.fasta', -13.459, -9.93, -10.452, -17.066
'MAFFT_b1#0035_htT_tree_9_OP_1.5653274151471246_Split_35.fasta', -18.811, -16.34, -19.448, -22.395
'MAFFT_b1#0036_hhH_tree_69_OP_2.9824622002885617_Split_36.fasta', -16.462, -12.269, -18.612, -20.67
'MAFFT_b1#0036_hhH_tree_74_OP_2.943304477827338_Split_36.fasta', -17.183, -13.495, -17.92, -20.432
'MAFFT_b1#0036_hhH_tree_91_OP_2.3523277060939405_Split_36.fasta', -18.449, -15.947, -16.11, -21.988
'MAFFT_b1#0036_hhT_tree_69_OP_2.9824622002885617_Split_36.fasta', -16.462, -12.269, -18.612, -20.67
'MAFFT_b1#0036_hhT_tree_74_OP_2.943304477827338_Split_36.fasta', -17.183, -13.495, -17.92, -20.432
'MAFFT_b1#0036_hhT_tree_91_OP_2.3523277060939405_Split_36.fasta', -18.449, -15.947, -16.11, -21.988
'MAFFT_b1#0036_htH_tree_69_OP_2.9824622002885617_Split_36.fasta', -15.714, -11.387, -16.31, -20.154
'MAFFT_b1#0036_htH_tree_74_OP_2.943304477827338_Split_36.fasta', -16.906, -13.172, -14.947, -21.473
'MAFFT_b1#0036_htH_tree_91_OP_2.3523277060939405_Split_36.fasta', -18.07, -15.445, -15.853, -21.647
'MAFFT_b1#0036_htT_tree_69_OP_2.9824622002885617_Split_36.fasta', -15.714, -11.387, -16.31, -20.154
'MAFFT_b1#0036_htT_tree_74_OP_2.943304477827338_Split_36.fasta', -16.906, -13.172, -14.947, -21.473
'MAFFT_b1#0036_htT_tree_91_OP_2.3523277060939405_Split_36.fasta', -18.07, -15.445, -15.853, -21.647
'MAFFT_b1#0037_hhH_tree_46_OP_2.5904987735791676_Split_37.fasta', -13.659, -10.829, -14.401, -17.874
'MAFFT_b1#0037_hhH_tree_65_OP_1.3986977410996977_Split_37.fasta', -12.486, -7.477, -15.8, -13.892
'MAFFT_b1#0037_hhT_tree_46_OP_2.5904987735791676_Split_37.fasta', -13.659, -10.829, -14.401, -17.874
'MAFFT_b1#0037_hhT_tree_65_OP_1.3986977410996977_Split_37.fasta', -12.486, -7.477, -15.8, -13.892
'MAFFT_b1#0037_htH_tree_46_OP_2.5904987735791676_Split_37.fasta', -14.428, -11.939, -16.735, -17.754
'MAFFT_b1#0037_htH_tree_65_OP_1.3986977410996977_Split_37.fasta', -12.609, -7.615, -15.891, -14.015
'MAFFT_b1#0037_htT_tree_46_OP_2.5904987735791676_Split_37.fasta', -14.428, -11.939, -16.735, -17.754
'MAFFT_b1#0037_htT_tree_65_OP_1.3986977410996977_Split_37.fasta', -12.609, -7.615, -15.891, -14.015
'MAFFT_b1#0039_hhH_tree_22_OP_1.0333726057419617_Split_39.fasta', -12.261, -7.284, -15.699, -15.249
'MAFFT_b1#0039_hhT_tree_22_OP_1.0333726057419617_Split_39.fasta', -12.261, -7.284, -15.699, -15.249
'MAFFT_b1#0039_htH_tree_22_OP_1.0333726057419617_Split_39.fasta', -12.924, -8.148, -10.69, -17.703
'MAFFT_b1#0039_htT_tree_22_OP_1.0333726057419617_Split_39.fasta', -12.924, -8.148, -10.69, -17.703
'MAFFT_b1#0041_hhH_tree_31_OP_2.371648195541206_Split_41.fasta', -15.753, -11.696, -18.479, -17.235
'MAFFT_b1#0041_hhH_tree_8_OP_2.990366431633018_Split_41.fasta', -11.029, -6.8, -9.832, -13.023
'MAFFT_b1#0041_hhT_tree_31_OP_2.371648195541206_Split_41.fasta', -15.753, -11.696, -18.479, -17.235
'MAFFT_b1#0041_hhT_tree_8_OP_2.990366431633018_Split_41.fasta', -11.029, -6.8, -9.832, -13.023
'MAFFT_b1#0041_htH_tree_31_OP_2.371648195541206_Split_41.fasta', -14.906, -10.749, -17.681, -16.281
'MAFFT_b1#0041_htH_tree_8_OP_2.990366431633018_Split_41.fasta', -10.947, -6.735, -9.728, -12.942
'MAFFT_b1#0041_htT_tree_31_OP_2.371648195541206_Split_41.fasta', -14.906, -10.749, -17.681, -16.281
'MAFFT_b1#0041_htT_tree_8_OP_2.990366431633018_Split_41.fasta', -10.947, -6.735, -9.728, -12.942
'MAFFT_b1#0042_hhH_tree_92_OP_1.133352346367843_Split_42.fasta', -20.951, -17.312, -23.424, -25.097
'MAFFT_b1#0042_hhT_tree_92_OP_1.133352346367843_Split_42.fasta', -20.951, -17.312, -23.424, -25.097
'MAFFT_b1#0042_htH_tree_92_OP_1.133352346367843_Split_42.fasta', -21.098, -17.578, -21.334, -28.316
'MAFFT_b1#0042_htT_tree_92_OP_1.133352346367843_Split_42.fasta', -21.098, -17.578, -21.334, -28.316
'MAFFT_b1#0043_hhH_tree_95_OP_2.498402958697362_Split_43.fasta', -8.227, -3.319, -7.167, -13.019
'MAFFT_b1#0043_hhT_tree_95_OP_2.498402958697362_Split_43.fasta', -8.227, -3.319, -7.167, -13.019
'MAFFT_b1#0043_htH_tree_95_OP_2.498402958697362_Split_43.fasta', -9.242, -4.493, -8.169, -14.49
'MAFFT_b1#0043_htT_tree_95_OP_2.498402958697362_Split_43.fasta', -9.242, -4.493, -8.169, -14.49
'MAFFT_b1#0044_hhH_tree_14_OP_1.7440813830902329_Split_44.fasta', -23.684, -20.584, -23.34, -25.461
'MAFFT_b1#0044_hhH_tree_52_OP_2.165361006866358_Split_44.fasta', -14.218, -9.939, -12.193, -17.727
'MAFFT_b1#0044_hhT_tree_14_OP_1.7440813830902329_Split_44.fasta', -23.684, -20.584, -23.34, -25.461
'MAFFT_b1#0044_hhT_tree_52_OP_2.165361006866358_Split_44.fasta', -14.218, -9.939, -12.193, -17.727
'MAFFT_b1#0044_htH_tree_14_OP_1.7440813830902329_Split_44.fasta', -23.706, -20.602, -23.38, -25.498
'MAFFT_b1#0044_htH_tree_52_OP_2.165361006866358_Split_44.fasta', -13.978, -9.512, -12.146, -17.471
'MAFFT_b1#0044_htT_tree_14_OP_1.7440813830902329_Split_44.fasta', -23.706, -20.602, -23.38, -25.498
'MAFFT_b1#0044_htT_tree_52_OP_2.165361006866358_Split_44.fasta', -13.978, -9.512, -12.146, -17.471
'MSA.BALIPHY.aln.best.23410.fas', -9.892, -5.67, -9.936, -13.713
'MSA.MAFFT.aln.With_Names', -7.637, -2.652, -12.287, -9.713
'MSA.MUSCLE.aln.best.23410.fas', -12.305, -11.711, -14.862, -18.263
'MSA.PRANK.aln.With_Names', -34.608, -34.635, -31.092, -40.475
'MUSCLE_diversified_replicate.abc.1.afa', -12.473, -8.976, -14.41, -17.289
'MUSCLE_diversified_replicate.abc.101.afa', -16.232, -13.213, -16.236, -21.622
'MUSCLE_diversified_replicate.abc.105.afa', -13.214, -9.985, -13.74, -16.873
'MUSCLE_diversified_replicate.abc.109.afa', -9.983, -7.05, -9.019, -13.756
'MUSCLE_diversified_replicate.abc.113.afa', -9.687, -6.298, -8.453, -13.736
'MUSCLE_diversified_replicate.abc.117.afa', -14.143, -10.834, -14.653, -18.981
'MUSCLE_diversified_replicate.abc.121.afa', -13.446, -9.933, -11.771, -18.537
'MUSCLE_diversified_replicate.abc.125.afa', -12.697, -9.463, -12.064, -17.924
'MUSCLE_diversified_replicate.abc.129.afa', -12.787, -9.371, -12.551, -17.501
'MUSCLE_diversified_replicate.abc.13.afa', -10.964, -7.617, -10.911, -16.895
'MUSCLE_diversified_replicate.abc.133.afa', -8.233, -4.857, -9.182, -11.106
'MUSCLE_diversified_replicate.abc.137.afa', -14.734, -11.296, -14.087, -21.043
'MUSCLE_diversified_replicate.abc.141.afa', -16.196, -13.249, -14.518, -21.441
'MUSCLE_diversified_replicate.abc.145.afa', -13.777, -10.555, -12.219, -18.347
'MUSCLE_diversified_replicate.abc.149.afa', -10.178, -6.742, -11.03, -12.813
'MUSCLE_diversified_replicate.abc.153.afa', -13.104, -10.079, -13.288, -17.563
'MUSCLE_diversified_replicate.abc.157.afa', -17.566, -14.418, -17.004, -22.156
'MUSCLE_diversified_replicate.abc.161.afa', -10.776, -7.965, -9.169, -14.919
'MUSCLE_diversified_replicate.abc.165.afa', -14.937, -11.552, -14.202, -18.992
'MUSCLE_diversified_replicate.abc.169.afa', -12.729, -9.637, -12.613, -17.073
'MUSCLE_diversified_replicate.abc.17.afa', -12.069, -9.467, -9.596, -16.255
'MUSCLE_diversified_replicate.abc.173.afa', -12.384, -9.498, -12.343, -17.425
'MUSCLE_diversified_replicate.abc.177.afa', -14.276, -11.269, -14.043, -18.711
'MUSCLE_diversified_replicate.abc.181.afa', -11.967, -8.659, -11.815, -16.09
'MUSCLE_diversified_replicate.abc.185.afa', -14.6, -11.319, -13.945, -19.171
'MUSCLE_diversified_replicate.abc.189.afa', -14.963, -11.401, -14.722, -18.372
'MUSCLE_diversified_replicate.abc.193.afa', -14.713, -11.687, -14.856, -19.517
'MUSCLE_diversified_replicate.abc.197.afa', -12.421, -9.387, -11.881, -17.269
'MUSCLE_diversified_replicate.abc.201.afa', -12.122, -8.767, -13.065, -16.521
'MUSCLE_diversified_replicate.abc.205.afa', -11.586, -8.365, -12.202, -15.972
'MUSCLE_diversified_replicate.abc.209.afa', -13.515, -10.375, -13.768, -17.575
'MUSCLE_diversified_replicate.abc.21.afa', -15.062, -12.225, -13.275, -19.331
'MUSCLE_diversified_replicate.abc.213.afa', -13.349, -11.231, -11.244, -16.927
'MUSCLE_diversified_replicate.abc.217.afa', -11.831, -8.112, -12.448, -16.072
'MUSCLE_diversified_replicate.abc.221.afa', -11.64, -8.534, -12.133, -15.543
'MUSCLE_diversified_replicate.abc.225.afa', -15.683, -12.619, -15.338, -20.312
'MUSCLE_diversified_replicate.abc.229.afa', -15.958, -13.497, -14.843, -19.32
'MUSCLE_diversified_replicate.abc.233.afa', -12.908, -10.082, -11.593, -16.749
'MUSCLE_diversified_replicate.abc.237.afa', -16.253, -13.218, -15.127, -20.442
'MUSCLE_diversified_replicate.abc.241.afa', -12.902, -9.827, -12.924, -17.303
'MUSCLE_diversified_replicate.abc.245.afa', -14.774, -11.786, -14.521, -19.719
'MUSCLE_diversified_replicate.abc.249.afa', -13.193, -9.732, -13.087, -17.646
'MUSCLE_diversified_replicate.abc.25.afa', -22.235, -25.145, -25.333, -29.969
'MUSCLE_diversified_replicate.abc.253.afa', -11.337, -8.851, -9.424, -14.918
'MUSCLE_diversified_replicate.abc.257.afa', -11.388, -8.088, -11.973, -16.512
'MUSCLE_diversified_replicate.abc.261.afa', -16.816, -14.038, -16.573, -21.208
'MUSCLE_diversified_replicate.abc.265.afa', -14.675, -11.602, -13.867, -19.56
'MUSCLE_diversified_replicate.abc.269.afa', -11.668, -8.265, -11.997, -15.852
'MUSCLE_diversified_replicate.abc.273.afa', -15.817, -12.815, -14.264, -19.771
'MUSCLE_diversified_replicate.abc.277.afa', -15.974, -12.725, -15.396, -20.721
'MUSCLE_diversified_replicate.abc.281.afa', -13.897, -10.334, -13.661, -18.26
'MUSCLE_diversified_replicate.abc.285.afa', -11.126, -7.033, -12.647, -15.319
'MUSCLE_diversified_replicate.abc.289.afa', -11.909, -8.324, -10.245, -16.878
'MUSCLE_diversified_replicate.abc.29.afa', -16.387, -13.762, -15.664, -20.725
'MUSCLE_diversified_replicate.abc.293.afa', -11.734, -8.311, -11.501, -16.368
'MUSCLE_diversified_replicate.abc.297.afa', -12.95, -9.744, -11.721, -18.558
'MUSCLE_diversified_replicate.abc.301.afa', -19.842, -19.364, -23.929, -26.873
'MUSCLE_diversified_replicate.abc.305.afa', -12.778, -9.555, -12.972, -17.219
'MUSCLE_diversified_replicate.abc.309.afa', -13.08, -9.224, -13.409, -17.129
'MUSCLE_diversified_replicate.abc.313.afa', -16.604, -13.745, -15.524, -20.072
'MUSCLE_diversified_replicate.abc.317.afa', -17.476, -14.811, -17.35, -21.758
'MUSCLE_diversified_replicate.abc.321.afa', -11.102, -7.414, -10.479, -16.739
'MUSCLE_diversified_replicate.abc.325.afa', -13.826, -10.492, -13.675, -18.27
'MUSCLE_diversified_replicate.abc.329.afa', -15.652, -12.548, -15.205, -20.186
'MUSCLE_diversified_replicate.abc.33.afa', -14.609, -11.347, -14.79, -18.772
'MUSCLE_diversified_replicate.abc.333.afa', -8.306, -4.892, -6.798, -12.242
'MUSCLE_diversified_replicate.abc.337.afa', -10.522, -7.504, -9.149, -13.323
'MUSCLE_diversified_replicate.abc.341.afa', -16.053, -13.283, -15.653, -20.746
'MUSCLE_diversified_replicate.abc.345.afa', -9.812, -6.349, -11.021, -12.288
'MUSCLE_diversified_replicate.abc.349.afa', -11.424, -8.013, -11.26, -16.527
'MUSCLE_diversified_replicate.abc.353.afa', -14.155, -10.68, -13.593, -18.373
'MUSCLE_diversified_replicate.abc.357.afa', -13.329, -10.151, -13.643, -17.526
'MUSCLE_diversified_replicate.abc.361.afa', -15.121, -12.268, -14.526, -19.275
'MUSCLE_diversified_replicate.abc.365.afa', -12.083, -8.189, -13.122, -16.251
'MUSCLE_diversified_replicate.abc.369.afa', -12.856, -9.642, -12.599, -17.207
'MUSCLE_diversified_replicate.abc.37.afa', -12.172, -8.818, -13.402, -16.994
'MUSCLE_diversified_replicate.abc.373.afa', -11.306, -7.809, -10.779, -15.142
'MUSCLE_diversified_replicate.abc.377.afa', -13.708, -10.644, -13.443, -17.721
'MUSCLE_diversified_replicate.abc.381.afa', -14.357, -11.362, -13.987, -18.989
'MUSCLE_diversified_replicate.abc.385.afa', -10.25, -6.309, -11.075, -14.719
'MUSCLE_diversified_replicate.abc.389.afa', -15.591, -12.637, -14.578, -20.256
'MUSCLE_diversified_replicate.abc.393.afa', -12.375, -9.105, -12.817, -16.386
'MUSCLE_diversified_replicate.abc.397.afa', -12.11, -8.969, -13.578, -16.748
'MUSCLE_diversified_replicate.abc.41.afa', -15.49, -12.539, -13.966, -19.615
'MUSCLE_diversified_replicate.abc.45.afa', -10.755, -7.575, -9.414, -13.945
'MUSCLE_diversified_replicate.abc.49.afa', -11.986, -8.636, -11.821, -15.977
'MUSCLE_diversified_replicate.abc.5.afa', -12.238, -8.792, -13.503, -16.935
'MUSCLE_diversified_replicate.abc.53.afa', -15.772, -12.931, -14.845, -19.923
'MUSCLE_diversified_replicate.abc.57.afa', -12.168, -8.698, -11.161, -16.052
'MUSCLE_diversified_replicate.abc.61.afa', -9.066, -5.511, -8.612, -12.771
'MUSCLE_diversified_replicate.abc.65.afa', -12.727, -9.524, -11.6, -18.197
'MUSCLE_diversified_replicate.abc.69.afa', -18.917, -16.505, -16.832, -22.965
'MUSCLE_diversified_replicate.abc.73.afa', -13.64, -10.364, -13.048, -17.871
'MUSCLE_diversified_replicate.abc.77.afa', -12.807, -9.783, -13.098, -17.184
'MUSCLE_diversified_replicate.abc.81.afa', -11.195, -7.311, -10.272, -15.949
'MUSCLE_diversified_replicate.abc.85.afa', -12.258, -9.181, -12.871, -17.111
'MUSCLE_diversified_replicate.abc.89.afa', -11.354, -7.926, -10.353, -16.512
'MUSCLE_diversified_replicate.abc.9.afa', -13.526, -10.349, -13.567, -18.38
'MUSCLE_diversified_replicate.abc.93.afa', -14.002, -10.331, -14.064, -18.24
'MUSCLE_diversified_replicate.abc.97.afa', -8.625, -5.185, -8.918, -10.934
'MUSCLE_diversified_replicate.acb.10.afa', -12.758, -9.213, -13.098, -16.664
'MUSCLE_diversified_replicate.acb.102.afa', -17.507, -15.774, -15.423, -20.285
'MUSCLE_diversified_replicate.acb.106.afa', -11.316, -7.903, -10.734, -15.253
'MUSCLE_diversified_replicate.acb.110.afa', -12.74, -9.948, -10.858, -18.315
'MUSCLE_diversified_replicate.acb.114.afa', -13.332, -10.248, -14.064, -17.855
'MUSCLE_diversified_replicate.acb.118.afa', -18.905, -17.007, -17.023, -22.832
'MUSCLE_diversified_replicate.acb.122.afa', -15.983, -12.683, -17.144, -21.196
'MUSCLE_diversified_replicate.acb.126.afa', -14.539, -11.231, -13.994, -19.414
'MUSCLE_diversified_replicate.acb.130.afa', -11.933, -8.633, -12.631, -16.26
'MUSCLE_diversified_replicate.acb.134.afa', -17.499, -15.692, -14.643, -23.018
'MUSCLE_diversified_replicate.acb.138.afa', -10.644, -7.103, -9.903, -16.31
'MUSCLE_diversified_replicate.acb.14.afa', -12.069, -9.689, -9.73, -15.469
'MUSCLE_diversified_replicate.acb.142.afa', -10.658, -7.412, -11.603, -13.123
'MUSCLE_diversified_replicate.acb.146.afa', -12.435, -9.245, -11.161, -17.869
'MUSCLE_diversified_replicate.acb.150.afa', -9.379, -5.663, -10.174, -11.507
'MUSCLE_diversified_replicate.acb.154.afa', -15.269, -12.442, -13.892, -19.932
'MUSCLE_diversified_replicate.acb.158.afa', -13.701, -11.115, -13.29, -18.464
'MUSCLE_diversified_replicate.acb.162.afa', -8.103, -4.528, -6.636, -11.087
'MUSCLE_diversified_replicate.acb.166.afa', -12.352, -8.817, -12.184, -17.654
'MUSCLE_diversified_replicate.acb.170.afa', -12.086, -8.491, -13.379, -16.54
'MUSCLE_diversified_replicate.acb.174.afa', -10.777, -8.104, -10.898, -14.014
'MUSCLE_diversified_replicate.acb.178.afa', -12.189, -9.372, -12.182, -15.349
'MUSCLE_diversified_replicate.acb.18.afa', -12.063, -8.913, -12.097, -16.112
'MUSCLE_diversified_replicate.acb.182.afa', -16.304, -13.891, -14.047, -18.896
'MUSCLE_diversified_replicate.acb.186.afa', -12.715, -9.366, -9.258, -19.163
'MUSCLE_diversified_replicate.acb.190.afa', -10.808, -7.365, -11.895, -15.544
'MUSCLE_diversified_replicate.acb.194.afa', -9.52, -6.084, -8.44, -13.184
'MUSCLE_diversified_replicate.acb.198.afa', -10.086, -7.158, -7.542, -15.16
'MUSCLE_diversified_replicate.acb.2.afa', -11.05, -8.282, -8.97, -16.321
'MUSCLE_diversified_replicate.acb.202.afa', -13.29, -9.875, -14.048, -18.602
'MUSCLE_diversified_replicate.acb.206.afa', -15.13, -12.475, -12.861, -18.688
'MUSCLE_diversified_replicate.acb.210.afa', -15.685, -13.633, -11.501, -20.935
'MUSCLE_diversified_replicate.acb.214.afa', -9.644, -6.581, -10.606, -12.605
'MUSCLE_diversified_replicate.acb.218.afa', -9.808, -6.704, -7.739, -13.908
'MUSCLE_diversified_replicate.acb.22.afa', -13.233, -10.536, -12.853, -17.14
'MUSCLE_diversified_replicate.acb.222.afa', -13.571, -10.767, -12.326, -19.295
'MUSCLE_diversified_replicate.acb.226.afa', -10.609, -7.718, -11.765, -13.767
'MUSCLE_diversified_replicate.acb.230.afa', -15.446, -13.404, -12.364, -18.293
'MUSCLE_diversified_replicate.acb.234.afa', -12.733, -9.128, -13.909, -16.873
'MUSCLE_diversified_replicate.acb.238.afa', -15.203, -12.228, -13.06, -20.081
'MUSCLE_diversified_replicate.acb.242.afa', -12.808, -8.654, -12.338, -17.675
'MUSCLE_diversified_replicate.acb.246.afa', -13.741, -10.429, -13.856, -18.675
'MUSCLE_diversified_replicate.acb.250.afa', -14.485, -11.198, -14.518, -19.256
'MUSCLE_diversified_replicate.acb.254.afa', -12.11, -8.657, -13.766, -16.765
'MUSCLE_diversified_replicate.acb.258.afa', -15.693, -13.355, -13.468, -21.034
'MUSCLE_diversified_replicate.acb.26.afa', -11.275, -7.924, -12.037, -15.766
'MUSCLE_diversified_replicate.acb.262.afa', -9.897, -6.912, -9.72, -12.824
'MUSCLE_diversified_replicate.acb.266.afa', -13.128, -10.187, -12.867, -17.3
'MUSCLE_diversified_replicate.acb.270.afa', -21.594, -24.294, -23.82, -28.785
'MUSCLE_diversified_replicate.acb.274.afa', -12.359, -8.714, -12.116, -16.878
'MUSCLE_diversified_replicate.acb.278.afa', -17.152, -15.767, -12.422, -22.572
'MUSCLE_diversified_replicate.acb.282.afa', -15.501, -13.045, -13.257, -18.79
'MUSCLE_diversified_replicate.acb.286.afa', -8.588, -5.153, -6.984, -12.458
'MUSCLE_diversified_replicate.acb.290.afa', -8.494, -5.126, -8.504, -11.245
'MUSCLE_diversified_replicate.acb.294.afa', -15.388, -12.389, -14.111, -19.834
'MUSCLE_diversified_replicate.acb.298.afa', -12.568, -9.471, -10.882, -17.239
'MUSCLE_diversified_replicate.acb.30.afa', -17.646, -15.807, -14.724, -21.43
'MUSCLE_diversified_replicate.acb.302.afa', -17.125, -15.336, -15.165, -20.397
'MUSCLE_diversified_replicate.acb.306.afa', -12.135, -9.293, -11.569, -16.26
'MUSCLE_diversified_replicate.acb.310.afa', -15.999, -14.063, -11.684, -21.364
'MUSCLE_diversified_replicate.acb.314.afa', -13.468, -11.498, -11.483, -17.837
'MUSCLE_diversified_replicate.acb.318.afa', -8.853, -5.465, -9.277, -11.907
'MUSCLE_diversified_replicate.acb.322.afa', -13.705, -11.478, -12.293, -17.049
'MUSCLE_diversified_replicate.acb.326.afa', -24.635, -28.886, -27.956, -30.894
'MUSCLE_diversified_replicate.acb.330.afa', -11.221, -8.586, -10.293, -13.798
'MUSCLE_diversified_replicate.acb.334.afa', -12.006, -8.784, -12.312, -17.884
'MUSCLE_diversified_replicate.acb.338.afa', -14.925, -12.475, -14.461, -19.379
'MUSCLE_diversified_replicate.acb.34.afa', -9.427, -6.363, -8.199, -11.974
'MUSCLE_diversified_replicate.acb.342.afa', -9.775, -6.627, -7.602, -12.524
'MUSCLE_diversified_replicate.acb.346.afa', -12.776, -9.219, -12.489, -18.25
'MUSCLE_diversified_replicate.acb.350.afa', -17.326, -15.184, -16.681, -21.134
'MUSCLE_diversified_replicate.acb.354.afa', -16.385, -13.89, -13.73, -20.891
'MUSCLE_diversified_replicate.acb.358.afa', -13.822, -10.795, -14.437, -18.398
'MUSCLE_diversified_replicate.acb.362.afa', -10.33, -7.574, -10.828, -12.981
'MUSCLE_diversified_replicate.acb.366.afa', -12.204, -9.739, -10.342, -14.667
'MUSCLE_diversified_replicate.acb.370.afa', -14.037, -11.486, -12.213, -18.909
'MUSCLE_diversified_replicate.acb.374.afa', -15.792, -12.986, -15.499, -20.71
'MUSCLE_diversified_replicate.acb.378.afa', -10.298, -7.399, -11.272, -13.569
'MUSCLE_diversified_replicate.acb.38.afa', -12.373, -8.897, -12.732, -16.62
'MUSCLE_diversified_replicate.acb.382.afa', -14.912, -12.737, -13.489, -17.606
'MUSCLE_diversified_replicate.acb.386.afa', -9.279, -5.81, -10.133, -11.961
'MUSCLE_diversified_replicate.acb.390.afa', -16.275, -14.121, -14.126, -20.528
'MUSCLE_diversified_replicate.acb.394.afa', -18.369, -16.858, -16.308, -20.903
'MUSCLE_diversified_replicate.acb.398.afa', -15.8, -13.415, -12.968, -20.385
'MUSCLE_diversified_replicate.acb.42.afa', -15.531, -12.996, -13.876, -18.901
'MUSCLE_diversified_replicate.acb.46.afa', -15.3, -12.645, -13.13, -19.09
'MUSCLE_diversified_replicate.acb.50.afa', -17.78, -16.206, -13.214, -23.385
'MUSCLE_diversified_replicate.acb.54.afa', -13.494, -11.389, -11.054, -16.709
'MUSCLE_diversified_replicate.acb.58.afa', -12.296, -9.754, -9.272, -16.104
'MUSCLE_diversified_replicate.acb.6.afa', -11.747, -8.264, -12.324, -16.029
'MUSCLE_diversified_replicate.acb.62.afa', -12.361, -9.142, -11.863, -16.756
'MUSCLE_diversified_replicate.acb.66.afa', -13.106, -10.32, -13.546, -17.535
'MUSCLE_diversified_replicate.acb.70.afa', -15.732, -12.825, -16.521, -21.232
'MUSCLE_diversified_replicate.acb.74.afa', -15.534, -13.641, -10.895, -21.039
'MUSCLE_diversified_replicate.acb.78.afa', -17.044, -14.829, -13.997, -20.996
'MUSCLE_diversified_replicate.acb.82.afa', -14.817, -11.93, -15.85, -18.873
'MUSCLE_diversified_replicate.acb.86.afa', -12.612, -9.603, -12.299, -16.494
'MUSCLE_diversified_replicate.acb.90.afa', -12.254, -8.927, -13.477, -16.706
'MUSCLE_diversified_replicate.acb.94.afa', -8.869, -5.374, -8.129, -11.199
'MUSCLE_diversified_replicate.acb.98.afa', -16.58, -14.657, -15.405, -19.722
'MUSCLE_diversified_replicate.bca.103.afa', -14.002, -10.672, -13.065, -18.567
'MUSCLE_diversified_replicate.bca.107.afa', -11.046, -7.416, -10.663, -16.835
'MUSCLE_diversified_replicate.bca.11.afa', -11.44, -8.352, -10.978, -15.308
'MUSCLE_diversified_replicate.bca.111.afa', -15.876, -13.238, -15.154, -20.524
'MUSCLE_diversified_replicate.bca.115.afa', -23.069, -23.035, -27.483, -29.873
'MUSCLE_diversified_replicate.bca.119.afa', -13.495, -10.045, -13.881, -18.584
'MUSCLE_diversified_replicate.bca.123.afa', -10.771, -7.05, -12.559, -15.436
'MUSCLE_diversified_replicate.bca.127.afa', -10.902, -6.767, -10.449, -15.045
'MUSCLE_diversified_replicate.bca.131.afa', -14.397, -11.086, -14.309, -19.826
'MUSCLE_diversified_replicate.bca.135.afa', -15.101, -11.951, -15.236, -19.865
'MUSCLE_diversified_replicate.bca.139.afa', -12.133, -9.033, -11.682, -16.424
'MUSCLE_diversified_replicate.bca.143.afa', -14.447, -11.05, -14.153, -18.82
'MUSCLE_diversified_replicate.bca.147.afa', -14.732, -12.596, -13.132, -18.715
'MUSCLE_diversified_replicate.bca.15.afa', -21.3, -24.914, -22.906, -27.862
'MUSCLE_diversified_replicate.bca.151.afa', -15.299, -12.377, -15.306, -19.778
'MUSCLE_diversified_replicate.bca.155.afa', -10.74, -7.816, -9.39, -14.769
'MUSCLE_diversified_replicate.bca.159.afa', -13.3, -10.154, -13.138, -16.584
'MUSCLE_diversified_replicate.bca.163.afa', -13.828, -10.484, -14.67, -18.838
'MUSCLE_diversified_replicate.bca.167.afa', -19.665, -16.977, -19.98, -24.513
'MUSCLE_diversified_replicate.bca.171.afa', -8.926, -5.685, -5.973, -13.423
'MUSCLE_diversified_replicate.bca.175.afa', -13.721, -11.752, -11.769, -18.832
'MUSCLE_diversified_replicate.bca.179.afa', -13.424, -11.329, -10.775, -17.169
'MUSCLE_diversified_replicate.bca.183.afa', -11.917, -8.578, -12.475, -16.478
'MUSCLE_diversified_replicate.bca.187.afa', -12.167, -8.723, -10.099, -18.181
'MUSCLE_diversified_replicate.bca.19.afa', -12.94, -9.125, -14.675, -17.162
'MUSCLE_diversified_replicate.bca.191.afa', -12.311, -8.893, -12.744, -16.447
'MUSCLE_diversified_replicate.bca.195.afa', -13.901, -10.384, -14.429, -18.252
'MUSCLE_diversified_replicate.bca.199.afa', -13.762, -11.809, -11.527, -17.447
'MUSCLE_diversified_replicate.bca.203.afa', -9.207, -5.834, -9.346, -12.027
'MUSCLE_diversified_replicate.bca.207.afa', -12.756, -9.601, -12.596, -16.753
'MUSCLE_diversified_replicate.bca.211.afa', -14.375, -11.085, -14.405, -18.33
'MUSCLE_diversified_replicate.bca.215.afa', -12.345, -8.99, -13.197, -16.814
'MUSCLE_diversified_replicate.bca.219.afa', -10.086, -6.935, -10.681, -12.88
'MUSCLE_diversified_replicate.bca.223.afa', -12.918, -9.683, -13.976, -17.512
'MUSCLE_diversified_replicate.bca.227.afa', -10.712, -6.788, -11.649, -14.891
'MUSCLE_diversified_replicate.bca.23.afa', -14.237, -11.267, -14.822, -18.642
'MUSCLE_diversified_replicate.bca.231.afa', -19.195, -17.09, -15.858, -22.52
'MUSCLE_diversified_replicate.bca.235.afa', -13.94, -10.897, -13.423, -17.222
'MUSCLE_diversified_replicate.bca.239.afa', -11.182, -7.604, -10.937, -16.146
'MUSCLE_diversified_replicate.bca.243.afa', -10.079, -6.966, -10.261, -13.127
'MUSCLE_diversified_replicate.bca.247.afa', -13.09, -9.514, -12.803, -17.607
'MUSCLE_diversified_replicate.bca.251.afa', -14.22, -10.707, -14.624, -18.924
'MUSCLE_diversified_replicate.bca.255.afa', -11.458, -7.891, -10.264, -16.957
'MUSCLE_diversified_replicate.bca.259.afa', -11.633, -7.976, -9.443, -16.481
'MUSCLE_diversified_replicate.bca.263.afa', -14.637, -11.458, -12.078, -20.502
'MUSCLE_diversified_replicate.bca.267.afa', -14.185, -11.31, -12.619, -19.485
'MUSCLE_diversified_replicate.bca.27.afa', -14.432, -11.122, -13.655, -18.928
'MUSCLE_diversified_replicate.bca.271.afa', -9.037, -5.95, -9.207, -11.906
'MUSCLE_diversified_replicate.bca.275.afa', -21.651, -25.418, -24.585, -29.078
'MUSCLE_diversified_replicate.bca.279.afa', -13.161, -9.925, -12.103, -18.219
'MUSCLE_diversified_replicate.bca.283.afa', -14.245, -11.001, -13.422, -18.374
'MUSCLE_diversified_replicate.bca.287.afa', -12.347, -9.07, -11.276, -17.337
'MUSCLE_diversified_replicate.bca.291.afa', -10.926, -7.22, -11.617, -15.031
'MUSCLE_diversified_replicate.bca.295.afa', -12.594, -9.395, -13.166, -17.103
'MUSCLE_diversified_replicate.bca.299.afa', -16.562, -13.903, -15.901, -20.816
'MUSCLE_diversified_replicate.bca.3.afa', -12.942, -10.308, -13.081, -16.896
'MUSCLE_diversified_replicate.bca.303.afa', -15.359, -12.399, -15.562, -20.466
'MUSCLE_diversified_replicate.bca.307.afa', -14.128, -11.077, -14.262, -18.194
'MUSCLE_diversified_replicate.bca.31.afa', -10.215, -7.153, -10.143, -13.118
'MUSCLE_diversified_replicate.bca.311.afa', -12.815, -9.856, -9.721, -18.915
'MUSCLE_diversified_replicate.bca.315.afa', -12.986, -9.771, -12.585, -17.475
'MUSCLE_diversified_replicate.bca.319.afa', -12.287, -8.738, -12.18, -18.06
'MUSCLE_diversified_replicate.bca.323.afa', -15.101, -11.754, -15.657, -19.391
'MUSCLE_diversified_replicate.bca.327.afa', -11.336, -8.374, -11.204, -13.899
'MUSCLE_diversified_replicate.bca.331.afa', -14.498, -11.135, -14.806, -19.426
'MUSCLE_diversified_replicate.bca.335.afa', -9.775, -6.821, -7.427, -14.191
'MUSCLE_diversified_replicate.bca.339.afa', -16.076, -13.14, -16.112, -21.321
'MUSCLE_diversified_replicate.bca.343.afa', -13.367, -10.339, -13.443, -17.533
'MUSCLE_diversified_replicate.bca.347.afa', -12.497, -9.434, -11.103, -16.11
'MUSCLE_diversified_replicate.bca.35.afa', -9.831, -6.801, -10.045, -12.508
'MUSCLE_diversified_replicate.bca.351.afa', -16.945, -14.403, -15.947, -21.939
'MUSCLE_diversified_replicate.bca.355.afa', -14.451, -12.072, -12.571, -18.979
'MUSCLE_diversified_replicate.bca.359.afa', -14.123, -10.798, -13.937, -18.23
'MUSCLE_diversified_replicate.bca.363.afa', -10.053, -6.984, -10.512, -12.679
'MUSCLE_diversified_replicate.bca.367.afa', -16.374, -13.496, -15.538, -22.392
'MUSCLE_diversified_replicate.bca.371.afa', -10.896, -8.232, -10.764, -13.739
'MUSCLE_diversified_replicate.bca.375.afa', -12.643, -9.485, -12.124, -17.05
'MUSCLE_diversified_replicate.bca.379.afa', -12.238, -8.784, -11.765, -16.766
'MUSCLE_diversified_replicate.bca.383.afa', -11.305, -7.847, -11.511, -15.661
'MUSCLE_diversified_replicate.bca.387.afa', -11.996, -8.378, -8.064, -17.864
'MUSCLE_diversified_replicate.bca.39.afa', -12.642, -9.819, -12.337, -16.894
'MUSCLE_diversified_replicate.bca.391.afa', -14.212, -10.955, -14.445, -18.944
'MUSCLE_diversified_replicate.bca.395.afa', -9.147, -5.505, -8.587, -11.425
'MUSCLE_diversified_replicate.bca.399.afa', -15.156, -12.02, -14.806, -19.703
'MUSCLE_diversified_replicate.bca.43.afa', -13.14, -9.463, -12.858, -17.249
'MUSCLE_diversified_replicate.bca.47.afa', -15.405, -12.332, -15.061, -19.937
'MUSCLE_diversified_replicate.bca.51.afa', -14.57, -11.56, -13.48, -18.631
'MUSCLE_diversified_replicate.bca.55.afa', -13.742, -10.834, -14.01, -18.14
'MUSCLE_diversified_replicate.bca.59.afa', -11.768, -8.752, -10.907, -15.343
'MUSCLE_diversified_replicate.bca.63.afa', -15.166, -12.569, -14.515, -19.503
'MUSCLE_diversified_replicate.bca.67.afa', -17.213, -14.237, -17.35, -21.952
'MUSCLE_diversified_replicate.bca.7.afa', -15.142, -12.019, -15.306, -19.667
'MUSCLE_diversified_replicate.bca.71.afa', -13.831, -10.254, -13.59, -17.691
'MUSCLE_diversified_replicate.bca.75.afa', -15.586, -12.144, -16.634, -20.011
'MUSCLE_diversified_replicate.bca.79.afa', -15.371, -12.47, -14.889, -19.407
'MUSCLE_diversified_replicate.bca.83.afa', -13.142, -9.344, -13.178, -16.965
'MUSCLE_diversified_replicate.bca.87.afa', -15.861, -13.121, -15.541, -20.691
'MUSCLE_diversified_replicate.bca.91.afa', -14.334, -10.917, -14.899, -19.244
'MUSCLE_diversified_replicate.bca.95.afa', -14.369, -11.398, -13.982, -19.289
'MUSCLE_diversified_replicate.bca.99.afa', -15.869, -13.121, -15.869, -20.998
'MUSCLE_diversified_replicate.none.0.afa', -12.305, -11.711, -14.862, -18.263
'MUSCLE_diversified_replicate.none.100.afa', -19.158, -19.881, -22.884, -26.93
'MUSCLE_diversified_replicate.none.104.afa', -20.181, -21.367, -24.014, -27.765
'MUSCLE_diversified_replicate.none.108.afa', -19.034, -19.888, -20.287, -27.321
'MUSCLE_diversified_replicate.none.112.afa', -14.055, -11.984, -12.128, -20.965
'MUSCLE_diversified_replicate.none.116.afa', -21.987, -24.821, -25.188, -31.331
'MUSCLE_diversified_replicate.none.12.afa', -13.174, -13.265, -16.132, -18.582
'MUSCLE_diversified_replicate.none.120.afa', -12.259, -11.669, -15.702, -17.216
'MUSCLE_diversified_replicate.none.124.afa', -12.501, -11.775, -15.2, -18.326
'MUSCLE_diversified_replicate.none.128.afa', -13.361, -13.119, -16.659, -18.299
'MUSCLE_diversified_replicate.none.132.afa', -9.655, -6.628, -7.831, -13.689
'MUSCLE_diversified_replicate.none.136.afa', -13.524, -13.568, -16.706, -19.993
'MUSCLE_diversified_replicate.none.140.afa', -18.8, -19.364, -21.989, -25.329
'MUSCLE_diversified_replicate.none.144.afa', -15.19, -16.173, -17.981, -22.023
'MUSCLE_diversified_replicate.none.148.afa', -17.821, -17.987, -20.29, -25.193
'MUSCLE_diversified_replicate.none.152.afa', -14.335, -15.24, -17.061, -21.066
'MUSCLE_diversified_replicate.none.156.afa', -6.99, -3.565, -4.408, -11.579
'MUSCLE_diversified_replicate.none.16.afa', -12.341, -12.089, -14.96, -17.943
'MUSCLE_diversified_replicate.none.160.afa', -18.236, -18.664, -22.242, -25.881
'MUSCLE_diversified_replicate.none.164.afa', -12.727, -11.998, -16.16, -18.589
'MUSCLE_diversified_replicate.none.168.afa', -17.754, -17.855, -21.666, -24.901
'MUSCLE_diversified_replicate.none.172.afa', -17.758, -17.904, -21.282, -24.87
'MUSCLE_diversified_replicate.none.176.afa', -18.974, -19.645, -23.193, -26.635
'MUSCLE_diversified_replicate.none.180.afa', -12.347, -11.864, -15.031, -18.226
'MUSCLE_diversified_replicate.none.184.afa', -7.868, -4.327, -5.481, -11.806
'MUSCLE_diversified_replicate.none.188.afa', -15.36, -16.455, -17.203, -22.376
'MUSCLE_diversified_replicate.none.192.afa', -18.229, -18.921, -21.591, -24.735
'MUSCLE_diversified_replicate.none.196.afa', -13.163, -12.554, -16.056, -18.424
'MUSCLE_diversified_replicate.none.20.afa', -9.186, -6.313, -9.338, -12.589
'MUSCLE_diversified_replicate.none.200.afa', -15.7, -17.154, -18.935, -22.668
'MUSCLE_diversified_replicate.none.204.afa', -13.231, -13.103, -16.309, -19.384
'MUSCLE_diversified_replicate.none.208.afa', -13.39, -10.565, -11.303, -19.827
'MUSCLE_diversified_replicate.none.212.afa', -19.514, -20.537, -24.083, -27.286
'MUSCLE_diversified_replicate.none.216.afa', -19.322, -20.158, -23.493, -26.93
'MUSCLE_diversified_replicate.none.220.afa', -19.851, -20.452, -23.83, -27.327
'MUSCLE_diversified_replicate.none.224.afa', -12.673, -9.689, -8.945, -18.357
'MUSCLE_diversified_replicate.none.228.afa', -11.176, -9.373, -8.492, -16.254
'MUSCLE_diversified_replicate.none.232.afa', -12.542, -11.932, -15.948, -17.519
'MUSCLE_diversified_replicate.none.236.afa', -18.104, -18.608, -22.105, -25.477
'MUSCLE_diversified_replicate.none.24.afa', -16.178, -17.422, -20.212, -22.701
'MUSCLE_diversified_replicate.none.240.afa', -12.033, -11.256, -15.25, -17.843
'MUSCLE_diversified_replicate.none.244.afa', -19.257, -19.969, -22.832, -26.632
'MUSCLE_diversified_replicate.none.248.afa', -19.361, -20.407, -22.676, -26.776
'MUSCLE_diversified_replicate.none.252.afa', -12.46, -11.798, -15.789, -17.373
'MUSCLE_diversified_replicate.none.256.afa', -12.256, -11.551, -14.44, -17.526
'MUSCLE_diversified_replicate.none.260.afa', -20.129, -21.502, -23.863, -27.62
'MUSCLE_diversified_replicate.none.264.afa', -19.416, -20.753, -22.427, -28.244
'MUSCLE_diversified_replicate.none.268.afa', -23.103, -26.154, -28.961, -32.219
'MUSCLE_diversified_replicate.none.272.afa', -12.805, -12.481, -16.272, -17.796
'MUSCLE_diversified_replicate.none.276.afa', -12.801, -12.393, -14.817, -18.099
'MUSCLE_diversified_replicate.none.28.afa', -12.794, -12.475, -15.339, -19.309
'MUSCLE_diversified_replicate.none.280.afa', -14.002, -14.288, -16.153, -19.284
'MUSCLE_diversified_replicate.none.284.afa', -13.337, -13.386, -15.804, -18.934
'MUSCLE_diversified_replicate.none.288.afa', -12.517, -12.128, -15.856, -17.356
'MUSCLE_diversified_replicate.none.292.afa', -17.164, -16.963, -19.564, -24.796
'MUSCLE_diversified_replicate.none.296.afa', -18.777, -19.127, -21.938, -26.227
'MUSCLE_diversified_replicate.none.300.afa', -18.364, -18.814, -21.312, -25.166
'MUSCLE_diversified_replicate.none.304.afa', -14.518, -15.152, -17.128, -21.311
'MUSCLE_diversified_replicate.none.308.afa', -11.883, -10.986, -14.441, -17.118
'MUSCLE_diversified_replicate.none.312.afa', -13.072, -12.717, -16.241, -19.278
'MUSCLE_diversified_replicate.none.316.afa', -9.279, -6.455, -9.943, -12.287
'MUSCLE_diversified_replicate.none.32.afa', -13.455, -13.104, -17.175, -19.672
'MUSCLE_diversified_replicate.none.320.afa', -12.927, -12.477, -16.473, -17.772
'MUSCLE_diversified_replicate.none.324.afa', -13.46, -13.41, -15.187, -18.47
'MUSCLE_diversified_replicate.none.328.afa', -12.34, -11.77, -15.618, -17.492
'MUSCLE_diversified_replicate.none.332.afa', -12.397, -11.852, -15.174, -18.554
'MUSCLE_diversified_replicate.none.336.afa', -14.418, -14.739, -15.193, -19.892
'MUSCLE_diversified_replicate.none.340.afa', -12.636, -12.4, -16.347, -19.061
'MUSCLE_diversified_replicate.none.344.afa', -13.717, -11.22, -10.601, -20.337
'MUSCLE_diversified_replicate.none.348.afa', -19.475, -20.397, -22.992, -26.603
'MUSCLE_diversified_replicate.none.352.afa', -12.971, -12.321, -16.769, -18.366
'MUSCLE_diversified_replicate.none.356.afa', -14.826, -15.689, -17.753, -20.928
'MUSCLE_diversified_replicate.none.36.afa', -13.798, -13.51, -17.5, -19.755
'MUSCLE_diversified_replicate.none.360.afa', -12.955, -12.769, -16.336, -18.846
'MUSCLE_diversified_replicate.none.364.afa', -19.857, -20.602, -23.572, -27.096
'MUSCLE_diversified_replicate.none.368.afa', -13.331, -12.66, -16.759, -19.561
'MUSCLE_diversified_replicate.none.372.afa', -13.1, -10.403, -11.609, -19.338
'MUSCLE_diversified_replicate.none.376.afa', -13.124, -12.731, -15.423, -18.145
'MUSCLE_diversified_replicate.none.380.afa', -19.913, -20.701, -23.719, -27.116
'MUSCLE_diversified_replicate.none.384.afa', -13.134, -13.131, -14.818, -16.999
'MUSCLE_diversified_replicate.none.388.afa', -19.32, -19.624, -22.659, -26.394
'MUSCLE_diversified_replicate.none.392.afa', -19.693, -20.234, -22.597, -26.724
'MUSCLE_diversified_replicate.none.396.afa', -15.646, -13.756, -15.758, -21.301
'MUSCLE_diversified_replicate.none.4.afa', -12.56, -12.113, -15.505, -18.622
'MUSCLE_diversified_replicate.none.40.afa', -19.776, -20.655, -22.122, -28.212
'MUSCLE_diversified_replicate.none.44.afa', -19.004, -19.92, -22.438, -26.236
'MUSCLE_diversified_replicate.none.48.afa', -13.352, -13.07, -17.889, -19.718
'MUSCLE_diversified_replicate.none.52.afa', -18.529, -19.156, -22.491, -26.222
'MUSCLE_diversified_replicate.none.56.afa', -19.869, -21.444, -23.65, -27.752
'MUSCLE_diversified_replicate.none.60.afa', -13.198, -12.918, -16.007, -19.162
'MUSCLE_diversified_replicate.none.64.afa', -13.307, -13.065, -15.917, -18.636
'MUSCLE_diversified_replicate.none.68.afa', -12.436, -11.983, -14.857, -19.205
'MUSCLE_diversified_replicate.none.72.afa', -12.201, -11.488, -14.867, -17.454
'MUSCLE_diversified_replicate.none.76.afa', -14.961, -15.003, -17.919, -20.506
'MUSCLE_diversified_replicate.none.8.afa', -21.059, -22.882, -23.949, -30.016
'MUSCLE_diversified_replicate.none.80.afa', -19.017, -19.705, -22.795, -26.386
'MUSCLE_diversified_replicate.none.84.afa', -13.716, -13.776, -14.882, -19.377
'MUSCLE_diversified_replicate.none.88.afa', -13.004, -12.382, -15.771, -18.665
'MUSCLE_diversified_replicate.none.92.afa', -12.728, -12.324, -15.558, -17.81
'MUSCLE_diversified_replicate.none.96.afa', -12.866, -12.529, -15.797, -18.838
'PRANK_b0#0050_hhH_tree_63_OP_0.36203966777708846_Split_50.fasta', -73.996, -76.691, -72.825, -78.867
'PRANK_b0#0050_hhT_tree_63_OP_0.36203966777708846_Split_50.fasta', -45.337, -43.964, -45.083, -49.665
'PRANK_b0#0050_htT_tree_63_OP_0.36203966777708846_Split_50.fasta', -46.814, -45.419, -46.784, -50.969
'PRANK_b0#0050_ttH_tree_63_OP_0.36203966777708846_Split_50.fasta', -73.523, -76.378, -71.25, -78.513
'PRANK_b0#0051_hhT_tree_7_OP_0.4287654329803016_Split_51.fasta', -66.724, -69.112, -67.806, -73.969
'PRANK_b0#0051_htH_tree_7_OP_0.4287654329803016_Split_51.fasta', -65.957, -67.68, -67.888, -73.113
'PRANK_b0#0051_htT_tree_7_OP_0.4287654329803016_Split_51.fasta', -69.511, -73.354, -68.435, -77.131
'PRANK_b0#0051_ttT_tree_7_OP_0.4287654329803016_Split_51.fasta', -69.283, -73.126, -68.088, -76.863
'PRANK_b0#0053_hhH_tree_13_OP_0.09692142234876278_Split_53.fasta', -65.742, -69.568, -61.88, -71.593
'PRANK_b0#0053_htT_tree_13_OP_0.09692142234876278_Split_53.fasta', -72.279, -76.775, -69.273, -76.835
'PRANK_b0#0053_htT_tree_69_OP_0.05304651807751681_Split_53.fasta', -40.57, -40.57, -39.509, -43.911
'PRANK_b0#0053_thT_tree_69_OP_0.05304651807751681_Split_53.fasta', -41.103, -41.17, -40.27, -44.378
'PRANK_b0#0053_ttH_tree_13_OP_0.09692142234876278_Split_53.fasta', -65.8, -69.625, -61.957, -71.641
'PRANK_b0#0053_ttH_tree_69_OP_0.05304651807751681_Split_53.fasta', -32.587, -32.585, -31.858, -34.932
'PRANK_b0#0053_ttT_tree_13_OP_0.09692142234876278_Split_53.fasta', -66.049, -69.776, -63.132, -70.354
'PRANK_b0#0053_ttT_tree_69_OP_0.05304651807751681_Split_53.fasta', -41.103, -41.17, -40.27, -44.378
'PRANK_b0#0054_hhT_tree_37_OP_0.3234162682987525_Split_54.fasta', -40.417, -38.776, -38.024, -44.13
'PRANK_b0#0054_htH_tree_11_OP_0.0660385202278223_Split_54.fasta', -58.648, -62.087, -55.149, -64.208
'PRANK_b0#0054_htT_tree_37_OP_0.3234162682987525_Split_54.fasta', -37.318, -35.349, -34.329, -41.676
'PRANK_b0#0054_htT_tree_60_OP_0.2742882468420108_Split_54.fasta', -42.508, -41.346, -38.109, -49.38
'PRANK_b0#0054_thH_tree_11_OP_0.0660385202278223_Split_54.fasta', -57.919, -61.317, -54.439, -63.308
'PRANK_b0#0054_thH_tree_60_OP_0.2742882468420108_Split_54.fasta', -43.312, -42.358, -40.149, -49.19
'PRANK_b0#0054_thT_tree_11_OP_0.0660385202278223_Split_54.fasta', -59.94, -64.859, -57.15, -67.333
'PRANK_b0#0054_thT_tree_60_OP_0.2742882468420108_Split_54.fasta', -42.571, -41.458, -38.281, -49.603
'PRANK_b0#0054_ttH_tree_11_OP_0.0660385202278223_Split_54.fasta', -57.751, -61.161, -54.25, -63.186
'PRANK_b0#0054_ttH_tree_37_OP_0.3234162682987525_Split_54.fasta', -44.358, -42.914, -39.793, -47.906
'PRANK_b0#0054_ttT_tree_37_OP_0.3234162682987525_Split_54.fasta', -42.863, -41.558, -39.842, -46.297
'PRANK_b0#0054_ttT_tree_60_OP_0.2742882468420108_Split_54.fasta', -42.591, -41.49, -38.292, -49.627
'PRANK_b0#0055_hhH_tree_96_OP_0.3899661250904219_Split_55.fasta', -58.786, -59.814, -57.297, -63.532
'PRANK_b0#0055_hhT_tree_23_OP_0.41879358418754387_Split_55.fasta', -59.162, -60.101, -58.589, -61.521
'PRANK_b0#0055_hhT_tree_40_OP_0.08821008325435137_Split_55.fasta', -49.799, -50.547, -48.167, -54.704
'PRANK_b0#0055_hhT_tree_96_OP_0.3899661250904219_Split_55.fasta', -59.421, -60.274, -57.598, -64.491
'PRANK_b0#0055_htH_tree_96_OP_0.3899661250904219_Split_55.fasta', -57.111, -57.759, -56.135, -61.654
'PRANK_b0#0055_thH_tree_23_OP_0.41879358418754387_Split_55.fasta', -54.066, -54.56, -53.329, -57.391
'PRANK_b0#0055_thH_tree_40_OP_0.08821008325435137_Split_55.fasta', -46.067, -46.733, -44.675, -51.769
'PRANK_b0#0055_thT_tree_40_OP_0.08821008325435137_Split_55.fasta', -49.799, -50.547, -48.167, -54.704
'PRANK_b0#0055_ttH_tree_23_OP_0.41879358418754387_Split_55.fasta', -54.464, -54.893, -53.29, -57.391
'PRANK_b0#0055_ttT_tree_23_OP_0.41879358418754387_Split_55.fasta', -59.338, -60.353, -58.548, -62.614
'PRANK_b0#0055_ttT_tree_40_OP_0.08821008325435137_Split_55.fasta', -49.799, -50.547, -48.167, -54.704
'PRANK_b0#0055_ttT_tree_96_OP_0.3899661250904219_Split_55.fasta', -60.28, -61.213, -58.32, -65.405
'PRANK_b0#0056_hhH_tree_56_OP_0.23502932209680477_Split_56.fasta', -52.5, -52.833, -48.967, -57.387
'PRANK_b0#0056_htH_tree_56_OP_0.23502932209680477_Split_56.fasta', -53.206, -53.575, -49.731, -58.023
'PRANK_b0#0056_htT_tree_99_OP_0.18594199344926288_Split_56.fasta', -39.525, -37.753, -37.248, -44.553
'PRANK_b0#0056_thH_tree_99_OP_0.18594199344926288_Split_56.fasta', -38.278, -36.719, -38.5, -42.927
'PRANK_b0#0056_thT_tree_56_OP_0.23502932209680477_Split_56.fasta', -52.515, -52.756, -48.604, -57.285
'PRANK_b0#0056_thT_tree_99_OP_0.18594199344926288_Split_56.fasta', -39.525, -37.753, -37.248, -44.553
'PRANK_b0#0056_ttH_tree_56_OP_0.23502932209680477_Split_56.fasta', -53.916, -54.479, -50.394, -59.034
'PRANK_b0#0056_ttH_tree_99_OP_0.18594199344926288_Split_56.fasta', -38.284, -36.714, -38.564, -42.936
'PRANK_b0#0057_htH_tree_64_OP_0.05970650417263379_Split_57.fasta', -52.081, -52.716, -43.03, -54.612
'PRANK_b0#0057_thH_tree_64_OP_0.05970650417263379_Split_57.fasta', -52.067, -52.71, -42.989, -54.606
'PRANK_b0#0057_thT_tree_64_OP_0.05970650417263379_Split_57.fasta', -52.157, -53.071, -43.099, -54.785
'PRANK_b0#0057_ttH_tree_64_OP_0.05970650417263379_Split_57.fasta', -52.067, -52.71, -42.989, -54.606
'PRANK_b0#0058_hhH_tree_84_OP_0.3564845080908704_Split_58.fasta', -62.189, -64.774, -58.01, -67.347
'PRANK_b0#0058_hhT_tree_84_OP_0.3564845080908704_Split_58.fasta', -60.339, -62.954, -56.305, -65.95
'PRANK_b0#0058_hhT_tree_97_OP_0.1673876920856745_Split_58.fasta', -50.384, -55.68, -55.759, -59.537
'PRANK_b0#0058_htT_tree_84_OP_0.3564845080908704_Split_58.fasta', -60.322, -62.858, -56.277, -65.915
'PRANK_b0#0058_htT_tree_97_OP_0.1673876920856745_Split_58.fasta', -50.52, -55.97, -55.94, -59.765
'PRANK_b0#0058_thH_tree_97_OP_0.1673876920856745_Split_58.fasta', -48.344, -54.189, -55.156, -58.626
'PRANK_b0#0058_thT_tree_97_OP_0.1673876920856745_Split_58.fasta', -50.89, -56.411, -56.445, -60.23
'PRANK_b0#0058_ttT_tree_84_OP_0.3564845080908704_Split_58.fasta', -58.87, -61.141, -56.459, -62.746
'PRANK_b0#0059_hhT_tree_80_OP_0.3860599313375234_Split_59.fasta', -53.886, -54.092, -50.766, -60.649
'PRANK_b0#0059_htH_tree_36_OP_0.21650135794201675_Split_59.fasta', -54.179, -55.681, -49.189, -58.049
'PRANK_b0#0059_htH_tree_80_OP_0.3860599313375234_Split_59.fasta', -54.718, -54.928, -51.338, -60.957
'PRANK_b0#0059_htH_tree_85_OP_0.16592734946943577_Split_59.fasta', -53.826, -53.625, -50.977, -58.328
'PRANK_b0#0059_htT_tree_36_OP_0.21650135794201675_Split_59.fasta', -56.24, -56.59, -52.121, -60.16
'PRANK_b0#0059_htT_tree_80_OP_0.3860599313375234_Split_59.fasta', -55.118, -55.301, -52.189, -61.784
'PRANK_b0#0059_htT_tree_85_OP_0.16592734946943577_Split_59.fasta', -51.759, -51.335, -52.674, -55.159
'PRANK_b0#0059_thH_tree_36_OP_0.21650135794201675_Split_59.fasta', -54.429, -55.971, -50.682, -58.411
'PRANK_b0#0059_thH_tree_85_OP_0.16592734946943577_Split_59.fasta', -53.741, -53.441, -50.827, -58.242
'PRANK_b0#0059_ttH_tree_80_OP_0.3860599313375234_Split_59.fasta', -54.73, -54.904, -51.345, -60.966
'PRANK_b0#0059_ttH_tree_85_OP_0.16592734946943577_Split_59.fasta', -53.723, -53.421, -50.812, -58.218
'PRANK_b0#0059_ttT_tree_36_OP_0.21650135794201675_Split_59.fasta', -56.292, -56.66, -52.152, -60.235
'PRANK_b0#0060_hhH_tree_24_OP_0.35224591752289836_Split_60.fasta', -49.595, -49.859, -48.564, -54.914
'PRANK_b0#0060_hhT_tree_24_OP_0.35224591752289836_Split_60.fasta', -47.677, -47.698, -45.277, -53.546
'PRANK_b0#0060_ttH_tree_24_OP_0.35224591752289836_Split_60.fasta', -49.545, -49.801, -48.528, -54.868
'PRANK_b0#0060_ttT_tree_24_OP_0.35224591752289836_Split_60.fasta', -47.83, -47.816, -45.217, -54.068
'PRANK_b0#0061_hhH_tree_16_OP_0.3566466444359746_Split_61.fasta', -71.994, -72.267, -69.631, -73.962
'PRANK_b0#0061_thT_tree_16_OP_0.3566466444359746_Split_61.fasta', -62.826, -62.931, -60.155, -66.339
'PRANK_b0#0061_ttH_tree_16_OP_0.3566466444359746_Split_61.fasta', -71.793, -72.029, -69.472, -73.686
'PRANK_b0#0061_ttT_tree_16_OP_0.3566466444359746_Split_61.fasta', -62.632, -62.77, -59.331, -66.094
'PRANK_b0#0062_hhH_tree_0_OP_0.4657131574362508_Split_62.fasta', -54.801, -55.017, -49.373, -60.004
'PRANK_b0#0062_hhT_tree_81_OP_0.4058614503238694_Split_62.fasta', -55.651, -54.954, -51.289, -59.59
'PRANK_b0#0062_htH_tree_0_OP_0.4657131574362508_Split_62.fasta', -54.156, -54.019, -48.803, -59.986
'PRANK_b0#0062_htT_tree_81_OP_0.4058614503238694_Split_62.fasta', -54.741, -53.887, -51.121, -58.618
'PRANK_b0#0062_thH_tree_81_OP_0.4058614503238694_Split_62.fasta', -53.044, -52.624, -48.412, -57.443
'PRANK_b0#0062_thT_tree_0_OP_0.4657131574362508_Split_62.fasta', -54.205, -53.956, -48.817, -58.834
'PRANK_b0#0062_thT_tree_81_OP_0.4058614503238694_Split_62.fasta', -54.741, -53.887, -51.121, -58.618
'PRANK_b0#0062_ttT_tree_0_OP_0.4657131574362508_Split_62.fasta', -55.263, -55.124, -50.006, -60.25
'PRANK_b0#0063_htH_tree_71_OP_0.26664288485028304_Split_63.fasta', -43.117, -42.572, -42.829, -47.013
'PRANK_b0#0063_htT_tree_71_OP_0.26664288485028304_Split_63.fasta', -41.927, -40.758, -43.094, -45.562
'PRANK_b0#0063_thH_tree_71_OP_0.26664288485028304_Split_63.fasta', -43.127, -42.588, -42.8, -46.978
'PRANK_b0#0063_thT_tree_71_OP_0.26664288485028304_Split_63.fasta', -41.888, -40.732, -43.045, -45.52
'PRANK_b0#0065_hhH_tree_48_OP_0.33799514808893955_Split_65.fasta', -54.034, -54.087, -47.819, -58.859
'PRANK_b0#0065_htH_tree_48_OP_0.33799514808893955_Split_65.fasta', -52.488, -52.107, -46.651, -57.106
'PRANK_b0#0065_thH_tree_48_OP_0.33799514808893955_Split_65.fasta', -53.958, -53.99, -47.749, -58.748
'PRANK_b0#0065_thT_tree_48_OP_0.33799514808893955_Split_65.fasta', -52.151, -52.03, -47.307, -56.538
'PRANK_b0#0067_hhH_tree_6_OP_0.18497671267226667_Split_67.fasta', -40.309, -39.905, -37.455, -47.656
'PRANK_b0#0067_htH_tree_6_OP_0.18497671267226667_Split_67.fasta', -40.257, -39.855, -37.403, -47.604
'PRANK_b0#0067_thT_tree_6_OP_0.18497671267226667_Split_67.fasta', -39.474, -39.089, -36.158, -46.512
'PRANK_b0#0067_ttT_tree_6_OP_0.18497671267226667_Split_67.fasta', -39.503, -39.125, -36.176, -46.551
'PRANK_b0#0070_htH_tree_30_OP_0.20469024912096356_Split_70.fasta', -40.746, -39.579, -37.932, -42.988
'PRANK_b0#0070_htH_tree_43_OP_0.41666011848334805_Split_70.fasta', -39.373, -37.604, -37.021, -43.254
'PRANK_b0#0070_htT_tree_30_OP_0.20469024912096356_Split_70.fasta', -38.734, -37.674, -37.498, -40.821
'PRANK_b0#0070_thH_tree_30_OP_0.20469024912096356_Split_70.fasta', -42.519, -41.435, -39.811, -44.689
'PRANK_b0#0070_thH_tree_43_OP_0.41666011848334805_Split_70.fasta', -39.397, -37.616, -37.069, -43.311
'PRANK_b0#0070_ttH_tree_43_OP_0.41666011848334805_Split_70.fasta', -40.069, -38.088, -38.385, -43.476
'PRANK_b0#0070_ttT_tree_30_OP_0.20469024912096356_Split_70.fasta', -38.783, -37.756, -37.495, -40.836
'PRANK_b0#0070_ttT_tree_43_OP_0.41666011848334805_Split_70.fasta', -39.734, -37.947, -38.654, -43.629
'PRANK_b0#0073_htT_tree_10_OP_0.17197861239551077_Split_73.fasta', -47.65, -50.514, -45.411, -51.764
'PRANK_b0#0073_thH_tree_10_OP_0.17197861239551077_Split_73.fasta', -43.947, -44.837, -41.123, -45.904
'PRANK_b0#0073_ttH_tree_10_OP_0.17197861239551077_Split_73.fasta', -44.0, -44.869, -41.188, -45.963
'PRANK_b0#0073_ttT_tree_10_OP_0.17197861239551077_Split_73.fasta', -47.65, -50.514, -45.411, -51.764
'PRANK_b0#0077_hhH_tree_35_OP_0.23719613041625226_Split_77.fasta', -63.686, -65.183, -55.102, -67.722
'PRANK_b0#0077_hhT_tree_35_OP_0.23719613041625226_Split_77.fasta', -64.637, -65.675, -58.063, -67.408
'PRANK_b0#0077_htT_tree_35_OP_0.23719613041625226_Split_77.fasta', -66.569, -67.868, -59.501, -69.397
'PRANK_b0#0077_htT_tree_79_OP_0.39849921812999034_Split_77.fasta', -52.699, -56.113, -56.759, -59.977
'PRANK_b0#0077_thH_tree_35_OP_0.23719613041625226_Split_77.fasta', -64.883, -66.357, -55.994, -68.91
'PRANK_b0#0077_thH_tree_79_OP_0.39849921812999034_Split_77.fasta', -53.705, -57.396, -57.273, -61.288
'PRANK_b0#0077_thT_tree_79_OP_0.39849921812999034_Split_77.fasta', -52.144, -55.363, -60.322, -61.606
'PRANK_b0#0077_ttT_tree_79_OP_0.39849921812999034_Split_77.fasta', -52.105, -55.322, -60.006, -61.73
'PRANK_b0#0078_hhH_tree_86_OP_0.2347265646541319_Split_78.fasta', -60.071, -57.731, -59.678, -59.534
'PRANK_b0#0078_hhT_tree_53_OP_0.05303947942235687_Split_78.fasta', -44.873, -44.868, -41.122, -49.291
'PRANK_b0#0078_htH_tree_53_OP_0.05303947942235687_Split_78.fasta', -51.833, -52.458, -46.872, -57.981
'PRANK_b0#0078_htH_tree_86_OP_0.2347265646541319_Split_78.fasta', -59.296, -56.905, -58.7, -58.18
'PRANK_b0#0078_thH_tree_86_OP_0.2347265646541319_Split_78.fasta', -60.012, -57.76, -59.602, -59.49
'PRANK_b0#0078_thT_tree_53_OP_0.05303947942235687_Split_78.fasta', -44.873, -44.868, -41.122, -49.291
'PRANK_b0#0078_ttH_tree_53_OP_0.05303947942235687_Split_78.fasta', -51.879, -52.498, -47.929, -57.147
'PRANK_b0#0078_ttT_tree_86_OP_0.2347265646541319_Split_78.fasta', -59.426, -57.176, -58.813, -58.512
'PRANK_b0#0079_hhH_tree_88_OP_0.1810795500099957_Split_79.fasta', -56.568, -56.75, -55.104, -58.317
'PRANK_b0#0079_hhT_tree_88_OP_0.1810795500099957_Split_79.fasta', -54.955, -55.071, -54.008, -56.53
'PRANK_b0#0079_ttH_tree_88_OP_0.1810795500099957_Split_79.fasta', -56.551, -56.736, -55.089, -58.301
'PRANK_b0#0079_ttT_tree_88_OP_0.1810795500099957_Split_79.fasta', -55.176, -55.291, -54.224, -56.781
'PRANK_b0#0080_hhT_tree_3_OP_0.05125309180508808_Split_80.fasta', -27.4, -23.844, -23.831, -32.648
'PRANK_b0#0080_htH_tree_3_OP_0.05125309180508808_Split_80.fasta', -26.47, -22.831, -22.515, -31.662
'PRANK_b0#0080_htT_tree_3_OP_0.05125309180508808_Split_80.fasta', -27.708, -24.097, -24.098, -32.883
'PRANK_b0#0080_ttH_tree_3_OP_0.05125309180508808_Split_80.fasta', -26.559, -22.943, -22.639, -31.807
'PRANK_b0#0081_hhH_tree_5_OP_0.22898839817158656_Split_81.fasta', -40.911, -38.657, -37.498, -45.387
'PRANK_b0#0081_hhT_tree_51_OP_0.3986228120499837_Split_81.fasta', -38.701, -37.536, -36.784, -42.761
'PRANK_b0#0081_hhT_tree_73_OP_0.04516409856856096_Split_81.fasta', -26.918, -24.184, -27.742, -31.567
'PRANK_b0#0081_htH_tree_51_OP_0.3986228120499837_Split_81.fasta', -37.834, -36.203, -36.276, -41.261
'PRANK_b0#0081_htT_tree_5_OP_0.22898839817158656_Split_81.fasta', -40.483, -38.273, -37.736, -44.432
'PRANK_b0#0081_htT_tree_73_OP_0.04516409856856096_Split_81.fasta', -26.918, -24.184, -27.742, -31.567
'PRANK_b0#0081_thH_tree_5_OP_0.22898839817158656_Split_81.fasta', -40.928, -38.666, -37.572, -45.387
'PRANK_b0#0081_thH_tree_73_OP_0.04516409856856096_Split_81.fasta', -27.547, -25.194, -30.678, -31.605
'PRANK_b0#0081_thT_tree_51_OP_0.3986228120499837_Split_81.fasta', -39.8, -38.625, -36.602, -43.666
'PRANK_b0#0081_ttH_tree_51_OP_0.3986228120499837_Split_81.fasta', -36.961, -35.437, -34.117, -40.838
'PRANK_b0#0081_ttH_tree_73_OP_0.04516409856856096_Split_81.fasta', -27.475, -25.23, -30.814, -31.805
'PRANK_b0#0081_ttT_tree_5_OP_0.22898839817158656_Split_81.fasta', -40.487, -38.272, -37.737, -44.44
'PRANK_b0#0085_hhT_tree_59_OP_0.3079281034987719_Split_85.fasta', -56.42, -56.395, -56.159, -59.977
'PRANK_b0#0085_thT_tree_59_OP_0.3079281034987719_Split_85.fasta', -56.768, -56.733, -56.506, -60.419
'PRANK_b0#0085_ttH_tree_59_OP_0.3079281034987719_Split_85.fasta', -56.736, -56.733, -56.469, -60.468
'PRANK_b0#0085_ttT_tree_59_OP_0.3079281034987719_Split_85.fasta', -56.52, -56.488, -56.067, -60.169
'PRANK_b0#0086_hhH_tree_46_OP_0.17943757149806483_Split_86.fasta', -39.507, -38.288, -37.337, -45.409
'PRANK_b0#0086_hhT_tree_46_OP_0.17943757149806483_Split_86.fasta', -39.013, -37.806, -35.555, -45.949
'PRANK_b0#0086_hhT_tree_47_OP_0.4322745197435511_Split_86.fasta', -58.768, -57.756, -57.181, -63.748
'PRANK_b0#0086_htT_tree_47_OP_0.4322745197435511_Split_86.fasta', -59.231, -58.308, -58.597, -64.471
'PRANK_b0#0086_thT_tree_46_OP_0.17943757149806483_Split_86.fasta', -39.143, -37.872, -36.457, -45.048
'PRANK_b0#0086_thT_tree_47_OP_0.4322745197435511_Split_86.fasta', -57.092, -55.851, -56.873, -61.929
'PRANK_b0#0086_ttH_tree_46_OP_0.17943757149806483_Split_86.fasta', -38.892, -37.766, -33.826, -45.912
'PRANK_b0#0086_ttH_tree_47_OP_0.4322745197435511_Split_86.fasta', -58.731, -57.725, -54.61, -64.334
'PRANK_b0#0087_hhT_tree_44_OP_0.200818760412537_Split_87.fasta', -47.562, -48.691, -44.775, -50.926
'PRANK_b0#0087_htT_tree_44_OP_0.200818760412537_Split_87.fasta', -47.551, -48.681, -44.761, -50.917
'PRANK_b0#0087_thT_tree_44_OP_0.200818760412537_Split_87.fasta', -47.528, -48.655, -44.72, -50.89
'PRANK_b0#0087_ttT_tree_44_OP_0.200818760412537_Split_87.fasta', -47.563, -48.681, -45.456, -50.905
'PRANK_b0#0088_hhH_tree_14_OP_0.3064418702671071_Split_88.fasta', -70.128, -72.703, -68.842, -74.98
'PRANK_b0#0088_hhT_tree_92_OP_0.23387605000900108_Split_88.fasta', -38.114, -36.809, -36.302, -41.225
'PRANK_b0#0088_htH_tree_92_OP_0.23387605000900108_Split_88.fasta', -40.187, -39.2, -37.999, -43.38
'PRANK_b0#0088_htT_tree_14_OP_0.3064418702671071_Split_88.fasta', -68.72, -71.103, -65.358, -70.953
'PRANK_b0#0088_thH_tree_92_OP_0.23387605000900108_Split_88.fasta', -39.612, -38.533, -37.575, -42.881
'PRANK_b0#0088_thT_tree_14_OP_0.3064418702671071_Split_88.fasta', -68.661, -71.084, -65.323, -70.989
'PRANK_b0#0088_thT_tree_92_OP_0.23387605000900108_Split_88.fasta', -37.996, -37.003, -35.669, -41.176
'PRANK_b0#0088_ttH_tree_14_OP_0.3064418702671071_Split_88.fasta', -70.128, -72.703, -68.842, -74.98
'PRANK_b0#0089_hhH_tree_21_OP_0.22890592879188038_Split_89.fasta', -41.905, -40.782, -36.361, -49.484
'PRANK_b0#0089_htT_tree_21_OP_0.22890592879188038_Split_89.fasta', -43.009, -41.871, -37.452, -50.862
'PRANK_b0#0089_thH_tree_21_OP_0.22890592879188038_Split_89.fasta', -40.886, -39.482, -35.646, -48.418
'PRANK_b0#0089_ttT_tree_21_OP_0.22890592879188038_Split_89.fasta', -42.112, -40.723, -36.763, -49.85
'PRANK_b0#0090_hhT_tree_95_OP_0.1030307002700046_Split_90.fasta', -30.164, -27.326, -31.305, -36.665
'PRANK_b0#0090_thH_tree_95_OP_0.1030307002700046_Split_90.fasta', -28.494, -25.403, -31.219, -34.533
'PRANK_b0#0090_ttH_tree_95_OP_0.1030307002700046_Split_90.fasta', -27.852, -24.611, -27.197, -33.748
'PRANK_b0#0090_ttT_tree_95_OP_0.1030307002700046_Split_90.fasta', -29.52, -26.526, -30.882, -36.054
'PRANK_b0#0091_hhH_tree_4_OP_0.3917727204478945_Split_91.fasta', -52.938, -53.306, -49.791, -58.712
'PRANK_b0#0091_htT_tree_4_OP_0.3917727204478945_Split_91.fasta', -53.53, -54.144, -49.115, -59.617
'PRANK_b0#0091_thH_tree_4_OP_0.3917727204478945_Split_91.fasta', -53.525, -53.719, -50.982, -59.174
'PRANK_b0#0091_thT_tree_4_OP_0.3917727204478945_Split_91.fasta', -54.593, -55.239, -50.271, -60.442
'PRANK_b0#0096_hhH_tree_77_OP_0.06320220646162977_Split_96.fasta', -44.075, -44.244, -43.012, -46.663
'PRANK_b0#0096_hhT_tree_77_OP_0.06320220646162977_Split_96.fasta', -50.629, -52.952, -49.158, -52.271
'PRANK_b0#0096_htH_tree_77_OP_0.06320220646162977_Split_96.fasta', -44.075, -44.244, -43.012, -46.663
'PRANK_b0#0096_ttT_tree_77_OP_0.06320220646162977_Split_96.fasta', -50.973, -53.18, -49.426, -52.777
'PRANK_b1#0000_hhH_tree_61_OP_0.4330011748014624_Split_0.fasta', -60.658, -61.921, -53.822, -66.83
'PRANK_b1#0000_hhT_tree_61_OP_0.4330011748014624_Split_0.fasta', -59.939, -61.149, -52.176, -66.141
'PRANK_b1#0000_htH_tree_61_OP_0.4330011748014624_Split_0.fasta', -60.648, -61.91, -53.825, -66.822
'PRANK_b1#0000_htT_tree_61_OP_0.4330011748014624_Split_0.fasta', -59.911, -61.13, -52.129, -66.106
'PRANK_b1#0001_hhH_tree_89_OP_0.08315440018559267_Split_1.fasta', -24.208, -21.38, -22.391, -29.506
'PRANK_b1#0001_hhT_tree_89_OP_0.08315440018559267_Split_1.fasta', -24.016, -21.232, -22.2, -29.363
'PRANK_b1#0001_htH_tree_89_OP_0.08315440018559267_Split_1.fasta', -24.219, -21.409, -22.374, -29.519
'PRANK_b1#0001_htT_tree_89_OP_0.08315440018559267_Split_1.fasta', -24.13, -21.353, -22.302, -29.469
'PRANK_b1#0004_hhH_tree_20_OP_0.1825262028599538_Split_4.fasta', -51.518, -51.064, -49.035, -55.779
'PRANK_b1#0004_hhH_tree_2_OP_0.0971126692608415_Split_4.fasta', -51.99, -56.485, -58.723, -61.762
'PRANK_b1#0004_hhT_tree_20_OP_0.1825262028599538_Split_4.fasta', -45.2, -45.017, -44.047, -48.893
'PRANK_b1#0004_hhT_tree_2_OP_0.0971126692608415_Split_4.fasta', -51.856, -51.26, -51.912, -56.926
'PRANK_b1#0004_htH_tree_20_OP_0.1825262028599538_Split_4.fasta', -50.011, -49.5, -47.247, -54.639
'PRANK_b1#0004_htH_tree_2_OP_0.0971126692608415_Split_4.fasta', -52.11, -56.636, -58.645, -62.38
'PRANK_b1#0004_htT_tree_20_OP_0.1825262028599538_Split_4.fasta', -45.295, -45.141, -44.114, -48.983
'PRANK_b1#0004_htT_tree_2_OP_0.0971126692608415_Split_4.fasta', -51.711, -50.975, -51.858, -56.727
'PRANK_b1#0005_hhH_tree_67_OP_0.008476858088944328_Split_5.fasta', -20.893, -17.979, -15.903, -26.818
'PRANK_b1#0005_hhT_tree_67_OP_0.008476858088944328_Split_5.fasta', -24.387, -21.742, -20.167, -29.873
'PRANK_b1#0005_htH_tree_67_OP_0.008476858088944328_Split_5.fasta', -20.908, -17.995, -15.917, -26.831
'PRANK_b1#0005_htT_tree_67_OP_0.008476858088944328_Split_5.fasta', -24.449, -21.808, -20.247, -29.961
'PRANK_b1#0006_hhH_tree_90_OP_0.4673207261707267_Split_6.fasta', -56.81, -55.847, -55.03, -61.218
'PRANK_b1#0006_hhT_tree_90_OP_0.4673207261707267_Split_6.fasta', -57.748, -56.913, -55.667, -62.69
'PRANK_b1#0006_htH_tree_90_OP_0.4673207261707267_Split_6.fasta', -56.564, -55.504, -54.94, -61.166
'PRANK_b1#0006_htT_tree_90_OP_0.4673207261707267_Split_6.fasta', -56.407, -55.364, -55.169, -61.375
'PRANK_b1#0007_hhH_tree_41_OP_0.02098294888047958_Split_7.fasta', -45.316, -46.192, -39.448, -50.515
'PRANK_b1#0007_hhT_tree_41_OP_0.02098294888047958_Split_7.fasta', -44.985, -45.481, -40.963, -49.634
'PRANK_b1#0007_htH_tree_41_OP_0.02098294888047958_Split_7.fasta', -45.316, -46.192, -39.448, -50.515
'PRANK_b1#0007_htT_tree_41_OP_0.02098294888047958_Split_7.fasta', -44.985, -45.481, -40.963, -49.634
'PRANK_b1#0008_hhH_tree_15_OP_0.23700500204391878_Split_8.fasta', -63.42, -67.878, -60.716, -69.271
'PRANK_b1#0008_hhT_tree_15_OP_0.23700500204391878_Split_8.fasta', -71.029, -75.301, -69.045, -76.238
'PRANK_b1#0008_htH_tree_15_OP_0.23700500204391878_Split_8.fasta', -65.636, -70.336, -63.796, -72.148
'PRANK_b1#0008_htT_tree_15_OP_0.23700500204391878_Split_8.fasta', -62.528, -64.405, -60.449, -66.469
'PRANK_b1#0009_hhH_tree_29_OP_0.3263217068805121_Split_9.fasta', -75.676, -80.239, -71.547, -82.081
'PRANK_b1#0009_hhT_tree_29_OP_0.3263217068805121_Split_9.fasta', -77.13, -81.62, -73.286, -81.832
'PRANK_b1#0009_htH_tree_29_OP_0.3263217068805121_Split_9.fasta', -75.766, -80.337, -71.361, -82.238
'PRANK_b1#0009_htT_tree_29_OP_0.3263217068805121_Split_9.fasta', -77.331, -81.772, -73.853, -82.869
'PRANK_b1#0010_hhH_tree_55_OP_0.12131382649812672_Split_10.fasta', -36.446, -34.82, -37.968, -40.864
'PRANK_b1#0010_hhH_tree_78_OP_0.2199134490774199_Split_10.fasta', -73.562, -75.401, -70.43, -76.158
'PRANK_b1#0010_hhH_tree_93_OP_0.22235197408396468_Split_10.fasta', -34.741, -33.079, -29.293, -41.857
'PRANK_b1#0010_hhT_tree_55_OP_0.12131382649812672_Split_10.fasta', -36.399, -34.696, -38.096, -41.179
'PRANK_b1#0010_hhT_tree_78_OP_0.2199134490774199_Split_10.fasta', -75.371, -77.028, -71.896, -77.999
'PRANK_b1#0010_hhT_tree_93_OP_0.22235197408396468_Split_10.fasta', -34.616, -32.844, -29.156, -41.763
'PRANK_b1#0010_htH_tree_55_OP_0.12131382649812672_Split_10.fasta', -36.497, -34.882, -37.999, -40.916
'PRANK_b1#0010_htH_tree_78_OP_0.2199134490774199_Split_10.fasta', -73.647, -75.5, -70.128, -76.498
'PRANK_b1#0010_htH_tree_93_OP_0.22235197408396468_Split_10.fasta', -34.906, -33.268, -29.406, -42.049
'PRANK_b1#0010_htT_tree_55_OP_0.12131382649812672_Split_10.fasta', -36.537, -34.857, -38.234, -41.322
'PRANK_b1#0010_htT_tree_78_OP_0.2199134490774199_Split_10.fasta', -75.375, -77.03, -71.902, -78.002
'PRANK_b1#0010_htT_tree_93_OP_0.22235197408396468_Split_10.fasta', -34.414, -32.699, -27.847, -41.06
'PRANK_b1#0012_hhH_tree_39_OP_0.22687500454657905_Split_12.fasta', -31.676, -29.628, -29.752, -36.189
'PRANK_b1#0012_hhH_tree_42_OP_0.0496315149686164_Split_12.fasta', -36.498, -34.91, -35.205, -39.126
'PRANK_b1#0012_hhT_tree_39_OP_0.22687500454657905_Split_12.fasta', -30.008, -27.595, -30.03, -33.187
'PRANK_b1#0012_hhT_tree_42_OP_0.0496315149686164_Split_12.fasta', -34.788, -33.573, -32.897, -38.437
'PRANK_b1#0012_htH_tree_39_OP_0.22687500454657905_Split_12.fasta', -31.699, -29.645, -29.784, -36.219
'PRANK_b1#0012_htH_tree_42_OP_0.0496315149686164_Split_12.fasta', -36.751, -35.231, -35.436, -39.431
'PRANK_b1#0012_htT_tree_39_OP_0.22687500454657905_Split_12.fasta', -30.003, -27.584, -30.036, -33.172
'PRANK_b1#0012_htT_tree_42_OP_0.0496315149686164_Split_12.fasta', -34.742, -33.493, -32.89, -38.412
'PRANK_b1#0015_hhH_tree_18_OP_0.2024155938605975_Split_15.fasta', -34.352, -31.203, -34.694, -38.498
'PRANK_b1#0015_hhT_tree_18_OP_0.2024155938605975_Split_15.fasta', -31.654, -28.085, -30.559, -35.934
'PRANK_b1#0015_htH_tree_18_OP_0.2024155938605975_Split_15.fasta', -33.715, -30.39, -32.558, -37.24
'PRANK_b1#0015_htT_tree_18_OP_0.2024155938605975_Split_15.fasta', -31.689, -28.135, -30.586, -35.987
'PRANK_b1#0017_hhH_tree_25_OP_0.40331807202508463_Split_17.fasta', -54.118, -56.313, -52.146, -61.096
'PRANK_b1#0017_hhT_tree_25_OP_0.40331807202508463_Split_17.fasta', -55.166, -57.834, -55.367, -61.895
'PRANK_b1#0017_htH_tree_25_OP_0.40331807202508463_Split_17.fasta', -55.439, -57.935, -52.977, -62.009
'PRANK_b1#0017_htT_tree_25_OP_0.40331807202508463_Split_17.fasta', -56.451, -59.787, -58.592, -62.655
'PRANK_b1#0018_hhH_tree_75_OP_0.4799762788828158_Split_18.fasta', -56.473, -58.247, -53.978, -59.681
'PRANK_b1#0018_hhT_tree_75_OP_0.4799762788828158_Split_18.fasta', -54.372, -55.883, -53.092, -58.593
'PRANK_b1#0018_htH_tree_75_OP_0.4799762788828158_Split_18.fasta', -57.085, -58.727, -54.468, -59.981
'PRANK_b1#0018_htT_tree_75_OP_0.4799762788828158_Split_18.fasta', -55.943, -57.468, -55.46, -59.583
'PRANK_b1#0020_hhH_tree_32_OP_0.46510307915842913_Split_20.fasta', -80.611, -85.346, -75.454, -88.415
'PRANK_b1#0020_hhH_tree_45_OP_0.34336798907063576_Split_20.fasta', -33.801, -30.554, -34.447, -34.85
'PRANK_b1#0020_hhT_tree_32_OP_0.46510307915842913_Split_20.fasta', -76.345, -79.468, -72.249, -82.548
'PRANK_b1#0020_hhT_tree_45_OP_0.34336798907063576_Split_20.fasta', -35.679, -32.627, -35.154, -37.717
'PRANK_b1#0020_htH_tree_32_OP_0.46510307915842913_Split_20.fasta', -81.589, -86.154, -75.859, -88.77
'PRANK_b1#0020_htH_tree_45_OP_0.34336798907063576_Split_20.fasta', -33.844, -30.571, -34.488, -34.901
'PRANK_b1#0020_htT_tree_32_OP_0.46510307915842913_Split_20.fasta', -76.115, -79.241, -72.001, -82.44
'PRANK_b1#0020_htT_tree_45_OP_0.34336798907063576_Split_20.fasta', -36.618, -33.38, -35.725, -39.46
'PRANK_b1#0021_hhH_tree_72_OP_0.03379288926432422_Split_21.fasta', -33.829, -35.043, -36.552, -38.775
'PRANK_b1#0021_hhT_tree_72_OP_0.03379288926432422_Split_21.fasta', -38.983, -42.807, -48.467, -49.794
'PRANK_b1#0021_htH_tree_72_OP_0.03379288926432422_Split_21.fasta', -33.791, -35.004, -36.515, -38.731
'PRANK_b1#0021_htT_tree_72_OP_0.03379288926432422_Split_21.fasta', -39.346, -43.194, -48.255, -49.844
'PRANK_b1#0022_hhH_tree_82_OP_0.3028561213552523_Split_22.fasta', -57.666, -62.13, -62.409, -66.453
'PRANK_b1#0022_hhH_tree_83_OP_0.37330283834351374_Split_22.fasta', -29.675, -27.239, -30.649, -34.011
'PRANK_b1#0022_hhT_tree_82_OP_0.3028561213552523_Split_22.fasta', -55.604, -57.426, -51.745, -61.244
'PRANK_b1#0022_hhT_tree_83_OP_0.37330283834351374_Split_22.fasta', -43.84, -44.446, -40.545, -51.197
'PRANK_b1#0022_htH_tree_82_OP_0.3028561213552523_Split_22.fasta', -56.533, -60.66, -61.327, -65.112
'PRANK_b1#0022_htH_tree_83_OP_0.37330283834351374_Split_22.fasta', -29.562, -27.117, -30.509, -33.871
'PRANK_b1#0022_htT_tree_82_OP_0.3028561213552523_Split_22.fasta', -55.523, -57.342, -51.651, -61.156
'PRANK_b1#0022_htT_tree_83_OP_0.37330283834351374_Split_22.fasta', -43.479, -43.983, -39.895, -50.956
'PRANK_b1#0024_hhH_tree_12_OP_0.12503863659849623_Split_24.fasta', -41.321, -39.696, -41.145, -40.862
'PRANK_b1#0024_hhH_tree_28_OP_0.026059464327883253_Split_24.fasta', -28.73, -27.31, -27.424, -32.442
'PRANK_b1#0024_hhH_tree_34_OP_0.3871869419205337_Split_24.fasta', -39.025, -37.562, -34.518, -43.169
'PRANK_b1#0024_hhH_tree_58_OP_0.4060880752132891_Split_24.fasta', -44.681, -44.107, -40.626, -50.738
'PRANK_b1#0024_hhH_tree_65_OP_0.2277419037379937_Split_24.fasta', -52.954, -50.831, -51.839, -55.111
'PRANK_b1#0024_hhT_tree_12_OP_0.12503863659849623_Split_24.fasta', -42.075, -40.513, -41.851, -41.541
'PRANK_b1#0024_hhT_tree_28_OP_0.026059464327883253_Split_24.fasta', -28.717, -27.089, -29.055, -31.178
'PRANK_b1#0024_hhT_tree_34_OP_0.3871869419205337_Split_24.fasta', -46.228, -46.614, -38.651, -50.577
'PRANK_b1#0024_hhT_tree_58_OP_0.4060880752132891_Split_24.fasta', -44.05, -43.087, -41.123, -49.674
'PRANK_b1#0024_hhT_tree_65_OP_0.2277419037379937_Split_24.fasta', -51.094, -49.746, -50.427, -53.934
'PRANK_b1#0024_htH_tree_12_OP_0.12503863659849623_Split_24.fasta', -41.476, -39.885, -41.267, -41.024
'PRANK_b1#0024_htH_tree_28_OP_0.026059464327883253_Split_24.fasta', -28.73, -27.31, -27.424, -32.442
'PRANK_b1#0024_htH_tree_34_OP_0.3871869419205337_Split_24.fasta', -41.49, -41.238, -37.571, -45.941
'PRANK_b1#0024_htH_tree_58_OP_0.4060880752132891_Split_24.fasta', -40.33, -38.671, -38.747, -45.506
'PRANK_b1#0024_htH_tree_65_OP_0.2277419037379937_Split_24.fasta', -52.768, -50.524, -51.77, -54.905
'PRANK_b1#0024_htT_tree_12_OP_0.12503863659849623_Split_24.fasta', -42.075, -40.513, -41.851, -41.541
'PRANK_b1#0024_htT_tree_28_OP_0.026059464327883253_Split_24.fasta', -28.728, -27.1, -29.066, -31.191
'PRANK_b1#0024_htT_tree_34_OP_0.3871869419205337_Split_24.fasta', -43.307, -42.863, -36.38, -47.537
'PRANK_b1#0024_htT_tree_58_OP_0.4060880752132891_Split_24.fasta', -43.976, -42.96, -41.093, -49.553
'PRANK_b1#0024_htT_tree_65_OP_0.2277419037379937_Split_24.fasta', -51.072, -49.729, -50.415, -53.937
'PRANK_b1#0026_hhH_tree_87_OP_0.11403984600375927_Split_26.fasta', -53.332, -56.447, -47.092, -59.725
'PRANK_b1#0026_hhT_tree_87_OP_0.11403984600375927_Split_26.fasta', -45.947, -49.729, -44.823, -51.809
'PRANK_b1#0026_htH_tree_87_OP_0.11403984600375927_Split_26.fasta', -53.235, -56.379, -46.95, -59.58
'PRANK_b1#0026_htT_tree_87_OP_0.11403984600375927_Split_26.fasta', -45.938, -49.726, -44.809, -51.795
'PRANK_b1#0028_hhH_tree_70_OP_0.3490789034502281_Split_28.fasta', -64.006, -64.286, -61.648, -68.283
'PRANK_b1#0028_hhT_tree_70_OP_0.3490789034502281_Split_28.fasta', -57.532, -57.423, -51.594, -64.603
'PRANK_b1#0028_htH_tree_70_OP_0.3490789034502281_Split_28.fasta', -55.396, -54.755, -54.679, -61.045
'PRANK_b1#0028_htT_tree_70_OP_0.3490789034502281_Split_28.fasta', -53.388, -52.898, -52.845, -59.106
'PRANK_b1#0029_hhH_tree_1_OP_0.05363264786522631_Split_29.fasta', -57.688, -57.82, -54.129, -61.981
'PRANK_b1#0029_hhH_tree_62_OP_0.09025347905865139_Split_29.fasta', -58.944, -61.05, -53.645, -62.044
'PRANK_b1#0029_hhT_tree_1_OP_0.05363264786522631_Split_29.fasta', -58.769, -59.034, -57.574, -61.301
'PRANK_b1#0029_hhT_tree_62_OP_0.09025347905865139_Split_29.fasta', -55.862, -58.025, -47.954, -58.972
'PRANK_b1#0029_htH_tree_1_OP_0.05363264786522631_Split_29.fasta', -57.707, -57.855, -56.377, -60.232
'PRANK_b1#0029_htH_tree_62_OP_0.09025347905865139_Split_29.fasta', -58.944, -61.05, -53.645, -62.044
'PRANK_b1#0029_htT_tree_1_OP_0.05363264786522631_Split_29.fasta', -58.707, -58.958, -55.168, -62.987
'PRANK_b1#0029_htT_tree_62_OP_0.09025347905865139_Split_29.fasta', -55.855, -58.016, -47.951, -58.968
'PRANK_b1#0030_hhH_tree_68_OP_0.2161589229083642_Split_30.fasta', -34.611, -32.647, -38.415, -40.662
'PRANK_b1#0030_hhT_tree_68_OP_0.2161589229083642_Split_30.fasta', -33.987, -31.948, -35.771, -39.797
'PRANK_b1#0030_htH_tree_68_OP_0.2161589229083642_Split_30.fasta', -32.29, -30.508, -35.701, -38.488
'PRANK_b1#0030_htT_tree_68_OP_0.2161589229083642_Split_30.fasta', -34.081, -32.045, -35.853, -39.871
'PRANK_b1#0032_hhH_tree_17_OP_0.0883996370966601_Split_32.fasta', -57.292, -57.224, -55.709, -61.286
'PRANK_b1#0032_hhH_tree_31_OP_0.2991272106085847_Split_32.fasta', -25.28, -22.931, -28.099, -30.199
'PRANK_b1#0032_hhH_tree_57_OP_0.01035969654869301_Split_32.fasta', -28.234, -27.178, -26.168, -31.108
'PRANK_b1#0032_hhH_tree_74_OP_0.34003546929790274_Split_32.fasta', -36.047, -33.613, -39.856, -41.927
'PRANK_b1#0032_hhH_tree_76_OP_0.3744455664317578_Split_32.fasta', -60.016, -60.672, -58.627, -66.129
'PRANK_b1#0032_hhT_tree_17_OP_0.0883996370966601_Split_32.fasta', -60.646, -61.421, -58.854, -64.384
'PRANK_b1#0032_hhT_tree_31_OP_0.2991272106085847_Split_32.fasta', -26.867, -24.534, -28.596, -31.904
'PRANK_b1#0032_hhT_tree_57_OP_0.01035969654869301_Split_32.fasta', -27.545, -26.241, -25.034, -30.474
'PRANK_b1#0032_hhT_tree_74_OP_0.34003546929790274_Split_32.fasta', -50.972, -51.222, -50.847, -56.908
'PRANK_b1#0032_hhT_tree_76_OP_0.3744455664317578_Split_32.fasta', -61.855, -63.306, -58.567, -68.449
'PRANK_b1#0032_htH_tree_17_OP_0.0883996370966601_Split_32.fasta', -57.127, -57.067, -55.596, -61.162
'PRANK_b1#0032_htH_tree_31_OP_0.2991272106085847_Split_32.fasta', -25.282, -22.902, -28.134, -30.238
'PRANK_b1#0032_htH_tree_57_OP_0.01035969654869301_Split_32.fasta', -28.234, -27.178, -26.168, -31.108
'PRANK_b1#0032_htH_tree_74_OP_0.34003546929790274_Split_32.fasta', -49.293, -49.687, -47.148, -55.457
'PRANK_b1#0032_htH_tree_76_OP_0.3744455664317578_Split_32.fasta', -59.996, -60.632, -58.613, -66.083
'PRANK_b1#0032_htT_tree_17_OP_0.0883996370966601_Split_32.fasta', -60.469, -61.218, -58.685, -64.216
'PRANK_b1#0032_htT_tree_31_OP_0.2991272106085847_Split_32.fasta', -26.867, -24.534, -28.596, -31.904
'PRANK_b1#0032_htT_tree_57_OP_0.01035969654869301_Split_32.fasta', -27.627, -26.293, -25.14, -30.534
'PRANK_b1#0032_htT_tree_74_OP_0.34003546929790274_Split_32.fasta', -36.223, -33.787, -40.056, -42.367
'PRANK_b1#0032_htT_tree_76_OP_0.3744455664317578_Split_32.fasta', -61.855, -63.306, -58.567, -68.449
'PRANK_b1#0034_hhH_tree_33_OP_0.48048927330141855_Split_34.fasta', -77.377, -78.081, -75.388, -80.68
'PRANK_b1#0034_hhH_tree_52_OP_0.03486385316080837_Split_34.fasta', -51.46, -53.271, -46.044, -54.779
'PRANK_b1#0034_hhT_tree_33_OP_0.48048927330141855_Split_34.fasta', -66.358, -67.741, -62.955, -71.203
'PRANK_b1#0034_hhT_tree_52_OP_0.03486385316080837_Split_34.fasta', -55.859, -58.797, -47.046, -59.966
'PRANK_b1#0034_htH_tree_33_OP_0.48048927330141855_Split_34.fasta', -66.338, -67.183, -63.077, -70.176
'PRANK_b1#0034_htH_tree_52_OP_0.03486385316080837_Split_34.fasta', -51.46, -53.273, -46.046, -54.782
'PRANK_b1#0034_htT_tree_33_OP_0.48048927330141855_Split_34.fasta', -65.812, -67.077, -62.497, -70.605
'PRANK_b1#0034_htT_tree_52_OP_0.03486385316080837_Split_34.fasta', -55.859, -58.797, -47.046, -59.966
'PRANK_b1#0036_hhH_tree_8_OP_0.3698786236358351_Split_36.fasta', -47.733, -44.565, -48.081, -51.644
'PRANK_b1#0036_hhT_tree_8_OP_0.3698786236358351_Split_36.fasta', -48.335, -45.2, -48.41, -52.492
'PRANK_b1#0036_htH_tree_8_OP_0.3698786236358351_Split_36.fasta', -47.576, -44.786, -45.914, -51.03
'PRANK_b1#0036_htT_tree_8_OP_0.3698786236358351_Split_36.fasta', -46.63, -43.562, -43.493, -51.446
'PRANK_b1#0037_hhH_tree_19_OP_0.2601680197593299_Split_37.fasta', -41.633, -42.355, -40.213, -45.411
'PRANK_b1#0037_hhT_tree_19_OP_0.2601680197593299_Split_37.fasta', -40.883, -41.49, -39.623, -44.612
'PRANK_b1#0037_htH_tree_19_OP_0.2601680197593299_Split_37.fasta', -41.704, -42.517, -40.238, -45.487
'PRANK_b1#0037_htT_tree_19_OP_0.2601680197593299_Split_37.fasta', -40.917, -41.522, -39.675, -44.663
'PRANK_b1#0038_hhH_tree_22_OP_0.1313757710015392_Split_38.fasta', -45.292, -45.164, -41.094, -51.993
'PRANK_b1#0038_hhH_tree_38_OP_0.29843463616112814_Split_38.fasta', -30.856, -27.847, -30.864, -34.829
'PRANK_b1#0038_hhH_tree_91_OP_0.31689700001611826_Split_38.fasta', -39.417, -38.489, -36.652, -45.635
'PRANK_b1#0038_hhT_tree_22_OP_0.1313757710015392_Split_38.fasta', -46.573, -46.309, -42.486, -52.858
'PRANK_b1#0038_hhT_tree_38_OP_0.29843463616112814_Split_38.fasta', -30.881, -28.002, -28.075, -35.716
'PRANK_b1#0038_hhT_tree_91_OP_0.31689700001611826_Split_38.fasta', -38.924, -38.105, -36.212, -44.562
'PRANK_b1#0038_htH_tree_22_OP_0.1313757710015392_Split_38.fasta', -45.151, -45.044, -40.946, -51.875
'PRANK_b1#0038_htH_tree_38_OP_0.29843463616112814_Split_38.fasta', -30.824, -27.82, -30.845, -34.841
'PRANK_b1#0038_htH_tree_91_OP_0.31689700001611826_Split_38.fasta', -38.516, -37.297, -36.69, -42.678
'PRANK_b1#0038_htT_tree_22_OP_0.1313757710015392_Split_38.fasta', -46.531, -46.303, -42.438, -52.77
'PRANK_b1#0038_htT_tree_38_OP_0.29843463616112814_Split_38.fasta', -30.881, -28.002, -28.075, -35.716
'PRANK_b1#0038_htT_tree_91_OP_0.31689700001611826_Split_38.fasta', -39.204, -38.575, -36.846, -45.037
'PRANK_b1#0040_hhH_tree_27_OP_0.14896923282821622_Split_40.fasta', -24.518, -20.646, -25.517, -27.218
'PRANK_b1#0040_hhH_tree_9_OP_0.3803136599863731_Split_40.fasta', -66.061, -67.763, -62.275, -73.212
'PRANK_b1#0040_hhT_tree_27_OP_0.14896923282821622_Split_40.fasta', -24.093, -20.188, -25.701, -26.121
'PRANK_b1#0040_hhT_tree_9_OP_0.3803136599863731_Split_40.fasta', -70.146, -72.486, -66.643, -76.598
'PRANK_b1#0040_htH_tree_27_OP_0.14896923282821622_Split_40.fasta', -24.515, -20.644, -25.511, -27.213
'PRANK_b1#0040_htH_tree_9_OP_0.3803136599863731_Split_40.fasta', -66.912, -68.774, -62.825, -74.028
'PRANK_b1#0040_htT_tree_27_OP_0.14896923282821622_Split_40.fasta', -23.621, -19.774, -24.513, -26.348
'PRANK_b1#0040_htT_tree_9_OP_0.3803136599863731_Split_40.fasta', -69.349, -71.501, -66.12, -75.766
'PRANK_b1#0041_hhH_tree_98_OP_0.2156405548443302_Split_41.fasta', -62.958, -63.885, -57.415, -66.423
'PRANK_b1#0041_hhT_tree_98_OP_0.2156405548443302_Split_41.fasta', -60.303, -61.573, -53.624, -64.228
'PRANK_b1#0041_htH_tree_98_OP_0.2156405548443302_Split_41.fasta', -63.032, -63.994, -57.679, -66.764
'PRANK_b1#0041_htT_tree_98_OP_0.2156405548443302_Split_41.fasta', -60.444, -61.694, -53.776, -64.356
'PRANK_b1#0042_hhH_tree_26_OP_0.19458729828343746_Split_42.fasta', -27.613, -24.594, -28.807, -32.741
'PRANK_b1#0042_hhH_tree_50_OP_0.41441335319694456_Split_42.fasta', -50.396, -50.089, -45.667, -54.511
'PRANK_b1#0042_hhT_tree_26_OP_0.19458729828343746_Split_42.fasta', -31.478, -29.344, -25.243, -39.217
'PRANK_b1#0042_hhT_tree_50_OP_0.41441335319694456_Split_42.fasta', -51.855, -52.444, -46.661, -56.522
'PRANK_b1#0042_htH_tree_26_OP_0.19458729828343746_Split_42.fasta', -30.816, -28.359, -31.955, -36.049
'PRANK_b1#0042_htH_tree_50_OP_0.41441335319694456_Split_42.fasta', -51.487, -51.645, -46.388, -55.906
'PRANK_b1#0042_htT_tree_26_OP_0.19458729828343746_Split_42.fasta', -31.394, -29.231, -25.183, -39.145
'PRANK_b1#0042_htT_tree_50_OP_0.41441335319694456_Split_42.fasta', -51.928, -52.514, -46.767, -56.597
'PRANK_b1#0044_hhH_tree_66_OP_0.002445136450722696_Split_44.fasta', -37.025, -36.774, -37.349, -42.142
'PRANK_b1#0044_hhT_tree_66_OP_0.002445136450722696_Split_44.fasta', -41.307, -41.127, -38.536, -48.302
'PRANK_b1#0044_htH_tree_66_OP_0.002445136450722696_Split_44.fasta', -29.528, -27.89, -25.67, -35.914
'PRANK_b1#0044_htT_tree_66_OP_0.002445136450722696_Split_44.fasta', -31.29, -29.472, -26.446, -37.373
'PRANK_b1#0047_hhH_tree_49_OP_0.3808211405032018_Split_47.fasta', -52.168, -51.875, -48.006, -57.581
'PRANK_b1#0047_hhH_tree_54_OP_0.19617966006842125_Split_47.fasta', -49.231, -50.344, -47.441, -55.774
'PRANK_b1#0047_hhH_tree_94_OP_0.02673109171310184_Split_47.fasta', -29.553, -27.38, -23.271, -33.637
'PRANK_b1#0047_hhT_tree_49_OP_0.3808211405032018_Split_47.fasta', -47.889, -47.301, -46.226, -51.392
'PRANK_b1#0047_hhT_tree_54_OP_0.19617966006842125_Split_47.fasta', -31.077, -29.836, -32.438, -34.817
'PRANK_b1#0047_hhT_tree_94_OP_0.02673109171310184_Split_47.fasta', -27.601, -24.544, -22.703, -32.015
'PRANK_b1#0047_htH_tree_49_OP_0.3808211405032018_Split_47.fasta', -47.392, -46.688, -45.986, -51.862
'PRANK_b1#0047_htH_tree_54_OP_0.19617966006842125_Split_47.fasta', -49.219, -50.343, -47.43, -55.758
'PRANK_b1#0047_htH_tree_94_OP_0.02673109171310184_Split_47.fasta', -31.038, -29.188, -23.814, -36.178
'PRANK_b1#0047_htT_tree_49_OP_0.3808211405032018_Split_47.fasta', -47.637, -47.08, -45.972, -51.16
'PRANK_b1#0047_htT_tree_54_OP_0.19617966006842125_Split_47.fasta', -30.621, -29.255, -31.888, -34.217
'PRANK_b1#0047_htT_tree_94_OP_0.02673109171310184_Split_47.fasta', -27.551, -24.494, -22.629, -31.944
'23410', -7.154, -2.667, -8.048, -11.672
