code_PAM250_GO_-6_GE_-0.2,sp_HENIKOFF_with_gaps_PAM250_GO_-6_GE_-0.2,sp_HENIKOFF_without_gaps_PAM250_GO_-6_GE_-0.2,sp_CLUSTAL_WEIGHTS_mid_root_PAM250_GO_-6_GE_-0.2,sp_CLUSTAL_WEIGHTS_diff_sum_PAM250_GO_-6_GE_-0.2
'bali_phy_msa.1.fas', -32.574, -34.715, -29.12, -32.843
'bali_phy_msa.10.fas', 52.885, 63.531, 44.819, 55.678
'bali_phy_msa.100.fas', 53.623, 64.111, 44.337, 55.629
'bali_phy_msa.101.fas', 52.701, 63.282, 45.638, 55.593
'bali_phy_msa.102.fas', 50.04, 60.002, 43.775, 52.538
'bali_phy_msa.103.fas', 52.238, 62.685, 45.47, 54.83
'bali_phy_msa.104.fas', 53.53, 64.523, 46.322, 56.353
'bali_phy_msa.105.fas', 52.583, 62.931, 46.013, 55.348
'bali_phy_msa.106.fas', 52.518, 63.386, 48.126, 54.872
'bali_phy_msa.107.fas', 53.411, 63.747, 44.802, 56.082
'bali_phy_msa.108.fas', 52.533, 62.825, 45.514, 55.481
'bali_phy_msa.109.fas', 54.11, 64.856, 45.924, 56.862
'bali_phy_msa.11.fas', 52.953, 63.267, 45.03, 55.703
'bali_phy_msa.110.fas', 53.657, 64.169, 45.934, 56.787
'bali_phy_msa.111.fas', 51.041, 61.121, 44.752, 53.402
'bali_phy_msa.112.fas', 52.43, 62.613, 46.869, 54.728
'bali_phy_msa.113.fas', 52.134, 62.568, 45.346, 54.554
'bali_phy_msa.114.fas', 52.505, 63.042, 44.153, 55.188
'bali_phy_msa.115.fas', 53.57, 64.232, 44.384, 56.641
'bali_phy_msa.116.fas', 53.639, 64.165, 46.237, 55.832
'bali_phy_msa.117.fas', 49.947, 59.63, 43.285, 51.951
'bali_phy_msa.118.fas', 52.946, 63.377, 44.044, 55.612
'bali_phy_msa.119.fas', 52.988, 63.448, 45.711, 55.626
'bali_phy_msa.12.fas', 54.065, 64.821, 44.856, 56.368
'bali_phy_msa.120.fas', 52.523, 62.776, 45.751, 55.2
'bali_phy_msa.121.fas', 52.933, 63.192, 45.35, 55.028
'bali_phy_msa.122.fas', 53.725, 64.254, 44.511, 56.621
'bali_phy_msa.123.fas', 52.357, 62.583, 43.569, 55.576
'bali_phy_msa.124.fas', 51.657, 61.664, 44.297, 53.73
'bali_phy_msa.125.fas', 53.439, 63.771, 48.983, 55.572
'bali_phy_msa.126.fas', 51.317, 61.349, 45.188, 53.964
'bali_phy_msa.127.fas', 52.786, 62.957, 44.527, 55.786
'bali_phy_msa.128.fas', 53.929, 64.729, 45.213, 55.594
'bali_phy_msa.129.fas', 53.259, 63.633, 44.535, 55.856
'bali_phy_msa.13.fas', 53.624, 64.303, 45.671, 56.553
'bali_phy_msa.130.fas', 51.939, 62.261, 45.736, 54.703
'bali_phy_msa.131.fas', 52.511, 62.892, 44.745, 55.204
'bali_phy_msa.132.fas', 52.799, 63.049, 45.96, 55.443
'bali_phy_msa.133.fas', 53.014, 63.354, 45.289, 54.755
'bali_phy_msa.134.fas', 52.94, 63.602, 45.784, 55.649
'bali_phy_msa.135.fas', 53.296, 63.663, 46.204, 55.735
'bali_phy_msa.136.fas', 53.031, 63.557, 44.689, 56.195
'bali_phy_msa.137.fas', 53.472, 63.917, 45.428, 56.416
'bali_phy_msa.138.fas', 52.641, 63.128, 45.891, 55.355
'bali_phy_msa.139.fas', 52.351, 62.476, 45.062, 55.353
'bali_phy_msa.14.fas', 54.204, 65.083, 45.169, 57.298
'bali_phy_msa.140.fas', 52.384, 62.69, 44.289, 55.735
'bali_phy_msa.141.fas', 52.111, 62.25, 46.9, 54.459
'bali_phy_msa.142.fas', 54.664, 65.489, 45.94, 57.862
'bali_phy_msa.143.fas', 53.834, 64.683, 46.684, 56.501
'bali_phy_msa.144.fas', 52.198, 62.492, 44.723, 54.459
'bali_phy_msa.145.fas', 50.327, 59.927, 44.327, 52.905
'bali_phy_msa.146.fas', 53.334, 63.858, 44.411, 55.822
'bali_phy_msa.147.fas', 52.69, 63.088, 48.562, 55.668
'bali_phy_msa.148.fas', 51.778, 62.052, 45.19, 54.574
'bali_phy_msa.149.fas', 51.89, 62.23, 45.163, 54.941
'bali_phy_msa.15.fas', 52.269, 62.684, 44.991, 54.99
'bali_phy_msa.150.fas', 50.514, 60.526, 42.415, 52.938
'bali_phy_msa.151.fas', 47.454, 56.564, 42.279, 50.03
'bali_phy_msa.152.fas', 53.306, 63.739, 46.006, 55.855
'bali_phy_msa.153.fas', 52.812, 63.418, 43.753, 55.781
'bali_phy_msa.154.fas', 52.075, 62.221, 45.053, 54.493
'bali_phy_msa.155.fas', 52.423, 62.661, 46.088, 55.367
'bali_phy_msa.156.fas', 53.227, 63.728, 46.723, 56.403
'bali_phy_msa.157.fas', 51.698, 61.963, 44.776, 54.782
'bali_phy_msa.158.fas', 51.263, 61.742, 45.476, 53.68
'bali_phy_msa.159.fas', 52.63, 62.95, 45.733, 55.774
'bali_phy_msa.16.fas', 51.971, 62.153, 45.038, 54.363
'bali_phy_msa.160.fas', 53.715, 64.493, 46.604, 56.581
'bali_phy_msa.161.fas', 53.262, 63.912, 46.469, 56.469
'bali_phy_msa.162.fas', 53.953, 64.705, 47.396, 56.65
'bali_phy_msa.163.fas', 51.933, 62.129, 44.975, 54.324
'bali_phy_msa.164.fas', 51.964, 62.28, 45.25, 54.578
'bali_phy_msa.165.fas', 54.29, 64.982, 44.748, 56.934
'bali_phy_msa.166.fas', 51.628, 61.699, 45.028, 53.795
'bali_phy_msa.167.fas', 50.872, 60.728, 44.334, 53.704
'bali_phy_msa.168.fas', 51.77, 62.159, 45.211, 54.206
'bali_phy_msa.169.fas', 48.237, 57.829, 41.442, 50.867
'bali_phy_msa.17.fas', 52.078, 62.454, 44.357, 54.52
'bali_phy_msa.170.fas', 51.721, 61.962, 43.879, 53.263
'bali_phy_msa.171.fas', 53.333, 63.975, 46.182, 56.09
'bali_phy_msa.172.fas', 52.396, 62.89, 45.4, 54.515
'bali_phy_msa.173.fas', 52.371, 62.773, 45.772, 55.622
'bali_phy_msa.174.fas', 53.37, 64.133, 45.308, 55.258
'bali_phy_msa.175.fas', 52.114, 62.509, 42.637, 54.753
'bali_phy_msa.176.fas', 53.029, 63.493, 45.979, 55.512
'bali_phy_msa.177.fas', 51.157, 61.221, 43.302, 53.428
'bali_phy_msa.178.fas', 53.27, 63.79, 45.022, 56.227
'bali_phy_msa.179.fas', 53.608, 64.219, 46.746, 56.718
'bali_phy_msa.18.fas', 53.676, 64.146, 45.191, 56.695
'bali_phy_msa.180.fas', 51.101, 61.259, 43.312, 53.748
'bali_phy_msa.181.fas', 52.5, 62.799, 44.85, 55.054
'bali_phy_msa.182.fas', 52.98, 63.323, 45.799, 55.883
'bali_phy_msa.183.fas', 52.796, 63.427, 43.648, 55.366
'bali_phy_msa.184.fas', 54.004, 64.634, 46.059, 55.951
'bali_phy_msa.185.fas', 51.163, 61.372, 42.871, 53.477
'bali_phy_msa.186.fas', 53.031, 63.437, 45.183, 55.584
'bali_phy_msa.187.fas', 53.415, 63.692, 45.143, 55.88
'bali_phy_msa.188.fas', 52.655, 62.987, 45.92, 55.44
'bali_phy_msa.189.fas', 53.133, 63.59, 43.823, 55.642
'bali_phy_msa.19.fas', 51.262, 61.523, 44.78, 53.715
'bali_phy_msa.190.fas', 51.627, 61.77, 43.057, 54.731
'bali_phy_msa.191.fas', 51.022, 61.055, 42.778, 53.058
'bali_phy_msa.192.fas', 52.702, 63.371, 45.261, 55.35
'bali_phy_msa.193.fas', 53.243, 63.833, 43.333, 55.163
'bali_phy_msa.194.fas', 52.266, 62.464, 44.828, 54.825
'bali_phy_msa.195.fas', 52.917, 63.275, 45.227, 56.538
'bali_phy_msa.196.fas', 52.421, 62.921, 44.883, 55.1
'bali_phy_msa.197.fas', 53.117, 64.237, 46.404, 55.097
'bali_phy_msa.198.fas', 53.715, 64.156, 46.551, 56.315
'bali_phy_msa.199.fas', 50.901, 60.773, 45.103, 53.295
'bali_phy_msa.2.fas', 50.568, 60.52, 44.813, 53.869
'bali_phy_msa.20.fas', 52.157, 62.42, 45.236, 55.302
'bali_phy_msa.200.fas', 51.534, 61.922, 45.509, 54.438
'bali_phy_msa.201.fas', 52.356, 62.793, 45.661, 55.254
'bali_phy_msa.202.fas', 51.483, 61.743, 46.904, 53.297
'bali_phy_msa.203.fas', 53.286, 63.797, 46.466, 56.187
'bali_phy_msa.204.fas', 51.162, 61.314, 42.649, 53.717
'bali_phy_msa.205.fas', 51.688, 61.935, 44.602, 54.883
'bali_phy_msa.206.fas', 51.762, 61.688, 46.024, 54.056
'bali_phy_msa.207.fas', 47.813, 57.298, 41.135, 50.617
'bali_phy_msa.208.fas', 46.794, 56.033, 40.267, 48.897
'bali_phy_msa.209.fas', 52.193, 62.392, 45.825, 54.881
'bali_phy_msa.21.fas', 53.17, 63.548, 46.655, 56.302
'bali_phy_msa.210.fas', 53.472, 63.812, 46.62, 55.92
'bali_phy_msa.211.fas', 50.706, 60.481, 44.611, 53.01
'bali_phy_msa.212.fas', 52.878, 63.23, 43.798, 56.444
'bali_phy_msa.213.fas', 52.716, 62.978, 45.7, 54.793
'bali_phy_msa.214.fas', 53.172, 63.736, 46.121, 55.906
'bali_phy_msa.215.fas', 51.716, 61.861, 44.783, 54.095
'bali_phy_msa.216.fas', 51.358, 61.398, 44.696, 53.247
'bali_phy_msa.217.fas', 54.647, 65.465, 45.48, 56.913
'bali_phy_msa.218.fas', 52.628, 62.906, 44.476, 55.442
'bali_phy_msa.219.fas', 51.803, 62.163, 44.549, 54.627
'bali_phy_msa.22.fas', 53.986, 64.641, 45.728, 56.864
'bali_phy_msa.220.fas', 52.663, 62.999, 43.788, 55.607
'bali_phy_msa.221.fas', 53.326, 63.988, 46.537, 56.653
'bali_phy_msa.222.fas', 53.151, 63.604, 46.568, 56.186
'bali_phy_msa.223.fas', 51.194, 61.335, 44.697, 53.998
'bali_phy_msa.224.fas', 52.584, 62.762, 46.009, 55.054
'bali_phy_msa.225.fas', 50.935, 60.871, 44.015, 53.096
'bali_phy_msa.226.fas', 52.93, 63.368, 45.792, 55.501
'bali_phy_msa.227.fas', 49.733, 59.566, 43.992, 52.005
'bali_phy_msa.228.fas', 52.101, 62.412, 45.37, 55.053
'bali_phy_msa.229.fas', 52.39, 62.696, 45.572, 55.411
'bali_phy_msa.23.fas', 52.527, 62.871, 45.6, 55.799
'bali_phy_msa.230.fas', 53.245, 63.84, 46.492, 56.018
'bali_phy_msa.231.fas', 52.628, 63.165, 45.486, 55.385
'bali_phy_msa.232.fas', 52.093, 62.355, 43.251, 54.34
'bali_phy_msa.233.fas', 52.465, 62.766, 48.592, 52.353
'bali_phy_msa.234.fas', 53.094, 63.619, 45.066, 55.282
'bali_phy_msa.235.fas', 52.963, 63.461, 44.584, 55.054
'bali_phy_msa.236.fas', 52.627, 62.861, 44.487, 55.023
'bali_phy_msa.237.fas', 53.142, 63.574, 44.045, 55.466
'bali_phy_msa.238.fas', 53.228, 63.778, 43.987, 55.616
'bali_phy_msa.239.fas', 52.51, 62.756, 45.723, 55.605
'bali_phy_msa.24.fas', 53.527, 64.236, 46.366, 56.345
'bali_phy_msa.240.fas', 52.803, 63.099, 46.033, 55.586
'bali_phy_msa.241.fas', 52.243, 62.627, 48.847, 54.091
'bali_phy_msa.242.fas', 52.364, 62.67, 44.665, 54.816
'bali_phy_msa.243.fas', 53.107, 63.737, 45.468, 55.181
'bali_phy_msa.244.fas', 53.306, 63.776, 46.564, 55.684
'bali_phy_msa.245.fas', 53.36, 64.043, 44.505, 56.088
'bali_phy_msa.246.fas', 53.932, 64.471, 46.414, 56.516
'bali_phy_msa.247.fas', 51.886, 62.015, 44.582, 55.24
'bali_phy_msa.248.fas', 53.88, 64.583, 46.027, 57.072
'bali_phy_msa.249.fas', 53.144, 63.653, 45.249, 56.011
'bali_phy_msa.25.fas', 53.535, 64.226, 46.333, 56.275
'bali_phy_msa.250.fas', 51.485, 61.482, 44.666, 53.822
'bali_phy_msa.251.fas', 53.133, 63.612, 43.383, 54.827
'bali_phy_msa.252.fas', 52.968, 63.33, 46.288, 55.772
'bali_phy_msa.253.fas', 52.355, 62.904, 45.582, 54.623
'bali_phy_msa.254.fas', 48.968, 58.557, 40.943, 51.323
'bali_phy_msa.255.fas', 48.327, 58.11, 42.288, 51.121
'bali_phy_msa.256.fas', 51.833, 61.976, 45.502, 54.234
'bali_phy_msa.257.fas', 51.674, 61.992, 46.281, 53.729
'bali_phy_msa.258.fas', 51.925, 62.204, 45.527, 54.442
'bali_phy_msa.259.fas', 50.683, 60.888, 44.377, 53.344
'bali_phy_msa.26.fas', 53.175, 63.529, 46.313, 55.973
'bali_phy_msa.260.fas', 52.852, 63.347, 43.84, 55.684
'bali_phy_msa.261.fas', 53.014, 63.26, 46.016, 55.081
'bali_phy_msa.262.fas', 52.95, 63.402, 44.839, 55.053
'bali_phy_msa.263.fas', 53.15, 63.801, 44.804, 55.02
'bali_phy_msa.264.fas', 52.591, 62.99, 45.299, 55.119
'bali_phy_msa.265.fas', 53.148, 63.852, 45.072, 55.74
'bali_phy_msa.266.fas', 53.4, 63.969, 46.67, 56.287
'bali_phy_msa.267.fas', 53.709, 64.627, 46.5, 56.799
'bali_phy_msa.268.fas', 51.928, 62.235, 42.969, 54.452
'bali_phy_msa.269.fas', 53.481, 64.185, 45.019, 55.571
'bali_phy_msa.27.fas', 53.268, 63.804, 45.864, 56.061
'bali_phy_msa.270.fas', 50.55, 60.457, 42.694, 52.145
'bali_phy_msa.271.fas', 44.936, 53.702, 39.482, 47.547
'bali_phy_msa.272.fas', 52.062, 62.393, 45.453, 55.28
'bali_phy_msa.273.fas', 51.92, 62.352, 44.84, 54.465
'bali_phy_msa.274.fas', 52.327, 62.72, 46.249, 54.661
'bali_phy_msa.275.fas', 53.859, 64.482, 45.829, 56.392
'bali_phy_msa.276.fas', 53.826, 64.389, 46.268, 56.382
'bali_phy_msa.277.fas', 50.489, 60.319, 43.637, 53.226
'bali_phy_msa.278.fas', 52.642, 63.178, 45.764, 56.172
'bali_phy_msa.279.fas', 51.962, 62.178, 45.424, 54.966
'bali_phy_msa.28.fas', 53.397, 63.842, 46.498, 56.109
'bali_phy_msa.280.fas', 51.952, 62.16, 47.965, 54.127
'bali_phy_msa.281.fas', 53.504, 63.991, 46.201, 56.947
'bali_phy_msa.282.fas', 52.065, 62.342, 45.412, 54.844
'bali_phy_msa.283.fas', 51.162, 61.166, 43.981, 53.944
'bali_phy_msa.284.fas', 52.619, 62.99, 45.921, 55.423
'bali_phy_msa.285.fas', 52.266, 62.706, 45.066, 54.616
'bali_phy_msa.286.fas', 52.744, 63.08, 44.847, 55.456
'bali_phy_msa.287.fas', 54.399, 64.973, 46.955, 57.076
'bali_phy_msa.288.fas', 51.925, 62.206, 44.722, 54.688
'bali_phy_msa.289.fas', 50.712, 60.687, 44.641, 53.457
'bali_phy_msa.29.fas', 53.174, 63.723, 46.608, 55.703
'bali_phy_msa.290.fas', 52.815, 63.296, 46.396, 55.809
'bali_phy_msa.291.fas', 52.54, 63.081, 43.129, 54.482
'bali_phy_msa.292.fas', 51.947, 62.013, 45.379, 54.919
'bali_phy_msa.293.fas', 51.693, 61.899, 44.449, 54.284
'bali_phy_msa.294.fas', 51.953, 62.272, 45.232, 54.983
'bali_phy_msa.295.fas', 53.464, 64.045, 46.59, 56.323
'bali_phy_msa.296.fas', 52.201, 62.594, 44.622, 54.236
'bali_phy_msa.297.fas', 52.348, 62.805, 45.578, 55.142
'bali_phy_msa.298.fas', 51.896, 62.183, 45.936, 55.329
'bali_phy_msa.299.fas', 52.409, 62.692, 45.797, 55.122
'bali_phy_msa.3.fas', 51.999, 62.764, 45.237, 54.103
'bali_phy_msa.30.fas', 53.169, 63.533, 45.96, 55.221
'bali_phy_msa.300.fas', 52.17, 62.602, 45.509, 54.559
'bali_phy_msa.301.fas', 52.061, 62.272, 44.42, 54.473
'bali_phy_msa.302.fas', 52.079, 62.366, 45.532, 55.02
'bali_phy_msa.303.fas', 51.992, 62.392, 46.831, 53.418
'bali_phy_msa.304.fas', 51.417, 61.698, 44.642, 54.315
'bali_phy_msa.305.fas', 52.855, 63.292, 45.799, 55.25
'bali_phy_msa.306.fas', 52.784, 63.544, 45.385, 55.631
'bali_phy_msa.307.fas', 53.449, 64.054, 46.344, 56.939
'bali_phy_msa.308.fas', 51.412, 61.741, 44.557, 54.381
'bali_phy_msa.309.fas', 53.019, 63.414, 45.885, 55.522
'bali_phy_msa.31.fas', 52.886, 63.482, 44.365, 56.237
'bali_phy_msa.310.fas', 52.026, 62.358, 45.886, 54.363
'bali_phy_msa.311.fas', 53.817, 64.528, 46.499, 56.465
'bali_phy_msa.312.fas', 54.339, 64.925, 46.321, 57.841
'bali_phy_msa.313.fas', 51.741, 61.901, 44.004, 54.08
'bali_phy_msa.314.fas', 53.786, 64.366, 46.374, 56.703
'bali_phy_msa.315.fas', 52.582, 63.006, 46.297, 55.812
'bali_phy_msa.316.fas', 52.04, 62.475, 46.252, 54.786
'bali_phy_msa.317.fas', 52.161, 62.448, 42.814, 54.323
'bali_phy_msa.318.fas', 53.661, 64.435, 48.577, 56.237
'bali_phy_msa.319.fas', 53.964, 64.658, 46.562, 57.112
'bali_phy_msa.32.fas', 53.512, 63.98, 46.34, 56.038
'bali_phy_msa.320.fas', 52.262, 62.628, 46.022, 54.814
'bali_phy_msa.321.fas', 53.425, 64.019, 46.164, 56.174
'bali_phy_msa.322.fas', 52.832, 63.238, 45.52, 55.629
'bali_phy_msa.323.fas', 53.28, 63.836, 45.207, 55.044
'bali_phy_msa.324.fas', 52.781, 63.045, 46.453, 55.528
'bali_phy_msa.325.fas', 54.561, 65.23, 45.756, 57.517
'bali_phy_msa.326.fas', 54.005, 64.492, 46.557, 56.385
'bali_phy_msa.327.fas', 52.739, 63.458, 45.519, 55.073
'bali_phy_msa.328.fas', 52.213, 62.426, 45.989, 55.018
'bali_phy_msa.329.fas', 51.556, 61.687, 44.607, 54.695
'bali_phy_msa.33.fas', 52.157, 62.457, 44.128, 55.364
'bali_phy_msa.330.fas', 51.62, 61.706, 44.363, 53.567
'bali_phy_msa.331.fas', 51.771, 62.177, 45.188, 54.444
'bali_phy_msa.332.fas', 52.152, 62.4, 49.2, 54.744
'bali_phy_msa.333.fas', 53.117, 63.756, 44.138, 56.502
'bali_phy_msa.334.fas', 53.902, 64.459, 45.279, 56.688
'bali_phy_msa.335.fas', 51.226, 61.231, 43.588, 53.659
'bali_phy_msa.336.fas', 52.647, 63.286, 45.706, 55.23
'bali_phy_msa.337.fas', 52.76, 63.207, 46.236, 55.616
'bali_phy_msa.338.fas', 52.562, 63.031, 44.559, 54.753
'bali_phy_msa.339.fas', 53.62, 64.179, 45.52, 55.942
'bali_phy_msa.34.fas', 54.379, 65.666, 44.992, 55.791
'bali_phy_msa.340.fas', 53.963, 64.628, 45.374, 56.629
'bali_phy_msa.341.fas', 53.758, 64.606, 46.399, 56.15
'bali_phy_msa.342.fas', 52.46, 62.65, 47.72, 53.941
'bali_phy_msa.343.fas', 51.559, 61.951, 44.95, 53.511
'bali_phy_msa.344.fas', 52.773, 63.122, 44.875, 56.337
'bali_phy_msa.345.fas', 53.312, 63.765, 44.964, 55.821
'bali_phy_msa.346.fas', 53.493, 64.043, 46.882, 55.24
'bali_phy_msa.347.fas', 53.714, 64.352, 46.711, 56.393
'bali_phy_msa.348.fas', 51.822, 61.922, 45.815, 55.237
'bali_phy_msa.349.fas', 52.746, 63.001, 46.111, 55.922
'bali_phy_msa.35.fas', 52.584, 63.248, 42.891, 54.899
'bali_phy_msa.350.fas', 52.56, 62.995, 47.092, 54.094
'bali_phy_msa.351.fas', 52.052, 62.373, 46.522, 55.167
'bali_phy_msa.352.fas', 52.727, 63.116, 45.709, 55.841
'bali_phy_msa.353.fas', 52.579, 63.205, 45.45, 55.57
'bali_phy_msa.354.fas', 52.468, 62.828, 45.83, 55.465
'bali_phy_msa.355.fas', 52.494, 63.086, 45.582, 55.371
'bali_phy_msa.356.fas', 51.237, 61.344, 45.042, 54.523
'bali_phy_msa.357.fas', 53.393, 63.966, 44.847, 56.914
'bali_phy_msa.358.fas', 51.6, 61.754, 44.738, 54.523
'bali_phy_msa.359.fas', 52.74, 63.037, 45.076, 55.053
'bali_phy_msa.36.fas', 52.703, 63.204, 45.542, 55.734
'bali_phy_msa.360.fas', 54.476, 65.327, 45.342, 56.837
'bali_phy_msa.361.fas', 53.674, 64.143, 46.402, 56.742
'bali_phy_msa.362.fas', 53.202, 63.644, 47.592, 55.858
'bali_phy_msa.363.fas', 54.703, 65.444, 46.133, 57.169
'bali_phy_msa.364.fas', 53.156, 63.418, 46.419, 56.181
'bali_phy_msa.365.fas', 53.029, 63.428, 45.184, 55.391
'bali_phy_msa.366.fas', 53.233, 63.881, 46.91, 55.028
'bali_phy_msa.367.fas', 51.279, 61.439, 44.789, 54.13
'bali_phy_msa.368.fas', 52.021, 62.652, 45.412, 54.763
'bali_phy_msa.369.fas', 53.31, 64.176, 46.136, 56.287
'bali_phy_msa.37.fas', 52.155, 62.369, 45.631, 54.819
'bali_phy_msa.370.fas', 52.828, 63.221, 45.638, 55.518
'bali_phy_msa.371.fas', 52.805, 63.386, 44.672, 56.422
'bali_phy_msa.372.fas', 53.502, 64.264, 46.258, 55.979
'bali_phy_msa.373.fas', 52.092, 62.338, 44.998, 54.486
'bali_phy_msa.374.fas', 54.375, 65.031, 44.855, 57.13
'bali_phy_msa.375.fas', 53.529, 64.05, 48.964, 55.489
'bali_phy_msa.376.fas', 53.804, 64.414, 45.174, 56.604
'bali_phy_msa.377.fas', 50.901, 60.949, 44.724, 53.563
'bali_phy_msa.378.fas', 50.058, 60.158, 42.788, 52.491
'bali_phy_msa.379.fas', 53.759, 64.682, 47.082, 56.337
'bali_phy_msa.38.fas', 52.307, 62.838, 44.517, 54.586
'bali_phy_msa.380.fas', 53.654, 64.328, 44.846, 56.213
'bali_phy_msa.381.fas', 53.152, 63.842, 47.086, 55.047
'bali_phy_msa.382.fas', 52.828, 63.449, 45.978, 55.326
'bali_phy_msa.383.fas', 51.34, 61.48, 45.343, 53.593
'bali_phy_msa.384.fas', 52.432, 63.08, 43.38, 54.805
'bali_phy_msa.385.fas', 50.645, 60.718, 47.01, 52.937
'bali_phy_msa.386.fas', 53.502, 64.135, 43.77, 55.909
'bali_phy_msa.387.fas', 52.376, 62.572, 47.784, 52.643
'bali_phy_msa.388.fas', 51.878, 62.408, 45.58, 54.802
'bali_phy_msa.389.fas', 50.963, 60.979, 42.507, 53.887
'bali_phy_msa.39.fas', 51.469, 61.805, 43.908, 53.574
'bali_phy_msa.390.fas', 53.38, 64.041, 44.788, 56.015
'bali_phy_msa.391.fas', 53.048, 63.526, 44.328, 55.406
'bali_phy_msa.392.fas', 53.312, 63.933, 45.891, 56.641
'bali_phy_msa.393.fas', 52.375, 62.722, 45.388, 53.998
'bali_phy_msa.394.fas', 53.073, 63.536, 46.023, 55.738
'bali_phy_msa.395.fas', 53.83, 64.342, 46.006, 55.857
'bali_phy_msa.396.fas', 53.02, 63.651, 43.965, 56.107
'bali_phy_msa.397.fas', 46.014, 55.186, 38.979, 48.365
'bali_phy_msa.398.fas', 51.519, 61.903, 44.596, 53.707
'bali_phy_msa.399.fas', 52.432, 62.699, 43.971, 55.032
'bali_phy_msa.4.fas', 52.597, 62.999, 45.896, 55.759
'bali_phy_msa.40.fas', 52.663, 62.906, 43.569, 55.117
'bali_phy_msa.400.fas', 54.257, 65.039, 44.213, 56.513
'bali_phy_msa.41.fas', 52.358, 62.728, 46.188, 55.607
'bali_phy_msa.42.fas', 51.554, 61.849, 42.538, 54.718
'bali_phy_msa.43.fas', 52.939, 63.593, 46.063, 55.568
'bali_phy_msa.44.fas', 52.187, 62.49, 45.313, 54.438
'bali_phy_msa.45.fas', 54.004, 64.724, 44.939, 56.496
'bali_phy_msa.46.fas', 52.973, 63.456, 46.163, 55.258
'bali_phy_msa.47.fas', 52.753, 63.25, 46.108, 55.897
'bali_phy_msa.48.fas', 52.111, 62.254, 44.672, 53.823
'bali_phy_msa.49.fas', 53.343, 63.915, 46.11, 55.708
'bali_phy_msa.5.fas', 53.034, 63.638, 45.731, 55.335
'bali_phy_msa.50.fas', 52.309, 62.52, 44.815, 54.346
'bali_phy_msa.51.fas', 51.967, 62.533, 45.114, 54.687
'bali_phy_msa.52.fas', 52.888, 63.236, 44.484, 55.933
'bali_phy_msa.53.fas', 51.813, 62.099, 43.556, 53.971
'bali_phy_msa.54.fas', 52.295, 62.69, 43.134, 54.151
'bali_phy_msa.55.fas', 53.143, 63.662, 45.985, 55.015
'bali_phy_msa.56.fas', 54.092, 64.711, 45.894, 57.169
'bali_phy_msa.57.fas', 52.845, 63.332, 45.873, 55.279
'bali_phy_msa.58.fas', 53.892, 64.632, 47.363, 55.488
'bali_phy_msa.59.fas', 52.806, 62.947, 46.968, 54.413
'bali_phy_msa.6.fas', 53.153, 63.659, 46.214, 56.058
'bali_phy_msa.60.fas', 54.653, 65.366, 45.419, 57.137
'bali_phy_msa.61.fas', 53.026, 63.457, 47.142, 55.873
'bali_phy_msa.62.fas', 52.26, 62.689, 47.713, 54.63
'bali_phy_msa.63.fas', 52.785, 63.435, 48.159, 53.626
'bali_phy_msa.64.fas', 52.36, 62.407, 43.867, 54.779
'bali_phy_msa.65.fas', 52.712, 63.075, 43.199, 54.669
'bali_phy_msa.66.fas', 52.295, 62.441, 45.967, 54.589
'bali_phy_msa.67.fas', 52.83, 63.211, 46.229, 55.782
'bali_phy_msa.68.fas', 53.849, 64.698, 44.877, 56.512
'bali_phy_msa.69.fas', 52.801, 63.177, 45.054, 55.711
'bali_phy_msa.7.fas', 51.575, 61.632, 46.993, 52.503
'bali_phy_msa.70.fas', 52.485, 62.652, 46.741, 53.975
'bali_phy_msa.71.fas', 53.119, 63.541, 45.0, 55.277
'bali_phy_msa.72.fas', 54.134, 64.912, 46.384, 56.538
'bali_phy_msa.73.fas', 53.045, 63.466, 45.483, 55.427
'bali_phy_msa.74.fas', 53.501, 63.934, 44.758, 56.022
'bali_phy_msa.75.fas', 52.818, 63.351, 45.346, 55.633
'bali_phy_msa.76.fas', 52.175, 62.351, 45.063, 54.949
'bali_phy_msa.77.fas', 52.253, 62.577, 43.883, 54.928
'bali_phy_msa.78.fas', 52.975, 63.4, 46.307, 56.109
'bali_phy_msa.79.fas', 52.828, 63.316, 45.921, 55.827
'bali_phy_msa.8.fas', 50.388, 60.18, 44.181, 52.929
'bali_phy_msa.80.fas', 53.08, 63.627, 44.6, 56.254
'bali_phy_msa.81.fas', 53.455, 64.219, 46.053, 56.004
'bali_phy_msa.82.fas', 52.239, 62.832, 45.527, 55.553
'bali_phy_msa.83.fas', 51.702, 61.869, 44.427, 53.931
'bali_phy_msa.84.fas', 52.721, 63.265, 43.71, 54.581
'bali_phy_msa.85.fas', 52.064, 62.515, 44.358, 55.098
'bali_phy_msa.86.fas', 52.355, 62.596, 44.937, 54.671
'bali_phy_msa.87.fas', 52.927, 63.259, 44.548, 55.538
'bali_phy_msa.88.fas', 52.249, 62.485, 44.733, 54.744
'bali_phy_msa.89.fas', 51.916, 62.291, 42.587, 54.302
'bali_phy_msa.9.fas', 50.542, 60.412, 43.457, 52.522
'bali_phy_msa.90.fas', 51.668, 61.789, 45.054, 54.064
'bali_phy_msa.91.fas', 52.549, 62.648, 46.449, 55.286
'bali_phy_msa.92.fas', 51.017, 61.168, 43.638, 52.516
'bali_phy_msa.93.fas', 53.653, 64.281, 44.78, 56.426
'bali_phy_msa.94.fas', 54.141, 64.884, 45.623, 57.01
'bali_phy_msa.95.fas', 52.558, 62.965, 47.835, 53.111
'bali_phy_msa.96.fas', 51.854, 62.008, 43.687, 53.883
'bali_phy_msa.97.fas', 51.767, 61.784, 46.937, 54.325
'bali_phy_msa.98.fas', 52.992, 63.423, 47.463, 55.514
'bali_phy_msa.99.fas', 52.66, 63.052, 48.378, 54.513
'MAFFT_b0#0051_hhH_tree_47_OP_1.2558167082838578_Split_51.fasta', 46.602, 56.13, 37.026, 51.375
'MAFFT_b0#0051_htH_tree_0_OP_1.9201310643830272_Split_51.fasta', 48.451, 56.281, 44.056, 49.132
'MAFFT_b0#0051_htH_tree_57_OP_1.8145645468714477_Split_51.fasta', 47.693, 56.642, 42.231, 50.208
'MAFFT_b0#0051_htH_tree_93_OP_2.2336854992597184_Split_51.fasta', 50.832, 60.255, 38.664, 54.536
'MAFFT_b0#0051_htT_tree_0_OP_1.9201310643830272_Split_51.fasta', 48.451, 56.281, 44.056, 49.132
'MAFFT_b0#0051_htT_tree_57_OP_1.8145645468714477_Split_51.fasta', 47.693, 56.642, 42.231, 50.208
'MAFFT_b0#0051_thH_tree_57_OP_1.8145645468714477_Split_51.fasta', 48.895, 57.997, 43.927, 51.44
'MAFFT_b0#0051_thH_tree_93_OP_2.2336854992597184_Split_51.fasta', 51.267, 60.711, 39.161, 54.875
'MAFFT_b0#0051_thT_tree_0_OP_1.9201310643830272_Split_51.fasta', 48.713, 57.498, 44.233, 50.367
'MAFFT_b0#0051_thT_tree_47_OP_1.2558167082838578_Split_51.fasta', 46.602, 56.13, 37.026, 51.375
'MAFFT_b0#0051_ttH_tree_47_OP_1.2558167082838578_Split_51.fasta', 45.555, 54.791, 36.058, 49.516
'MAFFT_b0#0051_ttH_tree_93_OP_2.2336854992597184_Split_51.fasta', 50.832, 60.255, 38.664, 54.536
'MAFFT_b0#0051_ttT_tree_0_OP_1.9201310643830272_Split_51.fasta', 48.451, 56.281, 44.056, 49.132
'MAFFT_b0#0051_ttT_tree_47_OP_1.2558167082838578_Split_51.fasta', 45.555, 54.791, 36.058, 49.516
'MAFFT_b0#0051_ttT_tree_57_OP_1.8145645468714477_Split_51.fasta', 47.693, 56.642, 42.231, 50.208
'MAFFT_b0#0051_ttT_tree_93_OP_2.2336854992597184_Split_51.fasta', 50.832, 60.255, 38.664, 54.536
'MAFFT_b0#0053_hhH_tree_5_OP_1.3773636194735985_Split_53.fasta', 50.222, 60.323, 41.598, 53.323
'MAFFT_b0#0053_hhH_tree_60_OP_2.2485867324412547_Split_53.fasta', 48.399, 57.807, 41.9, 49.667
'MAFFT_b0#0053_hhT_tree_60_OP_2.2485867324412547_Split_53.fasta', 48.399, 57.807, 41.9, 49.667
'MAFFT_b0#0053_htH_tree_5_OP_1.3773636194735985_Split_53.fasta', 50.651, 60.654, 42.388, 53.315
'MAFFT_b0#0053_htT_tree_5_OP_1.3773636194735985_Split_53.fasta', 50.651, 60.654, 42.388, 53.315
'MAFFT_b0#0053_thH_tree_60_OP_2.2485867324412547_Split_53.fasta', 48.399, 57.807, 41.9, 49.667
'MAFFT_b0#0053_thT_tree_5_OP_1.3773636194735985_Split_53.fasta', 50.185, 60.281, 41.551, 53.264
'MAFFT_b0#0053_ttH_tree_60_OP_2.2485867324412547_Split_53.fasta', 48.769, 58.254, 42.235, 50.044
'MAFFT_b0#0054_hhH_tree_35_OP_2.3157753293540146_Split_54.fasta', 44.37, 53.352, 38.849, 48.892
'MAFFT_b0#0054_htH_tree_35_OP_2.3157753293540146_Split_54.fasta', 44.565, 53.594, 39.036, 48.712
'MAFFT_b0#0054_thH_tree_35_OP_2.3157753293540146_Split_54.fasta', 44.37, 53.352, 38.849, 48.892
'MAFFT_b0#0054_ttT_tree_35_OP_2.3157753293540146_Split_54.fasta', 44.565, 53.594, 39.036, 48.712
'MAFFT_b0#0057_htH_tree_1_OP_1.4037489078147287_Split_57.fasta', 44.471, 53.576, 36.141, 48.382
'MAFFT_b0#0057_htT_tree_1_OP_1.4037489078147287_Split_57.fasta', 44.471, 53.576, 36.141, 48.382
'MAFFT_b0#0057_thT_tree_1_OP_1.4037489078147287_Split_57.fasta', 44.559, 53.681, 36.583, 48.433
'MAFFT_b0#0057_ttT_tree_1_OP_1.4037489078147287_Split_57.fasta', 44.471, 53.576, 36.141, 48.382
'MAFFT_b0#0058_hhH_tree_13_OP_1.7913990869854772_Split_58.fasta', 40.659, 48.636, 34.435, 43.513
'MAFFT_b0#0058_htH_tree_11_OP_1.3146381684889776_Split_58.fasta', 49.778, 59.557, 41.776, 52.866
'MAFFT_b0#0058_htH_tree_13_OP_1.7913990869854772_Split_58.fasta', 40.861, 48.891, 35.301, 43.577
'MAFFT_b0#0058_htT_tree_11_OP_1.3146381684889776_Split_58.fasta', 49.778, 59.557, 41.776, 52.866
'MAFFT_b0#0058_thH_tree_13_OP_1.7913990869854772_Split_58.fasta', 40.659, 48.636, 34.435, 43.513
'MAFFT_b0#0058_ttH_tree_11_OP_1.3146381684889776_Split_58.fasta', 50.579, 60.391, 43.987, 52.329
'MAFFT_b0#0058_ttT_tree_11_OP_1.3146381684889776_Split_58.fasta', 50.579, 60.391, 43.987, 52.329
'MAFFT_b0#0058_ttT_tree_13_OP_1.7913990869854772_Split_58.fasta', 40.861, 48.891, 35.301, 43.577
'MAFFT_b0#0060_hhT_tree_32_OP_1.498379977124041_Split_60.fasta', 48.509, 57.319, 41.871, 49.277
'MAFFT_b0#0060_htH_tree_32_OP_1.498379977124041_Split_60.fasta', 48.335, 57.136, 41.67, 49.099
'MAFFT_b0#0060_htT_tree_32_OP_1.498379977124041_Split_60.fasta', 48.335, 57.136, 41.67, 49.099
'MAFFT_b0#0060_ttH_tree_32_OP_1.498379977124041_Split_60.fasta', 48.335, 57.136, 41.67, 49.099
'MAFFT_b0#0061_hhH_tree_87_OP_1.1834961203615137_Split_61.fasta', 47.045, 57.045, 38.998, 50.28
'MAFFT_b0#0061_hhH_tree_88_OP_2.9570433978664177_Split_61.fasta', 48.745, 57.565, 41.765, 50.661
'MAFFT_b0#0061_hhH_tree_97_OP_2.1094152983091004_Split_61.fasta', 49.05, 58.138, 39.195, 53.022
'MAFFT_b0#0061_hhT_tree_18_OP_1.3304542342131214_Split_61.fasta', 34.105, 40.831, 29.146, 34.937
'MAFFT_b0#0061_hhT_tree_30_OP_2.908145211858187_Split_61.fasta', 51.044, 60.496, 44.553, 53.878
'MAFFT_b0#0061_htH_tree_18_OP_1.3304542342131214_Split_61.fasta', 34.508, 41.317, 28.88, 35.473
'MAFFT_b0#0061_htH_tree_30_OP_2.908145211858187_Split_61.fasta', 50.228, 59.55, 44.328, 52.27
'MAFFT_b0#0061_htH_tree_72_OP_1.8278688995959085_Split_61.fasta', 47.594, 55.982, 39.327, 49.961
'MAFFT_b0#0061_htH_tree_88_OP_2.9570433978664177_Split_61.fasta', 49.257, 58.127, 42.279, 52.616
'MAFFT_b0#0061_htT_tree_87_OP_1.1834961203615137_Split_61.fasta', 46.948, 56.941, 41.545, 50.713
'MAFFT_b0#0061_htT_tree_97_OP_2.1094152983091004_Split_61.fasta', 48.751, 57.685, 38.912, 52.745
'MAFFT_b0#0061_thH_tree_18_OP_1.3304542342131214_Split_61.fasta', 34.105, 40.831, 29.146, 34.937
'MAFFT_b0#0061_thH_tree_72_OP_1.8278688995959085_Split_61.fasta', 47.589, 55.977, 39.323, 49.952
'MAFFT_b0#0061_thT_tree_30_OP_2.908145211858187_Split_61.fasta', 51.044, 60.496, 44.553, 53.878
'MAFFT_b0#0061_thT_tree_72_OP_1.8278688995959085_Split_61.fasta', 47.589, 55.977, 39.323, 49.952
'MAFFT_b0#0061_thT_tree_87_OP_1.1834961203615137_Split_61.fasta', 47.045, 57.045, 38.998, 50.28
'MAFFT_b0#0061_thT_tree_88_OP_2.9570433978664177_Split_61.fasta', 48.745, 57.565, 41.765, 50.661
'MAFFT_b0#0061_thT_tree_97_OP_2.1094152983091004_Split_61.fasta', 49.05, 58.138, 39.195, 53.022
'MAFFT_b0#0061_ttT_tree_18_OP_1.3304542342131214_Split_61.fasta', 34.508, 41.317, 28.88, 35.473
'MAFFT_b0#0061_ttT_tree_30_OP_2.908145211858187_Split_61.fasta', 50.228, 59.55, 44.328, 52.27
'MAFFT_b0#0061_ttT_tree_72_OP_1.8278688995959085_Split_61.fasta', 47.594, 55.982, 39.327, 49.961
'MAFFT_b0#0061_ttT_tree_87_OP_1.1834961203615137_Split_61.fasta', 46.948, 56.941, 41.545, 50.713
'MAFFT_b0#0061_ttT_tree_88_OP_2.9570433978664177_Split_61.fasta', 49.257, 58.127, 42.279, 52.616
'MAFFT_b0#0061_ttT_tree_97_OP_2.1094152983091004_Split_61.fasta', 48.751, 57.685, 38.912, 52.745
'MAFFT_b0#0063_hhH_tree_37_OP_2.065965428692473_Split_63.fasta', 50.572, 59.906, 44.736, 52.202
'MAFFT_b0#0063_hhT_tree_89_OP_2.6540913216611166_Split_63.fasta', 45.399, 53.822, 38.921, 50.275
'MAFFT_b0#0063_htH_tree_37_OP_2.065965428692473_Split_63.fasta', 49.947, 59.112, 43.842, 51.71
'MAFFT_b0#0063_htH_tree_89_OP_2.6540913216611166_Split_63.fasta', 45.288, 53.563, 39.724, 50.552
'MAFFT_b0#0063_thH_tree_37_OP_2.065965428692473_Split_63.fasta', 50.572, 59.906, 44.736, 52.202
'MAFFT_b0#0063_thT_tree_89_OP_2.6540913216611166_Split_63.fasta', 45.401, 53.824, 38.925, 50.278
'MAFFT_b0#0063_ttH_tree_37_OP_2.065965428692473_Split_63.fasta', 49.947, 59.112, 43.842, 51.71
'MAFFT_b0#0063_ttH_tree_89_OP_2.6540913216611166_Split_63.fasta', 45.292, 53.565, 39.732, 50.558
'MAFFT_b0#0065_htH_tree_26_OP_2.2970226808572787_Split_65.fasta', 48.309, 57.387, 41.916, 52.515
'MAFFT_b0#0065_htT_tree_55_OP_1.534121132575311_Split_65.fasta', 39.217, 46.87, 34.543, 43.374
'MAFFT_b0#0065_thH_tree_26_OP_2.2970226808572787_Split_65.fasta', 47.797, 56.761, 41.451, 52.072
'MAFFT_b0#0065_thH_tree_55_OP_1.534121132575311_Split_65.fasta', 38.852, 46.444, 34.613, 42.953
'MAFFT_b0#0065_thT_tree_55_OP_1.534121132575311_Split_65.fasta', 38.852, 46.444, 34.613, 42.953
'MAFFT_b0#0065_ttH_tree_26_OP_2.2970226808572787_Split_65.fasta', 48.269, 57.344, 41.913, 52.44
'MAFFT_b0#0065_ttT_tree_26_OP_2.2970226808572787_Split_65.fasta', 48.269, 57.344, 41.913, 52.44
'MAFFT_b0#0065_ttT_tree_55_OP_1.534121132575311_Split_65.fasta', 39.217, 46.87, 34.543, 43.374
'MAFFT_b0#0066_hhH_tree_77_OP_1.3827668594678542_Split_66.fasta', 43.596, 52.422, 34.767, 48.498
'MAFFT_b0#0066_hhT_tree_99_OP_1.9136688454364907_Split_66.fasta', 47.409, 56.273, 44.143, 49.948
'MAFFT_b0#0066_htT_tree_99_OP_1.9136688454364907_Split_66.fasta', 47.216, 56.093, 44.136, 49.854
'MAFFT_b0#0066_thH_tree_77_OP_1.3827668594678542_Split_66.fasta', 43.596, 52.422, 34.767, 48.498
'MAFFT_b0#0066_thH_tree_99_OP_1.9136688454364907_Split_66.fasta', 47.411, 56.274, 44.144, 49.95
'MAFFT_b0#0066_thT_tree_99_OP_1.9136688454364907_Split_66.fasta', 47.411, 56.274, 44.144, 49.95
'MAFFT_b0#0066_ttH_tree_77_OP_1.3827668594678542_Split_66.fasta', 43.932, 52.838, 34.458, 48.978
'MAFFT_b0#0066_ttT_tree_77_OP_1.3827668594678542_Split_66.fasta', 43.932, 52.838, 34.458, 48.978
'MAFFT_b0#0067_hhT_tree_4_OP_1.1542677766261527_Split_67.fasta', 41.323, 50.119, 33.717, 45.112
'MAFFT_b0#0067_htH_tree_4_OP_1.1542677766261527_Split_67.fasta', 44.481, 53.741, 38.053, 47.643
'MAFFT_b0#0067_htH_tree_76_OP_1.9781210467371317_Split_67.fasta', 49.311, 58.174, 38.197, 52.125
'MAFFT_b0#0067_thH_tree_76_OP_1.9781210467371317_Split_67.fasta', 48.544, 57.387, 37.335, 50.909
'MAFFT_b0#0067_thT_tree_4_OP_1.1542677766261527_Split_67.fasta', 41.323, 50.119, 33.717, 45.112
'MAFFT_b0#0067_ttH_tree_76_OP_1.9781210467371317_Split_67.fasta', 49.311, 58.174, 38.197, 52.125
'MAFFT_b0#0067_ttT_tree_4_OP_1.1542677766261527_Split_67.fasta', 44.481, 53.741, 38.053, 47.643
'MAFFT_b0#0067_ttT_tree_76_OP_1.9781210467371317_Split_67.fasta', 49.311, 58.174, 38.197, 52.125
'MAFFT_b0#0069_htH_tree_20_OP_2.4221981553992458_Split_69.fasta', 39.491, 46.171, 37.24, 44.004
'MAFFT_b0#0069_htH_tree_73_OP_2.973262473304242_Split_69.fasta', 47.139, 55.875, 37.089, 51.93
'MAFFT_b0#0069_htT_tree_20_OP_2.4221981553992458_Split_69.fasta', 39.491, 46.171, 37.24, 44.004
'MAFFT_b0#0069_htT_tree_73_OP_2.973262473304242_Split_69.fasta', 47.139, 55.875, 37.089, 51.93
'MAFFT_b0#0069_thH_tree_20_OP_2.4221981553992458_Split_69.fasta', 39.73, 46.424, 37.439, 44.212
'MAFFT_b0#0069_thH_tree_73_OP_2.973262473304242_Split_69.fasta', 46.707, 55.343, 36.812, 51.871
'MAFFT_b0#0069_thT_tree_20_OP_2.4221981553992458_Split_69.fasta', 39.73, 46.424, 37.439, 44.212
'MAFFT_b0#0069_ttH_tree_73_OP_2.973262473304242_Split_69.fasta', 47.139, 55.875, 37.089, 51.93
'MAFFT_b0#0070_hhH_tree_86_OP_1.7393056698625855_Split_70.fasta', 47.534, 56.594, 39.104, 50.843
'MAFFT_b0#0070_hhT_tree_17_OP_1.818409912056766_Split_70.fasta', 45.237, 53.999, 36.976, 48.446
'MAFFT_b0#0070_htH_tree_86_OP_1.7393056698625855_Split_70.fasta', 46.988, 55.918, 41.389, 49.946
'MAFFT_b0#0070_thH_tree_17_OP_1.818409912056766_Split_70.fasta', 45.621, 54.482, 37.38, 48.214
'MAFFT_b0#0070_thH_tree_86_OP_1.7393056698625855_Split_70.fasta', 47.534, 56.594, 39.104, 50.843
'MAFFT_b0#0070_ttH_tree_17_OP_1.818409912056766_Split_70.fasta', 45.622, 54.483, 37.383, 48.215
'MAFFT_b0#0070_ttT_tree_17_OP_1.818409912056766_Split_70.fasta', 45.622, 54.483, 37.383, 48.215
'MAFFT_b0#0070_ttT_tree_86_OP_1.7393056698625855_Split_70.fasta', 46.988, 55.918, 41.389, 49.946
'MAFFT_b0#0071_thH_tree_83_OP_1.1196527601502904_Split_71.fasta', 51.389, 61.695, 42.69, 55.648
'MAFFT_b0#0071_thT_tree_83_OP_1.1196527601502904_Split_71.fasta', 51.389, 61.695, 42.69, 55.648
'MAFFT_b0#0071_ttH_tree_83_OP_1.1196527601502904_Split_71.fasta', 50.434, 60.511, 43.509, 53.958
'MAFFT_b0#0071_ttT_tree_83_OP_1.1196527601502904_Split_71.fasta', 50.434, 60.511, 43.509, 53.958
'MAFFT_b0#0072_hhH_tree_16_OP_1.904493049197901_Split_72.fasta', 45.705, 54.962, 37.341, 50.492
'MAFFT_b0#0072_hhH_tree_2_OP_2.0780663887168265_Split_72.fasta', 45.195, 52.851, 42.459, 46.317
'MAFFT_b0#0072_htH_tree_2_OP_2.0780663887168265_Split_72.fasta', 44.349, 52.166, 42.092, 45.374
'MAFFT_b0#0072_htT_tree_16_OP_1.904493049197901_Split_72.fasta', 45.023, 54.251, 36.951, 49.816
'MAFFT_b0#0072_htT_tree_2_OP_2.0780663887168265_Split_72.fasta', 44.349, 52.166, 42.092, 45.374
'MAFFT_b0#0072_thH_tree_2_OP_2.0780663887168265_Split_72.fasta', 45.195, 52.851, 42.459, 46.317
'MAFFT_b0#0072_ttH_tree_16_OP_1.904493049197901_Split_72.fasta', 45.023, 54.251, 36.951, 49.816
'MAFFT_b0#0072_ttT_tree_16_OP_1.904493049197901_Split_72.fasta', 45.023, 54.251, 36.951, 49.816
'MAFFT_b0#0073_hhT_tree_96_OP_2.2598618576256135_Split_73.fasta', 52.243, 61.703, 42.324, 55.183
'MAFFT_b0#0073_htH_tree_96_OP_2.2598618576256135_Split_73.fasta', 52.107, 61.563, 42.581, 55.129
'MAFFT_b0#0073_htT_tree_38_OP_1.4036490691810368_Split_73.fasta', 39.324, 46.597, 33.864, 44.406
'MAFFT_b0#0073_htT_tree_96_OP_2.2598618576256135_Split_73.fasta', 52.107, 61.563, 42.581, 55.129
'MAFFT_b0#0073_thT_tree_38_OP_1.4036490691810368_Split_73.fasta', 39.32, 46.682, 34.004, 44.329
'MAFFT_b0#0073_thT_tree_96_OP_2.2598618576256135_Split_73.fasta', 52.243, 61.703, 42.324, 55.183
'MAFFT_b0#0073_ttH_tree_38_OP_1.4036490691810368_Split_73.fasta', 38.244, 45.35, 33.148, 42.942
'MAFFT_b0#0073_ttT_tree_38_OP_1.4036490691810368_Split_73.fasta', 38.244, 45.35, 33.148, 42.942
'MAFFT_b0#0074_hhH_tree_56_OP_1.8151633835449412_Split_74.fasta', 49.061, 59.101, 40.713, 52.862
'MAFFT_b0#0074_hhH_tree_79_OP_1.1319264156945865_Split_74.fasta', 41.694, 50.006, 36.745, 44.933
'MAFFT_b0#0074_htH_tree_56_OP_1.8151633835449412_Split_74.fasta', 49.107, 59.085, 40.64, 53.097
'MAFFT_b0#0074_htT_tree_79_OP_1.1319264156945865_Split_74.fasta', 41.895, 50.306, 37.449, 44.998
'MAFFT_b0#0074_thT_tree_56_OP_1.8151633835449412_Split_74.fasta', 49.061, 59.101, 40.713, 52.862
'MAFFT_b0#0074_ttH_tree_56_OP_1.8151633835449412_Split_74.fasta', 49.107, 59.085, 40.64, 53.097
'MAFFT_b0#0074_ttH_tree_79_OP_1.1319264156945865_Split_74.fasta', 41.895, 50.306, 37.449, 44.998
'MAFFT_b0#0074_ttT_tree_79_OP_1.1319264156945865_Split_74.fasta', 41.895, 50.306, 37.449, 44.998
'MAFFT_b0#0075_hhH_tree_81_OP_1.1314497018902243_Split_75.fasta', 44.39, 53.933, 34.216, 45.9
'MAFFT_b0#0075_hhT_tree_19_OP_1.5848887345678324_Split_75.fasta', 48.662, 58.02, 38.057, 51.616
'MAFFT_b0#0075_htH_tree_19_OP_1.5848887345678324_Split_75.fasta', 48.634, 57.997, 38.025, 51.582
'MAFFT_b0#0075_htH_tree_81_OP_1.1314497018902243_Split_75.fasta', 44.348, 53.892, 34.189, 45.879
'MAFFT_b0#0075_thH_tree_81_OP_1.1314497018902243_Split_75.fasta', 44.517, 54.089, 34.32, 46.017
'MAFFT_b0#0075_thT_tree_19_OP_1.5848887345678324_Split_75.fasta', 48.375, 57.655, 38.709, 50.772
'MAFFT_b0#0075_ttH_tree_19_OP_1.5848887345678324_Split_75.fasta', 48.347, 57.633, 38.675, 50.738
'MAFFT_b0#0075_ttH_tree_81_OP_1.1314497018902243_Split_75.fasta', 44.474, 54.048, 34.294, 45.996
'MAFFT_b0#0077_hhT_tree_15_OP_2.550159221795637_Split_77.fasta', 50.057, 59.434, 40.393, 53.907
'MAFFT_b0#0077_htT_tree_15_OP_2.550159221795637_Split_77.fasta', 47.826, 56.525, 38.231, 51.57
'MAFFT_b0#0077_thH_tree_15_OP_2.550159221795637_Split_77.fasta', 50.057, 59.434, 40.393, 53.907
'MAFFT_b0#0077_thT_tree_15_OP_2.550159221795637_Split_77.fasta', 50.057, 59.434, 40.393, 53.907
'MAFFT_b0#0079_hhH_tree_53_OP_2.8446810696084794_Split_79.fasta', 47.272, 55.847, 40.717, 49.984
'MAFFT_b0#0079_hhT_tree_53_OP_2.8446810696084794_Split_79.fasta', 47.272, 55.847, 40.717, 49.984
'MAFFT_b0#0079_htT_tree_53_OP_2.8446810696084794_Split_79.fasta', 47.239, 55.809, 40.699, 49.944
'MAFFT_b0#0079_ttH_tree_53_OP_2.8446810696084794_Split_79.fasta', 47.198, 55.765, 40.682, 49.853
'MAFFT_b0#0081_hhH_tree_28_OP_2.8015195195451144_Split_81.fasta', 42.284, 50.697, 36.647, 47.367
'MAFFT_b0#0081_hhT_tree_28_OP_2.8015195195451144_Split_81.fasta', 42.284, 50.697, 36.647, 47.367
'MAFFT_b0#0081_htH_tree_70_OP_2.86216121405654_Split_81.fasta', 49.253, 58.541, 43.643, 51.754
'MAFFT_b0#0081_htT_tree_70_OP_2.86216121405654_Split_81.fasta', 49.253, 58.541, 43.643, 51.754
'MAFFT_b0#0081_thH_tree_70_OP_2.86216121405654_Split_81.fasta', 49.685, 59.04, 43.86, 51.973
'MAFFT_b0#0081_thT_tree_28_OP_2.8015195195451144_Split_81.fasta', 42.284, 50.697, 36.647, 47.367
'MAFFT_b0#0081_ttH_tree_28_OP_2.8015195195451144_Split_81.fasta', 42.752, 51.252, 37.29, 47.671
'MAFFT_b0#0081_ttH_tree_70_OP_2.86216121405654_Split_81.fasta', 49.253, 58.541, 43.643, 51.754
'MAFFT_b0#0085_hhH_tree_6_OP_2.614406638642872_Split_85.fasta', 42.419, 49.987, 34.102, 47.448
'MAFFT_b0#0085_htH_tree_6_OP_2.614406638642872_Split_85.fasta', 42.388, 49.955, 34.117, 47.393
'MAFFT_b0#0085_htT_tree_43_OP_1.1593268235540946_Split_85.fasta', 48.693, 58.765, 41.794, 51.767
'MAFFT_b0#0085_htT_tree_6_OP_2.614406638642872_Split_85.fasta', 42.388, 49.955, 34.117, 47.393
'MAFFT_b0#0085_thT_tree_43_OP_1.1593268235540946_Split_85.fasta', 49.011, 59.086, 42.699, 49.907
'MAFFT_b0#0085_thT_tree_6_OP_2.614406638642872_Split_85.fasta', 42.419, 49.987, 34.102, 47.448
'MAFFT_b0#0085_ttH_tree_43_OP_1.1593268235540946_Split_85.fasta', 48.693, 58.765, 41.794, 51.767
'MAFFT_b0#0085_ttT_tree_43_OP_1.1593268235540946_Split_85.fasta', 48.693, 58.765, 41.794, 51.767
'MAFFT_b0#0086_hhH_tree_98_OP_1.0089131553899002_Split_86.fasta', 43.612, 53.166, 37.105, 45.916
'MAFFT_b0#0086_hhT_tree_98_OP_1.0089131553899002_Split_86.fasta', 43.612, 53.166, 37.105, 45.916
'MAFFT_b0#0086_htH_tree_98_OP_1.0089131553899002_Split_86.fasta', 43.661, 53.271, 37.918, 46.509
'MAFFT_b0#0086_thH_tree_98_OP_1.0089131553899002_Split_86.fasta', 43.612, 53.166, 37.105, 45.916
'MAFFT_b0#0088_hhH_tree_24_OP_2.5256879150632905_Split_88.fasta', 45.685, 54.483, 40.019, 47.753
'MAFFT_b0#0088_htH_tree_24_OP_2.5256879150632905_Split_88.fasta', 45.795, 54.678, 40.342, 47.917
'MAFFT_b0#0088_htT_tree_24_OP_2.5256879150632905_Split_88.fasta', 45.795, 54.678, 40.342, 47.917
'MAFFT_b0#0088_thH_tree_24_OP_2.5256879150632905_Split_88.fasta', 45.685, 54.483, 40.019, 47.753
'MAFFT_b0#0089_hhH_tree_3_OP_2.728084439580989_Split_89.fasta', 45.413, 53.575, 40.249, 48.931
'MAFFT_b0#0089_hhT_tree_3_OP_2.728084439580989_Split_89.fasta', 45.413, 53.575, 40.249, 48.931
'MAFFT_b0#0089_htH_tree_3_OP_2.728084439580989_Split_89.fasta', 45.324, 53.411, 41.229, 49.107
'MAFFT_b0#0089_htT_tree_3_OP_2.728084439580989_Split_89.fasta', 45.324, 53.411, 41.229, 49.107
'MAFFT_b0#0091_hhH_tree_58_OP_2.470758940826272_Split_91.fasta', 46.106, 53.904, 36.188, 51.378
'MAFFT_b0#0091_htH_tree_58_OP_2.470758940826272_Split_91.fasta', 46.106, 53.904, 36.188, 51.378
'MAFFT_b0#0091_thH_tree_58_OP_2.470758940826272_Split_91.fasta', 46.967, 54.934, 36.92, 52.379
'MAFFT_b0#0091_thT_tree_58_OP_2.470758940826272_Split_91.fasta', 46.967, 54.934, 36.92, 52.379
'MAFFT_b0#0092_hhH_tree_42_OP_1.3915835484150982_Split_92.fasta', 48.759, 57.404, 42.872, 52.564
'MAFFT_b0#0092_htH_tree_42_OP_1.3915835484150982_Split_92.fasta', 48.352, 56.982, 42.387, 52.451
'MAFFT_b0#0092_thH_tree_42_OP_1.3915835484150982_Split_92.fasta', 48.736, 57.368, 42.882, 52.575
'MAFFT_b0#0092_thT_tree_42_OP_1.3915835484150982_Split_92.fasta', 48.736, 57.368, 42.882, 52.575
'MAFFT_b0#0093_hhH_tree_50_OP_1.9153041649578615_Split_93.fasta', 41.023, 48.996, 34.754, 45.496
'MAFFT_b0#0093_htH_tree_49_OP_1.2895147288295243_Split_93.fasta', 48.639, 58.983, 42.098, 49.444
'MAFFT_b0#0093_htH_tree_50_OP_1.9153041649578615_Split_93.fasta', 44.416, 52.687, 36.597, 48.823
'MAFFT_b0#0093_htT_tree_50_OP_1.9153041649578615_Split_93.fasta', 44.416, 52.687, 36.597, 48.823
'MAFFT_b0#0093_thH_tree_49_OP_1.2895147288295243_Split_93.fasta', 47.556, 57.595, 42.051, 48.383
'MAFFT_b0#0093_thT_tree_49_OP_1.2895147288295243_Split_93.fasta', 47.556, 57.595, 42.051, 48.383
'MAFFT_b0#0093_ttT_tree_49_OP_1.2895147288295243_Split_93.fasta', 47.506, 57.559, 39.395, 49.201
'MAFFT_b0#0093_ttT_tree_50_OP_1.9153041649578615_Split_93.fasta', 43.941, 52.117, 36.035, 48.318
'MAFFT_b0#0094_hhH_tree_61_OP_2.233368308529553_Split_94.fasta', 51.023, 60.3, 40.723, 54.45
'MAFFT_b0#0094_hhT_tree_63_OP_2.7597843575557506_Split_94.fasta', 48.053, 56.642, 40.176, 50.043
'MAFFT_b0#0094_htT_tree_63_OP_2.7597843575557506_Split_94.fasta', 49.355, 57.954, 40.255, 52.903
'MAFFT_b0#0094_thH_tree_61_OP_2.233368308529553_Split_94.fasta', 50.929, 60.186, 40.64, 54.379
'MAFFT_b0#0094_thH_tree_63_OP_2.7597843575557506_Split_94.fasta', 48.448, 57.116, 40.481, 50.432
'MAFFT_b0#0094_thT_tree_61_OP_2.233368308529553_Split_94.fasta', 50.929, 60.186, 40.64, 54.379
'MAFFT_b0#0094_thT_tree_63_OP_2.7597843575557506_Split_94.fasta', 48.448, 57.116, 40.481, 50.432
'MAFFT_b0#0094_ttH_tree_61_OP_2.233368308529553_Split_94.fasta', 50.374, 59.472, 39.418, 53.678
'MAFFT_b0#0095_hhH_tree_36_OP_1.861931102167887_Split_95.fasta', 44.055, 51.695, 37.027, 47.315
'MAFFT_b0#0095_hhT_tree_25_OP_1.0509666088927379_Split_95.fasta', 43.166, 52.138, 35.676, 45.154
'MAFFT_b0#0095_hhT_tree_36_OP_1.861931102167887_Split_95.fasta', 44.055, 51.695, 37.027, 47.315
'MAFFT_b0#0095_htT_tree_25_OP_1.0509666088927379_Split_95.fasta', 43.166, 52.138, 35.676, 45.154
'MAFFT_b0#0095_htT_tree_36_OP_1.861931102167887_Split_95.fasta', 44.055, 51.695, 37.027, 47.315
'MAFFT_b0#0095_thT_tree_25_OP_1.0509666088927379_Split_95.fasta', 42.822, 51.782, 36.985, 43.912
'MAFFT_b0#0095_thT_tree_36_OP_1.861931102167887_Split_95.fasta', 44.022, 51.658, 37.032, 47.269
'MAFFT_b0#0095_ttH_tree_25_OP_1.0509666088927379_Split_95.fasta', 42.822, 51.782, 36.985, 43.912
'MAFFT_b1#0001_hhH_tree_41_OP_1.752396225471006_Split_1.fasta', 32.305, 39.702, 29.225, 34.952
'MAFFT_b1#0001_hhH_tree_68_OP_2.7543395888868245_Split_1.fasta', 36.262, 43.189, 30.985, 39.127
'MAFFT_b1#0001_hhT_tree_41_OP_1.752396225471006_Split_1.fasta', 32.305, 39.702, 29.225, 34.952
'MAFFT_b1#0001_hhT_tree_68_OP_2.7543395888868245_Split_1.fasta', 36.262, 43.189, 30.985, 39.127
'MAFFT_b1#0001_htH_tree_41_OP_1.752396225471006_Split_1.fasta', 33.018, 40.409, 30.27, 35.625
'MAFFT_b1#0001_htH_tree_68_OP_2.7543395888868245_Split_1.fasta', 37.197, 44.16, 32.651, 39.932
'MAFFT_b1#0001_htT_tree_41_OP_1.752396225471006_Split_1.fasta', 33.018, 40.409, 30.27, 35.625
'MAFFT_b1#0001_htT_tree_68_OP_2.7543395888868245_Split_1.fasta', 37.197, 44.16, 32.651, 39.932
'MAFFT_b1#0003_hhH_tree_7_OP_2.423506546963713_Split_3.fasta', 49.384, 58.022, 40.206, 52.426
'MAFFT_b1#0003_hhT_tree_7_OP_2.423506546963713_Split_3.fasta', 49.384, 58.022, 40.206, 52.426
'MAFFT_b1#0003_htH_tree_7_OP_2.423506546963713_Split_3.fasta', 50.629, 59.304, 39.813, 53.19
'MAFFT_b1#0003_htT_tree_7_OP_2.423506546963713_Split_3.fasta', 50.629, 59.304, 39.813, 53.19
'MAFFT_b1#0006_hhH_tree_12_OP_2.973153388725351_Split_6.fasta', 47.502, 55.953, 36.226, 51.609
'MAFFT_b1#0006_hhH_tree_82_OP_2.6007870123262946_Split_6.fasta', 51.05, 60.906, 46.413, 52.789
'MAFFT_b1#0006_hhT_tree_12_OP_2.973153388725351_Split_6.fasta', 47.502, 55.953, 36.226, 51.609
'MAFFT_b1#0006_hhT_tree_82_OP_2.6007870123262946_Split_6.fasta', 51.05, 60.906, 46.413, 52.789
'MAFFT_b1#0006_htH_tree_12_OP_2.973153388725351_Split_6.fasta', 47.867, 56.416, 36.482, 51.936
'MAFFT_b1#0006_htH_tree_82_OP_2.6007870123262946_Split_6.fasta', 49.969, 59.916, 43.63, 52.955
'MAFFT_b1#0006_htT_tree_12_OP_2.973153388725351_Split_6.fasta', 47.867, 56.416, 36.482, 51.936
'MAFFT_b1#0006_htT_tree_82_OP_2.6007870123262946_Split_6.fasta', 49.969, 59.916, 43.63, 52.955
'MAFFT_b1#0007_hhH_tree_40_OP_1.431276692692299_Split_7.fasta', 49.588, 59.436, 39.333, 53.377
'MAFFT_b1#0007_hhT_tree_40_OP_1.431276692692299_Split_7.fasta', 49.588, 59.436, 39.333, 53.377
'MAFFT_b1#0007_htH_tree_40_OP_1.431276692692299_Split_7.fasta', 49.744, 59.668, 39.619, 53.622
'MAFFT_b1#0007_htT_tree_40_OP_1.431276692692299_Split_7.fasta', 49.744, 59.668, 39.619, 53.622
'MAFFT_b1#0008_hhH_tree_29_OP_1.1774471868850718_Split_8.fasta', 44.366, 52.395, 36.179, 47.246
'MAFFT_b1#0008_hhT_tree_29_OP_1.1774471868850718_Split_8.fasta', 44.366, 52.395, 36.179, 47.246
'MAFFT_b1#0008_htH_tree_29_OP_1.1774471868850718_Split_8.fasta', 44.37, 52.4, 36.179, 47.246
'MAFFT_b1#0008_htT_tree_29_OP_1.1774471868850718_Split_8.fasta', 44.37, 52.4, 36.179, 47.246
'MAFFT_b1#0010_hhH_tree_48_OP_1.0349214069593133_Split_10.fasta', 44.93, 54.59, 37.651, 46.845
'MAFFT_b1#0010_hhH_tree_51_OP_1.018044877173671_Split_10.fasta', 47.233, 56.752, 40.42, 50.93
'MAFFT_b1#0010_hhT_tree_48_OP_1.0349214069593133_Split_10.fasta', 44.93, 54.59, 37.651, 46.845
'MAFFT_b1#0010_hhT_tree_51_OP_1.018044877173671_Split_10.fasta', 47.233, 56.752, 40.42, 50.93
'MAFFT_b1#0010_htH_tree_48_OP_1.0349214069593133_Split_10.fasta', 43.58, 52.724, 35.578, 46.658
'MAFFT_b1#0010_htH_tree_51_OP_1.018044877173671_Split_10.fasta', 45.891, 55.356, 39.16, 49.249
'MAFFT_b1#0010_htT_tree_48_OP_1.0349214069593133_Split_10.fasta', 43.58, 52.724, 35.578, 46.658
'MAFFT_b1#0010_htT_tree_51_OP_1.018044877173671_Split_10.fasta', 45.891, 55.356, 39.16, 49.249
'MAFFT_b1#0011_hhH_tree_84_OP_2.680201119072135_Split_11.fasta', 43.119, 51.276, 33.784, 48.902
'MAFFT_b1#0011_hhT_tree_84_OP_2.680201119072135_Split_11.fasta', 43.119, 51.276, 33.784, 48.902
'MAFFT_b1#0011_htH_tree_84_OP_2.680201119072135_Split_11.fasta', 43.781, 52.067, 35.972, 48.087
'MAFFT_b1#0011_htT_tree_84_OP_2.680201119072135_Split_11.fasta', 43.781, 52.067, 35.972, 48.087
'MAFFT_b1#0012_hhH_tree_62_OP_2.4330105528955412_Split_12.fasta', 43.256, 50.694, 35.151, 47.47
'MAFFT_b1#0012_hhT_tree_62_OP_2.4330105528955412_Split_12.fasta', 43.256, 50.694, 35.151, 47.47
'MAFFT_b1#0012_htH_tree_62_OP_2.4330105528955412_Split_12.fasta', 42.844, 50.166, 39.029, 46.569
'MAFFT_b1#0012_htT_tree_62_OP_2.4330105528955412_Split_12.fasta', 42.844, 50.166, 39.029, 46.569
'MAFFT_b1#0014_hhH_tree_44_OP_2.639288724484837_Split_14.fasta', 48.821, 57.763, 41.462, 52.335
'MAFFT_b1#0014_hhH_tree_67_OP_1.9260663748429023_Split_14.fasta', 48.891, 58.079, 38.089, 53.931
'MAFFT_b1#0014_hhT_tree_44_OP_2.639288724484837_Split_14.fasta', 48.821, 57.763, 41.462, 52.335
'MAFFT_b1#0014_hhT_tree_67_OP_1.9260663748429023_Split_14.fasta', 48.891, 58.079, 38.089, 53.931
'MAFFT_b1#0014_htH_tree_44_OP_2.639288724484837_Split_14.fasta', 49.213, 58.238, 41.746, 52.729
'MAFFT_b1#0014_htH_tree_67_OP_1.9260663748429023_Split_14.fasta', 48.113, 56.982, 41.821, 53.595
'MAFFT_b1#0014_htT_tree_44_OP_2.639288724484837_Split_14.fasta', 49.213, 58.238, 41.746, 52.729
'MAFFT_b1#0014_htT_tree_67_OP_1.9260663748429023_Split_14.fasta', 48.113, 56.982, 41.821, 53.595
'MAFFT_b1#0016_hhH_tree_33_OP_2.3139125348148384_Split_16.fasta', 44.195, 52.821, 39.759, 48.011
'MAFFT_b1#0016_hhT_tree_33_OP_2.3139125348148384_Split_16.fasta', 44.195, 52.821, 39.759, 48.011
'MAFFT_b1#0016_htH_tree_33_OP_2.3139125348148384_Split_16.fasta', 44.375, 53.06, 41.061, 49.06
'MAFFT_b1#0016_htT_tree_33_OP_2.3139125348148384_Split_16.fasta', 44.375, 53.06, 41.061, 49.06
'MAFFT_b1#0017_hhH_tree_45_OP_2.295265953595705_Split_17.fasta', 42.305, 49.491, 35.144, 47.006
'MAFFT_b1#0017_hhH_tree_90_OP_2.1610607075340664_Split_17.fasta', 49.021, 57.969, 42.471, 51.0
'MAFFT_b1#0017_hhT_tree_45_OP_2.295265953595705_Split_17.fasta', 42.305, 49.491, 35.144, 47.006
'MAFFT_b1#0017_hhT_tree_90_OP_2.1610607075340664_Split_17.fasta', 49.021, 57.969, 42.471, 51.0
'MAFFT_b1#0017_htH_tree_45_OP_2.295265953595705_Split_17.fasta', 41.197, 48.146, 35.127, 45.769
'MAFFT_b1#0017_htH_tree_90_OP_2.1610607075340664_Split_17.fasta', 48.822, 57.656, 42.317, 50.604
'MAFFT_b1#0017_htT_tree_45_OP_2.295265953595705_Split_17.fasta', 41.197, 48.146, 35.127, 45.769
'MAFFT_b1#0017_htT_tree_90_OP_2.1610607075340664_Split_17.fasta', 48.822, 57.656, 42.317, 50.604
'MAFFT_b1#0019_hhH_tree_54_OP_1.6636194832224898_Split_19.fasta', 46.863, 56.022, 38.103, 50.799
'MAFFT_b1#0019_hhH_tree_94_OP_2.5553791369687318_Split_19.fasta', 45.094, 52.912, 40.304, 46.484
'MAFFT_b1#0019_hhT_tree_54_OP_1.6636194832224898_Split_19.fasta', 46.863, 56.022, 38.103, 50.799
'MAFFT_b1#0019_hhT_tree_94_OP_2.5553791369687318_Split_19.fasta', 45.094, 52.912, 40.304, 46.484
'MAFFT_b1#0019_htH_tree_54_OP_1.6636194832224898_Split_19.fasta', 46.839, 56.02, 38.068, 50.731
'MAFFT_b1#0019_htH_tree_94_OP_2.5553791369687318_Split_19.fasta', 45.38, 53.257, 40.561, 46.751
'MAFFT_b1#0019_htT_tree_54_OP_1.6636194832224898_Split_19.fasta', 46.839, 56.02, 38.068, 50.731
'MAFFT_b1#0019_htT_tree_94_OP_2.5553791369687318_Split_19.fasta', 45.38, 53.257, 40.561, 46.751
'MAFFT_b1#0022_hhH_tree_39_OP_1.522040361295851_Split_22.fasta', 49.143, 58.918, 41.394, 54.293
'MAFFT_b1#0022_hhH_tree_64_OP_2.935413362566628_Split_22.fasta', 47.946, 56.564, 35.296, 52.126
'MAFFT_b1#0022_hhT_tree_39_OP_1.522040361295851_Split_22.fasta', 49.143, 58.918, 41.394, 54.293
'MAFFT_b1#0022_hhT_tree_64_OP_2.935413362566628_Split_22.fasta', 47.946, 56.564, 35.296, 52.126
'MAFFT_b1#0022_htH_tree_39_OP_1.522040361295851_Split_22.fasta', 48.739, 58.455, 43.542, 52.02
'MAFFT_b1#0022_htH_tree_64_OP_2.935413362566628_Split_22.fasta', 48.297, 57.004, 35.575, 52.538
'MAFFT_b1#0022_htT_tree_39_OP_1.522040361295851_Split_22.fasta', 48.739, 58.455, 43.542, 52.02
'MAFFT_b1#0022_htT_tree_64_OP_2.935413362566628_Split_22.fasta', 48.297, 57.004, 35.575, 52.538
'MAFFT_b1#0024_hhH_tree_34_OP_2.407510533391993_Split_24.fasta', 44.379, 52.865, 39.738, 46.412
'MAFFT_b1#0024_hhT_tree_34_OP_2.407510533391993_Split_24.fasta', 44.379, 52.865, 39.738, 46.412
'MAFFT_b1#0024_htH_tree_34_OP_2.407510533391993_Split_24.fasta', 43.611, 51.715, 38.909, 45.404
'MAFFT_b1#0024_htT_tree_34_OP_2.407510533391993_Split_24.fasta', 43.611, 51.715, 38.909, 45.404
'MAFFT_b1#0025_hhH_tree_59_OP_2.170731131311491_Split_25.fasta', 47.357, 56.523, 39.463, 52.035
'MAFFT_b1#0025_hhH_tree_85_OP_2.480824599307775_Split_25.fasta', 44.792, 53.66, 39.277, 48.489
'MAFFT_b1#0025_hhT_tree_59_OP_2.170731131311491_Split_25.fasta', 47.357, 56.523, 39.463, 52.035
'MAFFT_b1#0025_hhT_tree_85_OP_2.480824599307775_Split_25.fasta', 44.792, 53.66, 39.277, 48.489
'MAFFT_b1#0025_htH_tree_59_OP_2.170731131311491_Split_25.fasta', 46.693, 55.669, 38.561, 51.4
'MAFFT_b1#0025_htH_tree_85_OP_2.480824599307775_Split_25.fasta', 45.116, 54.064, 39.564, 48.714
'MAFFT_b1#0025_htT_tree_59_OP_2.170731131311491_Split_25.fasta', 46.693, 55.669, 38.561, 51.4
'MAFFT_b1#0025_htT_tree_85_OP_2.480824599307775_Split_25.fasta', 45.116, 54.064, 39.564, 48.714
'MAFFT_b1#0026_hhH_tree_21_OP_2.1310205653910055_Split_26.fasta', 39.757, 47.384, 36.139, 41.556
'MAFFT_b1#0026_hhH_tree_80_OP_2.5217903856188704_Split_26.fasta', 45.723, 54.484, 40.171, 50.52
'MAFFT_b1#0026_hhT_tree_21_OP_2.1310205653910055_Split_26.fasta', 39.757, 47.384, 36.139, 41.556
'MAFFT_b1#0026_hhT_tree_80_OP_2.5217903856188704_Split_26.fasta', 45.723, 54.484, 40.171, 50.52
'MAFFT_b1#0026_htH_tree_21_OP_2.1310205653910055_Split_26.fasta', 39.999, 47.697, 35.397, 42.117
'MAFFT_b1#0026_htH_tree_80_OP_2.5217903856188704_Split_26.fasta', 46.059, 54.896, 40.424, 50.839
'MAFFT_b1#0026_htT_tree_21_OP_2.1310205653910055_Split_26.fasta', 39.999, 47.697, 35.397, 42.117
'MAFFT_b1#0026_htT_tree_80_OP_2.5217903856188704_Split_26.fasta', 46.059, 54.896, 40.424, 50.839
'MAFFT_b1#0027_hhH_tree_10_OP_1.9679388553310329_Split_27.fasta', 47.646, 56.909, 39.615, 50.679
'MAFFT_b1#0027_hhT_tree_10_OP_1.9679388553310329_Split_27.fasta', 47.646, 56.909, 39.615, 50.679
'MAFFT_b1#0027_htH_tree_10_OP_1.9679388553310329_Split_27.fasta', 47.614, 56.88, 41.411, 48.252
'MAFFT_b1#0027_htT_tree_10_OP_1.9679388553310329_Split_27.fasta', 47.614, 56.88, 41.411, 48.252
'MAFFT_b1#0028_hhH_tree_66_OP_2.9673947251158412_Split_28.fasta', 45.649, 53.737, 39.553, 49.153
'MAFFT_b1#0028_hhT_tree_66_OP_2.9673947251158412_Split_28.fasta', 45.649, 53.737, 39.553, 49.153
'MAFFT_b1#0028_htH_tree_66_OP_2.9673947251158412_Split_28.fasta', 44.888, 52.777, 34.833, 49.018
'MAFFT_b1#0028_htT_tree_66_OP_2.9673947251158412_Split_28.fasta', 44.888, 52.777, 34.833, 49.018
'MAFFT_b1#0029_hhH_tree_27_OP_1.6859321025856457_Split_29.fasta', 46.843, 55.11, 41.495, 49.964
'MAFFT_b1#0029_hhT_tree_27_OP_1.6859321025856457_Split_29.fasta', 46.843, 55.11, 41.495, 49.964
'MAFFT_b1#0029_htH_tree_27_OP_1.6859321025856457_Split_29.fasta', 45.814, 53.922, 41.336, 48.579
'MAFFT_b1#0029_htT_tree_27_OP_1.6859321025856457_Split_29.fasta', 45.814, 53.922, 41.336, 48.579
'MAFFT_b1#0031_hhH_tree_23_OP_2.940403370408288_Split_31.fasta', 42.652, 50.987, 37.829, 48.539
'MAFFT_b1#0031_hhH_tree_78_OP_1.9842214843426838_Split_31.fasta', 39.194, 46.449, 30.921, 40.043
'MAFFT_b1#0031_hhT_tree_23_OP_2.940403370408288_Split_31.fasta', 42.652, 50.987, 37.829, 48.539
'MAFFT_b1#0031_hhT_tree_78_OP_1.9842214843426838_Split_31.fasta', 39.194, 46.449, 30.921, 40.043
'MAFFT_b1#0031_htH_tree_23_OP_2.940403370408288_Split_31.fasta', 43.398, 51.797, 38.346, 49.035
'MAFFT_b1#0031_htH_tree_78_OP_1.9842214843426838_Split_31.fasta', 39.473, 46.748, 30.66, 40.229
'MAFFT_b1#0031_htT_tree_23_OP_2.940403370408288_Split_31.fasta', 43.398, 51.797, 38.346, 49.035
'MAFFT_b1#0031_htT_tree_78_OP_1.9842214843426838_Split_31.fasta', 39.473, 46.748, 30.66, 40.229
'MAFFT_b1#0035_hhH_tree_71_OP_2.3680950705345123_Split_35.fasta', 47.951, 57.223, 39.668, 50.654
'MAFFT_b1#0035_hhH_tree_75_OP_2.4023709813773846_Split_35.fasta', 47.319, 55.94, 43.63, 50.7
'MAFFT_b1#0035_hhH_tree_9_OP_1.5653274151471246_Split_35.fasta', 44.192, 52.786, 34.64, 49.322
'MAFFT_b1#0035_hhT_tree_71_OP_2.3680950705345123_Split_35.fasta', 47.951, 57.223, 39.668, 50.654
'MAFFT_b1#0035_hhT_tree_75_OP_2.4023709813773846_Split_35.fasta', 47.319, 55.94, 43.63, 50.7
'MAFFT_b1#0035_hhT_tree_9_OP_1.5653274151471246_Split_35.fasta', 44.192, 52.786, 34.64, 49.322
'MAFFT_b1#0035_htH_tree_71_OP_2.3680950705345123_Split_35.fasta', 47.921, 57.194, 39.635, 50.619
'MAFFT_b1#0035_htH_tree_75_OP_2.4023709813773846_Split_35.fasta', 47.324, 55.943, 43.636, 50.704
'MAFFT_b1#0035_htH_tree_9_OP_1.5653274151471246_Split_35.fasta', 45.123, 53.48, 38.162, 48.671
'MAFFT_b1#0035_htT_tree_71_OP_2.3680950705345123_Split_35.fasta', 47.921, 57.194, 39.635, 50.619
'MAFFT_b1#0035_htT_tree_75_OP_2.4023709813773846_Split_35.fasta', 47.324, 55.943, 43.636, 50.704
'MAFFT_b1#0035_htT_tree_9_OP_1.5653274151471246_Split_35.fasta', 45.123, 53.48, 38.162, 48.671
'MAFFT_b1#0036_hhH_tree_69_OP_2.9824622002885617_Split_36.fasta', 46.042, 54.6, 35.807, 48.323
'MAFFT_b1#0036_hhH_tree_74_OP_2.943304477827338_Split_36.fasta', 44.209, 52.538, 36.19, 48.399
'MAFFT_b1#0036_hhH_tree_91_OP_2.3523277060939405_Split_36.fasta', 44.043, 51.71, 40.281, 47.545
'MAFFT_b1#0036_hhT_tree_69_OP_2.9824622002885617_Split_36.fasta', 46.042, 54.6, 35.807, 48.323
'MAFFT_b1#0036_hhT_tree_74_OP_2.943304477827338_Split_36.fasta', 44.209, 52.538, 36.19, 48.399
'MAFFT_b1#0036_hhT_tree_91_OP_2.3523277060939405_Split_36.fasta', 44.043, 51.71, 40.281, 47.545
'MAFFT_b1#0036_htH_tree_69_OP_2.9824622002885617_Split_36.fasta', 46.532, 55.227, 37.471, 48.431
'MAFFT_b1#0036_htH_tree_74_OP_2.943304477827338_Split_36.fasta', 44.832, 53.242, 38.777, 48.093
'MAFFT_b1#0036_htH_tree_91_OP_2.3523277060939405_Split_36.fasta', 44.412, 52.206, 40.54, 47.789
'MAFFT_b1#0036_htT_tree_69_OP_2.9824622002885617_Split_36.fasta', 46.532, 55.227, 37.471, 48.431
'MAFFT_b1#0036_htT_tree_74_OP_2.943304477827338_Split_36.fasta', 44.832, 53.242, 38.777, 48.093
'MAFFT_b1#0036_htT_tree_91_OP_2.3523277060939405_Split_36.fasta', 44.412, 52.206, 40.54, 47.789
'MAFFT_b1#0037_hhH_tree_46_OP_2.5904987735791676_Split_37.fasta', 46.879, 54.925, 39.967, 49.919
'MAFFT_b1#0037_hhH_tree_65_OP_1.3986977410996977_Split_37.fasta', 50.018, 60.13, 40.086, 55.161
'MAFFT_b1#0037_hhT_tree_46_OP_2.5904987735791676_Split_37.fasta', 46.879, 54.925, 39.967, 49.919
'MAFFT_b1#0037_hhT_tree_65_OP_1.3986977410996977_Split_37.fasta', 50.018, 60.13, 40.086, 55.161
'MAFFT_b1#0037_htH_tree_46_OP_2.5904987735791676_Split_37.fasta', 47.178, 55.183, 39.134, 51.213
'MAFFT_b1#0037_htH_tree_65_OP_1.3986977410996977_Split_37.fasta', 49.918, 60.027, 40.044, 55.041
'MAFFT_b1#0037_htT_tree_46_OP_2.5904987735791676_Split_37.fasta', 47.178, 55.183, 39.134, 51.213
'MAFFT_b1#0037_htT_tree_65_OP_1.3986977410996977_Split_37.fasta', 49.918, 60.027, 40.044, 55.041
'MAFFT_b1#0039_hhH_tree_22_OP_1.0333726057419617_Split_39.fasta', 52.21, 62.638, 40.418, 56.247
'MAFFT_b1#0039_hhT_tree_22_OP_1.0333726057419617_Split_39.fasta', 52.21, 62.638, 40.418, 56.247
'MAFFT_b1#0039_htH_tree_22_OP_1.0333726057419617_Split_39.fasta', 51.627, 61.873, 46.459, 54.373
'MAFFT_b1#0039_htT_tree_22_OP_1.0333726057419617_Split_39.fasta', 51.627, 61.873, 46.459, 54.373
'MAFFT_b1#0041_hhH_tree_31_OP_2.371648195541206_Split_41.fasta', 45.257, 54.003, 35.25, 50.596
'MAFFT_b1#0041_hhH_tree_8_OP_2.990366431633018_Split_41.fasta', 50.038, 59.004, 43.076, 54.688
'MAFFT_b1#0041_hhT_tree_31_OP_2.371648195541206_Split_41.fasta', 45.257, 54.003, 35.25, 50.596
'MAFFT_b1#0041_hhT_tree_8_OP_2.990366431633018_Split_41.fasta', 50.038, 59.004, 43.076, 54.688
'MAFFT_b1#0041_htH_tree_31_OP_2.371648195541206_Split_41.fasta', 45.584, 54.4, 35.592, 50.861
'MAFFT_b1#0041_htH_tree_8_OP_2.990366431633018_Split_41.fasta', 50.079, 59.037, 43.134, 54.74
'MAFFT_b1#0041_htT_tree_31_OP_2.371648195541206_Split_41.fasta', 45.584, 54.4, 35.592, 50.861
'MAFFT_b1#0041_htT_tree_8_OP_2.990366431633018_Split_41.fasta', 50.079, 59.037, 43.134, 54.74
'MAFFT_b1#0042_hhH_tree_92_OP_1.133352346367843_Split_42.fasta', 44.507, 53.436, 35.512, 48.145
'MAFFT_b1#0042_hhT_tree_92_OP_1.133352346367843_Split_42.fasta', 44.507, 53.436, 35.512, 48.145
'MAFFT_b1#0042_htH_tree_92_OP_1.133352346367843_Split_42.fasta', 44.308, 53.162, 38.327, 45.23
'MAFFT_b1#0042_htT_tree_92_OP_1.133352346367843_Split_42.fasta', 44.308, 53.162, 38.327, 45.23
'MAFFT_b1#0043_hhH_tree_95_OP_2.498402958697362_Split_43.fasta', 53.465, 63.375, 47.725, 55.591
'MAFFT_b1#0043_hhT_tree_95_OP_2.498402958697362_Split_43.fasta', 53.465, 63.375, 47.725, 55.591
'MAFFT_b1#0043_htH_tree_95_OP_2.498402958697362_Split_43.fasta', 52.394, 62.059, 46.468, 53.943
'MAFFT_b1#0043_htT_tree_95_OP_2.498402958697362_Split_43.fasta', 52.394, 62.059, 46.468, 53.943
'MAFFT_b1#0044_hhH_tree_14_OP_1.7440813830902329_Split_44.fasta', 38.148, 45.822, 32.78, 41.673
'MAFFT_b1#0044_hhH_tree_52_OP_2.165361006866358_Split_44.fasta', 48.109, 57.257, 41.779, 51.342
'MAFFT_b1#0044_hhT_tree_14_OP_1.7440813830902329_Split_44.fasta', 38.148, 45.822, 32.78, 41.673
'MAFFT_b1#0044_hhT_tree_52_OP_2.165361006866358_Split_44.fasta', 48.109, 57.257, 41.779, 51.342
'MAFFT_b1#0044_htH_tree_14_OP_1.7440813830902329_Split_44.fasta', 38.117, 45.797, 32.729, 41.625
'MAFFT_b1#0044_htH_tree_52_OP_2.165361006866358_Split_44.fasta', 48.36, 57.629, 41.932, 51.573
'MAFFT_b1#0044_htT_tree_14_OP_1.7440813830902329_Split_44.fasta', 38.117, 45.797, 32.729, 41.625
'MAFFT_b1#0044_htT_tree_52_OP_2.165361006866358_Split_44.fasta', 48.36, 57.629, 41.932, 51.573
'MSA.BALIPHY.aln.best.23410.fas', 53.036, 63.555, 45.978, 55.917
'MSA.MAFFT.aln.With_Names', 54.419, 64.627, 43.799, 58.757
'MSA.MUSCLE.aln.best.23410.fas', 50.051, 57.773, 45.828, 49.64
'MSA.PRANK.aln.With_Names', 35.737, 43.099, 29.346, 38.025
'MUSCLE_diversified_replicate.abc.1.afa', 48.69, 57.817, 40.803, 49.802
'MUSCLE_diversified_replicate.abc.101.afa', 45.009, 53.972, 38.873, 45.69
'MUSCLE_diversified_replicate.abc.105.afa', 46.944, 55.707, 40.637, 48.78
'MUSCLE_diversified_replicate.abc.109.afa', 51.551, 60.495, 45.658, 53.188
'MUSCLE_diversified_replicate.abc.113.afa', 52.032, 60.953, 46.837, 53.907
'MUSCLE_diversified_replicate.abc.117.afa', 46.67, 55.964, 39.598, 47.567
'MUSCLE_diversified_replicate.abc.121.afa', 46.784, 55.876, 41.351, 48.508
'MUSCLE_diversified_replicate.abc.125.afa', 47.794, 56.633, 42.339, 48.345
'MUSCLE_diversified_replicate.abc.129.afa', 47.569, 56.802, 41.254, 48.93
'MUSCLE_diversified_replicate.abc.13.afa', 50.247, 59.213, 43.919, 50.055
'MUSCLE_diversified_replicate.abc.133.afa', 53.228, 62.48, 46.157, 55.347
'MUSCLE_diversified_replicate.abc.137.afa', 45.724, 54.709, 39.32, 46.231
'MUSCLE_diversified_replicate.abc.141.afa', 45.024, 53.802, 40.02, 46.235
'MUSCLE_diversified_replicate.abc.145.afa', 47.884, 56.662, 43.166, 49.029
'MUSCLE_diversified_replicate.abc.149.afa', 51.289, 60.551, 44.651, 53.533
'MUSCLE_diversified_replicate.abc.153.afa', 47.407, 56.291, 40.733, 48.429
'MUSCLE_diversified_replicate.abc.157.afa', 44.011, 52.876, 37.977, 45.798
'MUSCLE_diversified_replicate.abc.161.afa', 50.58, 59.138, 45.359, 52.185
'MUSCLE_diversified_replicate.abc.165.afa', 46.179, 55.252, 40.478, 48.255
'MUSCLE_diversified_replicate.abc.169.afa', 49.4, 58.101, 43.124, 50.593
'MUSCLE_diversified_replicate.abc.17.afa', 49.484, 57.965, 44.906, 51.103
'MUSCLE_diversified_replicate.abc.173.afa', 49.087, 57.971, 42.571, 49.357
'MUSCLE_diversified_replicate.abc.177.afa', 46.515, 55.69, 40.078, 48.059
'MUSCLE_diversified_replicate.abc.181.afa', 48.198, 57.036, 42.191, 49.447
'MUSCLE_diversified_replicate.abc.185.afa', 45.543, 54.468, 39.771, 47.25
'MUSCLE_diversified_replicate.abc.189.afa', 45.57, 54.643, 39.306, 48.378
'MUSCLE_diversified_replicate.abc.193.afa', 45.853, 54.921, 39.242, 47.079
'MUSCLE_diversified_replicate.abc.197.afa', 47.989, 56.85, 42.049, 48.506
'MUSCLE_diversified_replicate.abc.201.afa', 48.739, 57.868, 41.354, 49.581
'MUSCLE_diversified_replicate.abc.205.afa', 49.404, 58.627, 42.208, 50.416
'MUSCLE_diversified_replicate.abc.209.afa', 47.433, 56.351, 41.411, 48.946
'MUSCLE_diversified_replicate.abc.21.afa', 45.296, 54.11, 40.444, 47.401
'MUSCLE_diversified_replicate.abc.213.afa', 47.519, 55.34, 43.102, 49.716
'MUSCLE_diversified_replicate.abc.217.afa', 49.111, 58.295, 42.154, 50.431
'MUSCLE_diversified_replicate.abc.221.afa', 50.063, 58.919, 42.84, 51.154
'MUSCLE_diversified_replicate.abc.225.afa', 45.509, 54.699, 39.648, 46.408
'MUSCLE_diversified_replicate.abc.229.afa', 45.62, 54.417, 39.631, 47.939
'MUSCLE_diversified_replicate.abc.233.afa', 47.079, 55.484, 42.221, 48.866
'MUSCLE_diversified_replicate.abc.237.afa', 44.014, 52.716, 38.756, 46.249
'MUSCLE_diversified_replicate.abc.241.afa', 48.448, 57.353, 41.547, 49.825
'MUSCLE_diversified_replicate.abc.245.afa', 45.898, 54.827, 39.557, 46.904
'MUSCLE_diversified_replicate.abc.249.afa', 47.547, 56.881, 40.943, 48.959
'MUSCLE_diversified_replicate.abc.25.afa', 40.122, 44.842, 36.272, 38.291
'MUSCLE_diversified_replicate.abc.253.afa', 49.956, 58.404, 45.011, 52.097
'MUSCLE_diversified_replicate.abc.257.afa', 49.329, 58.407, 41.885, 49.716
'MUSCLE_diversified_replicate.abc.261.afa', 43.426, 51.939, 37.594, 45.627
'MUSCLE_diversified_replicate.abc.265.afa', 45.692, 54.449, 39.59, 47.343
'MUSCLE_diversified_replicate.abc.269.afa', 49.173, 58.252, 42.707, 50.496
'MUSCLE_diversified_replicate.abc.273.afa', 44.515, 53.219, 39.591, 46.942
'MUSCLE_diversified_replicate.abc.277.afa', 45.304, 54.227, 39.527, 46.897
'MUSCLE_diversified_replicate.abc.281.afa', 45.733, 55.019, 39.749, 47.065
'MUSCLE_diversified_replicate.abc.285.afa', 49.022, 58.472, 40.64, 50.513
'MUSCLE_diversified_replicate.abc.289.afa', 48.715, 57.89, 43.859, 49.618
'MUSCLE_diversified_replicate.abc.29.afa', 44.414, 52.844, 39.437, 46.298
'MUSCLE_diversified_replicate.abc.293.afa', 48.413, 57.339, 42.034, 49.402
'MUSCLE_diversified_replicate.abc.297.afa', 48.039, 56.871, 42.869, 48.754
'MUSCLE_diversified_replicate.abc.301.afa', 41.773, 49.418, 37.252, 41.287
'MUSCLE_diversified_replicate.abc.305.afa', 48.635, 57.555, 42.358, 49.842
'MUSCLE_diversified_replicate.abc.309.afa', 47.333, 56.835, 41.017, 49.43
'MUSCLE_diversified_replicate.abc.313.afa', 43.556, 52.383, 38.303, 46.001
'MUSCLE_diversified_replicate.abc.317.afa', 42.827, 51.429, 36.922, 44.887
'MUSCLE_diversified_replicate.abc.321.afa', 49.727, 58.941, 43.679, 49.618
'MUSCLE_diversified_replicate.abc.325.afa', 47.232, 56.288, 41.213, 48.763
'MUSCLE_diversified_replicate.abc.329.afa', 44.874, 53.961, 39.149, 46.285
'MUSCLE_diversified_replicate.abc.33.afa', 46.06, 55.203, 40.025, 47.818
'MUSCLE_diversified_replicate.abc.333.afa', 52.875, 61.988, 47.676, 54.715
'MUSCLE_diversified_replicate.abc.337.afa', 51.084, 60.005, 45.121, 53.324
'MUSCLE_diversified_replicate.abc.341.afa', 43.986, 52.408, 38.54, 45.653
'MUSCLE_diversified_replicate.abc.345.afa', 51.325, 60.495, 44.472, 53.939
'MUSCLE_diversified_replicate.abc.349.afa', 49.719, 59.02, 43.295, 49.998
'MUSCLE_diversified_replicate.abc.353.afa', 46.823, 56.074, 40.882, 48.659
'MUSCLE_diversified_replicate.abc.357.afa', 48.35, 57.053, 41.779, 49.591
'MUSCLE_diversified_replicate.abc.361.afa', 45.582, 54.167, 40.307, 47.605
'MUSCLE_diversified_replicate.abc.365.afa', 47.901, 57.179, 40.085, 49.593
'MUSCLE_diversified_replicate.abc.369.afa', 47.621, 56.276, 41.364, 48.693
'MUSCLE_diversified_replicate.abc.37.afa', 48.504, 57.683, 40.809, 49.306
'MUSCLE_diversified_replicate.abc.373.afa', 49.621, 58.959, 42.871, 51.198
'MUSCLE_diversified_replicate.abc.377.afa', 46.729, 55.551, 40.948, 47.942
'MUSCLE_diversified_replicate.abc.381.afa', 45.355, 53.989, 39.619, 46.764
'MUSCLE_diversified_replicate.abc.385.afa', 50.487, 59.82, 43.29, 51.271
'MUSCLE_diversified_replicate.abc.389.afa', 44.44, 53.199, 39.025, 45.758
'MUSCLE_diversified_replicate.abc.393.afa', 48.784, 57.568, 42.341, 49.82
'MUSCLE_diversified_replicate.abc.397.afa', 48.992, 57.787, 42.081, 49.779
'MUSCLE_diversified_replicate.abc.41.afa', 44.8, 53.525, 39.787, 46.56
'MUSCLE_diversified_replicate.abc.45.afa', 50.112, 58.746, 45.497, 52.582
'MUSCLE_diversified_replicate.abc.49.afa', 48.724, 57.69, 42.942, 49.951
'MUSCLE_diversified_replicate.abc.5.afa', 48.679, 57.807, 41.554, 49.597
'MUSCLE_diversified_replicate.abc.53.afa', 44.194, 52.636, 39.383, 45.767
'MUSCLE_diversified_replicate.abc.57.afa', 48.089, 57.446, 42.852, 49.705
'MUSCLE_diversified_replicate.abc.61.afa', 52.036, 61.195, 46.219, 54.232
'MUSCLE_diversified_replicate.abc.65.afa', 48.543, 57.616, 43.153, 48.485
'MUSCLE_diversified_replicate.abc.69.afa', 42.007, 50.225, 37.682, 43.839
'MUSCLE_diversified_replicate.abc.73.afa', 46.566, 55.804, 40.908, 48.227
'MUSCLE_diversified_replicate.abc.77.afa', 47.093, 55.872, 40.61, 48.423
'MUSCLE_diversified_replicate.abc.81.afa', 49.892, 59.392, 43.829, 50.755
'MUSCLE_diversified_replicate.abc.85.afa', 48.79, 57.862, 41.693, 49.317
'MUSCLE_diversified_replicate.abc.89.afa', 48.556, 57.756, 42.316, 49.702
'MUSCLE_diversified_replicate.abc.9.afa', 46.947, 56.304, 40.092, 48.096
'MUSCLE_diversified_replicate.abc.93.afa', 46.664, 55.905, 40.462, 48.594
'MUSCLE_diversified_replicate.abc.97.afa', 51.643, 60.607, 45.444, 54.356
'MUSCLE_diversified_replicate.acb.10.afa', 47.337, 56.762, 40.532, 49.282
'MUSCLE_diversified_replicate.acb.102.afa', 41.547, 48.89, 37.504, 44.47
'MUSCLE_diversified_replicate.acb.106.afa', 49.141, 58.173, 43.451, 50.599
'MUSCLE_diversified_replicate.acb.110.afa', 47.795, 56.566, 42.657, 47.997
'MUSCLE_diversified_replicate.acb.114.afa', 47.814, 56.771, 41.045, 48.699
'MUSCLE_diversified_replicate.acb.118.afa', 40.493, 48.069, 35.561, 42.928
'MUSCLE_diversified_replicate.acb.122.afa', 44.864, 53.805, 37.883, 46.502
'MUSCLE_diversified_replicate.acb.126.afa', 46.277, 55.369, 40.395, 47.515
'MUSCLE_diversified_replicate.acb.130.afa', 48.649, 57.629, 41.534, 49.802
'MUSCLE_diversified_replicate.acb.134.afa', 42.175, 49.925, 39.28, 42.941
'MUSCLE_diversified_replicate.acb.138.afa', 49.944, 59.266, 44.047, 49.684
'MUSCLE_diversified_replicate.acb.14.afa', 48.035, 55.929, 44.224, 50.469
'MUSCLE_diversified_replicate.acb.142.afa', 50.357, 59.112, 43.744, 53.032
'MUSCLE_diversified_replicate.acb.146.afa', 47.902, 56.697, 42.818, 48.109
'MUSCLE_diversified_replicate.acb.150.afa', 51.83, 60.948, 44.995, 54.779
'MUSCLE_diversified_replicate.acb.154.afa', 45.739, 54.329, 40.184, 46.958
'MUSCLE_diversified_replicate.acb.158.afa', 46.454, 54.598, 40.631, 47.709
'MUSCLE_diversified_replicate.acb.162.afa', 52.057, 61.179, 46.752, 54.474
'MUSCLE_diversified_replicate.acb.166.afa', 49.21, 58.536, 42.481, 49.665
'MUSCLE_diversified_replicate.acb.170.afa', 48.579, 57.791, 41.215, 49.87
'MUSCLE_diversified_replicate.acb.174.afa', 50.636, 59.131, 44.339, 52.884
'MUSCLE_diversified_replicate.acb.178.afa', 48.927, 57.34, 43.0, 51.516
'MUSCLE_diversified_replicate.acb.18.afa', 48.985, 57.776, 42.814, 50.092
'MUSCLE_diversified_replicate.acb.182.afa', 42.656, 50.744, 37.792, 45.67
'MUSCLE_diversified_replicate.acb.186.afa', 47.233, 56.263, 43.881, 46.596
'MUSCLE_diversified_replicate.acb.190.afa', 50.152, 59.096, 43.23, 50.941
'MUSCLE_diversified_replicate.acb.194.afa', 51.838, 60.766, 46.964, 53.959
'MUSCLE_diversified_replicate.acb.198.afa', 51.043, 59.615, 46.601, 51.663
'MUSCLE_diversified_replicate.acb.2.afa', 50.32, 59.015, 45.173, 50.743
'MUSCLE_diversified_replicate.acb.202.afa', 47.392, 56.199, 39.7, 48.478
'MUSCLE_diversified_replicate.acb.206.afa', 43.664, 51.96, 38.714, 45.703
'MUSCLE_diversified_replicate.acb.210.afa', 43.375, 51.281, 40.602, 44.154
'MUSCLE_diversified_replicate.acb.214.afa', 51.608, 60.614, 44.715, 53.667
'MUSCLE_diversified_replicate.acb.218.afa', 51.47, 60.284, 46.269, 53.594
'MUSCLE_diversified_replicate.acb.22.afa', 48.218, 56.643, 42.898, 49.942
'MUSCLE_diversified_replicate.acb.222.afa', 47.303, 55.849, 41.604, 47.692
'MUSCLE_diversified_replicate.acb.226.afa', 50.71, 59.403, 43.881, 52.861
'MUSCLE_diversified_replicate.acb.230.afa', 43.063, 50.89, 39.415, 45.943
'MUSCLE_diversified_replicate.acb.234.afa', 48.165, 57.297, 41.04, 49.73
'MUSCLE_diversified_replicate.acb.238.afa', 45.156, 53.537, 40.522, 46.176
'MUSCLE_diversified_replicate.acb.242.afa', 46.574, 56.214, 39.645, 48.236
'MUSCLE_diversified_replicate.acb.246.afa', 46.021, 55.329, 39.356, 47.245
'MUSCLE_diversified_replicate.acb.250.afa', 45.945, 54.971, 39.602, 47.241
'MUSCLE_diversified_replicate.acb.254.afa', 48.481, 57.694, 40.991, 49.28
'MUSCLE_diversified_replicate.acb.258.afa', 45.126, 53.133, 40.801, 45.994
'MUSCLE_diversified_replicate.acb.26.afa', 49.428, 58.621, 41.942, 50.327
'MUSCLE_diversified_replicate.acb.262.afa', 51.252, 60.071, 45.021, 53.353
'MUSCLE_diversified_replicate.acb.266.afa', 48.617, 57.255, 42.56, 49.934
'MUSCLE_diversified_replicate.acb.270.afa', 41.018, 45.9, 37.464, 39.241
'MUSCLE_diversified_replicate.acb.274.afa', 48.697, 57.712, 42.264, 49.791
'MUSCLE_diversified_replicate.acb.278.afa', 41.682, 49.05, 39.231, 42.526
'MUSCLE_diversified_replicate.acb.282.afa', 42.35, 50.372, 37.835, 44.677
'MUSCLE_diversified_replicate.acb.286.afa', 52.535, 61.563, 47.585, 54.555
'MUSCLE_diversified_replicate.acb.290.afa', 52.552, 61.404, 46.593, 54.834
'MUSCLE_diversified_replicate.acb.294.afa', 44.868, 53.164, 39.556, 46.664
'MUSCLE_diversified_replicate.acb.298.afa', 47.424, 56.197, 42.451, 48.348
'MUSCLE_diversified_replicate.acb.30.afa', 41.459, 48.957, 37.584, 43.867
'MUSCLE_diversified_replicate.acb.302.afa', 41.496, 48.926, 37.056, 44.696
'MUSCLE_diversified_replicate.acb.306.afa', 49.425, 57.897, 43.931, 51.44
'MUSCLE_diversified_replicate.acb.310.afa', 42.828, 50.645, 40.515, 43.384
'MUSCLE_diversified_replicate.acb.314.afa', 47.011, 54.689, 42.393, 48.724
'MUSCLE_diversified_replicate.acb.318.afa', 52.571, 61.451, 46.259, 54.524
'MUSCLE_diversified_replicate.acb.322.afa', 47.319, 55.362, 42.801, 49.436
'MUSCLE_diversified_replicate.acb.326.afa', 39.27, 42.829, 36.617, 38.584
'MUSCLE_diversified_replicate.acb.330.afa', 49.322, 57.833, 44.637, 51.708
'MUSCLE_diversified_replicate.acb.334.afa', 48.938, 58.13, 41.788, 48.944
'MUSCLE_diversified_replicate.acb.338.afa', 45.655, 53.743, 39.926, 47.274
'MUSCLE_diversified_replicate.acb.34.afa', 51.639, 60.303, 46.481, 54.487
'MUSCLE_diversified_replicate.acb.342.afa', 51.274, 59.94, 47.056, 53.994
'MUSCLE_diversified_replicate.acb.346.afa', 48.25, 57.618, 42.483, 48.496
'MUSCLE_diversified_replicate.acb.350.afa', 41.632, 49.458, 35.969, 44.062
'MUSCLE_diversified_replicate.acb.354.afa', 44.253, 52.32, 40.292, 45.698
'MUSCLE_diversified_replicate.acb.358.afa', 46.922, 55.843, 40.025, 47.895
'MUSCLE_diversified_replicate.acb.362.afa', 50.534, 59.063, 44.182, 53.425
'MUSCLE_diversified_replicate.acb.366.afa', 48.855, 57.045, 43.912, 51.859
'MUSCLE_diversified_replicate.acb.370.afa', 47.546, 55.812, 42.688, 48.773
'MUSCLE_diversified_replicate.acb.374.afa', 45.576, 53.802, 39.474, 46.769
'MUSCLE_diversified_replicate.acb.378.afa', 51.116, 59.962, 44.264, 53.004
'MUSCLE_diversified_replicate.acb.38.afa', 48.354, 57.464, 41.094, 49.754
'MUSCLE_diversified_replicate.acb.382.afa', 45.755, 53.491, 41.388, 48.991
'MUSCLE_diversified_replicate.acb.386.afa', 51.738, 60.762, 45.374, 54.703
'MUSCLE_diversified_replicate.acb.390.afa', 42.178, 50.063, 37.473, 44.051
'MUSCLE_diversified_replicate.acb.394.afa', 41.346, 48.641, 37.331, 44.534
'MUSCLE_diversified_replicate.acb.398.afa', 43.87, 51.665, 40.474, 44.966
'MUSCLE_diversified_replicate.acb.42.afa', 44.513, 52.823, 39.548, 47.111
'MUSCLE_diversified_replicate.acb.46.afa', 43.592, 51.853, 38.464, 45.607
'MUSCLE_diversified_replicate.acb.50.afa', 41.787, 49.136, 39.488, 42.769
'MUSCLE_diversified_replicate.acb.54.afa', 47.125, 54.821, 43.366, 49.486
'MUSCLE_diversified_replicate.acb.58.afa', 47.511, 55.4, 43.502, 49.433
'MUSCLE_diversified_replicate.acb.6.afa', 49.211, 58.442, 42.663, 50.039
'MUSCLE_diversified_replicate.acb.62.afa', 47.823, 56.65, 41.751, 48.946
'MUSCLE_diversified_replicate.acb.66.afa', 47.914, 56.525, 41.608, 48.525
'MUSCLE_diversified_replicate.acb.70.afa', 46.028, 54.475, 39.065, 46.04
'MUSCLE_diversified_replicate.acb.74.afa', 42.945, 50.715, 40.455, 43.494
'MUSCLE_diversified_replicate.acb.78.afa', 41.273, 49.143, 37.333, 43.47
'MUSCLE_diversified_replicate.acb.82.afa', 45.228, 53.655, 38.568, 46.837
'MUSCLE_diversified_replicate.acb.86.afa', 48.187, 57.085, 42.271, 49.586
'MUSCLE_diversified_replicate.acb.90.afa', 48.733, 57.74, 41.257, 50.118
'MUSCLE_diversified_replicate.acb.94.afa', 51.732, 60.698, 46.197, 54.545
'MUSCLE_diversified_replicate.acb.98.afa', 42.477, 50.059, 37.376, 45.176
'MUSCLE_diversified_replicate.bca.103.afa', 45.653, 54.765, 40.142, 46.72
'MUSCLE_diversified_replicate.bca.107.afa', 49.378, 58.664, 43.043, 49.181
'MUSCLE_diversified_replicate.bca.11.afa', 49.128, 58.057, 43.629, 50.549
'MUSCLE_diversified_replicate.bca.111.afa', 44.877, 53.514, 39.796, 46.203
'MUSCLE_diversified_replicate.bca.115.afa', 40.01, 47.289, 35.165, 39.473
'MUSCLE_diversified_replicate.bca.119.afa', 46.583, 55.89, 40.013, 47.34
'MUSCLE_diversified_replicate.bca.123.afa', 49.879, 59.172, 41.702, 51.027
'MUSCLE_diversified_replicate.bca.127.afa', 48.856, 58.227, 41.917, 50.807
'MUSCLE_diversified_replicate.bca.131.afa', 46.898, 55.762, 40.767, 47.19
'MUSCLE_diversified_replicate.bca.135.afa', 46.315, 55.212, 40.504, 47.529
'MUSCLE_diversified_replicate.bca.139.afa', 48.433, 57.445, 41.981, 49.629
'MUSCLE_diversified_replicate.bca.143.afa', 45.984, 55.089, 40.003, 47.464
'MUSCLE_diversified_replicate.bca.147.afa', 45.823, 53.534, 41.551, 47.243
'MUSCLE_diversified_replicate.bca.15.afa', 41.468, 45.504, 39.175, 40.47
'MUSCLE_diversified_replicate.bca.151.afa', 45.383, 54.065, 39.762, 46.66
'MUSCLE_diversified_replicate.bca.155.afa', 50.514, 59.261, 45.587, 52.092
'MUSCLE_diversified_replicate.bca.159.afa', 47.176, 55.966, 41.33, 49.273
'MUSCLE_diversified_replicate.bca.163.afa', 45.695, 54.832, 38.439, 47.063
'MUSCLE_diversified_replicate.bca.167.afa', 42.937, 51.563, 36.792, 44.476
'MUSCLE_diversified_replicate.bca.171.afa', 51.799, 60.67, 47.353, 52.758
'MUSCLE_diversified_replicate.bca.175.afa', 47.022, 54.846, 43.718, 47.921
'MUSCLE_diversified_replicate.bca.179.afa', 47.305, 55.044, 43.382, 49.561
'MUSCLE_diversified_replicate.bca.183.afa', 49.331, 58.636, 41.895, 50.042
'MUSCLE_diversified_replicate.bca.187.afa', 48.924, 57.702, 45.035, 49.255
'MUSCLE_diversified_replicate.bca.19.afa', 48.198, 57.474, 40.789, 49.466
'MUSCLE_diversified_replicate.bca.191.afa', 48.763, 57.758, 41.413, 50.566
'MUSCLE_diversified_replicate.bca.195.afa', 45.937, 55.149, 38.808, 48.062
'MUSCLE_diversified_replicate.bca.199.afa', 47.157, 54.919, 42.866, 49.259
'MUSCLE_diversified_replicate.bca.203.afa', 51.983, 60.902, 45.875, 54.201
'MUSCLE_diversified_replicate.bca.207.afa', 48.878, 58.073, 42.165, 50.312
'MUSCLE_diversified_replicate.bca.211.afa', 46.529, 55.484, 41.044, 48.513
'MUSCLE_diversified_replicate.bca.215.afa', 47.585, 56.642, 40.084, 49.02
'MUSCLE_diversified_replicate.bca.219.afa', 51.265, 60.242, 44.657, 53.326
'MUSCLE_diversified_replicate.bca.223.afa', 48.062, 57.162, 40.948, 48.966
'MUSCLE_diversified_replicate.bca.227.afa', 49.932, 59.274, 42.774, 51.124
'MUSCLE_diversified_replicate.bca.23.afa', 47.788, 56.278, 41.333, 48.673
'MUSCLE_diversified_replicate.bca.231.afa', 41.71, 49.655, 38.659, 44.469
'MUSCLE_diversified_replicate.bca.235.afa', 46.115, 54.565, 40.625, 48.612
'MUSCLE_diversified_replicate.bca.239.afa', 49.651, 58.938, 43.11, 49.89
'MUSCLE_diversified_replicate.bca.243.afa', 51.428, 60.102, 45.499, 53.685
'MUSCLE_diversified_replicate.bca.247.afa', 47.371, 56.901, 41.236, 48.597
'MUSCLE_diversified_replicate.bca.251.afa', 45.755, 54.9, 38.754, 47.472
'MUSCLE_diversified_replicate.bca.255.afa', 49.427, 58.738, 43.891, 49.201
'MUSCLE_diversified_replicate.bca.259.afa', 48.779, 57.991, 43.63, 49.886
'MUSCLE_diversified_replicate.bca.263.afa', 47.289, 56.403, 43.11, 47.605
'MUSCLE_diversified_replicate.bca.267.afa', 46.858, 55.617, 41.747, 48.06
'MUSCLE_diversified_replicate.bca.27.afa', 46.113, 55.213, 40.523, 47.859
'MUSCLE_diversified_replicate.bca.271.afa', 52.211, 60.938, 46.24, 54.595
'MUSCLE_diversified_replicate.bca.275.afa', 41.378, 45.342, 38.074, 39.684
'MUSCLE_diversified_replicate.bca.279.afa', 47.261, 56.148, 42.015, 47.558
'MUSCLE_diversified_replicate.bca.283.afa', 45.679, 54.919, 40.329, 47.308
'MUSCLE_diversified_replicate.bca.287.afa', 48.023, 56.935, 42.858, 48.499
'MUSCLE_diversified_replicate.bca.291.afa', 49.325, 58.617, 42.097, 50.368
'MUSCLE_diversified_replicate.bca.295.afa', 48.623, 57.625, 41.984, 49.787
'MUSCLE_diversified_replicate.bca.299.afa', 44.04, 52.528, 38.992, 45.575
'MUSCLE_diversified_replicate.bca.3.afa', 47.766, 56.01, 41.396, 49.16
'MUSCLE_diversified_replicate.bca.303.afa', 45.184, 54.107, 38.72, 46.196
'MUSCLE_diversified_replicate.bca.307.afa', 47.654, 56.379, 40.761, 49.467
'MUSCLE_diversified_replicate.bca.31.afa', 50.925, 59.626, 45.543, 53.39
'MUSCLE_diversified_replicate.bca.311.afa', 48.3, 57.177, 43.731, 47.586
'MUSCLE_diversified_replicate.bca.315.afa', 47.681, 56.613, 41.586, 49.478
'MUSCLE_diversified_replicate.bca.319.afa', 48.839, 58.071, 42.326, 48.829
'MUSCLE_diversified_replicate.bca.323.afa', 45.57, 54.553, 38.948, 47.809
'MUSCLE_diversified_replicate.bca.327.afa', 49.59, 58.054, 43.852, 52.882
'MUSCLE_diversified_replicate.bca.331.afa', 46.454, 55.528, 40.173, 47.363
'MUSCLE_diversified_replicate.bca.335.afa', 51.447, 60.236, 46.961, 52.673
'MUSCLE_diversified_replicate.bca.339.afa', 45.15, 53.743, 39.378, 45.96
'MUSCLE_diversified_replicate.bca.343.afa', 46.831, 55.41, 40.407, 48.546
'MUSCLE_diversified_replicate.bca.347.afa', 48.589, 57.148, 43.561, 50.303
'MUSCLE_diversified_replicate.bca.35.afa', 50.811, 59.83, 44.474, 53.124
'MUSCLE_diversified_replicate.bca.351.afa', 43.953, 52.482, 38.56, 44.726
'MUSCLE_diversified_replicate.bca.355.afa', 45.545, 53.397, 41.366, 46.699
'MUSCLE_diversified_replicate.bca.359.afa', 46.424, 55.724, 40.699, 48.241
'MUSCLE_diversified_replicate.bca.363.afa', 50.48, 59.302, 44.246, 52.918
'MUSCLE_diversified_replicate.bca.367.afa', 44.43, 53.158, 38.941, 44.501
'MUSCLE_diversified_replicate.bca.371.afa', 50.512, 59.173, 44.69, 52.966
'MUSCLE_diversified_replicate.bca.375.afa', 48.031, 56.93, 42.168, 49.208
'MUSCLE_diversified_replicate.bca.379.afa', 49.791, 59.002, 43.667, 50.271
'MUSCLE_diversified_replicate.bca.383.afa', 50.083, 59.237, 43.206, 51.207
'MUSCLE_diversified_replicate.bca.387.afa', 48.749, 57.979, 44.898, 48.671
'MUSCLE_diversified_replicate.bca.39.afa', 48.895, 57.348, 43.033, 50.416
'MUSCLE_diversified_replicate.bca.391.afa', 46.232, 55.081, 40.196, 47.699
'MUSCLE_diversified_replicate.bca.395.afa', 52.162, 61.405, 46.413, 54.847
'MUSCLE_diversified_replicate.bca.399.afa', 45.049, 54.046, 39.061, 46.91
'MUSCLE_diversified_replicate.bca.43.afa', 47.562, 57.157, 41.52, 49.147
'MUSCLE_diversified_replicate.bca.47.afa', 44.85, 53.916, 39.243, 46.233
'MUSCLE_diversified_replicate.bca.51.afa', 45.074, 53.781, 39.894, 47.219
'MUSCLE_diversified_replicate.bca.55.afa', 46.389, 55.094, 39.607, 47.472
'MUSCLE_diversified_replicate.bca.59.afa', 49.16, 57.614, 43.532, 51.402
'MUSCLE_diversified_replicate.bca.63.afa', 45.781, 54.04, 39.911, 47.259
'MUSCLE_diversified_replicate.bca.67.afa', 42.548, 50.97, 36.621, 44.66
'MUSCLE_diversified_replicate.bca.7.afa', 45.428, 54.284, 39.293, 47.233
'MUSCLE_diversified_replicate.bca.71.afa', 46.69, 56.054, 40.805, 48.774
'MUSCLE_diversified_replicate.bca.75.afa', 45.0, 53.905, 37.758, 47.236
'MUSCLE_diversified_replicate.bca.79.afa', 45.244, 53.991, 40.06, 46.992
'MUSCLE_diversified_replicate.bca.83.afa', 46.194, 55.451, 40.276, 48.465
'MUSCLE_diversified_replicate.bca.87.afa', 44.767, 53.218, 39.529, 46.248
'MUSCLE_diversified_replicate.bca.91.afa', 46.566, 55.769, 40.041, 47.759
'MUSCLE_diversified_replicate.bca.95.afa', 45.563, 54.64, 39.229, 46.792
'MUSCLE_diversified_replicate.bca.99.afa', 44.368, 52.942, 38.666, 45.919
'MUSCLE_diversified_replicate.none.0.afa', 50.051, 57.773, 45.828, 49.64
'MUSCLE_diversified_replicate.none.100.afa', 41.775, 48.183, 37.497, 40.664
'MUSCLE_diversified_replicate.none.104.afa', 40.917, 46.96, 36.731, 39.844
'MUSCLE_diversified_replicate.none.108.afa', 41.67, 48.116, 37.935, 40.671
'MUSCLE_diversified_replicate.none.112.afa', 45.235, 53.28, 40.482, 45.755
'MUSCLE_diversified_replicate.none.116.afa', 39.942, 45.234, 36.51, 38.133
'MUSCLE_diversified_replicate.none.12.afa', 49.406, 56.81, 45.568, 49.339
'MUSCLE_diversified_replicate.none.120.afa', 49.737, 57.393, 46.548, 50.117
'MUSCLE_diversified_replicate.none.124.afa', 49.742, 57.328, 45.419, 49.604
'MUSCLE_diversified_replicate.none.128.afa', 49.031, 56.476, 46.011, 49.392
'MUSCLE_diversified_replicate.none.132.afa', 51.235, 59.832, 46.475, 53.392
'MUSCLE_diversified_replicate.none.136.afa', 49.535, 57.009, 45.951, 49.027
'MUSCLE_diversified_replicate.none.140.afa', 41.308, 47.73, 37.429, 40.638
'MUSCLE_diversified_replicate.none.144.afa', 47.992, 54.751, 44.361, 46.969
'MUSCLE_diversified_replicate.none.148.afa', 42.216, 49.051, 38.391, 41.467
'MUSCLE_diversified_replicate.none.152.afa', 48.789, 55.708, 44.961, 47.88
'MUSCLE_diversified_replicate.none.156.afa', 53.32, 62.235, 48.412, 54.618
'MUSCLE_diversified_replicate.none.16.afa', 49.779, 57.249, 46.184, 49.69
'MUSCLE_diversified_replicate.none.160.afa', 42.558, 49.319, 37.783, 41.385
'MUSCLE_diversified_replicate.none.164.afa', 49.655, 57.222, 45.215, 49.629
'MUSCLE_diversified_replicate.none.168.afa', 42.782, 49.62, 38.207, 41.749
'MUSCLE_diversified_replicate.none.172.afa', 42.491, 49.172, 38.154, 41.621
'MUSCLE_diversified_replicate.none.176.afa', 42.093, 48.622, 37.546, 40.826
'MUSCLE_diversified_replicate.none.180.afa', 50.028, 57.667, 45.755, 49.588
'MUSCLE_diversified_replicate.none.184.afa', 52.739, 61.76, 47.344, 54.924
'MUSCLE_diversified_replicate.none.188.afa', 48.272, 54.942, 44.85, 47.305
'MUSCLE_diversified_replicate.none.192.afa', 42.521, 49.14, 38.444, 42.332
'MUSCLE_diversified_replicate.none.196.afa', 48.682, 55.928, 45.224, 49.125
'MUSCLE_diversified_replicate.none.20.afa', 51.977, 60.673, 46.0, 54.006
'MUSCLE_diversified_replicate.none.200.afa', 47.869, 54.39, 44.603, 47.216
'MUSCLE_diversified_replicate.none.204.afa', 49.324, 56.889, 45.061, 48.937
'MUSCLE_diversified_replicate.none.208.afa', 45.905, 54.277, 40.311, 46.502
'MUSCLE_diversified_replicate.none.212.afa', 41.218, 47.488, 37.009, 40.076
'MUSCLE_diversified_replicate.none.216.afa', 41.507, 48.02, 37.02, 40.292
'MUSCLE_diversified_replicate.none.220.afa', 41.29, 47.788, 36.579, 40.152
'MUSCLE_diversified_replicate.none.224.afa', 46.155, 54.821, 41.877, 46.98
'MUSCLE_diversified_replicate.none.228.afa', 49.345, 57.19, 46.421, 50.349
'MUSCLE_diversified_replicate.none.232.afa', 49.714, 57.333, 46.448, 50.311
'MUSCLE_diversified_replicate.none.236.afa', 42.403, 49.083, 37.867, 41.37
'MUSCLE_diversified_replicate.none.24.afa', 47.486, 53.935, 44.735, 46.833
'MUSCLE_diversified_replicate.none.240.afa', 50.422, 58.185, 45.896, 50.394
'MUSCLE_diversified_replicate.none.244.afa', 41.35, 47.698, 37.135, 40.395
'MUSCLE_diversified_replicate.none.248.afa', 41.812, 48.149, 37.947, 41.139
'MUSCLE_diversified_replicate.none.252.afa', 50.0, 57.651, 46.707, 50.54
'MUSCLE_diversified_replicate.none.256.afa', 50.349, 58.031, 46.928, 50.672
'MUSCLE_diversified_replicate.none.260.afa', 41.533, 47.719, 37.612, 41.145
'MUSCLE_diversified_replicate.none.264.afa', 41.413, 47.593, 37.683, 40.086
'MUSCLE_diversified_replicate.none.268.afa', 39.166, 44.321, 37.524, 37.383
'MUSCLE_diversified_replicate.none.272.afa', 49.888, 57.479, 46.999, 50.534
'MUSCLE_diversified_replicate.none.276.afa', 50.043, 57.567, 46.734, 50.412
'MUSCLE_diversified_replicate.none.28.afa', 49.717, 57.284, 46.087, 49.356
'MUSCLE_diversified_replicate.none.280.afa', 48.868, 56.135, 45.607, 48.934
'MUSCLE_diversified_replicate.none.284.afa', 49.329, 56.734, 45.125, 49.204
'MUSCLE_diversified_replicate.none.288.afa', 49.922, 57.559, 46.899, 50.435
'MUSCLE_diversified_replicate.none.292.afa', 42.412, 49.255, 39.5, 41.732
'MUSCLE_diversified_replicate.none.296.afa', 42.057, 48.608, 38.164, 41.284
'MUSCLE_diversified_replicate.none.300.afa', 42.155, 48.975, 38.171, 41.656
'MUSCLE_diversified_replicate.none.304.afa', 47.96, 54.901, 43.999, 47.152
'MUSCLE_diversified_replicate.none.308.afa', 49.929, 57.59, 46.426, 50.3
'MUSCLE_diversified_replicate.none.312.afa', 48.891, 56.215, 45.056, 48.781
'MUSCLE_diversified_replicate.none.316.afa', 51.891, 60.721, 45.181, 54.008
'MUSCLE_diversified_replicate.none.32.afa', 49.113, 56.446, 45.955, 48.766
'MUSCLE_diversified_replicate.none.320.afa', 49.356, 56.952, 46.362, 49.753
'MUSCLE_diversified_replicate.none.324.afa', 48.808, 56.25, 46.104, 49.457
'MUSCLE_diversified_replicate.none.328.afa', 50.229, 57.789, 47.031, 50.79
'MUSCLE_diversified_replicate.none.332.afa', 49.997, 57.579, 45.701, 49.667
'MUSCLE_diversified_replicate.none.336.afa', 48.672, 55.737, 47.898, 49.571
'MUSCLE_diversified_replicate.none.340.afa', 49.705, 57.28, 45.821, 49.468
'MUSCLE_diversified_replicate.none.344.afa', 45.12, 53.468, 40.743, 45.405
'MUSCLE_diversified_replicate.none.348.afa', 41.311, 47.713, 37.534, 40.384
'MUSCLE_diversified_replicate.none.352.afa', 49.337, 56.904, 44.595, 49.369
'MUSCLE_diversified_replicate.none.356.afa', 48.179, 55.037, 45.19, 47.979
'MUSCLE_diversified_replicate.none.36.afa', 48.214, 55.309, 45.331, 48.028
'MUSCLE_diversified_replicate.none.360.afa', 48.836, 56.157, 44.353, 48.487
'MUSCLE_diversified_replicate.none.364.afa', 41.422, 47.857, 37.234, 40.443
'MUSCLE_diversified_replicate.none.368.afa', 49.304, 56.897, 45.345, 49.029
'MUSCLE_diversified_replicate.none.372.afa', 45.527, 54.082, 39.205, 45.739
'MUSCLE_diversified_replicate.none.376.afa', 49.108, 56.516, 45.993, 49.69
'MUSCLE_diversified_replicate.none.380.afa', 41.608, 48.004, 37.34, 40.719
'MUSCLE_diversified_replicate.none.384.afa', 49.687, 57.136, 47.638, 51.103
'MUSCLE_diversified_replicate.none.388.afa', 41.227, 47.734, 36.992, 40.252
'MUSCLE_diversified_replicate.none.392.afa', 40.929, 47.306, 37.381, 40.359
'MUSCLE_diversified_replicate.none.396.afa', 45.467, 53.932, 40.353, 45.921
'MUSCLE_diversified_replicate.none.4.afa', 49.829, 57.346, 45.529, 49.567
'MUSCLE_diversified_replicate.none.40.afa', 41.07, 47.313, 38.092, 39.753
'MUSCLE_diversified_replicate.none.44.afa', 41.745, 48.182, 37.639, 40.708
'MUSCLE_diversified_replicate.none.48.afa', 48.8, 56.111, 45.464, 48.167
'MUSCLE_diversified_replicate.none.52.afa', 41.833, 48.299, 37.077, 40.649
'MUSCLE_diversified_replicate.none.56.afa', 41.331, 47.328, 37.344, 40.053
'MUSCLE_diversified_replicate.none.60.afa', 49.301, 56.718, 45.137, 49.034
'MUSCLE_diversified_replicate.none.64.afa', 48.61, 55.881, 45.44, 48.837
'MUSCLE_diversified_replicate.none.68.afa', 50.015, 57.735, 46.3, 49.284
'MUSCLE_diversified_replicate.none.72.afa', 49.843, 57.539, 46.342, 50.254
'MUSCLE_diversified_replicate.none.76.afa', 46.663, 53.525, 43.727, 47.107
'MUSCLE_diversified_replicate.none.8.afa', 40.536, 46.437, 37.136, 38.857
'MUSCLE_diversified_replicate.none.80.afa', 42.117, 48.822, 37.714, 40.928
'MUSCLE_diversified_replicate.none.84.afa', 48.586, 55.599, 47.086, 49.58
'MUSCLE_diversified_replicate.none.88.afa', 49.534, 57.036, 45.839, 49.777
'MUSCLE_diversified_replicate.none.92.afa', 49.387, 56.871, 45.44, 49.506
'MUSCLE_diversified_replicate.none.96.afa', 50.031, 57.553, 45.834, 49.89
'PRANK_b0#0050_hhH_tree_63_OP_0.36203966777708846_Split_50.fasta', 11.485, 16.924, 5.758, 13.153
'PRANK_b0#0050_hhT_tree_63_OP_0.36203966777708846_Split_50.fasta', 31.142, 39.513, 25.004, 33.072
'PRANK_b0#0050_htT_tree_63_OP_0.36203966777708846_Split_50.fasta', 30.009, 38.348, 23.408, 31.999
'PRANK_b0#0050_ttH_tree_63_OP_0.36203966777708846_Split_50.fasta', 11.727, 17.056, 6.783, 13.598
'PRANK_b0#0051_hhT_tree_7_OP_0.4287654329803016_Split_51.fasta', 18.252, 24.205, 11.767, 18.574
'PRANK_b0#0051_htH_tree_7_OP_0.4287654329803016_Split_51.fasta', 18.902, 25.322, 11.947, 19.337
'PRANK_b0#0051_htT_tree_7_OP_0.4287654329803016_Split_51.fasta', 15.046, 20.003, 9.828, 14.979
'PRANK_b0#0051_ttT_tree_7_OP_0.4287654329803016_Split_51.fasta', 15.19, 20.15, 10.018, 15.141
'PRANK_b0#0053_hhH_tree_13_OP_0.09692142234876278_Split_53.fasta', 14.003, 18.115, 12.131, 14.649
'PRANK_b0#0053_htT_tree_13_OP_0.09692142234876278_Split_53.fasta', 11.403, 15.311, 7.08, 13.837
'PRANK_b0#0053_htT_tree_69_OP_0.05304651807751681_Split_53.fasta', 30.705, 37.469, 26.481, 33.667
'PRANK_b0#0053_thT_tree_69_OP_0.05304651807751681_Split_53.fasta', 30.4, 37.112, 25.963, 33.474
'PRANK_b0#0053_ttH_tree_13_OP_0.09692142234876278_Split_53.fasta', 13.968, 18.081, 12.084, 14.619
'PRANK_b0#0053_ttH_tree_69_OP_0.05304651807751681_Split_53.fasta', 37.219, 44.164, 32.694, 40.617
'PRANK_b0#0053_ttT_tree_13_OP_0.09692142234876278_Split_53.fasta', 15.255, 19.749, 11.093, 17.652
'PRANK_b0#0053_ttT_tree_69_OP_0.05304651807751681_Split_53.fasta', 30.4, 37.112, 25.963, 33.474
'PRANK_b0#0054_hhT_tree_37_OP_0.3234162682987525_Split_54.fasta', 33.929, 42.581, 27.589, 36.399
'PRANK_b0#0054_htH_tree_11_OP_0.0660385202278223_Split_54.fasta', 20.067, 25.016, 16.311, 22.409
'PRANK_b0#0054_htT_tree_37_OP_0.3234162682987525_Split_54.fasta', 35.622, 44.484, 29.365, 37.818
'PRANK_b0#0054_htT_tree_60_OP_0.2742882468420108_Split_54.fasta', 31.963, 40.3, 28.409, 31.474
'PRANK_b0#0054_thH_tree_11_OP_0.0660385202278223_Split_54.fasta', 20.505, 25.478, 16.737, 22.949
'PRANK_b0#0054_thH_tree_60_OP_0.2742882468420108_Split_54.fasta', 32.07, 40.312, 26.926, 32.701
'PRANK_b0#0054_thT_tree_11_OP_0.0660385202278223_Split_54.fasta', 19.607, 23.683, 16.566, 20.642
'PRANK_b0#0054_thT_tree_60_OP_0.2742882468420108_Split_54.fasta', 32.023, 40.361, 28.357, 31.399
'PRANK_b0#0054_ttH_tree_11_OP_0.0660385202278223_Split_54.fasta', 20.606, 25.571, 16.85, 23.023
'PRANK_b0#0054_ttH_tree_37_OP_0.3234162682987525_Split_54.fasta', 31.05, 39.277, 27.107, 33.638
'PRANK_b0#0054_ttT_tree_37_OP_0.3234162682987525_Split_54.fasta', 31.935, 40.257, 25.999, 34.575
'PRANK_b0#0054_ttT_tree_60_OP_0.2742882468420108_Split_54.fasta', 32.011, 40.341, 28.35, 31.385
'PRANK_b0#0055_hhH_tree_96_OP_0.3899661250904219_Split_55.fasta', 24.034, 31.101, 18.308, 26.232
'PRANK_b0#0055_hhT_tree_23_OP_0.41879358418754387_Split_55.fasta', 20.492, 27.395, 18.447, 23.522
'PRANK_b0#0055_hhT_tree_40_OP_0.08821008325435137_Split_55.fasta', 24.84, 31.11, 20.281, 26.604
'PRANK_b0#0055_hhT_tree_96_OP_0.3899661250904219_Split_55.fasta', 23.537, 30.791, 18.001, 25.438
'PRANK_b0#0055_htH_tree_96_OP_0.3899661250904219_Split_55.fasta', 24.767, 32.055, 18.949, 26.954
'PRANK_b0#0055_thH_tree_23_OP_0.41879358418754387_Split_55.fasta', 23.418, 30.458, 20.879, 25.921
'PRANK_b0#0055_thH_tree_40_OP_0.08821008325435137_Split_55.fasta', 27.282, 33.7, 22.358, 28.464
'PRANK_b0#0055_thT_tree_40_OP_0.08821008325435137_Split_55.fasta', 24.84, 31.11, 20.281, 26.604
'PRANK_b0#0055_ttH_tree_23_OP_0.41879358418754387_Split_55.fasta', 23.205, 30.267, 20.84, 25.928
'PRANK_b0#0055_ttT_tree_23_OP_0.41879358418754387_Split_55.fasta', 20.348, 27.209, 18.141, 22.907
'PRANK_b0#0055_ttT_tree_40_OP_0.08821008325435137_Split_55.fasta', 24.84, 31.11, 20.281, 26.604
'PRANK_b0#0055_ttT_tree_96_OP_0.3899661250904219_Split_55.fasta', 23.026, 30.23, 17.557, 24.879
'PRANK_b0#0056_hhH_tree_56_OP_0.23502932209680477_Split_56.fasta', 26.261, 33.424, 22.097, 28.282
'PRANK_b0#0056_htH_tree_56_OP_0.23502932209680477_Split_56.fasta', 25.922, 33.055, 22.094, 28.01
'PRANK_b0#0056_htT_tree_99_OP_0.18594199344926288_Split_56.fasta', 33.546, 42.038, 28.66, 35.564
'PRANK_b0#0056_thH_tree_99_OP_0.18594199344926288_Split_56.fasta', 34.687, 43.324, 26.973, 36.908
'PRANK_b0#0056_thT_tree_56_OP_0.23502932209680477_Split_56.fasta', 26.793, 34.047, 22.467, 29.035
'PRANK_b0#0056_thT_tree_99_OP_0.18594199344926288_Split_56.fasta', 33.546, 42.038, 28.66, 35.564
'PRANK_b0#0056_ttH_tree_56_OP_0.23502932209680477_Split_56.fasta', 25.437, 32.43, 21.547, 27.168
'PRANK_b0#0056_ttH_tree_99_OP_0.18594199344926288_Split_56.fasta', 34.838, 43.462, 27.113, 37.051
'PRANK_b0#0057_htH_tree_64_OP_0.05970650417263379_Split_57.fasta', 26.379, 33.911, 22.331, 32.667
'PRANK_b0#0057_thH_tree_64_OP_0.05970650417263379_Split_57.fasta', 26.389, 33.917, 22.36, 32.672
'PRANK_b0#0057_thT_tree_64_OP_0.05970650417263379_Split_57.fasta', 26.084, 33.382, 22.227, 32.327
'PRANK_b0#0057_ttH_tree_64_OP_0.05970650417263379_Split_57.fasta', 26.389, 33.917, 22.36, 32.672
'PRANK_b0#0058_hhH_tree_84_OP_0.3564845080908704_Split_58.fasta', 19.585, 25.444, 17.214, 20.879
'PRANK_b0#0058_hhT_tree_84_OP_0.3564845080908704_Split_58.fasta', 20.607, 26.451, 18.086, 21.88
'PRANK_b0#0058_hhT_tree_97_OP_0.1673876920856745_Split_58.fasta', 27.936, 31.914, 26.699, 26.639
'PRANK_b0#0058_htT_tree_84_OP_0.3564845080908704_Split_58.fasta', 20.618, 26.455, 18.082, 21.942
'PRANK_b0#0058_htT_tree_97_OP_0.1673876920856745_Split_58.fasta', 27.836, 31.71, 26.615, 26.502
'PRANK_b0#0058_thH_tree_97_OP_0.1673876920856745_Split_58.fasta', 28.763, 32.446, 27.966, 26.868
'PRANK_b0#0058_thT_tree_97_OP_0.1673876920856745_Split_58.fasta', 27.52, 31.333, 26.177, 26.09
'PRANK_b0#0058_ttT_tree_84_OP_0.3564845080908704_Split_58.fasta', 21.907, 28.096, 18.054, 24.507
'PRANK_b0#0059_hhT_tree_80_OP_0.3860599313375234_Split_59.fasta', 24.911, 32.337, 20.15, 24.954
'PRANK_b0#0059_htH_tree_36_OP_0.21650135794201675_Split_59.fasta', 23.224, 29.611, 19.703, 26.417
'PRANK_b0#0059_htH_tree_80_OP_0.3860599313375234_Split_59.fasta', 24.535, 31.978, 19.851, 25.226
'PRANK_b0#0059_htH_tree_85_OP_0.16592734946943577_Split_59.fasta', 23.832, 31.118, 20.087, 24.133
'PRANK_b0#0059_htT_tree_36_OP_0.21650135794201675_Split_59.fasta', 22.83, 30.003, 18.13, 25.951
'PRANK_b0#0059_htT_tree_80_OP_0.3860599313375234_Split_59.fasta', 24.107, 31.502, 19.285, 24.213
'PRANK_b0#0059_htT_tree_85_OP_0.16592734946943577_Split_59.fasta', 25.861, 33.157, 19.886, 27.875
'PRANK_b0#0059_thH_tree_36_OP_0.21650135794201675_Split_59.fasta', 22.896, 29.225, 19.125, 25.912
'PRANK_b0#0059_thH_tree_85_OP_0.16592734946943577_Split_59.fasta', 23.872, 31.19, 20.014, 24.229
'PRANK_b0#0059_ttH_tree_80_OP_0.3860599313375234_Split_59.fasta', 24.536, 32.02, 19.835, 25.216
'PRANK_b0#0059_ttH_tree_85_OP_0.16592734946943577_Split_59.fasta', 23.893, 31.214, 20.027, 24.25
'PRANK_b0#0059_ttT_tree_36_OP_0.21650135794201675_Split_59.fasta', 22.798, 29.961, 18.112, 25.906
'PRANK_b0#0060_hhH_tree_24_OP_0.35224591752289836_Split_60.fasta', 27.954, 35.078, 21.532, 28.706
'PRANK_b0#0060_hhT_tree_24_OP_0.35224591752289836_Split_60.fasta', 30.242, 38.065, 24.993, 31.064
'PRANK_b0#0060_ttH_tree_24_OP_0.35224591752289836_Split_60.fasta', 28.051, 35.178, 21.616, 28.786
'PRANK_b0#0060_ttT_tree_24_OP_0.35224591752289836_Split_60.fasta', 30.065, 37.927, 25.059, 30.644
'PRANK_b0#0061_hhH_tree_16_OP_0.3566466444359746_Split_61.fasta', 11.162, 18.021, 8.439, 14.954
'PRANK_b0#0061_thT_tree_16_OP_0.3566466444359746_Split_61.fasta', 19.844, 27.133, 15.34, 22.365
'PRANK_b0#0061_ttH_tree_16_OP_0.3566466444359746_Split_61.fasta', 11.282, 18.164, 8.535, 15.119
'PRANK_b0#0061_ttT_tree_16_OP_0.3566466444359746_Split_61.fasta', 19.97, 27.243, 15.789, 22.592
'PRANK_b0#0062_hhH_tree_0_OP_0.4657131574362508_Split_62.fasta', 24.932, 32.482, 22.847, 25.589
'PRANK_b0#0062_hhT_tree_81_OP_0.4058614503238694_Split_62.fasta', 24.684, 32.638, 19.896, 26.436
'PRANK_b0#0062_htH_tree_0_OP_0.4657131574362508_Split_62.fasta', 25.747, 33.54, 23.646, 25.703
'PRANK_b0#0062_htT_tree_81_OP_0.4058614503238694_Split_62.fasta', 25.285, 33.367, 20.707, 26.92
'PRANK_b0#0062_thH_tree_81_OP_0.4058614503238694_Split_62.fasta', 26.817, 34.742, 21.72, 28.286
'PRANK_b0#0062_thT_tree_0_OP_0.4657131574362508_Split_62.fasta', 25.786, 33.555, 23.237, 26.788
'PRANK_b0#0062_thT_tree_81_OP_0.4058614503238694_Split_62.fasta', 25.285, 33.367, 20.707, 26.92
'PRANK_b0#0062_ttT_tree_0_OP_0.4657131574362508_Split_62.fasta', 24.743, 32.426, 22.338, 25.292
'PRANK_b0#0063_htH_tree_71_OP_0.26664288485028304_Split_63.fasta', 31.76, 39.459, 26.836, 34.696
'PRANK_b0#0063_htT_tree_71_OP_0.26664288485028304_Split_63.fasta', 32.838, 41.02, 25.985, 35.934
'PRANK_b0#0063_thH_tree_71_OP_0.26664288485028304_Split_63.fasta', 31.736, 39.435, 26.84, 34.707
'PRANK_b0#0063_thT_tree_71_OP_0.26664288485028304_Split_63.fasta', 32.879, 41.053, 26.045, 35.973
'PRANK_b0#0065_hhH_tree_48_OP_0.33799514808893955_Split_65.fasta', 24.705, 32.121, 22.332, 27.167
'PRANK_b0#0065_htH_tree_48_OP_0.33799514808893955_Split_65.fasta', 25.633, 33.309, 23.032, 28.219
'PRANK_b0#0065_thH_tree_48_OP_0.33799514808893955_Split_65.fasta', 24.756, 32.185, 22.379, 27.24
'PRANK_b0#0065_thT_tree_48_OP_0.33799514808893955_Split_65.fasta', 26.034, 33.679, 23.089, 28.577
'PRANK_b0#0067_hhH_tree_6_OP_0.18497671267226667_Split_67.fasta', 33.011, 40.764, 29.798, 31.968
'PRANK_b0#0067_htH_tree_6_OP_0.18497671267226667_Split_67.fasta', 33.046, 40.797, 29.834, 32.004
'PRANK_b0#0067_thT_tree_6_OP_0.18497671267226667_Split_67.fasta', 34.035, 41.977, 30.964, 33.397
'PRANK_b0#0067_ttT_tree_6_OP_0.18497671267226667_Split_67.fasta', 34.018, 41.956, 30.954, 33.374
'PRANK_b0#0070_htH_tree_30_OP_0.20469024912096356_Split_70.fasta', 31.185, 38.902, 27.621, 34.386
'PRANK_b0#0070_htH_tree_43_OP_0.41666011848334805_Split_70.fasta', 35.974, 44.872, 29.574, 37.858
'PRANK_b0#0070_htT_tree_30_OP_0.20469024912096356_Split_70.fasta', 32.478, 40.161, 27.497, 35.992
'PRANK_b0#0070_thH_tree_30_OP_0.20469024912096356_Split_70.fasta', 30.145, 37.78, 26.432, 33.51
'PRANK_b0#0070_thH_tree_43_OP_0.41666011848334805_Split_70.fasta', 35.964, 44.869, 29.539, 37.818
'PRANK_b0#0070_ttH_tree_43_OP_0.41666011848334805_Split_70.fasta', 35.747, 44.748, 29.06, 37.962
'PRANK_b0#0070_ttT_tree_30_OP_0.20469024912096356_Split_70.fasta', 32.427, 40.072, 27.495, 35.981
'PRANK_b0#0070_ttT_tree_43_OP_0.41666011848334805_Split_70.fasta', 35.979, 44.932, 28.541, 37.757
'PRANK_b0#0073_htT_tree_10_OP_0.17197861239551077_Split_73.fasta', 25.434, 30.495, 26.442, 27.682
'PRANK_b0#0073_thH_tree_10_OP_0.17197861239551077_Split_73.fasta', 28.149, 34.315, 27.57, 32.141
'PRANK_b0#0073_ttH_tree_10_OP_0.17197861239551077_Split_73.fasta', 28.117, 34.296, 27.531, 32.106
'PRANK_b0#0073_ttT_tree_10_OP_0.17197861239551077_Split_73.fasta', 25.434, 30.495, 26.442, 27.682
'PRANK_b0#0077_hhH_tree_35_OP_0.23719613041625226_Split_77.fasta', 18.736, 25.801, 15.512, 23.149
'PRANK_b0#0077_hhT_tree_35_OP_0.23719613041625226_Split_77.fasta', 17.824, 24.813, 13.585, 22.844
'PRANK_b0#0077_htT_tree_35_OP_0.23719613041625226_Split_77.fasta', 16.745, 23.593, 12.737, 21.785
'PRANK_b0#0077_htT_tree_79_OP_0.39849921812999034_Split_77.fasta', 26.124, 31.978, 22.062, 25.712
'PRANK_b0#0077_thH_tree_35_OP_0.23719613041625226_Split_77.fasta', 18.124, 25.226, 15.005, 22.586
'PRANK_b0#0077_thH_tree_79_OP_0.39849921812999034_Split_77.fasta', 25.329, 30.962, 21.705, 24.653
'PRANK_b0#0077_thT_tree_79_OP_0.39849921812999034_Split_77.fasta', 26.59, 32.588, 23.666, 25.065
'PRANK_b0#0077_ttT_tree_79_OP_0.39849921812999034_Split_77.fasta', 26.614, 32.613, 23.884, 24.781
'PRANK_b0#0078_hhH_tree_86_OP_0.2347265646541319_Split_78.fasta', 20.975, 29.28, 15.364, 26.682
'PRANK_b0#0078_hhT_tree_53_OP_0.05303947942235687_Split_78.fasta', 28.314, 34.876, 23.861, 29.661
'PRANK_b0#0078_htH_tree_53_OP_0.05303947942235687_Split_78.fasta', 23.779, 29.959, 20.731, 24.086
'PRANK_b0#0078_htH_tree_86_OP_0.2347265646541319_Split_78.fasta', 20.904, 29.007, 15.642, 27.083
'PRANK_b0#0078_thH_tree_86_OP_0.2347265646541319_Split_78.fasta', 20.928, 29.155, 15.42, 26.583
'PRANK_b0#0078_thT_tree_53_OP_0.05303947942235687_Split_78.fasta', 28.314, 34.876, 23.861, 29.661
'PRANK_b0#0078_ttH_tree_53_OP_0.05303947942235687_Split_78.fasta', 23.737, 29.907, 20.197, 24.896
'PRANK_b0#0078_ttT_tree_86_OP_0.2347265646541319_Split_78.fasta', 20.817, 28.867, 15.619, 26.918
'PRANK_b0#0079_hhH_tree_88_OP_0.1810795500099957_Split_79.fasta', 20.468, 27.019, 17.628, 23.835
'PRANK_b0#0079_hhT_tree_88_OP_0.1810795500099957_Split_79.fasta', 21.288, 27.876, 18.507, 24.782
'PRANK_b0#0079_ttH_tree_88_OP_0.1810795500099957_Split_79.fasta', 20.478, 27.027, 17.637, 23.845
'PRANK_b0#0079_ttT_tree_88_OP_0.1810795500099957_Split_79.fasta', 21.148, 27.738, 18.369, 24.624
'PRANK_b0#0080_hhT_tree_3_OP_0.05125309180508808_Split_80.fasta', 41.187, 50.651, 38.325, 42.416
'PRANK_b0#0080_htH_tree_3_OP_0.05125309180508808_Split_80.fasta', 41.55, 50.991, 38.717, 42.991
'PRANK_b0#0080_htT_tree_3_OP_0.05125309180508808_Split_80.fasta', 41.003, 50.499, 38.164, 42.275
'PRANK_b0#0080_ttH_tree_3_OP_0.05125309180508808_Split_80.fasta', 41.497, 50.923, 38.643, 42.904
'PRANK_b0#0081_hhH_tree_5_OP_0.22898839817158656_Split_81.fasta', 35.0, 44.28, 30.766, 37.013
'PRANK_b0#0081_hhT_tree_51_OP_0.3986228120499837_Split_81.fasta', 36.361, 45.09, 30.376, 38.181
'PRANK_b0#0081_hhT_tree_73_OP_0.04516409856856096_Split_81.fasta', 40.597, 49.539, 33.064, 42.809
'PRANK_b0#0081_htH_tree_51_OP_0.3986228120499837_Split_81.fasta', 36.819, 45.833, 30.663, 38.971
'PRANK_b0#0081_htT_tree_5_OP_0.22898839817158656_Split_81.fasta', 35.17, 44.397, 30.262, 37.768
'PRANK_b0#0081_htT_tree_73_OP_0.04516409856856096_Split_81.fasta', 40.597, 49.539, 33.064, 42.809
'PRANK_b0#0081_thH_tree_5_OP_0.22898839817158656_Split_81.fasta', 34.971, 44.247, 30.738, 37.028
'PRANK_b0#0081_thH_tree_73_OP_0.04516409856856096_Split_81.fasta', 39.645, 48.283, 31.189, 42.366
'PRANK_b0#0081_thT_tree_51_OP_0.3986228120499837_Split_81.fasta', 35.773, 44.462, 31.021, 37.734
'PRANK_b0#0081_ttH_tree_51_OP_0.3986228120499837_Split_81.fasta', 37.377, 46.353, 32.487, 39.252
'PRANK_b0#0081_ttH_tree_73_OP_0.04516409856856096_Split_81.fasta', 39.547, 48.053, 31.079, 42.153
'PRANK_b0#0081_ttT_tree_5_OP_0.22898839817158656_Split_81.fasta', 35.17, 44.401, 30.257, 37.76
'PRANK_b0#0085_hhT_tree_59_OP_0.3079281034987719_Split_85.fasta', 22.604, 29.999, 15.544, 25.122
'PRANK_b0#0085_thT_tree_59_OP_0.3079281034987719_Split_85.fasta', 22.398, 29.796, 15.344, 24.862
'PRANK_b0#0085_ttH_tree_59_OP_0.3079281034987719_Split_85.fasta', 22.425, 29.833, 15.373, 24.764
'PRANK_b0#0085_ttT_tree_59_OP_0.3079281034987719_Split_85.fasta', 22.537, 29.942, 15.542, 24.904
'PRANK_b0#0086_hhH_tree_46_OP_0.17943757149806483_Split_86.fasta', 33.531, 41.844, 28.231, 34.509
'PRANK_b0#0086_hhT_tree_46_OP_0.17943757149806483_Split_86.fasta', 33.667, 41.956, 29.406, 33.78
'PRANK_b0#0086_hhT_tree_47_OP_0.4322745197435511_Split_86.fasta', 21.751, 30.012, 16.013, 23.382
'PRANK_b0#0086_htT_tree_47_OP_0.4322745197435511_Split_86.fasta', 21.448, 29.657, 15.19, 22.766
'PRANK_b0#0086_thT_tree_46_OP_0.17943757149806483_Split_86.fasta', 33.668, 42.002, 28.651, 34.775
'PRANK_b0#0086_thT_tree_47_OP_0.4322745197435511_Split_86.fasta', 22.94, 31.374, 16.411, 24.55
'PRANK_b0#0086_ttH_tree_46_OP_0.17943757149806483_Split_86.fasta', 34.205, 42.433, 30.691, 34.187
'PRANK_b0#0086_ttH_tree_47_OP_0.4322745197435511_Split_86.fasta', 21.655, 29.933, 17.956, 22.238
'PRANK_b0#0087_hhT_tree_44_OP_0.200818760412537_Split_87.fasta', 25.208, 31.453, 22.633, 27.577
'PRANK_b0#0087_htT_tree_44_OP_0.200818760412537_Split_87.fasta', 25.214, 31.459, 22.641, 27.582
'PRANK_b0#0087_thT_tree_44_OP_0.200818760412537_Split_87.fasta', 25.27, 31.512, 22.703, 27.637
'PRANK_b0#0087_ttT_tree_44_OP_0.200818760412537_Split_87.fasta', 25.243, 31.5, 21.395, 27.707
'PRANK_b0#0088_hhH_tree_14_OP_0.3064418702671071_Split_88.fasta', 12.654, 17.515, 10.097, 13.446
'PRANK_b0#0088_hhT_tree_92_OP_0.23387605000900108_Split_88.fasta', 34.484, 42.745, 29.955, 37.794
'PRANK_b0#0088_htH_tree_92_OP_0.23387605000900108_Split_88.fasta', 33.567, 41.384, 28.938, 36.944
'PRANK_b0#0088_htT_tree_14_OP_0.3064418702671071_Split_88.fasta', 13.898, 18.884, 12.088, 16.94
'PRANK_b0#0088_thH_tree_92_OP_0.23387605000900108_Split_88.fasta', 33.808, 41.653, 29.128, 37.171
'PRANK_b0#0088_thT_tree_14_OP_0.3064418702671071_Split_88.fasta', 13.969, 18.933, 12.15, 16.958
'PRANK_b0#0088_thT_tree_92_OP_0.23387605000900108_Split_88.fasta', 34.427, 42.344, 30.038, 37.897
'PRANK_b0#0088_ttH_tree_14_OP_0.3064418702671071_Split_88.fasta', 12.654, 17.515, 10.097, 13.446
'PRANK_b0#0089_hhH_tree_21_OP_0.22890592879188038_Split_89.fasta', 34.515, 43.378, 30.666, 33.904
'PRANK_b0#0089_htT_tree_21_OP_0.22890592879188038_Split_89.fasta', 34.013, 42.915, 30.184, 33.277
'PRANK_b0#0089_thH_tree_21_OP_0.22890592879188038_Split_89.fasta', 35.114, 44.144, 31.073, 34.474
'PRANK_b0#0089_ttT_tree_21_OP_0.22890592879188038_Split_89.fasta', 34.535, 43.589, 30.587, 33.836
'PRANK_b0#0090_hhT_tree_95_OP_0.1030307002700046_Split_90.fasta', 40.725, 50.219, 31.503, 41.29
'PRANK_b0#0090_thH_tree_95_OP_0.1030307002700046_Split_90.fasta', 42.324, 52.083, 30.893, 43.594
'PRANK_b0#0090_ttH_tree_95_OP_0.1030307002700046_Split_90.fasta', 42.674, 52.522, 34.169, 44.221
'PRANK_b0#0090_ttT_tree_95_OP_0.1030307002700046_Split_90.fasta', 41.081, 50.67, 31.761, 41.571
'PRANK_b0#0091_hhH_tree_4_OP_0.3917727204478945_Split_91.fasta', 26.377, 33.925, 22.138, 27.572
'PRANK_b0#0091_htT_tree_4_OP_0.3917727204478945_Split_91.fasta', 26.222, 33.628, 22.645, 27.264
'PRANK_b0#0091_thH_tree_4_OP_0.3917727204478945_Split_91.fasta', 26.079, 33.686, 21.67, 27.27
'PRANK_b0#0091_thT_tree_4_OP_0.3917727204478945_Split_91.fasta', 25.453, 32.845, 21.976, 26.743
'PRANK_b0#0096_hhH_tree_77_OP_0.06320220646162977_Split_96.fasta', 29.066, 35.586, 24.442, 33.085
'PRANK_b0#0096_hhT_tree_77_OP_0.06320220646162977_Split_96.fasta', 24.143, 29.363, 21.238, 28.417
'PRANK_b0#0096_htH_tree_77_OP_0.06320220646162977_Split_96.fasta', 29.066, 35.586, 24.442, 33.085
'PRANK_b0#0096_ttT_tree_77_OP_0.06320220646162977_Split_96.fasta', 23.907, 29.174, 20.953, 28.019
'PRANK_b1#0000_hhH_tree_61_OP_0.4330011748014624_Split_0.fasta', 22.689, 29.968, 18.861, 23.972
'PRANK_b1#0000_hhT_tree_61_OP_0.4330011748014624_Split_0.fasta', 23.331, 30.604, 20.247, 24.325
'PRANK_b1#0000_htH_tree_61_OP_0.4330011748014624_Split_0.fasta', 22.696, 29.975, 18.862, 23.981
'PRANK_b1#0000_htT_tree_61_OP_0.4330011748014624_Split_0.fasta', 23.329, 30.613, 20.23, 24.308
'PRANK_b1#0001_hhH_tree_89_OP_0.08315440018559267_Split_1.fasta', 44.58, 54.106, 37.128, 45.438
'PRANK_b1#0001_hhT_tree_89_OP_0.08315440018559267_Split_1.fasta', 44.677, 54.135, 37.25, 45.529
'PRANK_b1#0001_htH_tree_89_OP_0.08315440018559267_Split_1.fasta', 44.579, 54.089, 37.145, 45.44
'PRANK_b1#0001_htT_tree_89_OP_0.08315440018559267_Split_1.fasta', 44.575, 54.032, 37.153, 45.439
'PRANK_b1#0004_hhH_tree_20_OP_0.1825262028599538_Split_4.fasta', 28.315, 36.317, 22.198, 30.472
'PRANK_b1#0004_hhH_tree_2_OP_0.0971126692608415_Split_4.fasta', 24.882, 29.422, 21.524, 23.676
'PRANK_b1#0004_hhT_tree_20_OP_0.1825262028599538_Split_4.fasta', 30.721, 38.324, 25.358, 32.264
'PRANK_b1#0004_hhT_tree_2_OP_0.0971126692608415_Split_4.fasta', 22.757, 30.133, 18.019, 24.405
'PRANK_b1#0004_htH_tree_20_OP_0.1825262028599538_Split_4.fasta', 29.214, 37.226, 23.316, 31.214
'PRANK_b1#0004_htH_tree_2_OP_0.0971126692608415_Split_4.fasta', 24.861, 29.354, 21.866, 23.318
'PRANK_b1#0004_htT_tree_20_OP_0.1825262028599538_Split_4.fasta', 30.612, 38.199, 25.268, 32.164
'PRANK_b1#0004_htT_tree_2_OP_0.0971126692608415_Split_4.fasta', 22.867, 30.345, 18.032, 24.516
'PRANK_b1#0005_hhH_tree_67_OP_0.008476858088944328_Split_5.fasta', 44.675, 53.579, 41.439, 45.514
'PRANK_b1#0005_hhT_tree_67_OP_0.008476858088944328_Split_5.fasta', 41.759, 50.422, 39.329, 42.7
'PRANK_b1#0005_htH_tree_67_OP_0.008476858088944328_Split_5.fasta', 44.666, 53.57, 41.431, 45.506
'PRANK_b1#0005_htT_tree_67_OP_0.008476858088944328_Split_5.fasta', 41.726, 50.385, 39.275, 42.652
'PRANK_b1#0006_hhH_tree_90_OP_0.4673207261707267_Split_6.fasta', 25.216, 33.318, 20.88, 26.329
'PRANK_b1#0006_hhT_tree_90_OP_0.4673207261707267_Split_6.fasta', 24.764, 32.815, 21.076, 25.395
'PRANK_b1#0006_htH_tree_90_OP_0.4673207261707267_Split_6.fasta', 25.457, 33.653, 20.884, 26.344
'PRANK_b1#0006_htT_tree_90_OP_0.4673207261707267_Split_6.fasta', 25.604, 33.803, 21.164, 26.106
'PRANK_b1#0007_hhH_tree_41_OP_0.02098294888047958_Split_7.fasta', 27.914, 34.531, 21.849, 31.381
'PRANK_b1#0007_hhT_tree_41_OP_0.02098294888047958_Split_7.fasta', 27.558, 34.244, 21.301, 30.55
'PRANK_b1#0007_htH_tree_41_OP_0.02098294888047958_Split_7.fasta', 27.914, 34.531, 21.849, 31.381
'PRANK_b1#0007_htT_tree_41_OP_0.02098294888047958_Split_7.fasta', 27.558, 34.244, 21.301, 30.55
'PRANK_b1#0008_hhH_tree_15_OP_0.23700500204391878_Split_8.fasta', 18.743, 23.064, 16.248, 19.852
'PRANK_b1#0008_hhT_tree_15_OP_0.23700500204391878_Split_8.fasta', 12.341, 16.494, 10.12, 13.927
'PRANK_b1#0008_htH_tree_15_OP_0.23700500204391878_Split_8.fasta', 17.379, 21.573, 14.767, 18.295
'PRANK_b1#0008_htT_tree_15_OP_0.23700500204391878_Split_8.fasta', 17.965, 23.63, 15.769, 19.709
'PRANK_b1#0009_hhH_tree_29_OP_0.3263217068805121_Split_9.fasta', 9.712, 14.183, 5.61, 9.631
'PRANK_b1#0009_hhT_tree_29_OP_0.3263217068805121_Split_9.fasta', 9.508, 14.12, 5.404, 10.608
'PRANK_b1#0009_htH_tree_29_OP_0.3263217068805121_Split_9.fasta', 9.657, 14.123, 5.805, 9.515
'PRANK_b1#0009_htT_tree_29_OP_0.3263217068805121_Split_9.fasta', 9.396, 14.053, 5.006, 10.057
'PRANK_b1#0010_hhH_tree_55_OP_0.12131382649812672_Split_10.fasta', 36.222, 44.483, 28.829, 38.22
'PRANK_b1#0010_hhH_tree_78_OP_0.2199134490774199_Split_10.fasta', 7.807, 13.078, 4.878, 10.437
'PRANK_b1#0010_hhH_tree_93_OP_0.22235197408396468_Split_10.fasta', 39.295, 48.307, 36.437, 39.205
'PRANK_b1#0010_hhT_tree_55_OP_0.12131382649812672_Split_10.fasta', 36.342, 44.76, 28.827, 38.008
'PRANK_b1#0010_hhT_tree_78_OP_0.2199134490774199_Split_10.fasta', 6.363, 11.699, 3.699, 9.187
'PRANK_b1#0010_hhT_tree_93_OP_0.22235197408396468_Split_10.fasta', 39.444, 48.538, 36.534, 39.347
'PRANK_b1#0010_htH_tree_55_OP_0.12131382649812672_Split_10.fasta', 36.191, 44.445, 28.811, 38.189
'PRANK_b1#0010_htH_tree_78_OP_0.2199134490774199_Split_10.fasta', 7.794, 13.058, 5.072, 10.482
'PRANK_b1#0010_htH_tree_93_OP_0.22235197408396468_Split_10.fasta', 39.195, 48.193, 36.37, 39.089
'PRANK_b1#0010_htT_tree_55_OP_0.12131382649812672_Split_10.fasta', 36.249, 44.653, 28.727, 37.907
'PRANK_b1#0010_htT_tree_78_OP_0.2199134490774199_Split_10.fasta', 6.36, 11.698, 3.696, 9.185
'PRANK_b1#0010_htT_tree_93_OP_0.22235197408396468_Split_10.fasta', 39.639, 48.712, 36.295, 39.896
'PRANK_b1#0012_hhH_tree_39_OP_0.22687500454657905_Split_12.fasta', 40.938, 50.172, 34.279, 43.419
'PRANK_b1#0012_hhH_tree_42_OP_0.0496315149686164_Split_12.fasta', 36.448, 45.017, 29.35, 39.939
'PRANK_b1#0012_hhT_tree_39_OP_0.22687500454657905_Split_12.fasta', 41.278, 50.604, 33.578, 44.166
'PRANK_b1#0012_hhT_tree_42_OP_0.0496315149686164_Split_12.fasta', 37.387, 45.786, 30.742, 40.272
'PRANK_b1#0012_htH_tree_39_OP_0.22687500454657905_Split_12.fasta', 40.914, 50.154, 34.239, 43.377
'PRANK_b1#0012_htH_tree_42_OP_0.0496315149686164_Split_12.fasta', 36.25, 44.748, 29.214, 39.764
'PRANK_b1#0012_htT_tree_39_OP_0.22687500454657905_Split_12.fasta', 41.282, 50.61, 33.574, 44.175
'PRANK_b1#0012_htT_tree_42_OP_0.0496315149686164_Split_12.fasta', 37.422, 45.83, 30.743, 40.288
'PRANK_b1#0015_hhH_tree_18_OP_0.2024155938605975_Split_15.fasta', 38.587, 48.329, 30.261, 40.698
'PRANK_b1#0015_hhT_tree_18_OP_0.2024155938605975_Split_15.fasta', 40.265, 50.232, 33.36, 42.244
'PRANK_b1#0015_htH_tree_18_OP_0.2024155938605975_Split_15.fasta', 38.923, 48.755, 31.526, 41.39
'PRANK_b1#0015_htT_tree_18_OP_0.2024155938605975_Split_15.fasta', 40.269, 50.233, 33.366, 42.241
'PRANK_b1#0017_hhH_tree_25_OP_0.40331807202508463_Split_17.fasta', 26.902, 33.1, 24.688, 27.113
'PRANK_b1#0017_hhT_tree_25_OP_0.40331807202508463_Split_17.fasta', 25.921, 31.645, 21.396, 26.582
'PRANK_b1#0017_htH_tree_25_OP_0.40331807202508463_Split_17.fasta', 25.44, 31.382, 23.676, 26.058
'PRANK_b1#0017_htT_tree_25_OP_0.40331807202508463_Split_17.fasta', 25.272, 30.723, 20.814, 26.495
'PRANK_b1#0018_hhH_tree_75_OP_0.4799762788828158_Split_18.fasta', 24.784, 31.44, 20.079, 27.265
'PRANK_b1#0018_hhT_tree_75_OP_0.4799762788828158_Split_18.fasta', 25.803, 32.57, 20.787, 27.545
'PRANK_b1#0018_htH_tree_75_OP_0.4799762788828158_Split_18.fasta', 23.88, 30.666, 19.739, 26.639
'PRANK_b1#0018_htT_tree_75_OP_0.4799762788828158_Split_18.fasta', 24.679, 31.371, 20.0, 26.712
'PRANK_b1#0020_hhH_tree_32_OP_0.46510307915842913_Split_20.fasta', 7.608, 12.253, 4.426, 7.783
'PRANK_b1#0020_hhH_tree_45_OP_0.34336798907063576_Split_20.fasta', 38.752, 48.538, 31.31, 42.947
'PRANK_b1#0020_hhT_tree_32_OP_0.46510307915842913_Split_20.fasta', 10.318, 15.915, 5.997, 11.931
'PRANK_b1#0020_hhT_tree_45_OP_0.34336798907063576_Split_20.fasta', 36.925, 46.511, 30.698, 40.098
'PRANK_b1#0020_htH_tree_32_OP_0.46510307915842913_Split_20.fasta', 6.817, 11.588, 4.069, 7.303
'PRANK_b1#0020_htH_tree_45_OP_0.34336798907063576_Split_20.fasta', 38.692, 48.48, 31.283, 42.802
'PRANK_b1#0020_htT_tree_32_OP_0.46510307915842913_Split_20.fasta', 10.534, 16.144, 6.211, 12.078
'PRANK_b1#0020_htT_tree_45_OP_0.34336798907063576_Split_20.fasta', 36.427, 46.105, 30.707, 38.647
'PRANK_b1#0021_hhH_tree_72_OP_0.03379288926432422_Split_21.fasta', 36.387, 42.685, 34.182, 38.419
'PRANK_b1#0021_hhT_tree_72_OP_0.03379288926432422_Split_21.fasta', 34.273, 39.298, 31.652, 32.285
'PRANK_b1#0021_htH_tree_72_OP_0.03379288926432422_Split_21.fasta', 36.41, 42.709, 34.203, 38.446
'PRANK_b1#0021_htT_tree_72_OP_0.03379288926432422_Split_21.fasta', 33.982, 38.98, 31.53, 32.223
'PRANK_b1#0022_hhH_tree_82_OP_0.3028561213552523_Split_22.fasta', 22.241, 27.172, 18.577, 20.847
'PRANK_b1#0022_hhH_tree_83_OP_0.37330283834351374_Split_22.fasta', 42.158, 51.717, 33.681, 44.245
'PRANK_b1#0022_hhT_tree_82_OP_0.3028561213552523_Split_22.fasta', 23.032, 29.427, 20.696, 23.992
'PRANK_b1#0022_hhT_tree_83_OP_0.37330283834351374_Split_22.fasta', 32.276, 39.816, 25.723, 32.378
'PRANK_b1#0022_htH_tree_82_OP_0.3028561213552523_Split_22.fasta', 22.953, 28.093, 19.262, 21.689
'PRANK_b1#0022_htH_tree_83_OP_0.37330283834351374_Split_22.fasta', 42.267, 51.849, 33.778, 44.367
'PRANK_b1#0022_htT_tree_82_OP_0.3028561213552523_Split_22.fasta', 23.125, 29.519, 20.812, 24.091
'PRANK_b1#0022_htT_tree_83_OP_0.37330283834351374_Split_22.fasta', 32.578, 40.161, 26.334, 32.543
'PRANK_b1#0024_hhH_tree_12_OP_0.12503863659849623_Split_24.fasta', 30.476, 37.929, 26.668, 35.98
'PRANK_b1#0024_hhH_tree_28_OP_0.026059464327883253_Split_24.fasta', 38.087, 45.816, 33.433, 41.379
'PRANK_b1#0024_hhH_tree_34_OP_0.3871869419205337_Split_24.fasta', 35.999, 44.848, 31.294, 38.042
'PRANK_b1#0024_hhH_tree_58_OP_0.4060880752132891_Split_24.fasta', 32.602, 40.484, 27.994, 33.666
'PRANK_b1#0024_hhH_tree_65_OP_0.2277419037379937_Split_24.fasta', 24.319, 32.51, 19.515, 27.885
'PRANK_b1#0024_hhT_tree_12_OP_0.12503863659849623_Split_24.fasta', 29.986, 37.395, 26.135, 35.482
'PRANK_b1#0024_hhT_tree_28_OP_0.026059464327883253_Split_24.fasta', 37.858, 45.717, 31.861, 42.038
'PRANK_b1#0024_hhT_tree_34_OP_0.3871869419205337_Split_24.fasta', 31.9, 39.767, 28.654, 33.763
'PRANK_b1#0024_hhT_tree_58_OP_0.4060880752132891_Split_24.fasta', 33.596, 41.839, 27.972, 34.886
'PRANK_b1#0024_hhT_tree_65_OP_0.2277419037379937_Split_24.fasta', 25.341, 33.18, 20.96, 28.55
'PRANK_b1#0024_htH_tree_12_OP_0.12503863659849623_Split_24.fasta', 30.373, 37.804, 26.582, 35.875
'PRANK_b1#0024_htH_tree_28_OP_0.026059464327883253_Split_24.fasta', 38.087, 45.816, 33.433, 41.379
'PRANK_b1#0024_htH_tree_34_OP_0.3871869419205337_Split_24.fasta', 34.51, 42.581, 29.183, 36.567
'PRANK_b1#0024_htH_tree_58_OP_0.4060880752132891_Split_24.fasta', 36.101, 44.899, 29.341, 37.665
'PRANK_b1#0024_htH_tree_65_OP_0.2277419037379937_Split_24.fasta', 24.434, 32.7, 19.535, 28.015
'PRANK_b1#0024_htT_tree_12_OP_0.12503863659849623_Split_24.fasta', 29.986, 37.395, 26.135, 35.482
'PRANK_b1#0024_htT_tree_28_OP_0.026059464327883253_Split_24.fasta', 37.852, 45.71, 31.855, 42.03
'PRANK_b1#0024_htT_tree_34_OP_0.3871869419205337_Split_24.fasta', 33.493, 41.793, 30.02, 35.18
'PRANK_b1#0024_htT_tree_58_OP_0.4060880752132891_Split_24.fasta', 33.611, 41.9, 27.97, 34.945
'PRANK_b1#0024_htT_tree_65_OP_0.2277419037379937_Split_24.fasta', 25.361, 33.196, 20.967, 28.541
'PRANK_b1#0026_hhH_tree_87_OP_0.11403984600375927_Split_26.fasta', 23.54, 28.555, 21.335, 25.142
'PRANK_b1#0026_hhT_tree_87_OP_0.11403984600375927_Split_26.fasta', 28.926, 34.252, 26.57, 30.862
'PRANK_b1#0026_htH_tree_87_OP_0.11403984600375927_Split_26.fasta', 23.61, 28.606, 21.439, 25.249
'PRANK_b1#0026_htT_tree_87_OP_0.11403984600375927_Split_26.fasta', 28.938, 34.26, 26.59, 30.882
'PRANK_b1#0028_hhH_tree_70_OP_0.3490789034502281_Split_28.fasta', 18.696, 26.306, 12.059, 20.853
'PRANK_b1#0028_hhT_tree_70_OP_0.3490789034502281_Split_28.fasta', 22.201, 30.034, 20.054, 21.267
'PRANK_b1#0028_htH_tree_70_OP_0.3490789034502281_Split_28.fasta', 24.376, 32.807, 16.84, 24.909
'PRANK_b1#0028_htT_tree_70_OP_0.3490789034502281_Split_28.fasta', 25.467, 33.889, 18.412, 25.966
'PRANK_b1#0029_hhH_tree_1_OP_0.05363264786522631_Split_29.fasta', 21.339, 27.837, 17.99, 22.718
'PRANK_b1#0029_hhH_tree_62_OP_0.09025347905865139_Split_29.fasta', 20.002, 26.199, 16.126, 25.338
'PRANK_b1#0029_hhT_tree_1_OP_0.05363264786522631_Split_29.fasta', 20.506, 26.894, 15.358, 22.806
'PRANK_b1#0029_hhT_tree_62_OP_0.09025347905865139_Split_29.fasta', 22.213, 28.494, 19.52, 27.606
'PRANK_b1#0029_htH_tree_1_OP_0.05363264786522631_Split_29.fasta', 21.306, 27.783, 16.052, 23.622
'PRANK_b1#0029_htH_tree_62_OP_0.09025347905865139_Split_29.fasta', 20.002, 26.199, 16.126, 25.338
'PRANK_b1#0029_htT_tree_1_OP_0.05363264786522631_Split_29.fasta', 20.592, 26.998, 17.456, 21.933
'PRANK_b1#0029_htT_tree_62_OP_0.09025347905865139_Split_29.fasta', 22.217, 28.5, 19.522, 27.609
'PRANK_b1#0030_hhH_tree_68_OP_0.2161589229083642_Split_30.fasta', 38.59, 47.805, 27.729, 39.462
'PRANK_b1#0030_hhT_tree_68_OP_0.2161589229083642_Split_30.fasta', 39.055, 48.32, 30.063, 39.826
'PRANK_b1#0030_htH_tree_68_OP_0.2161589229083642_Split_30.fasta', 40.169, 49.313, 29.549, 41.141
'PRANK_b1#0030_htT_tree_68_OP_0.2161589229083642_Split_30.fasta', 38.996, 48.258, 30.01, 39.776
'PRANK_b1#0032_hhH_tree_17_OP_0.0883996370966601_Split_32.fasta', 19.931, 26.397, 16.098, 21.054
'PRANK_b1#0032_hhH_tree_31_OP_0.2991272106085847_Split_32.fasta', 44.373, 53.896, 36.914, 46.522
'PRANK_b1#0032_hhH_tree_57_OP_0.01035969654869301_Split_32.fasta', 37.94, 45.495, 33.258, 42.348
'PRANK_b1#0032_hhH_tree_74_OP_0.34003546929790274_Split_32.fasta', 38.022, 47.575, 27.593, 38.195
'PRANK_b1#0032_hhH_tree_76_OP_0.3744455664317578_Split_32.fasta', 23.113, 30.722, 15.263, 24.673
'PRANK_b1#0032_hhT_tree_17_OP_0.0883996370966601_Split_32.fasta', 18.69, 24.65, 14.619, 20.157
'PRANK_b1#0032_hhT_tree_31_OP_0.2991272106085847_Split_32.fasta', 43.262, 52.8, 36.535, 45.434
'PRANK_b1#0032_hhT_tree_57_OP_0.01035969654869301_Split_32.fasta', 38.386, 46.161, 33.923, 42.738
'PRANK_b1#0032_hhT_tree_74_OP_0.34003546929790274_Split_32.fasta', 26.719, 34.502, 19.74, 28.312
'PRANK_b1#0032_hhT_tree_76_OP_0.3744455664317578_Split_32.fasta', 20.735, 27.613, 15.052, 22.143
'PRANK_b1#0032_htH_tree_17_OP_0.0883996370966601_Split_32.fasta', 20.03, 26.491, 16.165, 21.128
'PRANK_b1#0032_htH_tree_31_OP_0.2991272106085847_Split_32.fasta', 44.372, 53.918, 36.895, 46.5
'PRANK_b1#0032_htH_tree_57_OP_0.01035969654869301_Split_32.fasta', 37.94, 45.495, 33.258, 42.348
'PRANK_b1#0032_htH_tree_74_OP_0.34003546929790274_Split_32.fasta', 28.23, 35.803, 21.797, 29.497
'PRANK_b1#0032_htH_tree_76_OP_0.3744455664317578_Split_32.fasta', 23.094, 30.718, 15.232, 24.676
'PRANK_b1#0032_htT_tree_17_OP_0.0883996370966601_Split_32.fasta', 18.796, 24.772, 14.72, 20.258
'PRANK_b1#0032_htT_tree_31_OP_0.2991272106085847_Split_32.fasta', 43.262, 52.8, 36.535, 45.434
'PRANK_b1#0032_htT_tree_57_OP_0.01035969654869301_Split_32.fasta', 38.371, 46.134, 33.859, 42.794
'PRANK_b1#0032_htT_tree_74_OP_0.34003546929790274_Split_32.fasta', 37.808, 47.372, 27.476, 37.828
'PRANK_b1#0032_htT_tree_76_OP_0.3744455664317578_Split_32.fasta', 20.735, 27.613, 15.052, 22.143
'PRANK_b1#0034_hhH_tree_33_OP_0.48048927330141855_Split_34.fasta', 10.889, 18.125, 6.895, 12.16
'PRANK_b1#0034_hhH_tree_52_OP_0.03486385316080837_Split_34.fasta', 23.75, 29.48, 19.702, 28.137
'PRANK_b1#0034_hhT_tree_33_OP_0.48048927330141855_Split_34.fasta', 18.87, 26.103, 15.045, 19.463
'PRANK_b1#0034_hhT_tree_52_OP_0.03486385316080837_Split_34.fasta', 21.206, 26.521, 19.868, 26.163
'PRANK_b1#0034_htH_tree_33_OP_0.48048927330141855_Split_34.fasta', 18.845, 26.36, 14.759, 20.106
'PRANK_b1#0034_htH_tree_52_OP_0.03486385316080837_Split_34.fasta', 23.756, 29.483, 19.713, 28.142
'PRANK_b1#0034_htT_tree_33_OP_0.48048927330141855_Split_34.fasta', 19.197, 26.501, 15.319, 19.821
'PRANK_b1#0034_htT_tree_52_OP_0.03486385316080837_Split_34.fasta', 21.206, 26.521, 19.868, 26.163
'PRANK_b1#0036_hhH_tree_8_OP_0.3698786236358351_Split_36.fasta', 29.983, 39.898, 23.309, 31.781
'PRANK_b1#0036_hhT_tree_8_OP_0.3698786236358351_Split_36.fasta', 29.852, 39.772, 23.222, 31.697
'PRANK_b1#0036_htH_tree_8_OP_0.3698786236358351_Split_36.fasta', 30.332, 39.964, 23.699, 33.019
'PRANK_b1#0036_htT_tree_8_OP_0.3698786236358351_Split_36.fasta', 30.935, 40.721, 25.593, 32.497
'PRANK_b1#0037_hhH_tree_19_OP_0.2601680197593299_Split_37.fasta', 33.803, 40.919, 28.457, 37.025
'PRANK_b1#0037_hhT_tree_19_OP_0.2601680197593299_Split_37.fasta', 34.542, 41.75, 29.107, 38.036
'PRANK_b1#0037_htH_tree_19_OP_0.2601680197593299_Split_37.fasta', 33.717, 40.788, 28.452, 36.915
'PRANK_b1#0037_htT_tree_19_OP_0.2601680197593299_Split_37.fasta', 34.511, 41.72, 29.057, 37.99
'PRANK_b1#0038_hhH_tree_22_OP_0.1313757710015392_Split_38.fasta', 29.422, 36.659, 26.491, 29.933
'PRANK_b1#0038_hhH_tree_38_OP_0.29843463616112814_Split_38.fasta', 40.626, 50.321, 33.126, 43.351
'PRANK_b1#0038_hhH_tree_91_OP_0.31689700001611826_Split_38.fasta', 35.95, 44.497, 30.276, 36.777
'PRANK_b1#0038_hhT_tree_22_OP_0.1313757710015392_Split_38.fasta', 28.834, 36.209, 25.727, 29.579
'PRANK_b1#0038_hhT_tree_38_OP_0.29843463616112814_Split_38.fasta', 40.597, 50.375, 35.001, 42.449
'PRANK_b1#0038_hhT_tree_91_OP_0.31689700001611826_Split_38.fasta', 35.591, 44.05, 29.881, 36.503
'PRANK_b1#0038_htH_tree_22_OP_0.1313757710015392_Split_38.fasta', 29.552, 36.775, 26.638, 30.049
'PRANK_b1#0038_htH_tree_38_OP_0.29843463616112814_Split_38.fasta', 40.646, 50.339, 33.135, 43.345
'PRANK_b1#0038_htH_tree_91_OP_0.31689700001611826_Split_38.fasta', 36.023, 44.706, 29.489, 38.646
'PRANK_b1#0038_htT_tree_22_OP_0.1313757710015392_Split_38.fasta', 28.84, 36.178, 25.768, 29.646
'PRANK_b1#0038_htT_tree_38_OP_0.29843463616112814_Split_38.fasta', 40.597, 50.375, 35.001, 42.449
'PRANK_b1#0038_htT_tree_91_OP_0.31689700001611826_Split_38.fasta', 35.639, 43.97, 29.752, 36.343
'PRANK_b1#0040_hhH_tree_27_OP_0.14896923282821622_Split_40.fasta', 44.996, 55.204, 36.053, 48.852
'PRANK_b1#0040_hhH_tree_9_OP_0.3803136599863731_Split_40.fasta', 16.106, 22.421, 11.238, 15.327
'PRANK_b1#0040_hhT_tree_27_OP_0.14896923282821622_Split_40.fasta', 45.294, 55.524, 36.085, 49.562
'PRANK_b1#0040_hhT_tree_9_OP_0.3803136599863731_Split_40.fasta', 13.799, 19.88, 9.35, 13.311
'PRANK_b1#0040_htH_tree_27_OP_0.14896923282821622_Split_40.fasta', 44.997, 55.205, 36.058, 48.855
'PRANK_b1#0040_htH_tree_9_OP_0.3803136599863731_Split_40.fasta', 15.781, 22.037, 11.03, 15.057
'PRANK_b1#0040_htT_tree_27_OP_0.14896923282821622_Split_40.fasta', 45.547, 55.761, 36.761, 49.403
'PRANK_b1#0040_htT_tree_9_OP_0.3803136599863731_Split_40.fasta', 14.093, 20.248, 9.536, 13.579
'PRANK_b1#0041_hhH_tree_98_OP_0.2156405548443302_Split_41.fasta', 18.053, 24.501, 15.633, 20.955
'PRANK_b1#0041_hhT_tree_98_OP_0.2156405548443302_Split_41.fasta', 19.812, 26.215, 17.695, 22.36
'PRANK_b1#0041_htH_tree_98_OP_0.2156405548443302_Split_41.fasta', 18.126, 24.567, 15.647, 20.821
'PRANK_b1#0041_htT_tree_98_OP_0.2156405548443302_Split_41.fasta', 19.725, 26.139, 17.608, 22.286
'PRANK_b1#0042_hhH_tree_26_OP_0.19458729828343746_Split_42.fasta', 43.807, 53.953, 34.81, 45.371
'PRANK_b1#0042_hhH_tree_50_OP_0.41441335319694456_Split_42.fasta', 26.766, 34.148, 24.155, 27.65
'PRANK_b1#0042_hhT_tree_26_OP_0.19458729828343746_Split_42.fasta', 41.024, 50.404, 39.247, 39.915
'PRANK_b1#0042_hhT_tree_50_OP_0.41441335319694456_Split_42.fasta', 25.979, 32.876, 23.59, 26.661
'PRANK_b1#0042_htH_tree_26_OP_0.19458729828343746_Split_42.fasta', 41.498, 51.101, 33.246, 42.891
'PRANK_b1#0042_htH_tree_50_OP_0.41441335319694456_Split_42.fasta', 26.196, 33.301, 23.761, 26.968
'PRANK_b1#0042_htT_tree_26_OP_0.19458729828343746_Split_42.fasta', 41.093, 50.496, 39.304, 39.986
'PRANK_b1#0042_htT_tree_50_OP_0.41441335319694456_Split_42.fasta', 25.937, 32.835, 23.529, 26.603
'PRANK_b1#0044_hhH_tree_66_OP_0.002445136450722696_Split_44.fasta', 33.995, 41.325, 25.891, 35.869
'PRANK_b1#0044_hhT_tree_66_OP_0.002445136450722696_Split_44.fasta', 30.707, 37.926, 25.523, 31.094
'PRANK_b1#0044_htH_tree_66_OP_0.002445136450722696_Split_44.fasta', 38.343, 46.345, 35.635, 38.84
'PRANK_b1#0044_htT_tree_66_OP_0.002445136450722696_Split_44.fasta', 36.316, 44.349, 33.55, 37.397
'PRANK_b1#0047_hhH_tree_49_OP_0.3808211405032018_Split_47.fasta', 27.648, 35.735, 23.738, 29.156
'PRANK_b1#0047_hhH_tree_54_OP_0.19617966006842125_Split_47.fasta', 27.274, 33.829, 22.713, 28.933
'PRANK_b1#0047_hhH_tree_94_OP_0.02673109171310184_Split_47.fasta', 39.922, 48.725, 38.709, 42.495
'PRANK_b1#0047_hhT_tree_49_OP_0.3808211405032018_Split_47.fasta', 29.73, 37.778, 24.183, 32.47
'PRANK_b1#0047_hhT_tree_54_OP_0.19617966006842125_Split_47.fasta', 40.324, 48.849, 33.572, 42.418
'PRANK_b1#0047_hhT_tree_94_OP_0.02673109171310184_Split_47.fasta', 40.883, 50.33, 37.746, 42.923
'PRANK_b1#0047_htH_tree_49_OP_0.3808211405032018_Split_47.fasta', 30.136, 38.26, 24.502, 32.534
'PRANK_b1#0047_htH_tree_54_OP_0.19617966006842125_Split_47.fasta', 27.278, 33.822, 22.717, 28.942
'PRANK_b1#0047_htH_tree_94_OP_0.02673109171310184_Split_47.fasta', 39.027, 47.635, 37.627, 40.378
'PRANK_b1#0047_htT_tree_49_OP_0.3808211405032018_Split_47.fasta', 29.89, 37.923, 24.343, 32.624
'PRANK_b1#0047_htT_tree_54_OP_0.19617966006842125_Split_47.fasta', 40.618, 49.159, 33.714, 42.882
'PRANK_b1#0047_htT_tree_94_OP_0.02673109171310184_Split_47.fasta', 40.908, 50.357, 37.792, 42.963
'23410', 54.434, 65.57, 46.899, 56.478
