code_BLOSUM62_GO_-6_GE_-1,sp_HENIKOFF_with_gaps_BLOSUM62_GO_-6_GE_-1,sp_HENIKOFF_without_gaps_BLOSUM62_GO_-6_GE_-1,sp_CLUSTAL_WEIGHTS_mid_root_BLOSUM62_GO_-6_GE_-1,sp_CLUSTAL_WEIGHTS_diff_sum_BLOSUM62_GO_-6_GE_-1
'bali_phy_msa.1.fas', -71.999, -74.566, -60.865, -74.601
'bali_phy_msa.10.fas', 1.961, 7.631, -0.68, -0.446
'bali_phy_msa.100.fas', 1.939, 7.31, -1.655, -1.566
'bali_phy_msa.101.fas', 1.742, 7.317, 0.475, -1.029
'bali_phy_msa.102.fas', -2.619, 1.897, -3.093, -5.905
'bali_phy_msa.103.fas', 0.554, 5.687, -0.466, -2.627
'bali_phy_msa.104.fas', 2.678, 8.606, 1.21, -0.042
'bali_phy_msa.105.fas', 1.06, 6.125, 0.234, -1.657
'bali_phy_msa.106.fas', 1.488, 7.121, 2.889, -1.809
'bali_phy_msa.107.fas', 2.325, 7.611, -1.297, -0.245
'bali_phy_msa.108.fas', 1.292, 6.542, -0.383, -1.083
'bali_phy_msa.109.fas', 2.846, 8.449, -0.006, 0.177
'bali_phy_msa.11.fas', 1.31, 6.49, -1.817, -0.828
'bali_phy_msa.110.fas', 2.406, 7.784, 0.032, 0.172
'bali_phy_msa.111.fas', -0.332, 4.498, -1.687, -3.275
'bali_phy_msa.112.fas', 1.443, 6.577, 1.279, -1.628
'bali_phy_msa.113.fas', 0.809, 6.011, -0.176, -2.219
'bali_phy_msa.114.fas', 0.504, 5.849, -2.0, -2.179
'bali_phy_msa.115.fas', 2.656, 8.346, -1.57, 0.861
'bali_phy_msa.116.fas', 1.866, 7.264, -0.267, -1.553
'bali_phy_msa.117.fas', -1.245, 3.412, -2.289, -4.895
'bali_phy_msa.118.fas', 1.642, 7.017, -1.879, -0.944
'bali_phy_msa.119.fas', 1.458, 6.792, -0.434, -1.681
'bali_phy_msa.12.fas', 2.44, 7.988, -1.647, -0.744
'bali_phy_msa.120.fas', 0.259, 5.1, -1.24, -3.098
'bali_phy_msa.121.fas', 1.088, 6.052, -0.979, -2.508
'bali_phy_msa.122.fas', 2.805, 8.336, -1.44, 0.659
'bali_phy_msa.123.fas', 1.272, 6.512, -2.183, -0.28
'bali_phy_msa.124.fas', -0.31, 4.375, -2.768, -3.544
'bali_phy_msa.125.fas', 2.544, 7.87, 3.633, -0.872
'bali_phy_msa.126.fas', -0.071, 4.637, -0.894, -3.006
'bali_phy_msa.127.fas', 1.349, 6.513, -1.977, -0.47
'bali_phy_msa.128.fas', 2.436, 8.042, -1.154, -1.426
'bali_phy_msa.129.fas', 2.009, 7.345, -1.862, -0.327
'bali_phy_msa.13.fas', 2.074, 7.678, -0.532, 0.014
'bali_phy_msa.130.fas', 0.37, 5.586, -1.022, -2.52
'bali_phy_msa.131.fas', 1.146, 6.495, -1.208, -1.897
'bali_phy_msa.132.fas', 1.592, 6.758, 0.466, -1.287
'bali_phy_msa.133.fas', 1.534, 6.781, -0.549, -2.185
'bali_phy_msa.134.fas', 1.758, 7.229, 0.029, -0.906
'bali_phy_msa.135.fas', 2.371, 7.702, 0.811, -0.698
'bali_phy_msa.136.fas', 1.975, 7.501, -1.088, 0.041
'bali_phy_msa.137.fas', 1.855, 7.201, -0.76, -0.779
'bali_phy_msa.138.fas', 0.976, 6.097, -0.111, -1.611
'bali_phy_msa.139.fas', 0.34, 5.193, -1.6, -2.239
'bali_phy_msa.14.fas', 2.866, 8.714, -0.143, 0.974
'bali_phy_msa.140.fas', 1.553, 6.857, -1.71, -0.068
'bali_phy_msa.141.fas', 0.764, 5.696, 0.437, -2.419
'bali_phy_msa.142.fas', 3.749, 9.611, 0.563, 2.102
'bali_phy_msa.143.fas', 2.618, 8.3, 0.934, -0.327
'bali_phy_msa.144.fas', 0.567, 5.685, -1.678, -2.551
'bali_phy_msa.145.fas', -1.327, 3.043, -2.045, -4.423
'bali_phy_msa.146.fas', 2.313, 7.806, -1.669, -0.529
'bali_phy_msa.147.fas', 1.161, 6.353, 2.913, -1.638
'bali_phy_msa.148.fas', -0.216, 4.733, -1.687, -3.043
'bali_phy_msa.149.fas', 0.494, 5.695, -0.755, -1.884
'bali_phy_msa.15.fas', -0.108, 4.701, -2.559, -2.72
'bali_phy_msa.150.fas', -1.152, 3.668, -4.281, -4.034
'bali_phy_msa.151.fas', -3.307, 0.949, -2.607, -6.332
'bali_phy_msa.152.fas', 1.722, 6.968, 0.048, -1.415
'bali_phy_msa.153.fas', 1.13, 6.52, -3.167, -1.194
'bali_phy_msa.154.fas', 0.845, 5.936, -1.151, -1.952
'bali_phy_msa.155.fas', 1.505, 6.788, 1.025, -0.961
'bali_phy_msa.156.fas', 2.12, 7.465, 1.241, -0.548
'bali_phy_msa.157.fas', 0.123, 5.26, -1.724, -2.067
'bali_phy_msa.158.fas', -0.284, 4.755, -1.025, -3.267
'bali_phy_msa.159.fas', 1.172, 6.301, 0.214, -1.079
'bali_phy_msa.16.fas', 0.446, 5.378, -1.191, -2.66
'bali_phy_msa.160.fas', 2.771, 8.476, 1.174, -0.199
'bali_phy_msa.161.fas', 1.913, 7.474, 0.951, -0.57
'bali_phy_msa.162.fas', 2.66, 8.347, 2.282, -0.103
'bali_phy_msa.163.fas', 0.452, 5.367, -1.04, -2.613
'bali_phy_msa.164.fas', 0.899, 6.051, -0.382, -2.172
'bali_phy_msa.165.fas', 3.065, 8.672, -1.059, 0.456
'bali_phy_msa.166.fas', 0.505, 5.408, -0.844, -3.032
'bali_phy_msa.167.fas', -0.662, 3.956, -1.53, -3.479
'bali_phy_msa.168.fas', 0.019, 5.089, -1.528, -2.816
'bali_phy_msa.169.fas', -2.679, 1.851, -5.447, -5.351
'bali_phy_msa.17.fas', 0.119, 5.198, -3.261, -2.545
'bali_phy_msa.170.fas', 0.51, 5.627, -2.422, -3.263
'bali_phy_msa.171.fas', 2.533, 8.185, 1.237, -0.225
'bali_phy_msa.172.fas', 1.085, 6.452, -0.522, -2.193
'bali_phy_msa.173.fas', 1.138, 6.462, 0.244, -1.21
'bali_phy_msa.174.fas', 2.147, 7.743, -0.088, -1.513
'bali_phy_msa.175.fas', 0.527, 5.887, -4.068, -1.835
'bali_phy_msa.176.fas', 2.017, 7.388, 0.452, -0.957
'bali_phy_msa.177.fas', -0.937, 3.779, -3.798, -4.253
'bali_phy_msa.178.fas', 2.439, 7.97, -0.655, 0.315
'bali_phy_msa.179.fas', 2.765, 8.422, 1.915, 0.345
'bali_phy_msa.18.fas', 2.194, 7.614, -1.034, -0.017
'bali_phy_msa.180.fas', -0.526, 4.278, -3.268, -2.927
'bali_phy_msa.181.fas', 1.162, 6.398, -0.938, -1.938
'bali_phy_msa.182.fas', 1.087, 6.167, -0.358, -1.876
'bali_phy_msa.183.fas', 1.873, 7.555, -2.15, -0.7
'bali_phy_msa.184.fas', 2.764, 8.227, 0.33, -0.823
'bali_phy_msa.185.fas', -0.643, 4.313, -4.059, -3.348
'bali_phy_msa.186.fas', 1.419, 6.665, -1.21, -1.429
'bali_phy_msa.187.fas', 2.626, 8.014, -0.6, -0.377
'bali_phy_msa.188.fas', 1.039, 6.156, -0.401, -1.839
'bali_phy_msa.189.fas', 1.771, 7.147, -2.408, -0.553
'bali_phy_msa.19.fas', -0.198, 4.877, -1.121, -3.41
'bali_phy_msa.190.fas', 0.22, 5.274, -3.355, -1.742
'bali_phy_msa.191.fas', -1.196, 3.395, -4.097, -4.859
'bali_phy_msa.192.fas', 2.165, 7.91, 0.461, -0.738
'bali_phy_msa.193.fas', 1.097, 6.388, -3.646, -2.446
'bali_phy_msa.194.fas', 1.173, 6.323, -0.533, -1.762
'bali_phy_msa.195.fas', 2.057, 7.539, 0.334, 0.364
'bali_phy_msa.196.fas', 1.4, 6.843, -1.175, -1.18
'bali_phy_msa.197.fas', 2.188, 7.781, 0.424, -1.071
'bali_phy_msa.198.fas', 2.761, 8.096, 1.287, -0.389
'bali_phy_msa.199.fas', -1.491, 2.963, -1.659, -4.696
'bali_phy_msa.2.fas', -1.022, 3.564, -1.053, -3.543
'bali_phy_msa.20.fas', 0.081, 4.894, -0.632, -2.618
'bali_phy_msa.200.fas', 0.677, 6.048, 0.221, -2.014
'bali_phy_msa.201.fas', 1.853, 7.295, 0.854, -0.906
'bali_phy_msa.202.fas', -0.167, 4.742, 1.249, -3.959
'bali_phy_msa.203.fas', 2.105, 7.528, 0.83, -0.686
'bali_phy_msa.204.fas', -0.283, 4.655, -4.169, -3.106
'bali_phy_msa.205.fas', 0.859, 6.124, -0.994, -1.135
'bali_phy_msa.206.fas', 0.319, 5.121, 0.545, -3.047
'bali_phy_msa.207.fas', -4.039, 0.272, -4.931, -6.633
'bali_phy_msa.208.fas', -5.741, -1.865, -7.6, -9.1
'bali_phy_msa.209.fas', 1.042, 6.074, 0.101, -1.965
'bali_phy_msa.21.fas', 2.266, 7.662, 1.52, -0.211
'bali_phy_msa.210.fas', 1.711, 6.657, 0.585, -1.701
'bali_phy_msa.211.fas', -0.523, 4.106, -1.265, -3.779
'bali_phy_msa.212.fas', 1.461, 6.772, -2.352, 0.202
'bali_phy_msa.213.fas', 1.516, 6.594, -0.261, -2.075
'bali_phy_msa.214.fas', 1.521, 6.904, 0.454, -1.37
'bali_phy_msa.215.fas', 0.159, 5.039, -1.698, -2.821
'bali_phy_msa.216.fas', -0.311, 4.539, -1.775, -4.25
'bali_phy_msa.217.fas', 3.859, 9.745, -0.041, 0.768
'bali_phy_msa.218.fas', 1.518, 6.827, -1.384, -0.836
'bali_phy_msa.219.fas', 0.425, 5.627, -1.465, -2.188
'bali_phy_msa.22.fas', 2.349, 7.8, 0.06, -0.606
'bali_phy_msa.220.fas', 0.735, 5.835, -2.084, -1.551
'bali_phy_msa.221.fas', 1.702, 7.012, 0.657, -0.748
'bali_phy_msa.222.fas', 2.122, 7.523, 1.074, -0.386
'bali_phy_msa.223.fas', -0.133, 4.986, -1.464, -2.895
'bali_phy_msa.224.fas', 0.882, 5.801, -0.33, -2.272
'bali_phy_msa.225.fas', -0.935, 3.711, -2.438, -4.45
'bali_phy_msa.226.fas', 1.877, 7.246, 0.145, -1.278
'bali_phy_msa.227.fas', -2.397, 2.05, -3.129, -5.656
'bali_phy_msa.228.fas', 0.557, 5.661, -0.916, -2.282
'bali_phy_msa.229.fas', 1.408, 6.609, 0.109, -0.979
'bali_phy_msa.23.fas', 1.141, 6.405, -0.469, -1.055
'bali_phy_msa.230.fas', 2.007, 7.432, 0.723, -0.912
'bali_phy_msa.231.fas', 0.608, 5.759, -1.571, -1.96
'bali_phy_msa.232.fas', 0.755, 5.866, -2.634, -2.242
'bali_phy_msa.233.fas', 1.168, 6.397, 2.094, -4.423
'bali_phy_msa.234.fas', 1.641, 6.966, -1.357, -1.482
'bali_phy_msa.235.fas', 1.997, 7.401, -1.121, -1.258
'bali_phy_msa.236.fas', 0.988, 6.085, -2.383, -1.857
'bali_phy_msa.237.fas', 1.146, 6.247, -3.241, -1.579
'bali_phy_msa.238.fas', 1.444, 6.82, -2.969, -1.314
'bali_phy_msa.239.fas', 0.905, 6.022, -0.642, -1.547
'bali_phy_msa.24.fas', 2.434, 8.121, 0.963, -0.216
'bali_phy_msa.240.fas', 2.209, 7.557, 0.885, -0.794
'bali_phy_msa.241.fas', 0.833, 5.84, 2.794, -3.082
'bali_phy_msa.242.fas', 0.527, 5.559, -1.812, -2.405
'bali_phy_msa.243.fas', 2.349, 8.016, 0.204, -1.12
'bali_phy_msa.244.fas', 1.949, 7.113, 1.026, -1.301
'bali_phy_msa.245.fas', 2.645, 8.389, -0.688, 0.014
'bali_phy_msa.246.fas', 3.157, 8.719, 1.308, 0.093
'bali_phy_msa.247.fas', -0.062, 4.849, -1.608, -1.984
'bali_phy_msa.248.fas', 3.083, 8.854, 0.647, 1.103
'bali_phy_msa.249.fas', 1.874, 7.29, -0.467, -0.855
'bali_phy_msa.25.fas', 2.693, 8.356, 1.214, -0.078
'bali_phy_msa.250.fas', -0.478, 4.346, -1.815, -4.021
'bali_phy_msa.251.fas', 2.002, 7.486, -2.816, -1.476
'bali_phy_msa.252.fas', 1.635, 6.888, 0.501, -1.081
'bali_phy_msa.253.fas', 0.622, 5.886, -1.067, -2.833
'bali_phy_msa.254.fas', -2.969, 1.232, -6.089, -5.831
'bali_phy_msa.255.fas', -2.54, 2.261, -3.713, -5.297
'bali_phy_msa.256.fas', 0.387, 5.335, -0.498, -2.831
'bali_phy_msa.257.fas', 0.673, 5.868, 0.988, -2.69
'bali_phy_msa.258.fas', 0.415, 5.476, -0.375, -2.757
'bali_phy_msa.259.fas', -0.332, 4.704, -1.523, -3.076
'bali_phy_msa.26.fas', 1.836, 7.049, 0.82, -1.06
'bali_phy_msa.260.fas', 1.751, 7.206, -2.203, -0.283
'bali_phy_msa.261.fas', 1.595, 6.597, -0.04, -1.99
'bali_phy_msa.262.fas', 1.794, 7.07, -1.126, -1.627
'bali_phy_msa.263.fas', 1.675, 7.222, -1.496, -1.919
'bali_phy_msa.264.fas', 1.153, 6.509, -0.767, -1.761
'bali_phy_msa.265.fas', 1.445, 6.963, -1.534, -1.417
'bali_phy_msa.266.fas', 2.478, 8.012, 1.466, -0.295
'bali_phy_msa.267.fas', 2.858, 8.757, 1.53, 0.447
'bali_phy_msa.268.fas', 0.151, 5.205, -3.684, -2.376
'bali_phy_msa.269.fas', 1.98, 7.444, -1.076, -1.288
'bali_phy_msa.27.fas', 2.11, 7.536, 0.152, -0.621
'bali_phy_msa.270.fas', -1.456, 3.176, -3.621, -5.474
'bali_phy_msa.271.fas', -7.637, -4.26, -7.729, -10.467
'bali_phy_msa.272.fas', 1.288, 6.622, -0.174, -0.588
'bali_phy_msa.273.fas', 1.166, 6.53, -0.563, -1.701
'bali_phy_msa.274.fas', 0.764, 5.697, -0.275, -2.504
'bali_phy_msa.275.fas', 2.623, 8.12, -0.131, -0.186
'bali_phy_msa.276.fas', 2.581, 7.971, 0.578, -0.576
'bali_phy_msa.277.fas', -1.332, 3.167, -2.626, -4.125
'bali_phy_msa.278.fas', 1.58, 7.139, -0.357, -0.246
'bali_phy_msa.279.fas', 0.634, 5.67, -0.67, -1.613
'bali_phy_msa.28.fas', 2.006, 7.291, 0.871, -0.995
'bali_phy_msa.280.fas', 0.573, 5.711, 2.073, -2.799
'bali_phy_msa.281.fas', 2.421, 7.88, 0.731, 0.059
'bali_phy_msa.282.fas', 0.051, 4.972, -1.428, -2.519
'bali_phy_msa.283.fas', -0.364, 4.439, -2.085, -2.888
'bali_phy_msa.284.fas', 1.243, 6.421, -0.056, -1.629
'bali_phy_msa.285.fas', 0.354, 5.443, -1.156, -2.722
'bali_phy_msa.286.fas', 1.202, 6.458, -1.704, -1.48
'bali_phy_msa.287.fas', 3.176, 8.654, 1.162, 0.105
'bali_phy_msa.288.fas', 0.386, 5.438, -1.423, -2.24
'bali_phy_msa.289.fas', -0.801, 3.932, -1.994, -3.55
'bali_phy_msa.29.fas', 1.56, 6.857, 0.261, -1.499
'bali_phy_msa.290.fas', 1.463, 6.667, 0.534, -1.234
'bali_phy_msa.291.fas', 1.199, 6.651, -3.232, -2.106
'bali_phy_msa.292.fas', 0.501, 5.384, -0.124, -2.138
'bali_phy_msa.293.fas', 0.194, 5.269, -1.744, -2.742
'bali_phy_msa.294.fas', 1.116, 6.43, 0.283, -1.517
'bali_phy_msa.295.fas', 2.332, 7.859, 1.238, -0.517
'bali_phy_msa.296.fas', 0.893, 6.11, -1.913, -2.491
'bali_phy_msa.297.fas', 1.116, 6.351, -0.027, -1.642
'bali_phy_msa.298.fas', 1.208, 6.46, 1.027, -0.722
'bali_phy_msa.299.fas', 1.298, 6.505, 0.351, -1.771
'bali_phy_msa.3.fas', -0.143, 4.79, -1.9, -3.352
'bali_phy_msa.30.fas', 2.151, 7.487, 0.222, -1.521
'bali_phy_msa.300.fas', 0.699, 5.74, -0.544, -2.263
'bali_phy_msa.301.fas', -0.681, 4.098, -3.018, -3.63
'bali_phy_msa.302.fas', 1.314, 6.548, 0.349, -1.471
'bali_phy_msa.303.fas', 0.86, 6.097, 2.269, -3.486
'bali_phy_msa.304.fas', -0.442, 4.547, -1.861, -3.345
'bali_phy_msa.305.fas', 1.745, 7.093, -0.08, -1.589
'bali_phy_msa.306.fas', 1.65, 7.346, -0.322, -1.192
'bali_phy_msa.307.fas', 2.687, 8.321, 1.345, 0.397
'bali_phy_msa.308.fas', 0.204, 5.404, -0.571, -2.531
'bali_phy_msa.309.fas', 1.839, 7.158, 0.352, -1.365
'bali_phy_msa.31.fas', 1.503, 6.995, -1.398, -0.007
'bali_phy_msa.310.fas', 0.333, 5.466, 0.461, -2.934
'bali_phy_msa.311.fas', 2.458, 7.978, 0.714, -0.647
'bali_phy_msa.312.fas', 2.887, 8.39, 0.403, 1.225
'bali_phy_msa.313.fas', -0.586, 4.23, -2.669, -3.873
'bali_phy_msa.314.fas', 2.183, 7.654, 0.051, -0.378
'bali_phy_msa.315.fas', 1.412, 6.63, 0.658, -0.981
'bali_phy_msa.316.fas', 0.322, 5.408, -0.346, -2.416
'bali_phy_msa.317.fas', 1.07, 6.308, -3.692, -1.936
'bali_phy_msa.318.fas', 2.501, 8.207, 3.251, -0.622
'bali_phy_msa.319.fas', 2.678, 8.294, 1.361, 0.242
'bali_phy_msa.32.fas', 1.512, 6.686, -0.541, -1.216
'bali_phy_msa.320.fas', 1.039, 6.238, -0.279, -2.148
'bali_phy_msa.321.fas', 2.139, 7.559, 0.146, -0.655
'bali_phy_msa.322.fas', 1.744, 7.15, 0.085, -0.994
'bali_phy_msa.323.fas', 2.152, 7.617, -1.051, -1.384
'bali_phy_msa.324.fas', 1.258, 6.398, -0.34, -1.102
'bali_phy_msa.325.fas', 3.025, 8.623, -0.548, 0.725
'bali_phy_msa.326.fas', 2.91, 8.351, 1.408, -0.287
'bali_phy_msa.327.fas', 1.642, 7.146, -0.069, -1.059
'bali_phy_msa.328.fas', 1.341, 6.497, 0.59, -1.423
'bali_phy_msa.329.fas', 0.134, 5.066, -1.61, -2.14
'bali_phy_msa.33.fas', 0.08, 5.096, -2.53, -1.848
'bali_phy_msa.330.fas', 0.172, 5.163, -2.494, -3.092
'bali_phy_msa.331.fas', 0.141, 5.362, -0.74, -2.752
'bali_phy_msa.332.fas', 0.825, 5.835, 4.529, -2.291
'bali_phy_msa.333.fas', 2.501, 8.243, -1.554, 0.71
'bali_phy_msa.334.fas', 2.559, 8.14, -1.112, 0.133
'bali_phy_msa.335.fas', -1.006, 3.576, -3.586, -4.209
'bali_phy_msa.336.fas', 1.376, 6.868, 0.131, -1.595
'bali_phy_msa.337.fas', 1.667, 7.09, 0.637, -1.343
'bali_phy_msa.338.fas', 1.35, 6.796, -1.653, -1.718
'bali_phy_msa.339.fas', 2.47, 7.955, -0.601, -0.645
'bali_phy_msa.34.fas', 3.41, 9.285, -1.392, -0.295
'bali_phy_msa.340.fas', 2.308, 7.687, -1.254, -0.222
'bali_phy_msa.341.fas', 3.049, 8.704, 1.369, -0.089
'bali_phy_msa.342.fas', 0.917, 5.895, 2.692, -3.398
'bali_phy_msa.343.fas', -0.031, 5.107, -1.61, -3.372
'bali_phy_msa.344.fas', 1.656, 6.975, -1.607, -0.075
'bali_phy_msa.345.fas', 2.48, 7.99, -0.667, -0.072
'bali_phy_msa.346.fas', 2.442, 7.939, 1.951, -1.565
'bali_phy_msa.347.fas', 2.428, 8.02, 0.76, -0.602
'bali_phy_msa.348.fas', 0.265, 5.228, 0.265, -1.755
'bali_phy_msa.349.fas', 1.807, 7.073, 0.704, -0.451
'bali_phy_msa.35.fas', 1.431, 7.139, -3.33, -1.252
'bali_phy_msa.350.fas', 1.538, 6.904, 2.958, -2.442
'bali_phy_msa.351.fas', 0.738, 5.906, 1.01, -1.617
'bali_phy_msa.352.fas', 1.487, 6.796, 0.013, -0.78
'bali_phy_msa.353.fas', 1.263, 6.673, -0.302, -0.981
'bali_phy_msa.354.fas', 0.862, 5.974, 0.208, -1.854
'bali_phy_msa.355.fas', 1.07, 6.39, -0.499, -1.673
'bali_phy_msa.356.fas', -0.372, 4.482, -1.377, -2.787
'bali_phy_msa.357.fas', 2.049, 7.562, -1.198, 0.693
'bali_phy_msa.358.fas', -0.082, 4.896, -1.719, -2.434
'bali_phy_msa.359.fas', 1.154, 6.25, -0.875, -2.142
'bali_phy_msa.36.fas', 1.389, 6.796, -0.603, -0.657
'bali_phy_msa.360.fas', 3.272, 9.081, -0.574, 0.268
'bali_phy_msa.361.fas', 2.296, 7.73, 0.267, 0.312
'bali_phy_msa.362.fas', 1.8, 7.178, 1.636, -1.057
'bali_phy_msa.363.fas', 3.724, 9.429, 0.98, 0.613
'bali_phy_msa.364.fas', 1.335, 6.4, -0.63, -0.879
'bali_phy_msa.365.fas', 1.621, 6.928, -1.39, -1.363
'bali_phy_msa.366.fas', 2.376, 7.968, 2.019, -1.406
'bali_phy_msa.367.fas', -0.282, 4.602, -0.725, -3.112
'bali_phy_msa.368.fas', 0.826, 6.152, -0.654, -1.789
'bali_phy_msa.369.fas', 2.653, 8.357, 1.221, -0.003
'bali_phy_msa.37.fas', 0.348, 5.201, -0.382, -2.941
'bali_phy_msa.370.fas', 1.862, 7.275, 0.445, -0.984
'bali_phy_msa.371.fas', 0.985, 6.294, -1.961, -0.626
'bali_phy_msa.372.fas', 2.537, 8.268, 1.006, -0.552
'bali_phy_msa.373.fas', 0.501, 5.388, -1.382, -2.721
'bali_phy_msa.374.fas', 3.349, 9.056, -1.409, 1.262
'bali_phy_msa.375.fas', 2.196, 7.614, 4.601, -1.594
'bali_phy_msa.376.fas', 3.012, 8.656, -0.429, 0.394
'bali_phy_msa.377.fas', -0.822, 4.008, -1.3, -3.8
'bali_phy_msa.378.fas', -1.425, 3.502, -3.174, -4.321
'bali_phy_msa.379.fas', 2.793, 8.699, 2.158, -0.212
'bali_phy_msa.38.fas', 1.171, 6.626, -1.784, -1.802
'bali_phy_msa.380.fas', 2.609, 8.241, -1.391, -0.26
'bali_phy_msa.381.fas', 2.501, 8.191, 2.08, -0.765
'bali_phy_msa.382.fas', 1.136, 6.486, -0.171, -2.155
'bali_phy_msa.383.fas', -0.033, 4.865, -0.86, -3.414
'bali_phy_msa.384.fas', 0.886, 6.117, -3.384, -2.101
'bali_phy_msa.385.fas', -0.024, 5.095, 1.756, -3.526
'bali_phy_msa.386.fas', 2.571, 8.173, -2.179, -0.236
'bali_phy_msa.387.fas', 0.152, 5.0, 0.734, -5.359
'bali_phy_msa.388.fas', 0.568, 5.941, -0.213, -2.418
'bali_phy_msa.389.fas', -0.439, 4.412, -3.682, -2.533
'bali_phy_msa.39.fas', -0.029, 5.126, -2.169, -3.369
'bali_phy_msa.390.fas', 1.726, 7.108, -1.51, -0.998
'bali_phy_msa.391.fas', 1.785, 7.109, -2.03, -0.955
'bali_phy_msa.392.fas', 2.125, 7.67, -0.344, 0.534
'bali_phy_msa.393.fas', 1.049, 6.159, -0.595, -2.644
'bali_phy_msa.394.fas', 1.896, 7.212, -0.126, -0.615
'bali_phy_msa.395.fas', 2.758, 8.232, 0.116, -0.87
'bali_phy_msa.396.fas', 1.98, 7.534, -2.069, 0.183
'bali_phy_msa.397.fas', -5.596, -1.584, -8.047, -8.538
'bali_phy_msa.398.fas', -0.182, 4.907, -1.97, -3.569
'bali_phy_msa.399.fas', 1.054, 6.258, -2.226, -1.713
'bali_phy_msa.4.fas', 1.71, 7.061, 0.502, -0.614
'bali_phy_msa.40.fas', 0.452, 5.319, -3.365, -2.316
'bali_phy_msa.400.fas', 2.646, 8.22, -2.257, -0.398
'bali_phy_msa.41.fas', 1.87, 7.28, 1.173, -0.454
'bali_phy_msa.42.fas', 0.183, 5.312, -3.808, -1.762
'bali_phy_msa.43.fas', 1.441, 6.974, 0.075, -1.566
'bali_phy_msa.44.fas', 0.521, 5.631, -1.503, -2.801
'bali_phy_msa.45.fas', 3.175, 8.914, -0.888, 0.425
'bali_phy_msa.46.fas', 1.651, 7.075, 0.68, -1.605
'bali_phy_msa.47.fas', 1.412, 6.703, 0.389, -1.025
'bali_phy_msa.48.fas', 1.377, 6.511, -0.168, -2.608
'bali_phy_msa.49.fas', 1.786, 7.183, -0.024, -1.447
'bali_phy_msa.5.fas', 1.25, 6.552, -0.958, -2.154
'bali_phy_msa.50.fas', 1.108, 6.214, -1.735, -2.217
'bali_phy_msa.51.fas', 1.068, 6.417, -0.255, -1.431
'bali_phy_msa.52.fas', 1.88, 7.137, -1.362, -0.065
'bali_phy_msa.53.fas', -0.065, 4.913, -3.4, -3.262
'bali_phy_msa.54.fas', 1.239, 6.569, -3.102, -1.9
'bali_phy_msa.55.fas', 1.509, 6.736, -0.795, -2.096
'bali_phy_msa.56.fas', 2.886, 8.438, -0.329, 1.169
'bali_phy_msa.57.fas', 1.444, 6.788, -0.461, -1.71
'bali_phy_msa.58.fas', 2.663, 8.233, 1.776, -1.109
'bali_phy_msa.59.fas', 1.661, 6.681, 1.193, -2.16
'bali_phy_msa.6.fas', 1.578, 6.912, 0.263, -1.161
'bali_phy_msa.60.fas', 3.345, 9.058, -0.576, 0.407
'bali_phy_msa.61.fas', 1.93, 7.337, 1.306, -0.382
'bali_phy_msa.62.fas', 0.984, 6.298, 2.286, -2.477
'bali_phy_msa.63.fas', 1.643, 7.217, 2.64, -3.215
'bali_phy_msa.64.fas', 1.077, 6.049, -2.308, -1.82
'bali_phy_msa.65.fas', 2.064, 7.427, -2.448, -1.365
'bali_phy_msa.66.fas', 0.987, 5.994, -0.149, -2.451
'bali_phy_msa.67.fas', 1.349, 6.695, 0.169, -1.137
'bali_phy_msa.68.fas', 2.635, 8.414, -0.908, 0.265
'bali_phy_msa.69.fas', 0.833, 5.988, -1.509, -1.492
'bali_phy_msa.7.fas', -0.315, 4.371, 0.527, -5.365
'bali_phy_msa.70.fas', 1.204, 6.344, 1.157, -3.044
'bali_phy_msa.71.fas', 1.499, 6.644, -1.457, -1.946
'bali_phy_msa.72.fas', 2.892, 8.595, 0.957, -0.302
'bali_phy_msa.73.fas', 1.758, 7.142, -0.275, -1.589
'bali_phy_msa.74.fas', 2.005, 7.387, -2.21, -0.579
'bali_phy_msa.75.fas', 1.378, 6.863, -0.8, -1.27
'bali_phy_msa.76.fas', 0.349, 5.385, -1.488, -2.292
'bali_phy_msa.77.fas', 0.78, 6.067, -2.029, -1.845
'bali_phy_msa.78.fas', 2.135, 7.48, 1.028, -0.357
'bali_phy_msa.79.fas', 1.595, 7.057, 0.448, -1.034
'bali_phy_msa.8.fas', -0.869, 3.847, -2.12, -3.923
'bali_phy_msa.80.fas', 1.922, 7.391, -1.486, 0.299
'bali_phy_msa.81.fas', 2.735, 8.483, 1.062, -0.387
'bali_phy_msa.82.fas', 0.581, 5.95, -0.419, -1.771
'bali_phy_msa.83.fas', -0.041, 4.774, -3.051, -2.836
'bali_phy_msa.84.fas', 1.257, 6.499, -3.25, -2.272
'bali_phy_msa.85.fas', 0.315, 5.526, -1.863, -1.626
'bali_phy_msa.86.fas', 1.274, 6.45, -0.727, -2.111
'bali_phy_msa.87.fas', 1.042, 6.176, -1.689, -1.396
'bali_phy_msa.88.fas', 1.147, 6.326, -1.289, -1.567
'bali_phy_msa.89.fas', -0.242, 4.875, -4.332, -2.787
'bali_phy_msa.9.fas', -0.953, 3.752, -2.387, -4.716
'bali_phy_msa.90.fas', 0.449, 5.458, -0.657, -2.662
'bali_phy_msa.91.fas', 0.63, 5.461, 0.06, -2.33
'bali_phy_msa.92.fas', -0.679, 4.038, -3.113, -4.854
'bali_phy_msa.93.fas', 2.248, 7.819, -1.263, -0.274
'bali_phy_msa.94.fas', 2.912, 8.688, -0.616, 0.79
'bali_phy_msa.95.fas', 1.118, 6.28, 1.632, -4.137
'bali_phy_msa.96.fas', -0.019, 4.902, -3.392, -3.458
'bali_phy_msa.97.fas', 0.155, 4.877, 1.075, -2.794
'bali_phy_msa.98.fas', 1.597, 6.939, 1.762, -1.693
'bali_phy_msa.99.fas', 0.958, 6.12, 2.366, -3.15
'MAFFT_b0#0051_hhH_tree_47_OP_1.2558167082838578_Split_51.fasta', -4.909, 0.529, -9.077, -5.449
'MAFFT_b0#0051_htH_tree_0_OP_1.9201310643830272_Split_51.fasta', -3.663, -1.086, -5.2, -8.837
'MAFFT_b0#0051_htH_tree_57_OP_1.8145645468714477_Split_51.fasta', -2.832, 2.126, -3.02, -7.295
'MAFFT_b0#0051_htH_tree_93_OP_2.2336854992597184_Split_51.fasta', -0.267, 5.235, -7.044, -2.78
'MAFFT_b0#0051_htT_tree_0_OP_1.9201310643830272_Split_51.fasta', -3.663, -1.086, -5.2, -8.837
'MAFFT_b0#0051_htT_tree_57_OP_1.8145645468714477_Split_51.fasta', -2.832, 2.126, -3.02, -7.295
'MAFFT_b0#0051_thH_tree_57_OP_1.8145645468714477_Split_51.fasta', -1.634, 3.479, -1.297, -5.965
'MAFFT_b0#0051_thH_tree_93_OP_2.2336854992597184_Split_51.fasta', 0.348, 5.823, -6.341, -2.406
'MAFFT_b0#0051_thT_tree_0_OP_1.9201310643830272_Split_51.fasta', -1.934, 2.303, -0.506, -6.276
'MAFFT_b0#0051_thT_tree_47_OP_1.2558167082838578_Split_51.fasta', -4.909, 0.529, -9.077, -5.449
'MAFFT_b0#0051_ttH_tree_47_OP_1.2558167082838578_Split_51.fasta', -5.829, -0.731, -9.281, -7.529
'MAFFT_b0#0051_ttH_tree_93_OP_2.2336854992597184_Split_51.fasta', -0.267, 5.235, -7.044, -2.78
'MAFFT_b0#0051_ttT_tree_0_OP_1.9201310643830272_Split_51.fasta', -3.663, -1.086, -5.2, -8.837
'MAFFT_b0#0051_ttT_tree_47_OP_1.2558167082838578_Split_51.fasta', -5.829, -0.731, -9.281, -7.529
'MAFFT_b0#0051_ttT_tree_57_OP_1.8145645468714477_Split_51.fasta', -2.832, 2.126, -3.02, -7.295
'MAFFT_b0#0051_ttT_tree_93_OP_2.2336854992597184_Split_51.fasta', -0.267, 5.235, -7.044, -2.78
'MAFFT_b0#0053_hhH_tree_5_OP_1.3773636194735985_Split_53.fasta', -0.721, 5.195, -2.516, -3.539
'MAFFT_b0#0053_hhH_tree_60_OP_2.2485867324412547_Split_53.fasta', -2.095, 3.372, -3.337, -7.616
'MAFFT_b0#0053_hhT_tree_60_OP_2.2485867324412547_Split_53.fasta', -2.095, 3.372, -3.337, -7.616
'MAFFT_b0#0053_htH_tree_5_OP_1.3773636194735985_Split_53.fasta', -0.084, 5.772, -1.282, -3.299
'MAFFT_b0#0053_htT_tree_5_OP_1.3773636194735985_Split_53.fasta', -0.084, 5.772, -1.282, -3.299
'MAFFT_b0#0053_thH_tree_60_OP_2.2485867324412547_Split_53.fasta', -2.095, 3.372, -3.337, -7.616
'MAFFT_b0#0053_thT_tree_5_OP_1.3773636194735985_Split_53.fasta', -0.777, 5.141, -2.591, -3.618
'MAFFT_b0#0053_ttH_tree_60_OP_2.2485867324412547_Split_53.fasta', -1.675, 3.882, -2.997, -7.162
'MAFFT_b0#0054_hhH_tree_35_OP_2.3157753293540146_Split_54.fasta', -4.294, 0.622, -3.188, -6.234
'MAFFT_b0#0054_htH_tree_35_OP_2.3157753293540146_Split_54.fasta', -4.145, 0.821, -3.064, -6.124
'MAFFT_b0#0054_thH_tree_35_OP_2.3157753293540146_Split_54.fasta', -4.294, 0.622, -3.188, -6.234
'MAFFT_b0#0054_ttT_tree_35_OP_2.3157753293540146_Split_54.fasta', -4.145, 0.821, -3.064, -6.124
'MAFFT_b0#0057_htH_tree_1_OP_1.4037489078147287_Split_57.fasta', -6.87, -1.846, -9.918, -8.008
'MAFFT_b0#0057_htT_tree_1_OP_1.4037489078147287_Split_57.fasta', -6.87, -1.846, -9.918, -8.008
'MAFFT_b0#0057_thT_tree_1_OP_1.4037489078147287_Split_57.fasta', -6.794, -1.755, -9.096, -7.917
'MAFFT_b0#0057_ttT_tree_1_OP_1.4037489078147287_Split_57.fasta', -6.87, -1.846, -9.918, -8.008
'MAFFT_b0#0058_hhH_tree_13_OP_1.7913990869854772_Split_58.fasta', -9.153, -4.886, -9.943, -12.88
'MAFFT_b0#0058_htH_tree_11_OP_1.3146381684889776_Split_58.fasta', -1.219, 4.394, -3.467, -4.988
'MAFFT_b0#0058_htH_tree_13_OP_1.7913990869854772_Split_58.fasta', -8.607, -4.195, -7.957, -12.909
'MAFFT_b0#0058_htT_tree_11_OP_1.3146381684889776_Split_58.fasta', -1.219, 4.394, -3.467, -4.988
'MAFFT_b0#0058_thH_tree_13_OP_1.7913990869854772_Split_58.fasta', -9.153, -4.886, -9.943, -12.88
'MAFFT_b0#0058_ttH_tree_11_OP_1.3146381684889776_Split_58.fasta', -0.503, 5.139, -2.164, -5.55
'MAFFT_b0#0058_ttT_tree_11_OP_1.3146381684889776_Split_58.fasta', -0.503, 5.139, -2.164, -5.55
'MAFFT_b0#0058_ttT_tree_13_OP_1.7913990869854772_Split_58.fasta', -8.607, -4.195, -7.957, -12.909
'MAFFT_b0#0060_hhT_tree_32_OP_1.498379977124041_Split_60.fasta', -2.698, 1.234, -6.373, -8.531
'MAFFT_b0#0060_htH_tree_32_OP_1.498379977124041_Split_60.fasta', -2.844, 1.082, -6.533, -8.676
'MAFFT_b0#0060_htT_tree_32_OP_1.498379977124041_Split_60.fasta', -2.844, 1.082, -6.533, -8.676
'MAFFT_b0#0060_ttH_tree_32_OP_1.498379977124041_Split_60.fasta', -2.844, 1.082, -6.533, -8.676
'MAFFT_b0#0061_hhH_tree_87_OP_1.1834961203615137_Split_61.fasta', -3.517, 2.21, -5.756, -6.402
'MAFFT_b0#0061_hhH_tree_88_OP_2.9570433978664177_Split_61.fasta', -2.383, 2.476, -3.693, -7.369
'MAFFT_b0#0061_hhH_tree_97_OP_2.1094152983091004_Split_61.fasta', -1.478, 3.515, -5.334, -3.936
'MAFFT_b0#0061_hhT_tree_18_OP_1.3304542342131214_Split_61.fasta', -17.711, -14.884, -17.025, -22.653
'MAFFT_b0#0061_hhT_tree_30_OP_2.908145211858187_Split_61.fasta', 2.116, 7.741, 3.416, -1.125
'MAFFT_b0#0061_htH_tree_18_OP_1.3304542342131214_Split_61.fasta', -18.341, -15.663, -18.273, -23.456
'MAFFT_b0#0061_htH_tree_30_OP_2.908145211858187_Split_61.fasta', 1.279, 6.777, 3.139, -2.89
'MAFFT_b0#0061_htH_tree_72_OP_1.8278688995959085_Split_61.fasta', -4.456, -0.543, -7.11, -7.001
'MAFFT_b0#0061_htH_tree_88_OP_2.9570433978664177_Split_61.fasta', -1.801, 3.127, -3.055, -5.361
'MAFFT_b0#0061_htT_tree_87_OP_1.1834961203615137_Split_61.fasta', -3.718, 1.994, -3.346, -5.769
'MAFFT_b0#0061_htT_tree_97_OP_2.1094152983091004_Split_61.fasta', -1.731, 3.203, -5.298, -4.253
'MAFFT_b0#0061_thH_tree_18_OP_1.3304542342131214_Split_61.fasta', -17.711, -14.884, -17.025, -22.653
'MAFFT_b0#0061_thH_tree_72_OP_1.8278688995959085_Split_61.fasta', -4.461, -0.548, -7.115, -7.011
'MAFFT_b0#0061_thT_tree_30_OP_2.908145211858187_Split_61.fasta', 2.116, 7.741, 3.416, -1.125
'MAFFT_b0#0061_thT_tree_72_OP_1.8278688995959085_Split_61.fasta', -4.461, -0.548, -7.115, -7.011
'MAFFT_b0#0061_thT_tree_87_OP_1.1834961203615137_Split_61.fasta', -3.517, 2.21, -5.756, -6.402
'MAFFT_b0#0061_thT_tree_88_OP_2.9570433978664177_Split_61.fasta', -2.383, 2.476, -3.693, -7.369
'MAFFT_b0#0061_thT_tree_97_OP_2.1094152983091004_Split_61.fasta', -1.478, 3.515, -5.334, -3.936
'MAFFT_b0#0061_ttT_tree_18_OP_1.3304542342131214_Split_61.fasta', -18.341, -15.663, -18.273, -23.456
'MAFFT_b0#0061_ttT_tree_30_OP_2.908145211858187_Split_61.fasta', 1.279, 6.777, 3.139, -2.89
'MAFFT_b0#0061_ttT_tree_72_OP_1.8278688995959085_Split_61.fasta', -4.456, -0.543, -7.11, -7.001
'MAFFT_b0#0061_ttT_tree_87_OP_1.1834961203615137_Split_61.fasta', -3.718, 1.994, -3.346, -5.769
'MAFFT_b0#0061_ttT_tree_88_OP_2.9570433978664177_Split_61.fasta', -1.801, 3.127, -3.055, -5.361
'MAFFT_b0#0061_ttT_tree_97_OP_2.1094152983091004_Split_61.fasta', -1.731, 3.203, -5.298, -4.253
'MAFFT_b0#0063_hhH_tree_37_OP_2.065965428692473_Split_63.fasta', 0.199, 5.613, -0.361, -4.79
'MAFFT_b0#0063_hhT_tree_89_OP_2.6540913216611166_Split_63.fasta', -5.43, -1.012, -4.555, -6.797
'MAFFT_b0#0063_htH_tree_37_OP_2.065965428692473_Split_63.fasta', -0.572, 4.737, -0.947, -5.487
'MAFFT_b0#0063_htH_tree_89_OP_2.6540913216611166_Split_63.fasta', -5.874, -1.566, -5.063, -7.304
'MAFFT_b0#0063_thH_tree_37_OP_2.065965428692473_Split_63.fasta', 0.199, 5.613, -0.361, -4.79
'MAFFT_b0#0063_thT_tree_89_OP_2.6540913216611166_Split_63.fasta', -5.425, -1.008, -4.549, -6.792
'MAFFT_b0#0063_ttH_tree_37_OP_2.065965428692473_Split_63.fasta', -0.572, 4.737, -0.947, -5.487
'MAFFT_b0#0063_ttH_tree_89_OP_2.6540913216611166_Split_63.fasta', -5.872, -1.566, -5.054, -7.302
'MAFFT_b0#0065_htH_tree_26_OP_2.2970226808572787_Split_65.fasta', -2.04, 2.947, -2.541, -4.421
'MAFFT_b0#0065_htT_tree_55_OP_1.534121132575311_Split_65.fasta', -13.298, -10.274, -11.732, -14.524
'MAFFT_b0#0065_thH_tree_26_OP_2.2970226808572787_Split_65.fasta', -2.62, 2.252, -3.05, -4.958
'MAFFT_b0#0065_thH_tree_55_OP_1.534121132575311_Split_65.fasta', -13.855, -10.988, -12.158, -15.624
'MAFFT_b0#0065_thT_tree_55_OP_1.534121132575311_Split_65.fasta', -13.855, -10.988, -12.158, -15.624
'MAFFT_b0#0065_ttH_tree_26_OP_2.2970226808572787_Split_65.fasta', -2.075, 2.898, -2.557, -4.475
'MAFFT_b0#0065_ttT_tree_26_OP_2.2970226808572787_Split_65.fasta', -2.075, 2.898, -2.557, -4.475
'MAFFT_b0#0065_ttT_tree_55_OP_1.534121132575311_Split_65.fasta', -13.298, -10.274, -11.732, -14.524
'MAFFT_b0#0066_hhH_tree_77_OP_1.3827668594678542_Split_66.fasta', -7.218, -2.719, -10.144, -8.708
'MAFFT_b0#0066_hhT_tree_99_OP_1.9136688454364907_Split_66.fasta', -3.827, 0.847, -2.444, -7.654
'MAFFT_b0#0066_htT_tree_99_OP_1.9136688454364907_Split_66.fasta', -3.979, 0.703, -2.475, -7.691
'MAFFT_b0#0066_thH_tree_77_OP_1.3827668594678542_Split_66.fasta', -7.218, -2.719, -10.144, -8.708
'MAFFT_b0#0066_thH_tree_99_OP_1.9136688454364907_Split_66.fasta', -3.825, 0.848, -2.443, -7.652
'MAFFT_b0#0066_thT_tree_99_OP_1.9136688454364907_Split_66.fasta', -3.825, 0.848, -2.443, -7.652
'MAFFT_b0#0066_ttH_tree_77_OP_1.3827668594678542_Split_66.fasta', -6.606, -1.966, -10.307, -7.736
'MAFFT_b0#0066_ttT_tree_77_OP_1.3827668594678542_Split_66.fasta', -6.606, -1.966, -10.307, -7.736
'MAFFT_b0#0067_hhT_tree_4_OP_1.1542677766261527_Split_67.fasta', -8.94, -4.266, -10.744, -9.997
'MAFFT_b0#0067_htH_tree_4_OP_1.1542677766261527_Split_67.fasta', -5.455, -0.301, -4.913, -7.471
'MAFFT_b0#0067_htH_tree_76_OP_1.9781210467371317_Split_67.fasta', -0.686, 4.472, -6.12, -3.091
'MAFFT_b0#0067_thH_tree_76_OP_1.9781210467371317_Split_67.fasta', -1.627, 3.524, -7.225, -4.495
'MAFFT_b0#0067_thT_tree_4_OP_1.1542677766261527_Split_67.fasta', -8.94, -4.266, -10.744, -9.997
'MAFFT_b0#0067_ttH_tree_76_OP_1.9781210467371317_Split_67.fasta', -0.686, 4.472, -6.12, -3.091
'MAFFT_b0#0067_ttT_tree_4_OP_1.1542677766261527_Split_67.fasta', -5.455, -0.301, -4.913, -7.471
'MAFFT_b0#0067_ttT_tree_76_OP_1.9781210467371317_Split_67.fasta', -0.686, 4.472, -6.12, -3.091
'MAFFT_b0#0069_htH_tree_20_OP_2.4221981553992458_Split_69.fasta', -10.663, -7.943, -7.331, -12.12
'MAFFT_b0#0069_htH_tree_73_OP_2.973262473304242_Split_69.fasta', -3.314, 1.401, -8.209, -4.772
'MAFFT_b0#0069_htT_tree_20_OP_2.4221981553992458_Split_69.fasta', -10.663, -7.943, -7.331, -12.12
'MAFFT_b0#0069_htT_tree_73_OP_2.973262473304242_Split_69.fasta', -3.314, 1.401, -8.209, -4.772
'MAFFT_b0#0069_thH_tree_20_OP_2.4221981553992458_Split_69.fasta', -10.376, -7.641, -7.094, -11.875
'MAFFT_b0#0069_thH_tree_73_OP_2.973262473304242_Split_69.fasta', -3.853, 0.723, -8.244, -5.141
'MAFFT_b0#0069_thT_tree_20_OP_2.4221981553992458_Split_69.fasta', -10.376, -7.641, -7.094, -11.875
'MAFFT_b0#0069_ttH_tree_73_OP_2.973262473304242_Split_69.fasta', -3.314, 1.401, -8.209, -4.772
'MAFFT_b0#0070_hhH_tree_86_OP_1.7393056698625855_Split_70.fasta', -3.34, 1.378, -6.487, -5.506
'MAFFT_b0#0070_hhT_tree_17_OP_1.818409912056766_Split_70.fasta', -8.048, -3.594, -9.8, -10.157
'MAFFT_b0#0070_htH_tree_86_OP_1.7393056698625855_Split_70.fasta', -4.018, 0.631, -4.911, -7.242
'MAFFT_b0#0070_thH_tree_17_OP_1.818409912056766_Split_70.fasta', -7.467, -2.883, -9.63, -10.39
'MAFFT_b0#0070_thH_tree_86_OP_1.7393056698625855_Split_70.fasta', -3.34, 1.378, -6.487, -5.506
'MAFFT_b0#0070_ttH_tree_17_OP_1.818409912056766_Split_70.fasta', -7.466, -2.882, -9.627, -10.389
'MAFFT_b0#0070_ttT_tree_17_OP_1.818409912056766_Split_70.fasta', -7.466, -2.882, -9.627, -10.389
'MAFFT_b0#0070_ttT_tree_86_OP_1.7393056698625855_Split_70.fasta', -4.018, 0.631, -4.911, -7.242
'MAFFT_b0#0071_thH_tree_83_OP_1.1196527601502904_Split_71.fasta', 0.968, 7.164, -1.09, -0.368
'MAFFT_b0#0071_thT_tree_83_OP_1.1196527601502904_Split_71.fasta', 0.968, 7.164, -1.09, -0.368
'MAFFT_b0#0071_ttH_tree_83_OP_1.1196527601502904_Split_71.fasta', 0.064, 5.994, 0.07, -2.369
'MAFFT_b0#0071_ttT_tree_83_OP_1.1196527601502904_Split_71.fasta', 0.064, 5.994, 0.07, -2.369
'MAFFT_b0#0072_hhH_tree_16_OP_1.904493049197901_Split_72.fasta', -5.059, -0.443, -7.45, -6.854
'MAFFT_b0#0072_hhH_tree_2_OP_2.0780663887168265_Split_72.fasta', -6.043, -3.072, -4.697, -9.766
'MAFFT_b0#0072_htH_tree_2_OP_2.0780663887168265_Split_72.fasta', -7.901, -4.81, -5.033, -11.78
'MAFFT_b0#0072_htT_tree_16_OP_1.904493049197901_Split_72.fasta', -5.824, -1.241, -8.485, -7.391
'MAFFT_b0#0072_htT_tree_2_OP_2.0780663887168265_Split_72.fasta', -7.901, -4.81, -5.033, -11.78
'MAFFT_b0#0072_thH_tree_2_OP_2.0780663887168265_Split_72.fasta', -6.043, -3.072, -4.697, -9.766
'MAFFT_b0#0072_ttH_tree_16_OP_1.904493049197901_Split_72.fasta', -5.824, -1.241, -8.485, -7.391
'MAFFT_b0#0072_ttT_tree_16_OP_1.904493049197901_Split_72.fasta', -5.824, -1.241, -8.485, -7.391
'MAFFT_b0#0073_hhT_tree_96_OP_2.2598618576256135_Split_73.fasta', 3.165, 8.964, -0.565, 0.389
'MAFFT_b0#0073_htH_tree_96_OP_2.2598618576256135_Split_73.fasta', 3.056, 8.844, -0.294, 0.475
'MAFFT_b0#0073_htT_tree_38_OP_1.4036490691810368_Split_73.fasta', -12.469, -9.938, -13.541, -13.49
'MAFFT_b0#0073_htT_tree_96_OP_2.2598618576256135_Split_73.fasta', 3.056, 8.844, -0.294, 0.475
'MAFFT_b0#0073_thT_tree_38_OP_1.4036490691810368_Split_73.fasta', -11.83, -9.133, -12.984, -12.65
'MAFFT_b0#0073_thT_tree_96_OP_2.2598618576256135_Split_73.fasta', 3.165, 8.964, -0.565, 0.389
'MAFFT_b0#0073_ttH_tree_38_OP_1.4036490691810368_Split_73.fasta', -13.27, -10.856, -13.851, -14.76
'MAFFT_b0#0073_ttT_tree_38_OP_1.4036490691810368_Split_73.fasta', -13.27, -10.856, -13.851, -14.76
'MAFFT_b0#0074_hhH_tree_56_OP_1.8151633835449412_Split_74.fasta', -1.182, 4.863, -2.629, -3.228
'MAFFT_b0#0074_hhH_tree_79_OP_1.1319264156945865_Split_74.fasta', -9.148, -5.086, -7.785, -10.98
'MAFFT_b0#0074_htH_tree_56_OP_1.8151633835449412_Split_74.fasta', -1.168, 4.823, -3.198, -2.914
'MAFFT_b0#0074_htT_tree_79_OP_1.1319264156945865_Split_74.fasta', -8.92, -4.742, -7.977, -10.595
'MAFFT_b0#0074_thT_tree_56_OP_1.8151633835449412_Split_74.fasta', -1.182, 4.863, -2.629, -3.228
'MAFFT_b0#0074_ttH_tree_56_OP_1.8151633835449412_Split_74.fasta', -1.168, 4.823, -3.198, -2.914
'MAFFT_b0#0074_ttH_tree_79_OP_1.1319264156945865_Split_74.fasta', -8.92, -4.742, -7.977, -10.595
'MAFFT_b0#0074_ttT_tree_79_OP_1.1319264156945865_Split_74.fasta', -8.92, -4.742, -7.977, -10.595
'MAFFT_b0#0075_hhH_tree_81_OP_1.1314497018902243_Split_75.fasta', -10.286, -5.587, -13.845, -13.167
'MAFFT_b0#0075_hhT_tree_19_OP_1.5848887345678324_Split_75.fasta', -2.861, 2.63, -7.635, -6.271
'MAFFT_b0#0075_htH_tree_19_OP_1.5848887345678324_Split_75.fasta', -2.881, 2.615, -7.659, -6.293
'MAFFT_b0#0075_htH_tree_81_OP_1.1314497018902243_Split_75.fasta', -10.326, -5.622, -13.866, -13.185
'MAFFT_b0#0075_thH_tree_81_OP_1.1314497018902243_Split_75.fasta', -10.153, -5.424, -13.739, -13.054
'MAFFT_b0#0075_thT_tree_19_OP_1.5848887345678324_Split_75.fasta', -2.936, 2.547, -6.913, -6.908
'MAFFT_b0#0075_ttH_tree_19_OP_1.5848887345678324_Split_75.fasta', -2.956, 2.531, -6.939, -6.931
'MAFFT_b0#0075_ttH_tree_81_OP_1.1314497018902243_Split_75.fasta', -10.194, -5.459, -13.759, -13.072
'MAFFT_b0#0077_hhT_tree_15_OP_2.550159221795637_Split_77.fasta', -0.806, 4.658, -4.489, -3.121
'MAFFT_b0#0077_htT_tree_15_OP_2.550159221795637_Split_77.fasta', -3.026, 1.8, -5.722, -5.339
'MAFFT_b0#0077_thH_tree_15_OP_2.550159221795637_Split_77.fasta', -0.806, 4.658, -4.489, -3.121
'MAFFT_b0#0077_thT_tree_15_OP_2.550159221795637_Split_77.fasta', -0.806, 4.658, -4.489, -3.121
'MAFFT_b0#0079_hhH_tree_53_OP_2.8446810696084794_Split_79.fasta', -0.529, 4.403, 0.644, -4.232
'MAFFT_b0#0079_hhT_tree_53_OP_2.8446810696084794_Split_79.fasta', -0.529, 4.403, 0.644, -4.232
'MAFFT_b0#0079_htT_tree_53_OP_2.8446810696084794_Split_79.fasta', -0.569, 4.357, 0.626, -4.28
'MAFFT_b0#0079_ttH_tree_53_OP_2.8446810696084794_Split_79.fasta', -0.603, 4.311, 0.592, -4.344
'MAFFT_b0#0081_hhH_tree_28_OP_2.8015195195451144_Split_81.fasta', -6.775, -2.174, -5.794, -9.03
'MAFFT_b0#0081_hhT_tree_28_OP_2.8015195195451144_Split_81.fasta', -6.775, -2.174, -5.794, -9.03
'MAFFT_b0#0081_htH_tree_70_OP_2.86216121405654_Split_81.fasta', -1.409, 3.816, -2.059, -5.634
'MAFFT_b0#0081_htT_tree_70_OP_2.86216121405654_Split_81.fasta', -1.409, 3.816, -2.059, -5.634
'MAFFT_b0#0081_thH_tree_70_OP_2.86216121405654_Split_81.fasta', -0.917, 4.38, -1.782, -5.351
'MAFFT_b0#0081_thT_tree_28_OP_2.8015195195451144_Split_81.fasta', -6.775, -2.174, -5.794, -9.03
'MAFFT_b0#0081_ttH_tree_28_OP_2.8015195195451144_Split_81.fasta', -6.277, -1.571, -5.187, -8.573
'MAFFT_b0#0081_ttH_tree_70_OP_2.86216121405654_Split_81.fasta', -1.409, 3.816, -2.059, -5.634
'MAFFT_b0#0085_hhH_tree_6_OP_2.614406638642872_Split_85.fasta', -8.804, -5.394, -11.889, -10.065
'MAFFT_b0#0085_htH_tree_6_OP_2.614406638642872_Split_85.fasta', -8.831, -5.432, -11.883, -10.096
'MAFFT_b0#0085_htT_tree_43_OP_1.1593268235540946_Split_85.fasta', -1.652, 4.1, -2.694, -3.97
'MAFFT_b0#0085_htT_tree_6_OP_2.614406638642872_Split_85.fasta', -8.831, -5.432, -11.883, -10.096
'MAFFT_b0#0085_thT_tree_43_OP_1.1593268235540946_Split_85.fasta', -1.404, 4.341, -2.654, -6.241
'MAFFT_b0#0085_thT_tree_6_OP_2.614406638642872_Split_85.fasta', -8.804, -5.394, -11.889, -10.065
'MAFFT_b0#0085_ttH_tree_43_OP_1.1593268235540946_Split_85.fasta', -1.652, 4.1, -2.694, -3.97
'MAFFT_b0#0085_ttT_tree_43_OP_1.1593268235540946_Split_85.fasta', -1.652, 4.1, -2.694, -3.97
'MAFFT_b0#0086_hhH_tree_98_OP_1.0089131553899002_Split_86.fasta', -7.417, -2.435, -8.415, -10.537
'MAFFT_b0#0086_hhT_tree_98_OP_1.0089131553899002_Split_86.fasta', -7.417, -2.435, -8.415, -10.537
'MAFFT_b0#0086_htH_tree_98_OP_1.0089131553899002_Split_86.fasta', -7.195, -2.066, -7.357, -9.82
'MAFFT_b0#0086_thH_tree_98_OP_1.0089131553899002_Split_86.fasta', -7.417, -2.435, -8.415, -10.537
'MAFFT_b0#0088_hhH_tree_24_OP_2.5256879150632905_Split_88.fasta', -4.834, 0.148, -4.102, -9.869
'MAFFT_b0#0088_htH_tree_24_OP_2.5256879150632905_Split_88.fasta', -4.59, 0.499, -3.765, -9.494
'MAFFT_b0#0088_htT_tree_24_OP_2.5256879150632905_Split_88.fasta', -4.59, 0.499, -3.765, -9.494
'MAFFT_b0#0088_thH_tree_24_OP_2.5256879150632905_Split_88.fasta', -4.834, 0.148, -4.102, -9.869
'MAFFT_b0#0089_hhH_tree_3_OP_2.728084439580989_Split_89.fasta', -3.735, 0.492, -1.551, -6.161
'MAFFT_b0#0089_hhT_tree_3_OP_2.728084439580989_Split_89.fasta', -3.735, 0.492, -1.551, -6.161
'MAFFT_b0#0089_htH_tree_3_OP_2.728084439580989_Split_89.fasta', -4.097, 0.001, -0.918, -6.339
'MAFFT_b0#0089_htT_tree_3_OP_2.728084439580989_Split_89.fasta', -4.097, 0.001, -0.918, -6.339
'MAFFT_b0#0091_hhH_tree_58_OP_2.470758940826272_Split_91.fasta', -4.897, -1.216, -10.128, -6.241
'MAFFT_b0#0091_htH_tree_58_OP_2.470758940826272_Split_91.fasta', -4.897, -1.216, -10.128, -6.241
'MAFFT_b0#0091_thH_tree_58_OP_2.470758940826272_Split_91.fasta', -4.247, -0.37, -9.16, -5.443
'MAFFT_b0#0091_thT_tree_58_OP_2.470758940826272_Split_91.fasta', -4.247, -0.37, -9.16, -5.443
'MAFFT_b0#0092_hhH_tree_42_OP_1.3915835484150982_Split_92.fasta', -2.369, 2.037, -0.156, -5.114
'MAFFT_b0#0092_htH_tree_42_OP_1.3915835484150982_Split_92.fasta', -2.854, 1.538, -0.827, -5.144
'MAFFT_b0#0092_thH_tree_42_OP_1.3915835484150982_Split_92.fasta', -2.382, 2.011, -0.137, -5.091
'MAFFT_b0#0092_thT_tree_42_OP_1.3915835484150982_Split_92.fasta', -2.382, 2.011, -0.137, -5.091
'MAFFT_b0#0093_hhH_tree_50_OP_1.9153041649578615_Split_93.fasta', -10.203, -6.358, -10.059, -12.164
'MAFFT_b0#0093_htH_tree_49_OP_1.2895147288295243_Split_93.fasta', -2.906, 3.273, -4.16, -8.652
'MAFFT_b0#0093_htH_tree_50_OP_1.9153041649578615_Split_93.fasta', -7.149, -2.959, -8.586, -8.488
'MAFFT_b0#0093_htT_tree_50_OP_1.9153041649578615_Split_93.fasta', -7.149, -2.959, -8.586, -8.488
'MAFFT_b0#0093_thH_tree_49_OP_1.2895147288295243_Split_93.fasta', -3.695, 2.212, -3.427, -9.347
'MAFFT_b0#0093_thT_tree_49_OP_1.2895147288295243_Split_93.fasta', -3.695, 2.212, -3.427, -9.347
'MAFFT_b0#0093_ttT_tree_49_OP_1.2895147288295243_Split_93.fasta', -3.749, 2.169, -5.768, -8.62
'MAFFT_b0#0093_ttT_tree_50_OP_1.9153041649578615_Split_93.fasta', -7.49, -3.326, -8.969, -8.828
'MAFFT_b0#0094_hhH_tree_61_OP_2.233368308529553_Split_94.fasta', 0.143, 5.314, -3.938, -1.944
'MAFFT_b0#0094_hhT_tree_63_OP_2.7597843575557506_Split_94.fasta', -3.188, 1.421, -4.536, -7.668
'MAFFT_b0#0094_htT_tree_63_OP_2.7597843575557506_Split_94.fasta', -1.905, 2.699, -4.42, -4.785
'MAFFT_b0#0094_thH_tree_61_OP_2.233368308529553_Split_94.fasta', 0.057, 5.208, -4.014, -2.011
'MAFFT_b0#0094_thH_tree_63_OP_2.7597843575557506_Split_94.fasta', -2.713, 1.996, -4.214, -7.157
'MAFFT_b0#0094_thT_tree_61_OP_2.233368308529553_Split_94.fasta', 0.057, 5.208, -4.014, -2.011
'MAFFT_b0#0094_thT_tree_63_OP_2.7597843575557506_Split_94.fasta', -2.713, 1.996, -4.214, -7.157
'MAFFT_b0#0094_ttH_tree_61_OP_2.233368308529553_Split_94.fasta', -0.592, 4.449, -5.255, -2.731
'MAFFT_b0#0095_hhH_tree_36_OP_1.861931102167887_Split_95.fasta', -7.283, -4.003, -9.614, -10.249
'MAFFT_b0#0095_hhT_tree_25_OP_1.0509666088927379_Split_95.fasta', -8.799, -4.15, -9.233, -12.307
'MAFFT_b0#0095_hhT_tree_36_OP_1.861931102167887_Split_95.fasta', -7.283, -4.003, -9.614, -10.249
'MAFFT_b0#0095_htT_tree_25_OP_1.0509666088927379_Split_95.fasta', -8.799, -4.15, -9.233, -12.307
'MAFFT_b0#0095_htT_tree_36_OP_1.861931102167887_Split_95.fasta', -7.283, -4.003, -9.614, -10.249
'MAFFT_b0#0095_thT_tree_25_OP_1.0509666088927379_Split_95.fasta', -9.093, -4.423, -7.857, -13.756
'MAFFT_b0#0095_thT_tree_36_OP_1.861931102167887_Split_95.fasta', -7.315, -4.048, -9.626, -10.281
'MAFFT_b0#0095_ttH_tree_25_OP_1.0509666088927379_Split_95.fasta', -9.093, -4.423, -7.857, -13.756
'MAFFT_b1#0001_hhH_tree_41_OP_1.752396225471006_Split_1.fasta', -15.235, -11.263, -14.987, -18.474
'MAFFT_b1#0001_hhH_tree_68_OP_2.7543395888868245_Split_1.fasta', -11.538, -7.544, -11.447, -14.027
'MAFFT_b1#0001_hhT_tree_41_OP_1.752396225471006_Split_1.fasta', -15.235, -11.263, -14.987, -18.474
'MAFFT_b1#0001_hhT_tree_68_OP_2.7543395888868245_Split_1.fasta', -11.538, -7.544, -11.447, -14.027
'MAFFT_b1#0001_htH_tree_41_OP_1.752396225471006_Split_1.fasta', -14.584, -10.61, -14.072, -17.859
'MAFFT_b1#0001_htH_tree_68_OP_2.7543395888868245_Split_1.fasta', -10.481, -6.459, -9.317, -13.329
'MAFFT_b1#0001_htT_tree_41_OP_1.752396225471006_Split_1.fasta', -14.584, -10.61, -14.072, -17.859
'MAFFT_b1#0001_htT_tree_68_OP_2.7543395888868245_Split_1.fasta', -10.481, -6.459, -9.317, -13.329
'MAFFT_b1#0003_hhH_tree_7_OP_2.423506546963713_Split_3.fasta', -0.854, 4.436, -3.943, -2.541
'MAFFT_b1#0003_hhT_tree_7_OP_2.423506546963713_Split_3.fasta', -0.854, 4.436, -3.943, -2.541
'MAFFT_b1#0003_htH_tree_7_OP_2.423506546963713_Split_3.fasta', 0.215, 5.55, -4.755, -1.903
'MAFFT_b1#0003_htT_tree_7_OP_2.423506546963713_Split_3.fasta', 0.215, 5.55, -4.755, -1.903
'MAFFT_b1#0006_hhH_tree_12_OP_2.973153388725351_Split_6.fasta', -3.485, 1.112, -9.469, -5.863
'MAFFT_b1#0006_hhH_tree_82_OP_2.6007870123262946_Split_6.fasta', 0.795, 6.526, 1.275, -4.28
'MAFFT_b1#0006_hhT_tree_12_OP_2.973153388725351_Split_6.fasta', -3.485, 1.112, -9.469, -5.863
'MAFFT_b1#0006_hhT_tree_82_OP_2.6007870123262946_Split_6.fasta', 0.795, 6.526, 1.275, -4.28
'MAFFT_b1#0006_htH_tree_12_OP_2.973153388725351_Split_6.fasta', -3.075, 1.637, -9.211, -5.417
'MAFFT_b1#0006_htH_tree_82_OP_2.6007870123262946_Split_6.fasta', -0.235, 5.604, -0.539, -4.27
'MAFFT_b1#0006_htT_tree_12_OP_2.973153388725351_Split_6.fasta', -3.075, 1.637, -9.211, -5.417
'MAFFT_b1#0006_htT_tree_82_OP_2.6007870123262946_Split_6.fasta', -0.235, 5.604, -0.539, -4.27
'MAFFT_b1#0007_hhH_tree_40_OP_1.431276692692299_Split_7.fasta', -1.266, 4.406, -5.664, -3.98
'MAFFT_b1#0007_hhT_tree_40_OP_1.431276692692299_Split_7.fasta', -1.266, 4.406, -5.664, -3.98
'MAFFT_b1#0007_htH_tree_40_OP_1.431276692692299_Split_7.fasta', -1.068, 4.676, -5.306, -3.627
'MAFFT_b1#0007_htT_tree_40_OP_1.431276692692299_Split_7.fasta', -1.068, 4.676, -5.306, -3.627
'MAFFT_b1#0008_hhH_tree_29_OP_1.1774471868850718_Split_8.fasta', -6.156, -2.204, -9.249, -7.866
'MAFFT_b1#0008_hhT_tree_29_OP_1.1774471868850718_Split_8.fasta', -6.156, -2.204, -9.249, -7.866
'MAFFT_b1#0008_htH_tree_29_OP_1.1774471868850718_Split_8.fasta', -6.161, -2.21, -9.254, -7.87
'MAFFT_b1#0008_htT_tree_29_OP_1.1774471868850718_Split_8.fasta', -6.161, -2.21, -9.254, -7.87
'MAFFT_b1#0010_hhH_tree_48_OP_1.0349214069593133_Split_10.fasta', -5.99, -0.43, -6.04, -9.851
'MAFFT_b1#0010_hhH_tree_51_OP_1.018044877173671_Split_10.fasta', -3.464, 1.65, -3.18, -5.718
'MAFFT_b1#0010_hhT_tree_48_OP_1.0349214069593133_Split_10.fasta', -5.99, -0.43, -6.04, -9.851
'MAFFT_b1#0010_hhT_tree_51_OP_1.018044877173671_Split_10.fasta', -3.464, 1.65, -3.18, -5.718
'MAFFT_b1#0010_htH_tree_48_OP_1.0349214069593133_Split_10.fasta', -7.447, -2.319, -8.807, -9.615
'MAFFT_b1#0010_htH_tree_51_OP_1.018044877173671_Split_10.fasta', -4.753, 0.35, -4.358, -7.267
'MAFFT_b1#0010_htT_tree_48_OP_1.0349214069593133_Split_10.fasta', -7.447, -2.319, -8.807, -9.615
'MAFFT_b1#0010_htT_tree_51_OP_1.018044877173671_Split_10.fasta', -4.753, 0.35, -4.358, -7.267
'MAFFT_b1#0011_hhH_tree_84_OP_2.680201119072135_Split_11.fasta', -8.183, -3.812, -11.85, -8.895
'MAFFT_b1#0011_hhT_tree_84_OP_2.680201119072135_Split_11.fasta', -8.183, -3.812, -11.85, -8.895
'MAFFT_b1#0011_htH_tree_84_OP_2.680201119072135_Split_11.fasta', -7.758, -3.203, -9.139, -10.19
'MAFFT_b1#0011_htT_tree_84_OP_2.680201119072135_Split_11.fasta', -7.758, -3.203, -9.139, -10.19
'MAFFT_b1#0012_hhH_tree_62_OP_2.4330105528955412_Split_12.fasta', -8.499, -5.337, -11.401, -9.766
'MAFFT_b1#0012_hhT_tree_62_OP_2.4330105528955412_Split_12.fasta', -8.499, -5.337, -11.401, -9.766
'MAFFT_b1#0012_htH_tree_62_OP_2.4330105528955412_Split_12.fasta', -9.101, -6.063, -7.823, -11.523
'MAFFT_b1#0012_htT_tree_62_OP_2.4330105528955412_Split_12.fasta', -9.101, -6.063, -7.823, -11.523
'MAFFT_b1#0014_hhH_tree_44_OP_2.639288724484837_Split_14.fasta', -2.301, 2.767, -3.206, -6.185
'MAFFT_b1#0014_hhH_tree_67_OP_1.9260663748429023_Split_14.fasta', -1.424, 3.612, -7.077, -2.931
'MAFFT_b1#0014_hhT_tree_44_OP_2.639288724484837_Split_14.fasta', -2.301, 2.767, -3.206, -6.185
'MAFFT_b1#0014_hhT_tree_67_OP_1.9260663748429023_Split_14.fasta', -1.424, 3.612, -7.077, -2.931
'MAFFT_b1#0014_htH_tree_44_OP_2.639288724484837_Split_14.fasta', -1.822, 3.349, -2.915, -5.662
'MAFFT_b1#0014_htH_tree_67_OP_1.9260663748429023_Split_14.fasta', -2.262, 2.478, -2.085, -3.844
'MAFFT_b1#0014_htT_tree_44_OP_2.639288724484837_Split_14.fasta', -1.822, 3.349, -2.915, -5.662
'MAFFT_b1#0014_htT_tree_67_OP_1.9260663748429023_Split_14.fasta', -2.262, 2.478, -2.085, -3.844
'MAFFT_b1#0016_hhH_tree_33_OP_2.3139125348148384_Split_16.fasta', -6.726, -1.968, -4.5, -9.057
'MAFFT_b1#0016_hhT_tree_33_OP_2.3139125348148384_Split_16.fasta', -6.726, -1.968, -4.5, -9.057
'MAFFT_b1#0016_htH_tree_33_OP_2.3139125348148384_Split_16.fasta', -6.466, -1.609, -3.647, -8.222
'MAFFT_b1#0016_htT_tree_33_OP_2.3139125348148384_Split_16.fasta', -6.466, -1.609, -3.647, -8.222
'MAFFT_b1#0017_hhH_tree_45_OP_2.295265953595705_Split_17.fasta', -10.041, -6.84, -12.174, -10.209
'MAFFT_b1#0017_hhH_tree_90_OP_2.1610607075340664_Split_17.fasta', -1.471, 3.318, -1.858, -3.632
'MAFFT_b1#0017_hhT_tree_45_OP_2.295265953595705_Split_17.fasta', -10.041, -6.84, -12.174, -10.209
'MAFFT_b1#0017_hhT_tree_90_OP_2.1610607075340664_Split_17.fasta', -1.471, 3.318, -1.858, -3.632
'MAFFT_b1#0017_htH_tree_45_OP_2.295265953595705_Split_17.fasta', -11.23, -8.266, -12.473, -11.88
'MAFFT_b1#0017_htH_tree_90_OP_2.1610607075340664_Split_17.fasta', -1.822, 2.956, -1.596, -4.595
'MAFFT_b1#0017_htT_tree_45_OP_2.295265953595705_Split_17.fasta', -11.23, -8.266, -12.473, -11.88
'MAFFT_b1#0017_htT_tree_90_OP_2.1610607075340664_Split_17.fasta', -1.822, 2.956, -1.596, -4.595
'MAFFT_b1#0019_hhH_tree_54_OP_1.6636194832224898_Split_19.fasta', -4.93, 0.136, -7.057, -6.727
'MAFFT_b1#0019_hhH_tree_94_OP_2.5553791369687318_Split_19.fasta', -6.07, -2.301, -7.412, -10.637
'MAFFT_b1#0019_hhT_tree_54_OP_1.6636194832224898_Split_19.fasta', -4.93, 0.136, -7.057, -6.727
'MAFFT_b1#0019_hhT_tree_94_OP_2.5553791369687318_Split_19.fasta', -6.07, -2.301, -7.412, -10.637
'MAFFT_b1#0019_htH_tree_54_OP_1.6636194832224898_Split_19.fasta', -4.977, 0.107, -7.094, -6.825
'MAFFT_b1#0019_htH_tree_94_OP_2.5553791369687318_Split_19.fasta', -5.698, -1.853, -7.124, -10.257
'MAFFT_b1#0019_htT_tree_54_OP_1.6636194832224898_Split_19.fasta', -4.977, 0.107, -7.094, -6.825
'MAFFT_b1#0019_htT_tree_94_OP_2.5553791369687318_Split_19.fasta', -5.698, -1.853, -7.124, -10.257
'MAFFT_b1#0022_hhH_tree_39_OP_1.522040361295851_Split_22.fasta', -1.34, 4.377, -2.231, -1.503
'MAFFT_b1#0022_hhH_tree_64_OP_2.935413362566628_Split_22.fasta', -3.204, 1.668, -9.276, -6.011
'MAFFT_b1#0022_hhT_tree_39_OP_1.522040361295851_Split_22.fasta', -1.34, 4.377, -2.231, -1.503
'MAFFT_b1#0022_hhT_tree_64_OP_2.935413362566628_Split_22.fasta', -3.204, 1.668, -9.276, -6.011
'MAFFT_b1#0022_htH_tree_39_OP_1.522040361295851_Split_22.fasta', -1.838, 3.842, -0.972, -4.333
'MAFFT_b1#0022_htH_tree_64_OP_2.935413362566628_Split_22.fasta', -2.766, 2.21, -8.985, -5.429
'MAFFT_b1#0022_htT_tree_39_OP_1.522040361295851_Split_22.fasta', -1.838, 3.842, -0.972, -4.333
'MAFFT_b1#0022_htT_tree_64_OP_2.935413362566628_Split_22.fasta', -2.766, 2.21, -8.985, -5.429
'MAFFT_b1#0024_hhH_tree_34_OP_2.407510533391993_Split_24.fasta', -6.586, -2.353, -8.797, -10.981
'MAFFT_b1#0024_hhT_tree_34_OP_2.407510533391993_Split_24.fasta', -6.586, -2.353, -8.797, -10.981
'MAFFT_b1#0024_htH_tree_34_OP_2.407510533391993_Split_24.fasta', -7.777, -3.86, -9.58, -12.328
'MAFFT_b1#0024_htT_tree_34_OP_2.407510533391993_Split_24.fasta', -7.777, -3.86, -9.58, -12.328
'MAFFT_b1#0025_hhH_tree_59_OP_2.170731131311491_Split_25.fasta', -3.299, 1.826, -4.993, -5.611
'MAFFT_b1#0025_hhH_tree_85_OP_2.480824599307775_Split_25.fasta', -3.589, 1.518, -2.658, -5.328
'MAFFT_b1#0025_hhT_tree_59_OP_2.170731131311491_Split_25.fasta', -3.299, 1.826, -4.993, -5.611
'MAFFT_b1#0025_hhT_tree_85_OP_2.480824599307775_Split_25.fasta', -3.589, 1.518, -2.658, -5.328
'MAFFT_b1#0025_htH_tree_59_OP_2.170731131311491_Split_25.fasta', -4.045, 0.935, -5.588, -6.283
'MAFFT_b1#0025_htH_tree_85_OP_2.480824599307775_Split_25.fasta', -3.181, 2.005, -2.368, -4.922
'MAFFT_b1#0025_htT_tree_59_OP_2.170731131311491_Split_25.fasta', -4.045, 0.935, -5.588, -6.283
'MAFFT_b1#0025_htT_tree_85_OP_2.480824599307775_Split_25.fasta', -3.181, 2.005, -2.368, -4.922
'MAFFT_b1#0026_hhH_tree_21_OP_2.1310205653910055_Split_26.fasta', -11.108, -7.09, -7.745, -15.514
'MAFFT_b1#0026_hhH_tree_80_OP_2.5217903856188704_Split_26.fasta', -4.724, 0.118, -3.455, -7.048
'MAFFT_b1#0026_hhT_tree_21_OP_2.1310205653910055_Split_26.fasta', -11.108, -7.09, -7.745, -15.514
'MAFFT_b1#0026_hhT_tree_80_OP_2.5217903856188704_Split_26.fasta', -4.724, 0.118, -3.455, -7.048
'MAFFT_b1#0026_htH_tree_21_OP_2.1310205653910055_Split_26.fasta', -10.943, -6.904, -10.009, -14.659
'MAFFT_b1#0026_htH_tree_80_OP_2.5217903856188704_Split_26.fasta', -4.299, 0.636, -3.172, -6.583
'MAFFT_b1#0026_htT_tree_21_OP_2.1310205653910055_Split_26.fasta', -10.943, -6.904, -10.009, -14.659
'MAFFT_b1#0026_htT_tree_80_OP_2.5217903856188704_Split_26.fasta', -4.299, 0.636, -3.172, -6.583
'MAFFT_b1#0027_hhH_tree_10_OP_1.9679388553310329_Split_27.fasta', -3.396, 2.089, -4.963, -5.854
'MAFFT_b1#0027_hhT_tree_10_OP_1.9679388553310329_Split_27.fasta', -3.396, 2.089, -4.963, -5.854
'MAFFT_b1#0027_htH_tree_10_OP_1.9679388553310329_Split_27.fasta', -3.434, 2.051, -2.271, -8.629
'MAFFT_b1#0027_htT_tree_10_OP_1.9679388553310329_Split_27.fasta', -3.434, 2.051, -2.271, -8.629
'MAFFT_b1#0028_hhH_tree_66_OP_2.9673947251158412_Split_28.fasta', -5.537, -1.361, -5.758, -8.796
'MAFFT_b1#0028_hhT_tree_66_OP_2.9673947251158412_Split_28.fasta', -5.537, -1.361, -5.758, -8.796
'MAFFT_b1#0028_htH_tree_66_OP_2.9673947251158412_Split_28.fasta', -6.646, -2.693, -10.53, -8.985
'MAFFT_b1#0028_htT_tree_66_OP_2.9673947251158412_Split_28.fasta', -6.646, -2.693, -10.53, -8.985
'MAFFT_b1#0029_hhH_tree_27_OP_1.6859321025856457_Split_29.fasta', -3.388, 0.814, -3.191, -6.539
'MAFFT_b1#0029_hhT_tree_27_OP_1.6859321025856457_Split_29.fasta', -3.388, 0.814, -3.191, -6.539
'MAFFT_b1#0029_htH_tree_27_OP_1.6859321025856457_Split_29.fasta', -5.084, -1.469, -4.456, -8.499
'MAFFT_b1#0029_htT_tree_27_OP_1.6859321025856457_Split_29.fasta', -5.084, -1.469, -4.456, -8.499
'MAFFT_b1#0031_hhH_tree_23_OP_2.940403370408288_Split_31.fasta', -5.736, -1.238, -3.839, -6.99
'MAFFT_b1#0031_hhH_tree_78_OP_1.9842214843426838_Split_31.fasta', -15.236, -12.543, -16.321, -19.109
'MAFFT_b1#0031_hhT_tree_23_OP_2.940403370408288_Split_31.fasta', -5.736, -1.238, -3.839, -6.99
'MAFFT_b1#0031_hhT_tree_78_OP_1.9842214843426838_Split_31.fasta', -15.236, -12.543, -16.321, -19.109
'MAFFT_b1#0031_htH_tree_23_OP_2.940403370408288_Split_31.fasta', -4.738, -0.144, -3.116, -6.223
'MAFFT_b1#0031_htH_tree_78_OP_1.9842214843426838_Split_31.fasta', -14.964, -12.216, -16.837, -18.676
'MAFFT_b1#0031_htT_tree_23_OP_2.940403370408288_Split_31.fasta', -4.738, -0.144, -3.116, -6.223
'MAFFT_b1#0031_htT_tree_78_OP_1.9842214843426838_Split_31.fasta', -14.964, -12.216, -16.837, -18.676
'MAFFT_b1#0035_hhH_tree_71_OP_2.3680950705345123_Split_35.fasta', -2.434, 2.786, -5.631, -4.612
'MAFFT_b1#0035_hhH_tree_75_OP_2.4023709813773846_Split_35.fasta', -2.076, 2.557, 0.088, -4.686
'MAFFT_b1#0035_hhH_tree_9_OP_1.5653274151471246_Split_35.fasta', -7.152, -2.88, -11.427, -8.513
'MAFFT_b1#0035_hhT_tree_71_OP_2.3680950705345123_Split_35.fasta', -2.434, 2.786, -5.631, -4.612
'MAFFT_b1#0035_hhT_tree_75_OP_2.4023709813773846_Split_35.fasta', -2.076, 2.557, 0.088, -4.686
'MAFFT_b1#0035_hhT_tree_9_OP_1.5653274151471246_Split_35.fasta', -7.152, -2.88, -11.427, -8.513
'MAFFT_b1#0035_htH_tree_71_OP_2.3680950705345123_Split_35.fasta', -2.471, 2.748, -5.659, -4.647
'MAFFT_b1#0035_htH_tree_75_OP_2.4023709813773846_Split_35.fasta', -2.072, 2.561, 0.094, -4.682
'MAFFT_b1#0035_htH_tree_9_OP_1.5653274151471246_Split_35.fasta', -7.006, -3.359, -8.511, -9.836
'MAFFT_b1#0035_htT_tree_71_OP_2.3680950705345123_Split_35.fasta', -2.471, 2.748, -5.659, -4.647
'MAFFT_b1#0035_htT_tree_75_OP_2.4023709813773846_Split_35.fasta', -2.072, 2.561, 0.094, -4.682
'MAFFT_b1#0035_htT_tree_9_OP_1.5653274151471246_Split_35.fasta', -7.006, -3.359, -8.511, -9.836
'MAFFT_b1#0036_hhH_tree_69_OP_2.9824622002885617_Split_36.fasta', -5.253, -0.278, -8.433, -9.03
'MAFFT_b1#0036_hhH_tree_74_OP_2.943304477827338_Split_36.fasta', -6.588, -2.02, -8.528, -8.988
'MAFFT_b1#0036_hhH_tree_91_OP_2.3523277060939405_Split_36.fasta', -7.732, -4.331, -6.159, -10.576
'MAFFT_b1#0036_hhT_tree_69_OP_2.9824622002885617_Split_36.fasta', -5.253, -0.278, -8.433, -9.03
'MAFFT_b1#0036_hhT_tree_74_OP_2.943304477827338_Split_36.fasta', -6.588, -2.02, -8.528, -8.988
'MAFFT_b1#0036_hhT_tree_91_OP_2.3523277060939405_Split_36.fasta', -7.732, -4.331, -6.159, -10.576
'MAFFT_b1#0036_htH_tree_69_OP_2.9824622002885617_Split_36.fasta', -4.7, 0.404, -6.343, -8.688
'MAFFT_b1#0036_htH_tree_74_OP_2.943304477827338_Split_36.fasta', -6.34, -1.741, -5.511, -10.116
'MAFFT_b1#0036_htH_tree_91_OP_2.3523277060939405_Split_36.fasta', -7.292, -3.749, -5.832, -10.15
'MAFFT_b1#0036_htT_tree_69_OP_2.9824622002885617_Split_36.fasta', -4.7, 0.404, -6.343, -8.688
'MAFFT_b1#0036_htT_tree_74_OP_2.943304477827338_Split_36.fasta', -6.34, -1.741, -5.511, -10.116
'MAFFT_b1#0036_htT_tree_91_OP_2.3523277060939405_Split_36.fasta', -7.292, -3.749, -5.832, -10.15
'MAFFT_b1#0037_hhH_tree_46_OP_2.5904987735791676_Split_37.fasta', -3.454, 0.307, -5.025, -6.741
'MAFFT_b1#0037_hhH_tree_65_OP_1.3986977410996977_Split_37.fasta', -0.95, 4.94, -5.309, -1.487
'MAFFT_b1#0037_hhT_tree_46_OP_2.5904987735791676_Split_37.fasta', -3.454, 0.307, -5.025, -6.741
'MAFFT_b1#0037_hhT_tree_65_OP_1.3986977410996977_Split_37.fasta', -0.95, 4.94, -5.309, -1.487
'MAFFT_b1#0037_htH_tree_46_OP_2.5904987735791676_Split_37.fasta', -3.167, 0.451, -6.477, -5.432
'MAFFT_b1#0037_htH_tree_65_OP_1.3986977410996977_Split_37.fasta', -1.054, 4.826, -5.38, -1.59
'MAFFT_b1#0037_htT_tree_46_OP_2.5904987735791676_Split_37.fasta', -3.167, 0.451, -6.477, -5.432
'MAFFT_b1#0037_htT_tree_65_OP_1.3986977410996977_Split_37.fasta', -1.054, 4.826, -5.38, -1.59
'MAFFT_b1#0039_hhH_tree_22_OP_1.0333726057419617_Split_39.fasta', 1.025, 7.202, -3.813, -0.736
'MAFFT_b1#0039_hhT_tree_22_OP_1.0333726057419617_Split_39.fasta', 1.025, 7.202, -3.813, -0.736
'MAFFT_b1#0039_htH_tree_22_OP_1.0333726057419617_Split_39.fasta', 0.82, 6.896, 1.907, -2.734
'MAFFT_b1#0039_htT_tree_22_OP_1.0333726057419617_Split_39.fasta', 0.82, 6.896, 1.907, -2.734
'MAFFT_b1#0041_hhH_tree_31_OP_2.371648195541206_Split_41.fasta', -4.948, 0.038, -8.839, -5.578
'MAFFT_b1#0041_hhH_tree_8_OP_2.990366431633018_Split_41.fasta', -0.694, 4.468, -0.489, -1.844
'MAFFT_b1#0041_hhT_tree_31_OP_2.371648195541206_Split_41.fasta', -4.948, 0.038, -8.839, -5.578
'MAFFT_b1#0041_hhT_tree_8_OP_2.990366431633018_Split_41.fasta', -0.694, 4.468, -0.489, -1.844
'MAFFT_b1#0041_htH_tree_31_OP_2.371648195541206_Split_41.fasta', -4.124, 0.972, -8.092, -4.654
'MAFFT_b1#0041_htH_tree_8_OP_2.990366431633018_Split_41.fasta', -0.642, 4.51, -0.418, -1.784
'MAFFT_b1#0041_htT_tree_31_OP_2.371648195541206_Split_41.fasta', -4.124, 0.972, -8.092, -4.654
'MAFFT_b1#0041_htT_tree_8_OP_2.990366431633018_Split_41.fasta', -0.642, 4.51, -0.418, -1.784
'MAFFT_b1#0042_hhH_tree_92_OP_1.133352346367843_Split_42.fasta', -6.325, -1.501, -9.821, -9.265
'MAFFT_b1#0042_hhT_tree_92_OP_1.133352346367843_Split_42.fasta', -6.325, -1.501, -9.821, -9.265
'MAFFT_b1#0042_htH_tree_92_OP_1.133352346367843_Split_42.fasta', -6.662, -1.921, -8.137, -12.636
'MAFFT_b1#0042_htT_tree_92_OP_1.133352346367843_Split_42.fasta', -6.662, -1.921, -8.137, -12.636
'MAFFT_b1#0043_hhH_tree_95_OP_2.498402958697362_Split_43.fasta', 2.792, 8.698, 2.723, -1.279
'MAFFT_b1#0043_hhT_tree_95_OP_2.498402958697362_Split_43.fasta', 2.792, 8.698, 2.723, -1.279
'MAFFT_b1#0043_htH_tree_95_OP_2.498402958697362_Split_43.fasta', 1.634, 7.349, 1.527, -2.941
'MAFFT_b1#0043_htT_tree_95_OP_2.498402958697362_Split_43.fasta', 1.634, 7.349, 1.527, -2.941
'MAFFT_b1#0044_hhH_tree_14_OP_1.7440813830902329_Split_44.fasta', -11.032, -6.936, -11.595, -12.189
'MAFFT_b1#0044_hhH_tree_52_OP_2.165361006866358_Split_44.fasta', -3.413, 1.725, -2.247, -6.291
'MAFFT_b1#0044_hhT_tree_14_OP_1.7440813830902329_Split_44.fasta', -11.032, -6.936, -11.595, -12.189
'MAFFT_b1#0044_hhT_tree_52_OP_2.165361006866358_Split_44.fasta', -3.413, 1.725, -2.247, -6.291
'MAFFT_b1#0044_htH_tree_14_OP_1.7440813830902329_Split_44.fasta', -11.055, -6.954, -11.637, -12.228
'MAFFT_b1#0044_htH_tree_52_OP_2.165361006866358_Split_44.fasta', -3.061, 2.235, -2.093, -5.938
'MAFFT_b1#0044_htT_tree_14_OP_1.7440813830902329_Split_44.fasta', -11.055, -6.954, -11.637, -12.228
'MAFFT_b1#0044_htT_tree_52_OP_2.165361006866358_Split_44.fasta', -3.061, 2.235, -2.093, -5.938
'MSA.BALIPHY.aln.best.23410.fas', 1.968, 7.483, 0.689, -0.798
'MSA.MAFFT.aln.With_Names', 3.792, 9.888, -1.857, 2.65
'MSA.MUSCLE.aln.best.23410.fas', -1.324, 0.807, -4.115, -6.439
'MSA.PRANK.aln.With_Names', -24.958, -24.3, -22.212, -30.186
'MUSCLE_diversified_replicate.abc.1.afa', -1.0, 3.847, -3.797, -4.882
'MUSCLE_diversified_replicate.abc.101.afa', -4.057, 0.395, -4.845, -8.352
'MUSCLE_diversified_replicate.abc.105.afa', -1.816, 2.728, -3.139, -4.711
'MUSCLE_diversified_replicate.abc.109.afa', 1.529, 5.97, 1.377, -1.317
'MUSCLE_diversified_replicate.abc.113.afa', 1.967, 6.731, 2.23, -1.14
'MUSCLE_diversified_replicate.abc.117.afa', -2.408, 2.368, -3.906, -6.33
'MUSCLE_diversified_replicate.abc.121.afa', -2.188, 2.593, -1.464, -6.329
'MUSCLE_diversified_replicate.abc.125.afa', -1.324, 3.257, -1.637, -5.648
'MUSCLE_diversified_replicate.abc.129.afa', -1.549, 3.298, -2.314, -5.318
'MUSCLE_diversified_replicate.abc.13.afa', 0.755, 5.588, -0.198, -4.279
'MUSCLE_diversified_replicate.abc.133.afa', 3.182, 7.968, 1.289, 1.044
'MUSCLE_diversified_replicate.abc.137.afa', -2.773, 2.021, -3.184, -8.021
'MUSCLE_diversified_replicate.abc.141.afa', -4.013, 0.408, -3.357, -8.194
'MUSCLE_diversified_replicate.abc.145.afa', -1.832, 2.695, -1.184, -5.405
'MUSCLE_diversified_replicate.abc.149.afa', 1.207, 5.984, -0.538, -0.695
'MUSCLE_diversified_replicate.abc.153.afa', -1.489, 3.018, -2.721, -5.036
'MUSCLE_diversified_replicate.abc.157.afa', -4.884, -0.242, -5.305, -8.488
'MUSCLE_diversified_replicate.abc.161.afa', 1.202, 5.538, 1.719, -1.928
'MUSCLE_diversified_replicate.abc.165.afa', -3.009, 1.74, -3.283, -6.164
'MUSCLE_diversified_replicate.abc.169.afa', -0.525, 3.963, -1.342, -3.947
'MUSCLE_diversified_replicate.abc.17.afa', -0.292, 3.734, 1.097, -3.558
'MUSCLE_diversified_replicate.abc.173.afa', -0.561, 3.801, -1.544, -4.732
'MUSCLE_diversified_replicate.abc.177.afa', -2.794, 1.691, -3.524, -6.285
'MUSCLE_diversified_replicate.abc.181.afa', -0.842, 3.831, -1.638, -4.104
'MUSCLE_diversified_replicate.abc.185.afa', -3.14, 1.496, -3.53, -6.774
'MUSCLE_diversified_replicate.abc.189.afa', -3.367, 1.523, -4.12, -5.822
'MUSCLE_diversified_replicate.abc.193.afa', -3.292, 1.159, -4.318, -7.098
'MUSCLE_diversified_replicate.abc.197.afa', -0.884, 3.674, -1.453, -4.819
'MUSCLE_diversified_replicate.abc.201.afa', -0.495, 4.251, -2.307, -4.083
'MUSCLE_diversified_replicate.abc.205.afa', -0.193, 4.467, -1.751, -3.704
'MUSCLE_diversified_replicate.abc.209.afa', -1.845, 2.741, -3.006, -4.975
'MUSCLE_diversified_replicate.abc.21.afa', -3.485, 0.866, -2.816, -6.666
'MUSCLE_diversified_replicate.abc.213.afa', -1.598, 2.003, -0.544, -4.241
'MUSCLE_diversified_replicate.abc.217.afa', -0.287, 4.725, -1.801, -3.669
'MUSCLE_diversified_replicate.abc.221.afa', 0.085, 4.674, -1.518, -3.014
'MUSCLE_diversified_replicate.abc.225.afa', -3.909, 0.643, -4.465, -7.647
'MUSCLE_diversified_replicate.abc.229.afa', -3.618, 0.571, -3.715, -5.97
'MUSCLE_diversified_replicate.abc.233.afa', -1.71, 2.582, -1.462, -4.645
'MUSCLE_diversified_replicate.abc.237.afa', -4.721, -0.261, -4.683, -7.869
'MUSCLE_diversified_replicate.abc.241.afa', -0.812, 3.802, -1.961, -4.218
'MUSCLE_diversified_replicate.abc.245.afa', -2.877, 1.616, -3.691, -6.832
'MUSCLE_diversified_replicate.abc.249.afa', -1.653, 3.27, -2.622, -5.135
'MUSCLE_diversified_replicate.abc.25.afa', -10.622, -11.916, -13.86, -17.531
'MUSCLE_diversified_replicate.abc.253.afa', 0.185, 4.144, 1.063, -2.461
'MUSCLE_diversified_replicate.abc.257.afa', 0.286, 5.069, -1.441, -3.922
'MUSCLE_diversified_replicate.abc.261.afa', -5.302, -1.099, -6.055, -8.646
'MUSCLE_diversified_replicate.abc.265.afa', -3.414, 1.0, -3.6, -7.294
'MUSCLE_diversified_replicate.abc.269.afa', -0.315, 4.451, -1.507, -3.628
'MUSCLE_diversified_replicate.abc.273.afa', -4.025, 0.416, -3.608, -6.982
'MUSCLE_diversified_replicate.abc.277.afa', -3.712, 0.951, -4.142, -7.392
'MUSCLE_diversified_replicate.abc.281.afa', -2.504, 2.436, -3.184, -5.979
'MUSCLE_diversified_replicate.abc.285.afa', 0.53, 6.001, -2.061, -2.827
'MUSCLE_diversified_replicate.abc.289.afa', -0.525, 4.395, 0.123, -4.62
'MUSCLE_diversified_replicate.abc.29.afa', -4.744, -0.55, -5.001, -7.977
'MUSCLE_diversified_replicate.abc.293.afa', -0.441, 4.387, -1.336, -4.183
'MUSCLE_diversified_replicate.abc.297.afa', -1.25, 3.413, -1.023, -5.818
'MUSCLE_diversified_replicate.abc.301.afa', -8.001, -5.824, -12.159, -14.033
'MUSCLE_diversified_replicate.abc.305.afa', -1.073, 3.511, -2.138, -4.632
'MUSCLE_diversified_replicate.abc.309.afa', -1.764, 3.382, -2.952, -4.949
'MUSCLE_diversified_replicate.abc.313.afa', -5.095, -0.844, -4.958, -7.648
'MUSCLE_diversified_replicate.abc.317.afa', -5.717, -1.597, -6.55, -8.954
'MUSCLE_diversified_replicate.abc.321.afa', 0.358, 5.386, -0.054, -4.474
'MUSCLE_diversified_replicate.abc.325.afa', -2.086, 2.732, -2.934, -5.546
'MUSCLE_diversified_replicate.abc.329.afa', -3.872, 0.673, -4.482, -7.499
'MUSCLE_diversified_replicate.abc.33.afa', -3.201, 1.412, -4.17, -6.47
'MUSCLE_diversified_replicate.abc.333.afa', 2.962, 7.758, 3.409, -0.112
'MUSCLE_diversified_replicate.abc.337.afa', 1.241, 5.737, 1.359, -0.763
'MUSCLE_diversified_replicate.abc.341.afa', -4.569, -0.324, -5.135, -8.201
'MUSCLE_diversified_replicate.abc.345.afa', 1.377, 6.134, -0.699, -0.368
'MUSCLE_diversified_replicate.abc.349.afa', 0.047, 4.82, -0.798, -4.232
'MUSCLE_diversified_replicate.abc.353.afa', -2.157, 2.799, -2.647, -5.323
'MUSCLE_diversified_replicate.abc.357.afa', -1.728, 2.739, -2.93, -5.085
'MUSCLE_diversified_replicate.abc.361.afa', -3.708, 0.558, -3.987, -6.908
'MUSCLE_diversified_replicate.abc.365.afa', -0.295, 4.922, -2.304, -3.566
'MUSCLE_diversified_replicate.abc.369.afa', -1.125, 3.491, -1.93, -4.647
'MUSCLE_diversified_replicate.abc.37.afa', -0.637, 4.121, -2.781, -4.53
'MUSCLE_diversified_replicate.abc.373.afa', 0.106, 5.014, -0.475, -2.838
'MUSCLE_diversified_replicate.abc.377.afa', -2.376, 2.057, -3.018, -5.545
'MUSCLE_diversified_replicate.abc.381.afa', -2.764, 1.725, -3.446, -6.408
'MUSCLE_diversified_replicate.abc.385.afa', 1.272, 6.551, -0.529, -2.411
'MUSCLE_diversified_replicate.abc.389.afa', -4.024, 0.367, -4.073, -7.713
'MUSCLE_diversified_replicate.abc.393.afa', -0.746, 3.932, -2.171, -3.997
'MUSCLE_diversified_replicate.abc.397.afa', -0.516, 4.103, -2.854, -4.238
'MUSCLE_diversified_replicate.abc.41.afa', -3.761, 0.651, -3.343, -6.918
'MUSCLE_diversified_replicate.abc.45.afa', 0.477, 4.946, 0.873, -1.855
'MUSCLE_diversified_replicate.abc.49.afa', -0.542, 4.216, -1.35, -3.718
'MUSCLE_diversified_replicate.abc.5.afa', -0.593, 4.237, -2.742, -4.416
'MUSCLE_diversified_replicate.abc.53.afa', -4.37, -0.132, -4.361, -7.64
'MUSCLE_diversified_replicate.abc.57.afa', -0.791, 4.108, -0.768, -3.817
'MUSCLE_diversified_replicate.abc.61.afa', 2.078, 6.98, 1.541, -0.762
'MUSCLE_diversified_replicate.abc.65.afa', -0.981, 3.645, -0.816, -5.56
'MUSCLE_diversified_replicate.abc.69.afa', -6.979, -3.081, -6.053, -10.064
'MUSCLE_diversified_replicate.abc.73.afa', -2.249, 2.483, -2.619, -5.534
'MUSCLE_diversified_replicate.abc.77.afa', -1.688, 2.755, -2.941, -5.112
'MUSCLE_diversified_replicate.abc.81.afa', 0.418, 5.608, 0.265, -3.501
'MUSCLE_diversified_replicate.abc.85.afa', -0.714, 3.858, -2.294, -4.654
'MUSCLE_diversified_replicate.abc.89.afa', 0.146, 5.052, 0.036, -3.932
'MUSCLE_diversified_replicate.abc.9.afa', -2.058, 2.652, -3.123, -5.899
'MUSCLE_diversified_replicate.abc.93.afa', -2.34, 2.616, -3.303, -5.674
'MUSCLE_diversified_replicate.abc.97.afa', 2.622, 7.397, 1.468, 1.107
'MUSCLE_diversified_replicate.acb.10.afa', -1.217, 3.707, -2.473, -4.318
'MUSCLE_diversified_replicate.acb.102.afa', -5.134, -1.738, -4.337, -6.833
'MUSCLE_diversified_replicate.acb.106.afa', -0.01, 4.751, -0.377, -3.118
'MUSCLE_diversified_replicate.acb.110.afa', -1.307, 3.014, -0.627, -5.886
'MUSCLE_diversified_replicate.acb.114.afa', -1.759, 2.739, -3.414, -5.402
'MUSCLE_diversified_replicate.acb.118.afa', -6.703, -3.221, -6.059, -9.715
'MUSCLE_diversified_replicate.acb.122.afa', -4.107, 0.565, -6.063, -8.197
'MUSCLE_diversified_replicate.acb.126.afa', -2.72, 2.03, -3.114, -6.616
'MUSCLE_diversified_replicate.acb.130.afa', -0.448, 4.211, -2.06, -3.919
'MUSCLE_diversified_replicate.acb.134.afa', -5.21, -1.754, -3.403, -9.836
'MUSCLE_diversified_replicate.acb.138.afa', 0.784, 5.742, 0.478, -4.049
'MUSCLE_diversified_replicate.acb.14.afa', -0.272, 3.607, 1.046, -2.766
'MUSCLE_diversified_replicate.acb.142.afa', 0.553, 5.137, -1.303, -1.158
'MUSCLE_diversified_replicate.acb.146.afa', -1.085, 3.529, -0.822, -5.575
'MUSCLE_diversified_replicate.acb.150.afa', 1.957, 7.006, 0.164, 0.625
'MUSCLE_diversified_replicate.acb.154.afa', -3.332, 0.951, -2.996, -6.99
'MUSCLE_diversified_replicate.acb.158.afa', -2.086, 1.875, -2.656, -5.981
'MUSCLE_diversified_replicate.acb.162.afa', 3.06, 7.972, 3.451, 0.897
'MUSCLE_diversified_replicate.acb.166.afa', -0.398, 4.567, -1.309, -4.771
'MUSCLE_diversified_replicate.acb.170.afa', -0.728, 4.218, -2.865, -4.272
'MUSCLE_diversified_replicate.acb.174.afa', 0.893, 5.09, -0.216, -1.365
'MUSCLE_diversified_replicate.acb.178.afa', -0.308, 3.952, -1.258, -2.567
'MUSCLE_diversified_replicate.acb.18.afa', -0.594, 4.034, -1.675, -3.852
'MUSCLE_diversified_replicate.acb.182.afa', -4.389, -0.448, -3.366, -6.171
'MUSCLE_diversified_replicate.acb.186.afa', -1.389, 3.333, 1.065, -6.981
'MUSCLE_diversified_replicate.acb.190.afa', 0.814, 5.663, -1.134, -3.051
'MUSCLE_diversified_replicate.acb.194.afa', 2.079, 6.889, 2.197, -0.717
'MUSCLE_diversified_replicate.acb.198.afa', 1.256, 5.604, 2.723, -2.968
'MUSCLE_diversified_replicate.acb.2.afa', 0.685, 4.935, 1.65, -3.655
'MUSCLE_diversified_replicate.acb.202.afa', -1.67, 3.107, -3.583, -5.887
'MUSCLE_diversified_replicate.acb.206.afa', -3.16, 1.057, -2.166, -5.745
'MUSCLE_diversified_replicate.acb.210.afa', -3.891, -0.301, -0.909, -8.306
'MUSCLE_diversified_replicate.acb.214.afa', 1.688, 6.182, -0.161, -0.488
'MUSCLE_diversified_replicate.acb.218.afa', 1.748, 6.28, 2.705, -1.355
'MUSCLE_diversified_replicate.acb.22.afa', -1.551, 2.52, -2.048, -4.635
'MUSCLE_diversified_replicate.acb.222.afa', -1.669, 2.714, -1.596, -6.365
'MUSCLE_diversified_replicate.acb.226.afa', 1.202, 5.59, -0.832, -1.067
'MUSCLE_diversified_replicate.acb.230.afa', -3.696, -0.054, -1.932, -5.663
'MUSCLE_diversified_replicate.acb.234.afa', -1.324, 3.578, -3.368, -4.635
'MUSCLE_diversified_replicate.acb.238.afa', -3.413, 0.902, -2.25, -7.439
'MUSCLE_diversified_replicate.acb.242.afa', -1.281, 4.22, -1.928, -5.228
'MUSCLE_diversified_replicate.acb.246.afa', -2.14, 2.725, -3.304, -6.032
'MUSCLE_diversified_replicate.acb.250.afa', -2.87, 1.861, -3.851, -6.664
'MUSCLE_diversified_replicate.acb.254.afa', -0.9, 3.865, -3.407, -4.756
'MUSCLE_diversified_replicate.acb.258.afa', -3.713, 0.094, -2.512, -8.047
'MUSCLE_diversified_replicate.acb.26.afa', 0.156, 4.898, -1.585, -3.483
'MUSCLE_diversified_replicate.acb.262.afa', 1.432, 5.802, 0.689, -0.733
'MUSCLE_diversified_replicate.acb.266.afa', -1.245, 3.097, -1.915, -4.553
'MUSCLE_diversified_replicate.acb.270.afa', -9.884, -10.896, -12.343, -16.279
'MUSCLE_diversified_replicate.acb.274.afa', -0.639, 4.26, -1.371, -4.318
'MUSCLE_diversified_replicate.acb.278.afa', -5.057, -1.877, -1.771, -9.46
'MUSCLE_diversified_replicate.acb.282.afa', -3.959, 0.011, -2.835, -6.269
'MUSCLE_diversified_replicate.acb.286.afa', 2.65, 7.44, 3.205, -0.327
'MUSCLE_diversified_replicate.acb.290.afa', 2.869, 7.676, 1.828, 0.899
'MUSCLE_diversified_replicate.acb.294.afa', -3.341, 1.089, -3.095, -6.81
'MUSCLE_diversified_replicate.acb.298.afa', -1.262, 3.205, -0.616, -5.076
'MUSCLE_diversified_replicate.acb.30.afa', -5.518, -2.098, -3.99, -8.326
'MUSCLE_diversified_replicate.acb.302.afa', -5.202, -1.769, -4.455, -7.432
'MUSCLE_diversified_replicate.acb.306.afa', -0.469, 3.798, -0.831, -3.532
'MUSCLE_diversified_replicate.acb.310.afa', -4.253, -0.7, -1.212, -8.774
'MUSCLE_diversified_replicate.acb.314.afa', -1.421, 2.151, -0.626, -4.772
'MUSCLE_diversified_replicate.acb.318.afa', 2.815, 7.673, 1.357, 0.541
'MUSCLE_diversified_replicate.acb.322.afa', -1.579, 2.209, -1.148, -4.029
'MUSCLE_diversified_replicate.acb.326.afa', -12.045, -14.362, -15.283, -17.37
'MUSCLE_diversified_replicate.acb.330.afa', 0.562, 4.765, 0.525, -1.103
'MUSCLE_diversified_replicate.acb.334.afa', -0.334, 4.34, -1.586, -5.262
'MUSCLE_diversified_replicate.acb.338.afa', -3.208, 0.65, -3.702, -6.711
'MUSCLE_diversified_replicate.acb.34.afa', 1.965, 6.462, 2.165, 0.322
'MUSCLE_diversified_replicate.acb.342.afa', 1.609, 6.114, 2.751, -0.321
'MUSCLE_diversified_replicate.acb.346.afa', -1.388, 3.468, -1.934, -6.015
'MUSCLE_diversified_replicate.acb.350.afa', -5.343, -1.717, -5.681, -8.178
'MUSCLE_diversified_replicate.acb.354.afa', -4.546, -0.694, -2.884, -8.209
'MUSCLE_diversified_replicate.acb.358.afa', -1.729, 2.865, -3.386, -5.347
'MUSCLE_diversified_replicate.acb.362.afa', 0.9, 5.139, -0.641, -0.854
'MUSCLE_diversified_replicate.acb.366.afa', -0.567, 3.339, 0.206, -2.162
'MUSCLE_diversified_replicate.acb.370.afa', -1.976, 2.015, -1.137, -5.862
'MUSCLE_diversified_replicate.acb.374.afa', -3.621, 0.572, -4.319, -7.554
'MUSCLE_diversified_replicate.acb.378.afa', 1.24, 5.61, -0.651, -1.162
'MUSCLE_diversified_replicate.acb.38.afa', -0.591, 4.343, -2.035, -3.946
'MUSCLE_diversified_replicate.acb.382.afa', -3.341, 0.102, -2.794, -5.253
'MUSCLE_diversified_replicate.acb.386.afa', 1.827, 6.614, 0.132, 0.002
'MUSCLE_diversified_replicate.acb.390.afa', -4.135, -0.307, -3.227, -7.135
'MUSCLE_diversified_replicate.acb.394.afa', -6.134, -3.023, -5.273, -7.712
'MUSCLE_diversified_replicate.acb.398.afa', -4.047, -0.203, -2.318, -7.798
'MUSCLE_diversified_replicate.acb.42.afa', -3.224, 0.841, -2.742, -5.76
'MUSCLE_diversified_replicate.acb.46.afa', -3.101, 1.193, -2.239, -5.741
'MUSCLE_diversified_replicate.acb.50.afa', -5.382, -2.073, -2.076, -9.876
'MUSCLE_diversified_replicate.acb.54.afa', -1.544, 2.07, -0.166, -3.85
'MUSCLE_diversified_replicate.acb.58.afa', -0.585, 3.359, 1.224, -3.498
'MUSCLE_diversified_replicate.acb.6.afa', -0.134, 4.735, -1.598, -3.571
'MUSCLE_diversified_replicate.acb.62.afa', -0.995, 3.661, -1.605, -4.457
'MUSCLE_diversified_replicate.acb.66.afa', -1.497, 2.77, -2.874, -5.069
'MUSCLE_diversified_replicate.acb.70.afa', -3.56, 0.755, -5.353, -8.124
'MUSCLE_diversified_replicate.acb.74.afa', -3.79, -0.198, -0.557, -8.364
'MUSCLE_diversified_replicate.acb.78.afa', -4.985, -1.183, -3.193, -8.019
'MUSCLE_diversified_replicate.acb.82.afa', -3.605, 0.567, -5.374, -6.76
'MUSCLE_diversified_replicate.acb.86.afa', -1.165, 3.263, -1.745, -4.186
'MUSCLE_diversified_replicate.acb.90.afa', -0.489, 4.208, -2.58, -4.046
'MUSCLE_diversified_replicate.acb.94.afa', 2.249, 7.117, 1.901, 0.707
'MUSCLE_diversified_replicate.acb.98.afa', -4.499, -0.986, -4.414, -6.716
'MUSCLE_diversified_replicate.bca.103.afa', -2.857, 1.852, -2.894, -6.503
'MUSCLE_diversified_replicate.bca.107.afa', 0.403, 5.376, -0.157, -4.503
'MUSCLE_diversified_replicate.bca.11.afa', -0.25, 4.269, -0.645, -3.259
'MUSCLE_diversified_replicate.bca.111.afa', -4.23, -0.112, -4.433, -7.891
'MUSCLE_diversified_replicate.bca.115.afa', -10.578, -8.901, -15.067, -16.467
'MUSCLE_diversified_replicate.bca.119.afa', -1.868, 3.049, -3.272, -6.036
'MUSCLE_diversified_replicate.bca.123.afa', 0.686, 5.75, -2.035, -3.11
'MUSCLE_diversified_replicate.bca.127.afa', 0.545, 5.965, -0.089, -2.741
'MUSCLE_diversified_replicate.bca.131.afa', -2.492, 2.175, -3.347, -7.068
'MUSCLE_diversified_replicate.bca.135.afa', -3.51, 1.047, -4.469, -7.308
'MUSCLE_diversified_replicate.bca.139.afa', -0.636, 3.954, -1.279, -3.964
'MUSCLE_diversified_replicate.bca.143.afa', -2.867, 1.887, -3.489, -6.361
'MUSCLE_diversified_replicate.bca.147.afa', -2.785, 0.805, -2.158, -5.966
'MUSCLE_diversified_replicate.bca.15.afa', -9.662, -11.576, -11.404, -15.395
'MUSCLE_diversified_replicate.bca.151.afa', -3.768, 0.611, -4.661, -7.326
'MUSCLE_diversified_replicate.bca.155.afa', 0.816, 5.171, 1.175, -2.364
'MUSCLE_diversified_replicate.bca.159.afa', -2.168, 2.314, -2.877, -4.63
'MUSCLE_diversified_replicate.bca.163.afa', -2.563, 2.122, -4.347, -6.654
'MUSCLE_diversified_replicate.bca.167.afa', -7.363, -3.365, -8.382, -11.146
'MUSCLE_diversified_replicate.bca.171.afa', 2.387, 7.005, 4.187, -1.287
'MUSCLE_diversified_replicate.bca.175.afa', -2.264, 1.09, -1.082, -6.542
'MUSCLE_diversified_replicate.bca.179.afa', -1.654, 1.877, -0.024, -4.471
'MUSCLE_diversified_replicate.bca.183.afa', -0.358, 4.395, -1.932, -4.075
'MUSCLE_diversified_replicate.bca.187.afa', -0.253, 4.417, 0.977, -5.404
'MUSCLE_diversified_replicate.bca.19.afa', -0.552, 4.611, -3.004, -3.888
'MUSCLE_diversified_replicate.bca.191.afa', -0.709, 4.081, -2.199, -3.931
'MUSCLE_diversified_replicate.bca.195.afa', -2.478, 2.423, -4.0, -5.868
'MUSCLE_diversified_replicate.bca.199.afa', -1.743, 1.781, -0.65, -4.497
'MUSCLE_diversified_replicate.bca.203.afa', 2.303, 7.134, 1.187, 0.24
'MUSCLE_diversified_replicate.bca.207.afa', -0.88, 3.686, -1.702, -4.005
'MUSCLE_diversified_replicate.bca.211.afa', -2.585, 2.078, -3.48, -5.628
'MUSCLE_diversified_replicate.bca.215.afa', -0.865, 3.869, -2.751, -4.457
'MUSCLE_diversified_replicate.bca.219.afa', 1.439, 6.043, -0.15, -0.544
'MUSCLE_diversified_replicate.bca.223.afa', -1.45, 3.17, -3.343, -5.15
'MUSCLE_diversified_replicate.bca.227.afa', 0.542, 5.736, -1.28, -2.864
'MUSCLE_diversified_replicate.bca.23.afa', -1.798, 2.65, -3.364, -5.342
'MUSCLE_diversified_replicate.bca.231.afa', -8.033, -4.521, -5.717, -10.322
'MUSCLE_diversified_replicate.bca.235.afa', -2.644, 1.783, -3.165, -5.067
'MUSCLE_diversified_replicate.bca.239.afa', 0.406, 5.413, -0.412, -3.683
'MUSCLE_diversified_replicate.bca.243.afa', 1.869, 6.441, 0.7, -0.264
'MUSCLE_diversified_replicate.bca.247.afa', -1.8, 3.157, -2.452, -5.41
'MUSCLE_diversified_replicate.bca.251.afa', -2.824, 2.093, -4.271, -6.553
'MUSCLE_diversified_replicate.bca.255.afa', -0.01, 4.914, 0.177, -4.683
'MUSCLE_diversified_replicate.bca.259.afa', -0.292, 4.71, 0.773, -4.249
'MUSCLE_diversified_replicate.bca.263.afa', -2.261, 2.447, -0.896, -7.082
'MUSCLE_diversified_replicate.bca.267.afa', -2.43, 1.922, -1.914, -6.672
'MUSCLE_diversified_replicate.bca.27.afa', -2.838, 1.847, -2.971, -6.39
'MUSCLE_diversified_replicate.bca.271.afa', 2.635, 7.225, 1.484, 0.644
'MUSCLE_diversified_replicate.bca.275.afa', -9.861, -11.855, -12.885, -16.373
'MUSCLE_diversified_replicate.bca.279.afa', -1.759, 2.828, -1.689, -5.964
'MUSCLE_diversified_replicate.bca.283.afa', -2.93, 1.726, -3.112, -6.197
'MUSCLE_diversified_replicate.bca.287.afa', -1.118, 3.449, -1.001, -5.263
'MUSCLE_diversified_replicate.bca.291.afa', 0.377, 5.385, -1.176, -2.963
'MUSCLE_diversified_replicate.bca.295.afa', -0.932, 3.708, -2.415, -4.554
'MUSCLE_diversified_replicate.bca.299.afa', -4.959, -0.77, -5.26, -8.259
'MUSCLE_diversified_replicate.bca.3.afa', -1.138, 2.953, -2.315, -4.282
'MUSCLE_diversified_replicate.bca.303.afa', -3.611, 0.899, -4.801, -7.643
'MUSCLE_diversified_replicate.bca.307.afa', -1.852, 2.599, -3.069, -5.033
'MUSCLE_diversified_replicate.bca.31.afa', 1.118, 5.52, 0.432, -0.9
'MUSCLE_diversified_replicate.bca.311.afa', -0.78, 3.746, 1.061, -5.977
'MUSCLE_diversified_replicate.bca.315.afa', -1.251, 3.537, -1.995, -4.657
'MUSCLE_diversified_replicate.bca.319.afa', -0.873, 4.038, -1.751, -5.737
'MUSCLE_diversified_replicate.bca.323.afa', -3.512, 1.2, -4.99, -6.801
'MUSCLE_diversified_replicate.bca.327.afa', 0.113, 4.39, -0.612, -1.564
'MUSCLE_diversified_replicate.bca.331.afa', -2.83, 1.861, -3.956, -6.837
'MUSCLE_diversified_replicate.bca.335.afa', 1.501, 5.846, 2.797, -2.065
'MUSCLE_diversified_replicate.bca.339.afa', -4.335, 0.003, -5.107, -8.507
'MUSCLE_diversified_replicate.bca.343.afa', -2.023, 2.468, -3.18, -5.181
'MUSCLE_diversified_replicate.bca.347.afa', -0.888, 3.561, -0.604, -3.695
'MUSCLE_diversified_replicate.bca.35.afa', 1.387, 5.928, 0.077, -0.487
'MUSCLE_diversified_replicate.bca.351.afa', -4.843, -0.761, -4.894, -8.766
'MUSCLE_diversified_replicate.bca.355.afa', -2.861, 0.878, -1.971, -6.571
'MUSCLE_diversified_replicate.bca.359.afa', -2.699, 1.971, -3.379, -5.951
'MUSCLE_diversified_replicate.bca.363.afa', 0.833, 5.274, -0.562, -0.992
'MUSCLE_diversified_replicate.bca.367.afa', -4.206, 0.184, -4.318, -9.229
'MUSCLE_diversified_replicate.bca.371.afa', 0.606, 4.757, -0.207, -1.318
'MUSCLE_diversified_replicate.bca.375.afa', -1.196, 3.379, -1.667, -4.698
'MUSCLE_diversified_replicate.bca.379.afa', -0.182, 4.656, -0.601, -3.824
'MUSCLE_diversified_replicate.bca.383.afa', 0.327, 5.17, -0.861, -3.182
'MUSCLE_diversified_replicate.bca.387.afa', -0.25, 4.685, 2.582, -5.254
'MUSCLE_diversified_replicate.bca.39.afa', -0.872, 3.335, -1.472, -4.169
'MUSCLE_diversified_replicate.bca.391.afa', -2.559, 2.134, -3.752, -6.325
'MUSCLE_diversified_replicate.bca.395.afa', 2.374, 7.406, 1.834, 0.76
'MUSCLE_diversified_replicate.bca.399.afa', -3.817, 0.766, -4.487, -7.305
'MUSCLE_diversified_replicate.bca.43.afa', -1.713, 3.326, -2.327, -4.955
'MUSCLE_diversified_replicate.bca.47.afa', -4.046, 0.404, -4.608, -7.67
'MUSCLE_diversified_replicate.bca.51.afa', -3.349, 1.054, -3.251, -6.44
'MUSCLE_diversified_replicate.bca.55.afa', -2.196, 2.163, -3.515, -5.664
'MUSCLE_diversified_replicate.bca.59.afa', -0.071, 4.399, -0.291, -2.717
'MUSCLE_diversified_replicate.bca.63.afa', -3.26, 0.778, -3.675, -6.666
'MUSCLE_diversified_replicate.bca.67.afa', -5.825, -1.535, -6.834, -9.444
'MUSCLE_diversified_replicate.bca.7.afa', -3.631, 0.831, -4.644, -7.227
'MUSCLE_diversified_replicate.bca.71.afa', -2.32, 2.612, -2.986, -5.277
'MUSCLE_diversified_replicate.bca.75.afa', -3.701, 1.055, -5.518, -7.075
'MUSCLE_diversified_replicate.bca.79.afa', -4.093, 0.219, -4.484, -7.243
'MUSCLE_diversified_replicate.bca.83.afa', -2.117, 2.931, -2.972, -5.089
'MUSCLE_diversified_replicate.bca.87.afa', -4.041, 0.236, -4.694, -7.779
'MUSCLE_diversified_replicate.bca.91.afa', -2.498, 2.338, -3.965, -6.463
'MUSCLE_diversified_replicate.bca.95.afa', -3.095, 1.362, -3.768, -6.982
'MUSCLE_diversified_replicate.bca.99.afa', -4.45, -0.261, -5.322, -8.486
'MUSCLE_diversified_replicate.none.0.afa', -1.324, 0.807, -4.115, -6.439
'MUSCLE_diversified_replicate.none.100.afa', -7.497, -6.435, -11.397, -14.214
'MUSCLE_diversified_replicate.none.104.afa', -8.339, -7.684, -12.313, -14.81
'MUSCLE_diversified_replicate.none.108.afa', -7.718, -6.785, -9.406, -14.845
'MUSCLE_diversified_replicate.none.112.afa', -2.216, 1.577, -1.565, -7.841
'MUSCLE_diversified_replicate.none.116.afa', -9.964, -10.823, -13.26, -18.104
'MUSCLE_diversified_replicate.none.12.afa', -1.639, 0.057, -4.744, -6.148
'MUSCLE_diversified_replicate.none.120.afa', -0.982, 1.241, -4.39, -5.047
'MUSCLE_diversified_replicate.none.124.afa', -1.333, 0.995, -4.295, -6.245
'MUSCLE_diversified_replicate.none.128.afa', -1.892, 0.076, -5.107, -5.841
'MUSCLE_diversified_replicate.none.132.afa', 1.807, 6.297, 2.603, -1.142
'MUSCLE_diversified_replicate.none.136.afa', -1.826, -0.112, -5.08, -7.327
'MUSCLE_diversified_replicate.none.140.afa', -7.305, -6.184, -10.726, -13.025
'MUSCLE_diversified_replicate.none.144.afa', -3.871, -3.242, -6.772, -9.871
'MUSCLE_diversified_replicate.none.148.afa', -6.082, -4.485, -8.826, -12.394
'MUSCLE_diversified_replicate.none.152.afa', -3.037, -2.257, -5.908, -8.879
'MUSCLE_diversified_replicate.none.156.afa', 4.101, 8.954, 5.488, 0.499
'MUSCLE_diversified_replicate.none.16.afa', -1.165, 0.759, -3.941, -5.874
'MUSCLE_diversified_replicate.none.160.afa', -6.656, -5.32, -10.831, -13.246
'MUSCLE_diversified_replicate.none.164.afa', -0.936, 1.448, -4.48, -5.778
'MUSCLE_diversified_replicate.none.168.afa', -6.55, -5.017, -10.677, -12.825
'MUSCLE_diversified_replicate.none.172.afa', -6.536, -5.064, -10.292, -12.724
'MUSCLE_diversified_replicate.none.176.afa', -7.397, -6.271, -11.748, -14.017
'MUSCLE_diversified_replicate.none.180.afa', -1.072, 1.023, -3.974, -6.082
'MUSCLE_diversified_replicate.none.184.afa', 3.545, 8.531, 4.614, 0.717
'MUSCLE_diversified_replicate.none.188.afa', -3.804, -3.084, -5.877, -9.835
'MUSCLE_diversified_replicate.none.192.afa', -6.866, -5.823, -10.436, -12.403
'MUSCLE_diversified_replicate.none.196.afa', -2.014, 0.131, -5.01, -6.391
'MUSCLE_diversified_replicate.none.20.afa', 2.375, 6.871, 1.25, 0.005
'MUSCLE_diversified_replicate.none.200.afa', -4.052, -3.666, -7.289, -9.925
'MUSCLE_diversified_replicate.none.204.afa', -1.767, 0.121, -4.985, -6.898
'MUSCLE_diversified_replicate.none.208.afa', -2.238, 2.063, -1.472, -7.469
'MUSCLE_diversified_replicate.none.212.afa', -8.154, -7.574, -12.777, -15.096
'MUSCLE_diversified_replicate.none.216.afa', -7.764, -6.825, -12.098, -14.412
'MUSCLE_diversified_replicate.none.220.afa', -8.341, -7.247, -12.514, -14.845
'MUSCLE_diversified_replicate.none.224.afa', -1.518, 2.955, 0.782, -6.201
'MUSCLE_diversified_replicate.none.228.afa', -0.035, 3.298, 1.69, -4.116
'MUSCLE_diversified_replicate.none.232.afa', -1.343, 0.853, -4.726, -5.407
'MUSCLE_diversified_replicate.none.236.afa', -6.645, -5.456, -10.793, -13.056
'MUSCLE_diversified_replicate.none.24.afa', -4.302, -3.735, -8.129, -9.889
'MUSCLE_diversified_replicate.none.240.afa', -0.853, 1.481, -4.332, -5.79
'MUSCLE_diversified_replicate.none.244.afa', -7.854, -6.843, -11.561, -14.159
'MUSCLE_diversified_replicate.none.248.afa', -7.589, -6.841, -11.002, -13.903
'MUSCLE_diversified_replicate.none.252.afa', -1.176, 1.076, -4.509, -5.179
'MUSCLE_diversified_replicate.none.256.afa', -1.137, 1.145, -3.487, -5.508
'MUSCLE_diversified_replicate.none.260.afa', -8.179, -7.663, -11.966, -14.497
'MUSCLE_diversified_replicate.none.264.afa', -7.856, -7.332, -10.983, -15.369
'MUSCLE_diversified_replicate.none.268.afa', -11.714, -12.909, -17.032, -19.776
'MUSCLE_diversified_replicate.none.272.afa', -1.503, 0.48, -4.881, -5.543
'MUSCLE_diversified_replicate.none.276.afa', -1.362, 0.704, -3.559, -5.716
'MUSCLE_diversified_replicate.none.28.afa', -1.548, 0.407, -4.235, -7.065
'MUSCLE_diversified_replicate.none.280.afa', -2.491, -1.013, -4.811, -6.915
'MUSCLE_diversified_replicate.none.284.afa', -1.81, -0.064, -4.522, -6.44
'MUSCLE_diversified_replicate.none.288.afa', -1.309, 0.735, -4.596, -5.271
'MUSCLE_diversified_replicate.none.292.afa', -5.703, -3.845, -8.246, -12.235
'MUSCLE_diversified_replicate.none.296.afa', -7.481, -6.231, -10.761, -13.866
'MUSCLE_diversified_replicate.none.300.afa', -6.992, -5.76, -10.162, -12.854
'MUSCLE_diversified_replicate.none.304.afa', -3.246, -2.282, -6.018, -9.207
'MUSCLE_diversified_replicate.none.308.afa', -0.8, 1.612, -3.516, -5.197
'MUSCLE_diversified_replicate.none.312.afa', -1.533, 0.512, -4.852, -6.717
'MUSCLE_diversified_replicate.none.316.afa', 2.223, 6.613, 0.516, 0.096
'MUSCLE_diversified_replicate.none.32.afa', -1.795, 0.297, -5.422, -7.006
'MUSCLE_diversified_replicate.none.320.afa', -1.692, 0.272, -5.133, -5.728
'MUSCLE_diversified_replicate.none.324.afa', -2.032, -0.24, -3.875, -6.083
'MUSCLE_diversified_replicate.none.328.afa', -0.915, 1.339, -4.164, -5.057
'MUSCLE_diversified_replicate.none.332.afa', -1.203, 0.964, -4.213, -6.417
'MUSCLE_diversified_replicate.none.336.afa', -2.61, -1.164, -3.408, -7.021
'MUSCLE_diversified_replicate.none.340.afa', -1.402, 0.498, -5.129, -6.797
'MUSCLE_diversified_replicate.none.344.afa', -2.407, 1.691, -0.635, -7.848
'MUSCLE_diversified_replicate.none.348.afa', -7.9, -7.018, -11.508, -14.016
'MUSCLE_diversified_replicate.none.352.afa', -1.466, 0.8, -5.408, -6.006
'MUSCLE_diversified_replicate.none.356.afa', -3.565, -2.769, -6.482, -8.784
'MUSCLE_diversified_replicate.none.36.afa', -2.351, -0.394, -5.885, -7.321
'MUSCLE_diversified_replicate.none.360.afa', -1.771, 0.107, -5.42, -6.8
'MUSCLE_diversified_replicate.none.364.afa', -8.189, -7.176, -12.065, -14.455
'MUSCLE_diversified_replicate.none.368.afa', -1.445, 0.928, -4.965, -6.662
'MUSCLE_diversified_replicate.none.372.afa', -2.077, 2.107, -1.898, -7.258
'MUSCLE_diversified_replicate.none.376.afa', -1.868, 0.099, -4.264, -6.026
'MUSCLE_diversified_replicate.none.380.afa', -8.067, -7.066, -12.058, -14.292
'MUSCLE_diversified_replicate.none.384.afa', -2.035, -0.417, -3.805, -5.104
'MUSCLE_diversified_replicate.none.388.afa', -7.964, -6.663, -11.484, -14.161
'MUSCLE_diversified_replicate.none.392.afa', -8.303, -7.19, -11.381, -14.374
'MUSCLE_diversified_replicate.none.396.afa', -3.953, -0.46, -4.912, -8.803
'MUSCLE_diversified_replicate.none.4.afa', -1.279, 0.864, -4.489, -6.37
'MUSCLE_diversified_replicate.none.40.afa', -7.737, -6.673, -10.178, -14.852
'MUSCLE_diversified_replicate.none.44.afa', -7.447, -6.544, -11.103, -13.727
'MUSCLE_diversified_replicate.none.48.afa', -1.932, 0.004, -6.33, -7.4
'MUSCLE_diversified_replicate.none.52.afa', -7.119, -5.991, -11.27, -13.767
'MUSCLE_diversified_replicate.none.56.afa', -8.477, -8.273, -12.378, -15.378
'MUSCLE_diversified_replicate.none.60.afa', -1.795, 0.195, -4.793, -6.762
'MUSCLE_diversified_replicate.none.64.afa', -2.137, -0.259, -4.833, -6.583
'MUSCLE_diversified_replicate.none.68.afa', -0.984, 1.127, -3.549, -6.806
'MUSCLE_diversified_replicate.none.72.afa', -1.073, 1.218, -3.914, -5.516
'MUSCLE_diversified_replicate.none.76.afa', -3.458, -1.816, -6.407, -7.979
'MUSCLE_diversified_replicate.none.8.afa', -9.357, -9.277, -12.316, -17.063
'MUSCLE_diversified_replicate.none.80.afa', -7.624, -6.642, -11.504, -14.044
'MUSCLE_diversified_replicate.none.84.afa', -2.384, -0.79, -3.663, -6.918
'MUSCLE_diversified_replicate.none.88.afa', -1.468, 0.71, -4.356, -6.153
'MUSCLE_diversified_replicate.none.92.afa', -1.522, 0.536, -4.49, -5.703
'MUSCLE_diversified_replicate.none.96.afa', -1.555, 0.434, -4.663, -6.548
'PRANK_b0#0050_hhH_tree_63_OP_0.36203966777708846_Split_50.fasta', -49.427, -50.729, -49.2, -53.662
'PRANK_b0#0050_hhT_tree_63_OP_0.36203966777708846_Split_50.fasta', -22.04, -18.971, -22.988, -25.464
'PRANK_b0#0050_htT_tree_63_OP_0.36203966777708846_Split_50.fasta', -23.128, -20.1, -24.131, -26.332
'PRANK_b0#0050_ttH_tree_63_OP_0.36203966777708846_Split_50.fasta', -48.892, -50.31, -47.684, -53.109
'PRANK_b0#0051_hhT_tree_7_OP_0.4287654329803016_Split_51.fasta', -40.736, -40.614, -43.616, -46.508
'PRANK_b0#0051_htH_tree_7_OP_0.4287654329803016_Split_51.fasta', -39.52, -38.778, -43.032, -45.21
'PRANK_b0#0051_htT_tree_7_OP_0.4287654329803016_Split_51.fasta', -43.746, -45.098, -44.566, -49.614
'PRANK_b0#0051_ttT_tree_7_OP_0.4287654329803016_Split_51.fasta', -43.591, -44.94, -44.333, -49.434
'PRANK_b0#0053_hhH_tree_13_OP_0.09692142234876278_Split_53.fasta', -44.837, -47.223, -41.9, -49.914
'PRANK_b0#0053_htT_tree_13_OP_0.09692142234876278_Split_53.fasta', -48.68, -51.421, -47.075, -52.299
'PRANK_b0#0053_htT_tree_69_OP_0.05304651807751681_Split_53.fasta', -22.957, -21.624, -22.812, -25.71
'PRANK_b0#0053_thT_tree_69_OP_0.05304651807751681_Split_53.fasta', -23.319, -22.038, -23.4, -25.989
'PRANK_b0#0053_ttH_tree_13_OP_0.09692142234876278_Split_53.fasta', -44.872, -47.257, -41.947, -49.944
'PRANK_b0#0053_ttH_tree_69_OP_0.05304651807751681_Split_53.fasta', -15.408, -13.944, -15.608, -17.002
'PRANK_b0#0053_ttT_tree_13_OP_0.09692142234876278_Split_53.fasta', -42.6, -44.456, -41.07, -46.002
'PRANK_b0#0053_ttT_tree_69_OP_0.05304651807751681_Split_53.fasta', -23.319, -22.038, -23.4, -25.989
'PRANK_b0#0054_hhT_tree_37_OP_0.3234162682987525_Split_54.fasta', -17.723, -13.908, -17.622, -20.422
'PRANK_b0#0054_htH_tree_11_OP_0.0660385202278223_Split_54.fasta', -44.403, -46.711, -41.81, -49.069
'PRANK_b0#0054_htT_tree_37_OP_0.3234162682987525_Split_54.fasta', -15.917, -11.891, -15.115, -19.106
'PRANK_b0#0054_htT_tree_60_OP_0.2742882468420108_Split_54.fasta', -22.751, -19.553, -20.077, -28.41
'PRANK_b0#0054_thH_tree_11_OP_0.0660385202278223_Split_54.fasta', -43.965, -46.249, -41.384, -48.529
'PRANK_b0#0054_thH_tree_60_OP_0.2742882468420108_Split_54.fasta', -22.772, -19.6, -21.599, -27.124
'PRANK_b0#0054_thT_tree_11_OP_0.0660385202278223_Split_54.fasta', -47.558, -51.853, -45.185, -54.671
'PRANK_b0#0054_thT_tree_60_OP_0.2742882468420108_Split_54.fasta', -22.823, -19.666, -20.232, -28.608
'PRANK_b0#0054_ttH_tree_11_OP_0.0660385202278223_Split_54.fasta', -43.864, -46.155, -41.27, -48.456
'PRANK_b0#0054_ttH_tree_37_OP_0.3234162682987525_Split_54.fasta', -20.69, -17.209, -18.101, -23.425
'PRANK_b0#0054_ttT_tree_37_OP_0.3234162682987525_Split_54.fasta', -19.817, -16.333, -19.122, -22.301
'PRANK_b0#0054_ttT_tree_60_OP_0.2742882468420108_Split_54.fasta', -22.836, -19.685, -20.238, -28.622
'PRANK_b0#0055_hhH_tree_96_OP_0.3899661250904219_Split_55.fasta', -34.412, -33.216, -34.455, -37.901
'PRANK_b0#0055_hhT_tree_23_OP_0.41879358418754387_Split_55.fasta', -35.744, -35.039, -35.757, -37.462
'PRANK_b0#0055_hhT_tree_40_OP_0.08821008325435137_Split_55.fasta', -31.987, -31.404, -31.247, -35.98
'PRANK_b0#0055_hhT_tree_96_OP_0.3899661250904219_Split_55.fasta', -34.602, -33.195, -34.475, -38.402
'PRANK_b0#0055_htH_tree_96_OP_0.3899661250904219_Split_55.fasta', -33.554, -32.171, -33.875, -36.948
'PRANK_b0#0055_thH_tree_23_OP_0.41879358418754387_Split_55.fasta', -31.631, -30.433, -31.563, -34.22
'PRANK_b0#0055_thH_tree_40_OP_0.08821008325435137_Split_55.fasta', -29.525, -28.79, -29.163, -34.163
'PRANK_b0#0055_thT_tree_40_OP_0.08821008325435137_Split_55.fasta', -31.987, -31.404, -31.247, -35.98
'PRANK_b0#0055_ttH_tree_23_OP_0.41879358418754387_Split_55.fasta', -32.036, -30.813, -31.566, -34.345
'PRANK_b0#0055_ttT_tree_23_OP_0.41879358418754387_Split_55.fasta', -35.96, -35.328, -35.767, -38.568
'PRANK_b0#0055_ttT_tree_40_OP_0.08821008325435137_Split_55.fasta', -31.987, -31.404, -31.247, -35.98
'PRANK_b0#0055_ttT_tree_96_OP_0.3899661250904219_Split_55.fasta', -35.109, -33.743, -34.923, -38.953
'PRANK_b0#0056_hhH_tree_56_OP_0.23502932209680477_Split_56.fasta', -29.57, -27.7, -27.67, -33.339
'PRANK_b0#0056_htH_tree_56_OP_0.23502932209680477_Split_56.fasta', -30.242, -28.455, -28.19, -33.96
'PRANK_b0#0056_htT_tree_99_OP_0.18594199344926288_Split_56.fasta', -21.606, -18.481, -20.246, -25.817
'PRANK_b0#0056_thH_tree_99_OP_0.18594199344926288_Split_56.fasta', -20.379, -17.253, -21.844, -24.077
'PRANK_b0#0056_thT_tree_56_OP_0.23502932209680477_Split_56.fasta', -29.269, -27.358, -26.907, -32.938
'PRANK_b0#0056_thT_tree_99_OP_0.18594199344926288_Split_56.fasta', -21.606, -18.481, -20.246, -25.817
'PRANK_b0#0056_ttH_tree_56_OP_0.23502932209680477_Split_56.fasta', -30.807, -29.184, -28.764, -34.886
'PRANK_b0#0056_ttH_tree_99_OP_0.18594199344926288_Split_56.fasta', -20.296, -17.163, -21.812, -24.013
'PRANK_b0#0057_htH_tree_64_OP_0.05970650417263379_Split_57.fasta', -43.287, -43.808, -34.149, -45.714
'PRANK_b0#0057_thH_tree_64_OP_0.05970650417263379_Split_57.fasta', -43.276, -43.803, -34.121, -45.709
'PRANK_b0#0057_thT_tree_64_OP_0.05970650417263379_Split_57.fasta', -43.416, -44.189, -34.307, -45.925
'PRANK_b0#0057_ttH_tree_64_OP_0.05970650417263379_Split_57.fasta', -43.276, -43.803, -34.121, -45.709
'PRANK_b0#0058_hhH_tree_84_OP_0.3564845080908704_Split_58.fasta', -37.275, -37.651, -34.53, -41.551
'PRANK_b0#0058_hhT_tree_84_OP_0.3564845080908704_Split_58.fasta', -36.998, -37.647, -34.4, -41.723
'PRANK_b0#0058_hhT_tree_97_OP_0.1673876920856745_Split_58.fasta', -29.537, -32.701, -34.496, -37.617
'PRANK_b0#0058_htT_tree_84_OP_0.3564845080908704_Split_58.fasta', -36.974, -37.559, -34.374, -41.682
'PRANK_b0#0058_htT_tree_97_OP_0.1673876920856745_Split_58.fasta', -29.637, -32.899, -34.599, -37.749
'PRANK_b0#0058_thH_tree_97_OP_0.1673876920856745_Split_58.fasta', -28.302, -31.783, -34.132, -37.205
'PRANK_b0#0058_thT_tree_97_OP_0.1673876920856745_Split_58.fasta', -29.945, -33.267, -35.031, -38.15
'PRANK_b0#0058_ttT_tree_84_OP_0.3564845080908704_Split_58.fasta', -36.094, -36.572, -34.826, -39.348
'PRANK_b0#0059_hhT_tree_80_OP_0.3860599313375234_Split_59.fasta', -31.508, -29.988, -29.972, -37.324
'PRANK_b0#0059_htH_tree_36_OP_0.21650135794201675_Split_59.fasta', -37.058, -37.416, -32.998, -40.517
'PRANK_b0#0059_htH_tree_80_OP_0.3860599313375234_Split_59.fasta', -33.351, -32.137, -31.295, -38.922
'PRANK_b0#0059_htH_tree_85_OP_0.16592734946943577_Split_59.fasta', -31.752, -29.813, -30.065, -36.021
'PRANK_b0#0059_htT_tree_36_OP_0.21650135794201675_Split_59.fasta', -37.498, -36.868, -34.285, -41.008
'PRANK_b0#0059_htT_tree_80_OP_0.3860599313375234_Split_59.fasta', -32.256, -30.752, -30.824, -37.977
'PRANK_b0#0059_htT_tree_85_OP_0.16592734946943577_Split_59.fasta', -29.273, -26.946, -31.417, -31.738
'PRANK_b0#0059_thH_tree_36_OP_0.21650135794201675_Split_59.fasta', -37.208, -37.638, -34.306, -40.735
'PRANK_b0#0059_thH_tree_85_OP_0.16592734946943577_Split_59.fasta', -31.519, -29.464, -29.818, -35.772
'PRANK_b0#0059_ttH_tree_80_OP_0.3860599313375234_Split_59.fasta', -33.37, -32.119, -31.308, -38.93
'PRANK_b0#0059_ttH_tree_85_OP_0.16592734946943577_Split_59.fasta', -31.499, -29.441, -29.803, -35.747
'PRANK_b0#0059_ttT_tree_36_OP_0.21650135794201675_Split_59.fasta', -37.529, -36.91, -34.303, -41.053
'PRANK_b0#0060_hhH_tree_24_OP_0.35224591752289836_Split_60.fasta', -25.812, -23.932, -26.742, -30.566
'PRANK_b0#0060_hhT_tree_24_OP_0.35224591752289836_Split_60.fasta', -23.743, -21.377, -23.307, -28.57
'PRANK_b0#0060_ttH_tree_24_OP_0.35224591752289836_Split_60.fasta', -25.749, -23.865, -26.687, -30.512
'PRANK_b0#0060_ttT_tree_24_OP_0.35224591752289836_Split_60.fasta', -23.898, -21.491, -23.179, -29.074
'PRANK_b0#0061_hhH_tree_16_OP_0.3566466444359746_Split_61.fasta', -47.895, -46.87, -46.31, -49.322
'PRANK_b0#0061_thT_tree_16_OP_0.3566466444359746_Split_61.fasta', -36.322, -34.344, -35.421, -39.018
'PRANK_b0#0061_ttH_tree_16_OP_0.3566466444359746_Split_61.fasta', -47.774, -46.727, -46.214, -49.157
'PRANK_b0#0061_ttT_tree_16_OP_0.3566466444359746_Split_61.fasta', -36.153, -34.201, -34.694, -38.851
'PRANK_b0#0062_hhH_tree_0_OP_0.4657131574362508_Split_62.fasta', -33.857, -32.71, -29.398, -38.469
'PRANK_b0#0062_hhT_tree_81_OP_0.4058614503238694_Split_62.fasta', -30.078, -27.215, -27.801, -33.413
'PRANK_b0#0062_htH_tree_0_OP_0.4657131574362508_Split_62.fasta', -33.273, -31.827, -28.923, -38.593
'PRANK_b0#0062_htT_tree_81_OP_0.4058614503238694_Split_62.fasta', -29.085, -26.033, -27.313, -32.365
'PRANK_b0#0062_thH_tree_81_OP_0.4058614503238694_Split_62.fasta', -27.992, -25.239, -25.783, -31.608
'PRANK_b0#0062_thT_tree_0_OP_0.4657131574362508_Split_62.fasta', -33.024, -31.568, -28.7, -37.299
'PRANK_b0#0062_thT_tree_81_OP_0.4058614503238694_Split_62.fasta', -29.085, -26.033, -27.313, -32.365
'PRANK_b0#0062_ttT_tree_0_OP_0.4657131574362508_Split_62.fasta', -34.382, -32.993, -30.192, -38.818
'PRANK_b0#0063_htH_tree_71_OP_0.26664288485028304_Split_63.fasta', -22.306, -19.89, -22.887, -24.89
'PRANK_b0#0063_htT_tree_71_OP_0.26664288485028304_Split_63.fasta', -20.141, -17.045, -22.321, -22.724
'PRANK_b0#0063_thH_tree_71_OP_0.26664288485028304_Split_63.fasta', -22.359, -19.945, -22.905, -24.904
'PRANK_b0#0063_thT_tree_71_OP_0.26664288485028304_Split_63.fasta', -20.092, -17.005, -22.26, -22.673
'PRANK_b0#0065_hhH_tree_48_OP_0.33799514808893955_Split_65.fasta', -32.141, -30.408, -27.546, -35.699
'PRANK_b0#0065_htH_tree_48_OP_0.33799514808893955_Split_65.fasta', -31.213, -29.22, -26.846, -34.647
'PRANK_b0#0065_thH_tree_48_OP_0.33799514808893955_Split_65.fasta', -32.061, -30.317, -27.468, -35.601
'PRANK_b0#0065_thT_tree_48_OP_0.33799514808893955_Split_65.fasta', -30.174, -28.131, -26.801, -33.375
'PRANK_b0#0067_hhH_tree_6_OP_0.18497671267226667_Split_67.fasta', -24.934, -23.227, -23.077, -31.771
'PRANK_b0#0067_htH_tree_6_OP_0.18497671267226667_Split_67.fasta', -24.873, -23.17, -23.017, -31.712
'PRANK_b0#0067_thT_tree_6_OP_0.18497671267226667_Split_67.fasta', -23.742, -21.959, -21.441, -30.218
'PRANK_b0#0067_ttT_tree_6_OP_0.18497671267226667_Split_67.fasta', -23.759, -21.98, -21.451, -30.241
'PRANK_b0#0070_htH_tree_30_OP_0.20469024912096356_Split_70.fasta', -21.511, -18.851, -19.548, -23.195
'PRANK_b0#0070_htH_tree_43_OP_0.41666011848334805_Split_70.fasta', -16.238, -12.234, -16.17, -19.074
'PRANK_b0#0070_htT_tree_30_OP_0.20469024912096356_Split_70.fasta', -19.995, -17.41, -19.623, -21.51
'PRANK_b0#0070_thH_tree_30_OP_0.20469024912096356_Split_70.fasta', -22.567, -19.965, -20.752, -24.197
'PRANK_b0#0070_thH_tree_43_OP_0.41666011848334805_Split_70.fasta', -16.252, -12.24, -16.208, -19.118
'PRANK_b0#0070_ttH_tree_43_OP_0.41666011848334805_Split_70.fasta', -16.626, -12.514, -17.089, -19.144
'PRANK_b0#0070_ttT_tree_30_OP_0.20469024912096356_Split_70.fasta', -20.052, -17.496, -19.632, -21.534
'PRANK_b0#0070_ttT_tree_43_OP_0.41666011848334805_Split_70.fasta', -16.526, -12.529, -17.744, -19.471
'PRANK_b0#0073_htT_tree_10_OP_0.17197861239551077_Split_73.fasta', -33.001, -34.681, -30.452, -35.968
'PRANK_b0#0073_thH_tree_10_OP_0.17197861239551077_Split_73.fasta', -28.528, -28.103, -25.876, -29.143
'PRANK_b0#0073_ttH_tree_10_OP_0.17197861239551077_Split_73.fasta', -28.559, -28.122, -25.915, -29.178
'PRANK_b0#0073_ttT_tree_10_OP_0.17197861239551077_Split_73.fasta', -33.001, -34.681, -30.452, -35.968
'PRANK_b0#0077_hhH_tree_35_OP_0.23719613041625226_Split_77.fasta', -49.919, -51.236, -41.213, -53.907
'PRANK_b0#0077_hhT_tree_35_OP_0.23719613041625226_Split_77.fasta', -51.62, -52.685, -44.67, -54.528
'PRANK_b0#0077_htT_tree_35_OP_0.23719613041625226_Split_77.fasta', -52.99, -54.246, -45.661, -55.957
'PRANK_b0#0077_htT_tree_79_OP_0.39849921812999034_Split_77.fasta', -29.407, -30.293, -33.74, -35.367
'PRANK_b0#0077_thH_tree_35_OP_0.23719613041625226_Split_77.fasta', -50.846, -52.184, -41.868, -54.841
'PRANK_b0#0077_thH_tree_79_OP_0.39849921812999034_Split_77.fasta', -30.393, -31.509, -34.215, -36.664
'PRANK_b0#0077_thT_tree_79_OP_0.39849921812999034_Split_77.fasta', -29.031, -29.793, -36.358, -37.029
'PRANK_b0#0077_ttT_tree_79_OP_0.39849921812999034_Split_77.fasta', -28.986, -29.747, -36.035, -37.172
'PRANK_b0#0078_hhH_tree_86_OP_0.2347265646541319_Split_78.fasta', -33.09, -29.205, -34.178, -32.391
'PRANK_b0#0078_hhT_tree_53_OP_0.05303947942235687_Split_78.fasta', -27.736, -26.184, -25.449, -31.458
'PRANK_b0#0078_htH_tree_53_OP_0.05303947942235687_Split_78.fasta', -35.907, -35.124, -32.144, -41.473
'PRANK_b0#0078_htH_tree_86_OP_0.2347265646541319_Split_78.fasta', -33.017, -29.176, -33.893, -31.839
'PRANK_b0#0078_thH_tree_86_OP_0.2347265646541319_Split_78.fasta', -33.15, -29.346, -34.177, -32.433
'PRANK_b0#0078_thT_tree_53_OP_0.05303947942235687_Split_78.fasta', -27.736, -26.184, -25.449, -31.458
'PRANK_b0#0078_ttH_tree_53_OP_0.05303947942235687_Split_78.fasta', -35.94, -35.165, -33.126, -40.616
'PRANK_b0#0078_ttT_tree_86_OP_0.2347265646541319_Split_78.fasta', -33.072, -29.317, -33.941, -32.014
'PRANK_b0#0079_hhH_tree_88_OP_0.1810795500099957_Split_79.fasta', -37.029, -35.973, -36.084, -37.956
'PRANK_b0#0079_hhT_tree_88_OP_0.1810795500099957_Split_79.fasta', -35.806, -34.751, -35.253, -36.647
'PRANK_b0#0079_ttH_tree_88_OP_0.1810795500099957_Split_79.fasta', -37.019, -35.965, -36.074, -37.946
'PRANK_b0#0079_ttT_tree_88_OP_0.1810795500099957_Split_79.fasta', -35.946, -34.89, -35.393, -36.805
'PRANK_b0#0080_hhT_tree_3_OP_0.05125309180508808_Split_80.fasta', -11.556, -6.645, -9.447, -15.951
'PRANK_b0#0080_htH_tree_3_OP_0.05125309180508808_Split_80.fasta', -11.058, -6.073, -8.652, -15.329
'PRANK_b0#0080_htT_tree_3_OP_0.05125309180508808_Split_80.fasta', -11.741, -6.797, -9.607, -16.092
'PRANK_b0#0080_ttH_tree_3_OP_0.05125309180508808_Split_80.fasta', -11.11, -6.141, -8.726, -15.416
'PRANK_b0#0081_hhH_tree_5_OP_0.22898839817158656_Split_81.fasta', -20.956, -17.229, -18.816, -24.586
'PRANK_b0#0081_hhT_tree_51_OP_0.3986228120499837_Split_81.fasta', -16.791, -13.62, -16.768, -19.801
'PRANK_b0#0081_hhT_tree_73_OP_0.04516409856856096_Split_81.fasta', -12.803, -8.869, -14.498, -16.439
'PRANK_b0#0081_htH_tree_51_OP_0.3986228120499837_Split_81.fasta', -16.616, -13.209, -16.722, -19.269
'PRANK_b0#0081_htT_tree_5_OP_0.22898839817158656_Split_81.fasta', -20.533, -16.848, -19.027, -23.661
'PRANK_b0#0081_htT_tree_73_OP_0.04516409856856096_Split_81.fasta', -12.803, -8.869, -14.498, -16.439
'PRANK_b0#0081_thH_tree_5_OP_0.22898839817158656_Split_81.fasta', -20.978, -17.252, -18.876, -24.586
'PRANK_b0#0081_thH_tree_73_OP_0.04516409856856096_Split_81.fasta', -13.621, -9.972, -17.486, -16.794
'PRANK_b0#0081_thT_tree_51_OP_0.3986228120499837_Split_81.fasta', -17.508, -14.331, -16.093, -20.399
'PRANK_b0#0081_ttH_tree_51_OP_0.3986228120499837_Split_81.fasta', -15.75, -12.346, -14.562, -18.672
'PRANK_b0#0081_ttH_tree_73_OP_0.04516409856856096_Split_81.fasta', -13.6, -10.057, -17.611, -16.969
'PRANK_b0#0081_ttT_tree_5_OP_0.22898839817158656_Split_81.fasta', -20.533, -16.843, -19.027, -23.668
'PRANK_b0#0085_hhT_tree_59_OP_0.3079281034987719_Split_85.fasta', -35.601, -34.206, -36.383, -38.757
'PRANK_b0#0085_thT_tree_59_OP_0.3079281034987719_Split_85.fasta', -35.811, -34.407, -36.59, -39.014
'PRANK_b0#0085_ttH_tree_59_OP_0.3079281034987719_Split_85.fasta', -35.813, -34.431, -36.581, -39.094
'PRANK_b0#0085_ttT_tree_59_OP_0.3079281034987719_Split_85.fasta', -35.689, -34.292, -36.297, -38.949
'PRANK_b0#0086_hhH_tree_46_OP_0.17943757149806483_Split_86.fasta', -19.896, -16.698, -19.645, -24.641
'PRANK_b0#0086_hhT_tree_46_OP_0.17943757149806483_Split_86.fasta', -19.613, -16.468, -17.963, -25.43
'PRANK_b0#0086_hhT_tree_47_OP_0.4322745197435511_Split_86.fasta', -32.785, -29.925, -32.757, -36.771
'PRANK_b0#0086_htT_tree_47_OP_0.4322745197435511_Split_86.fasta', -33.075, -30.271, -34.209, -37.406
'PRANK_b0#0086_thT_tree_46_OP_0.17943757149806483_Split_86.fasta', -19.699, -16.492, -18.884, -24.397
'PRANK_b0#0086_thT_tree_47_OP_0.4322745197435511_Split_86.fasta', -31.693, -28.692, -33.094, -35.745
'PRANK_b0#0086_ttH_tree_46_OP_0.17943757149806483_Split_86.fasta', -19.312, -16.193, -16.173, -25.323
'PRANK_b0#0086_ttH_tree_47_OP_0.4322745197435511_Split_86.fasta', -33.123, -30.261, -30.522, -38.005
'PRANK_b0#0087_hhT_tree_44_OP_0.200818760412537_Split_87.fasta', -30.212, -29.877, -28.395, -32.804
'PRANK_b0#0087_htT_tree_44_OP_0.200818760412537_Split_87.fasta', -30.206, -29.871, -28.387, -32.798
'PRANK_b0#0087_thT_tree_44_OP_0.200818760412537_Split_87.fasta', -30.167, -29.833, -28.331, -32.758
'PRANK_b0#0087_ttT_tree_44_OP_0.200818760412537_Split_87.fasta', -30.209, -29.862, -29.268, -32.707
'PRANK_b0#0088_hhH_tree_14_OP_0.3064418702671071_Split_88.fasta', -50.287, -51.289, -49.847, -54.69
'PRANK_b0#0088_hhT_tree_92_OP_0.23387605000900108_Split_88.fasta', -17.931, -14.653, -17.789, -19.948
'PRANK_b0#0088_htH_tree_92_OP_0.23387605000900108_Split_88.fasta', -18.88, -15.952, -18.482, -20.914
'PRANK_b0#0088_htT_tree_14_OP_0.3064418702671071_Split_88.fasta', -48.986, -49.708, -46.69, -50.534
'PRANK_b0#0088_thH_tree_92_OP_0.23387605000900108_Split_88.fasta', -18.57, -15.601, -18.242, -20.629
'PRANK_b0#0088_thT_tree_14_OP_0.3064418702671071_Split_88.fasta', -48.882, -49.632, -46.609, -50.502
'PRANK_b0#0088_thT_tree_92_OP_0.23387605000900108_Split_88.fasta', -18.101, -15.151, -17.492, -20.072
'PRANK_b0#0088_ttH_tree_14_OP_0.3064418702671071_Split_88.fasta', -50.287, -51.289, -49.847, -54.69
'PRANK_b0#0089_hhH_tree_21_OP_0.22890592879188038_Split_89.fasta', -18.865, -15.166, -15.869, -25.089
'PRANK_b0#0089_htT_tree_21_OP_0.22890592879188038_Split_89.fasta', -19.298, -15.565, -16.342, -25.722
'PRANK_b0#0089_thH_tree_21_OP_0.22890592879188038_Split_89.fasta', -18.201, -14.316, -15.416, -24.423
'PRANK_b0#0089_ttT_tree_21_OP_0.22890592879188038_Split_89.fasta', -18.691, -14.794, -15.866, -25.038
'PRANK_b0#0090_hhT_tree_95_OP_0.1030307002700046_Split_90.fasta', -14.596, -10.413, -16.98, -20.047
'PRANK_b0#0090_thH_tree_95_OP_0.1030307002700046_Split_90.fasta', -12.989, -8.523, -17.461, -18.101
'PRANK_b0#0090_ttH_tree_95_OP_0.1030307002700046_Split_90.fasta', -12.354, -7.735, -13.175, -17.325
'PRANK_b0#0090_ttT_tree_95_OP_0.1030307002700046_Split_90.fasta', -13.96, -9.62, -16.562, -19.45
'PRANK_b0#0091_hhH_tree_4_OP_0.3917727204478945_Split_91.fasta', -28.064, -26.013, -26.742, -32.382
'PRANK_b0#0091_htT_tree_4_OP_0.3917727204478945_Split_91.fasta', -27.945, -25.996, -25.722, -32.495
'PRANK_b0#0091_thH_tree_4_OP_0.3917727204478945_Split_91.fasta', -28.501, -26.375, -27.592, -32.878
'PRANK_b0#0091_thT_tree_4_OP_0.3917727204478945_Split_91.fasta', -28.859, -26.965, -26.621, -33.161
'PRANK_b0#0096_hhH_tree_77_OP_0.06320220646162977_Split_96.fasta', -29.142, -28.392, -28.894, -31.164
'PRANK_b0#0096_hhT_tree_77_OP_0.06320220646162977_Split_96.fasta', -35.271, -36.435, -34.535, -36.166
'PRANK_b0#0096_htH_tree_77_OP_0.06320220646162977_Split_96.fasta', -29.142, -28.392, -28.894, -31.164
'PRANK_b0#0096_ttT_tree_77_OP_0.06320220646162977_Split_96.fasta', -35.599, -36.671, -34.795, -36.634
'PRANK_b1#0000_hhH_tree_61_OP_0.4330011748014624_Split_0.fasta', -35.117, -34.14, -31.008, -40.485
'PRANK_b1#0000_hhT_tree_61_OP_0.4330011748014624_Split_0.fasta', -34.495, -33.55, -29.351, -40.031
'PRANK_b1#0000_htH_tree_61_OP_0.4330011748014624_Split_0.fasta', -35.112, -34.136, -31.012, -40.482
'PRANK_b1#0000_htT_tree_61_OP_0.4330011748014624_Split_0.fasta', -34.477, -33.537, -29.32, -40.009
'PRANK_b1#0001_hhH_tree_89_OP_0.08315440018559267_Split_1.fasta', -7.776, -3.401, -7.518, -12.089
'PRANK_b1#0001_hhT_tree_89_OP_0.08315440018559267_Split_1.fasta', -7.621, -3.322, -7.334, -11.984
'PRANK_b1#0001_htH_tree_89_OP_0.08315440018559267_Split_1.fasta', -7.789, -3.431, -7.508, -12.107
'PRANK_b1#0001_htT_tree_89_OP_0.08315440018559267_Split_1.fasta', -7.755, -3.456, -7.464, -12.108
'PRANK_b1#0004_hhH_tree_20_OP_0.1825262028599538_Split_4.fasta', -32.15, -30.345, -31.425, -35.827
'PRANK_b1#0004_hhH_tree_2_OP_0.0971126692608415_Split_4.fasta', -32.449, -34.847, -38.899, -40.952
'PRANK_b1#0004_hhT_tree_20_OP_0.1825262028599538_Split_4.fasta', -27.821, -26.075, -28.072, -30.772
'PRANK_b1#0004_hhT_tree_2_OP_0.0971126692608415_Split_4.fasta', -32.594, -30.562, -33.565, -36.605
'PRANK_b1#0004_htH_tree_20_OP_0.1825262028599538_Split_4.fasta', -31.263, -29.456, -30.127, -35.418
'PRANK_b1#0004_htH_tree_2_OP_0.0971126692608415_Split_4.fasta', -32.568, -34.993, -38.759, -41.503
'PRANK_b1#0004_htT_tree_20_OP_0.1825262028599538_Split_4.fasta', -27.911, -26.182, -28.144, -30.857
'PRANK_b1#0004_htT_tree_2_OP_0.0971126692608415_Split_4.fasta', -32.498, -30.35, -33.54, -36.488
'PRANK_b1#0005_hhH_tree_67_OP_0.008476858088944328_Split_5.fasta', -8.394, -4.159, -4.945, -13.381
'PRANK_b1#0005_hhT_tree_67_OP_0.008476858088944328_Split_5.fasta', -11.436, -7.555, -8.44, -16.099
'PRANK_b1#0005_htH_tree_67_OP_0.008476858088944328_Split_5.fasta', -8.403, -4.169, -4.953, -13.389
'PRANK_b1#0005_htT_tree_67_OP_0.008476858088944328_Split_5.fasta', -11.475, -7.596, -8.495, -16.155
'PRANK_b1#0006_hhH_tree_90_OP_0.4673207261707267_Split_6.fasta', -30.992, -28.16, -30.014, -34.92
'PRANK_b1#0006_hhT_tree_90_OP_0.4673207261707267_Split_6.fasta', -31.653, -28.9, -30.507, -36.094
'PRANK_b1#0006_htH_tree_90_OP_0.4673207261707267_Split_6.fasta', -30.742, -27.819, -29.907, -34.849
'PRANK_b1#0006_htT_tree_90_OP_0.4673207261707267_Split_6.fasta', -30.619, -27.725, -30.266, -35.223
'PRANK_b1#0007_hhH_tree_41_OP_0.02098294888047958_Split_7.fasta', -35.759, -36.109, -30.68, -40.309
'PRANK_b1#0007_hhT_tree_41_OP_0.02098294888047958_Split_7.fasta', -33.54, -33.406, -30.546, -37.637
'PRANK_b1#0007_htH_tree_41_OP_0.02098294888047958_Split_7.fasta', -35.759, -36.109, -30.68, -40.309
'PRANK_b1#0007_htT_tree_41_OP_0.02098294888047958_Split_7.fasta', -33.54, -33.406, -30.546, -37.637
'PRANK_b1#0008_hhH_tree_15_OP_0.23700500204391878_Split_8.fasta', -38.203, -39.977, -36.857, -42.358
'PRANK_b1#0008_hhT_tree_15_OP_0.23700500204391878_Split_8.fasta', -44.972, -46.672, -44.231, -48.595
'PRANK_b1#0008_htH_tree_15_OP_0.23700500204391878_Split_8.fasta', -39.487, -41.367, -38.837, -44.22
'PRANK_b1#0008_htT_tree_15_OP_0.23700500204391878_Split_8.fasta', -36.513, -35.993, -35.837, -39.39
'PRANK_b1#0009_hhH_tree_29_OP_0.3263217068805121_Split_9.fasta', -46.681, -48.033, -45.485, -51.71
'PRANK_b1#0009_hhT_tree_29_OP_0.3263217068805121_Split_9.fasta', -49.25, -50.991, -47.928, -53.019
'PRANK_b1#0009_htH_tree_29_OP_0.3263217068805121_Split_9.fasta', -46.749, -48.103, -45.255, -51.871
'PRANK_b1#0009_htT_tree_29_OP_0.3263217068805121_Split_9.fasta', -49.371, -51.083, -48.434, -53.961
'PRANK_b1#0010_hhH_tree_55_OP_0.12131382649812672_Split_10.fasta', -17.314, -14.14, -20.385, -20.875
'PRANK_b1#0010_hhH_tree_78_OP_0.2199134490774199_Split_10.fasta', -56.961, -57.757, -54.771, -59.329
'PRANK_b1#0010_hhH_tree_93_OP_0.22235197408396468_Split_10.fasta', -14.98, -11.147, -11.377, -20.934
'PRANK_b1#0010_hhT_tree_55_OP_0.12131382649812672_Split_10.fasta', -17.187, -13.935, -20.38, -21.056
'PRANK_b1#0010_hhT_tree_78_OP_0.2199134490774199_Split_10.fasta', -58.095, -58.767, -55.539, -60.483
'PRANK_b1#0010_hhT_tree_93_OP_0.22235197408396468_Split_10.fasta', -14.822, -10.888, -11.231, -20.799
'PRANK_b1#0010_htH_tree_55_OP_0.12131382649812672_Split_10.fasta', -17.344, -14.177, -20.403, -20.906
'PRANK_b1#0010_htH_tree_78_OP_0.2199134490774199_Split_10.fasta', -57.089, -57.893, -54.485, -59.647
'PRANK_b1#0010_htH_tree_93_OP_0.22235197408396468_Split_10.fasta', -15.079, -11.26, -11.445, -21.049
'PRANK_b1#0010_htT_tree_55_OP_0.12131382649812672_Split_10.fasta', -17.3, -14.064, -20.494, -21.173
'PRANK_b1#0010_htT_tree_78_OP_0.2199134490774199_Split_10.fasta', -58.097, -58.768, -55.543, -60.485
'PRANK_b1#0010_htT_tree_93_OP_0.22235197408396468_Split_10.fasta', -14.639, -10.744, -10.383, -20.098
'PRANK_b1#0012_hhH_tree_39_OP_0.22687500454657905_Split_12.fasta', -11.357, -7.233, -11.604, -14.725
'PRANK_b1#0012_hhH_tree_42_OP_0.0496315149686164_Split_12.fasta', -21.813, -19.257, -21.646, -24.203
'PRANK_b1#0012_hhT_tree_39_OP_0.22687500454657905_Split_12.fasta', -10.372, -6.068, -12.272, -12.521
'PRANK_b1#0012_hhT_tree_42_OP_0.0496315149686164_Split_12.fasta', -20.96, -18.64, -20.323, -24.136
'PRANK_b1#0012_htH_tree_39_OP_0.22687500454657905_Split_12.fasta', -11.38, -7.252, -11.641, -14.762
'PRANK_b1#0012_htH_tree_42_OP_0.0496315149686164_Split_12.fasta', -21.981, -19.493, -21.776, -24.374
'PRANK_b1#0012_htT_tree_39_OP_0.22687500454657905_Split_12.fasta', -10.369, -6.062, -12.276, -12.512
'PRANK_b1#0012_htT_tree_42_OP_0.0496315149686164_Split_12.fasta', -20.94, -18.606, -20.318, -24.126
'PRANK_b1#0015_hhH_tree_18_OP_0.2024155938605975_Split_15.fasta', -13.34, -8.361, -15.533, -16.376
'PRANK_b1#0015_hhT_tree_18_OP_0.2024155938605975_Split_15.fasta', -11.327, -6.066, -11.998, -14.652
'PRANK_b1#0015_htH_tree_18_OP_0.2024155938605975_Split_15.fasta', -12.92, -7.84, -13.655, -15.414
'PRANK_b1#0015_htT_tree_18_OP_0.2024155938605975_Split_15.fasta', -11.342, -6.089, -12.008, -14.678
'PRANK_b1#0017_hhH_tree_25_OP_0.40331807202508463_Split_17.fasta', -28.201, -27.76, -27.028, -33.86
'PRANK_b1#0017_hhT_tree_25_OP_0.40331807202508463_Split_17.fasta', -29.887, -30.04, -30.913, -35.13
'PRANK_b1#0017_htH_tree_25_OP_0.40331807202508463_Split_17.fasta', -30.502, -30.589, -28.767, -35.946
'PRANK_b1#0017_htT_tree_25_OP_0.40331807202508463_Split_17.fasta', -31.31, -32.195, -33.805, -36.2
'PRANK_b1#0018_hhH_tree_75_OP_0.4799762788828158_Split_18.fasta', -31.413, -30.65, -30.883, -33.422
'PRANK_b1#0018_hhT_tree_75_OP_0.4799762788828158_Split_18.fasta', -30.139, -29.194, -30.433, -33.083
'PRANK_b1#0018_htH_tree_75_OP_0.4799762788828158_Split_18.fasta', -31.985, -31.118, -31.127, -33.71
'PRANK_b1#0018_htT_tree_75_OP_0.4799762788828158_Split_18.fasta', -31.24, -30.376, -32.083, -33.661
'PRANK_b1#0020_hhH_tree_32_OP_0.46510307915842913_Split_20.fasta', -54.317, -56.592, -51.295, -60.826
'PRANK_b1#0020_hhH_tree_45_OP_0.34336798907063576_Split_20.fasta', -13.645, -8.956, -15.279, -14.116
'PRANK_b1#0020_hhT_tree_32_OP_0.46510307915842913_Split_20.fasta', -52.55, -54.079, -49.962, -57.897
'PRANK_b1#0020_hhT_tree_45_OP_0.34336798907063576_Split_20.fasta', -14.884, -10.201, -15.597, -16.141
'PRANK_b1#0020_htH_tree_32_OP_0.46510307915842913_Split_20.fasta', -54.955, -57.128, -51.427, -60.88
'PRANK_b1#0020_htH_tree_45_OP_0.34336798907063576_Split_20.fasta', -13.67, -8.969, -15.295, -14.165
'PRANK_b1#0020_htT_tree_32_OP_0.46510307915842913_Split_20.fasta', -52.364, -53.889, -49.758, -57.799
'PRANK_b1#0020_htT_tree_45_OP_0.34336798907063576_Split_20.fasta', -15.64, -10.856, -15.756, -17.845
'PRANK_b1#0021_hhH_tree_72_OP_0.03379288926432422_Split_21.fasta', -18.847, -18.69, -21.871, -23.229
'PRANK_b1#0021_hhT_tree_72_OP_0.03379288926432422_Split_21.fasta', -23.949, -26.489, -33.038, -34.202
'PRANK_b1#0021_htH_tree_72_OP_0.03379288926432422_Split_21.fasta', -18.824, -18.666, -21.849, -23.202
'PRANK_b1#0021_htT_tree_72_OP_0.03379288926432422_Split_21.fasta', -24.279, -26.859, -32.843, -34.243
'PRANK_b1#0022_hhH_tree_82_OP_0.3028561213552523_Split_22.fasta', -36.044, -38.76, -40.838, -43.972
'PRANK_b1#0022_hhH_tree_83_OP_0.37330283834351374_Split_22.fasta', -9.433, -4.931, -12.457, -12.358
'PRANK_b1#0022_hhT_tree_82_OP_0.3028561213552523_Split_22.fasta', -33.468, -33.563, -30.738, -38.331
'PRANK_b1#0022_hhT_tree_83_OP_0.37330283834351374_Split_22.fasta', -23.757, -22.244, -22.852, -29.972
'PRANK_b1#0022_htH_tree_82_OP_0.3028561213552523_Split_22.fasta', -35.297, -37.806, -40.126, -43.101
'PRANK_b1#0022_htH_tree_83_OP_0.37330283834351374_Split_22.fasta', -9.386, -4.867, -12.388, -12.28
'PRANK_b1#0022_htT_tree_82_OP_0.3028561213552523_Split_22.fasta', -33.388, -33.482, -30.644, -38.248
'PRANK_b1#0022_htT_tree_83_OP_0.37330283834351374_Split_22.fasta', -23.418, -21.803, -22.264, -29.768
'PRANK_b1#0024_hhH_tree_12_OP_0.12503863659849623_Split_24.fasta', -21.812, -18.48, -22.691, -20.56
'PRANK_b1#0024_hhH_tree_28_OP_0.026059464327883253_Split_24.fasta', -14.622, -11.82, -14.668, -17.328
'PRANK_b1#0024_hhH_tree_34_OP_0.3871869419205337_Split_24.fasta', -16.123, -12.384, -14.249, -19.477
'PRANK_b1#0024_hhH_tree_58_OP_0.4060880752132891_Split_24.fasta', -20.105, -16.975, -18.763, -24.677
'PRANK_b1#0024_hhH_tree_65_OP_0.2277419037379937_Split_24.fasta', -27.395, -23.539, -27.562, -28.98
'PRANK_b1#0024_hhT_tree_12_OP_0.12503863659849623_Split_24.fasta', -22.344, -19.053, -23.24, -21.102
'PRANK_b1#0024_hhT_tree_28_OP_0.026059464327883253_Split_24.fasta', -14.185, -11.155, -15.743, -15.802
'PRANK_b1#0024_hhT_tree_34_OP_0.3871869419205337_Split_24.fasta', -23.22, -21.03, -18.509, -26.589
'PRANK_b1#0024_hhT_tree_58_OP_0.4060880752132891_Split_24.fasta', -20.166, -16.69, -20.105, -24.333
'PRANK_b1#0024_hhT_tree_65_OP_0.2277419037379937_Split_24.fasta', -27.257, -24.218, -27.639, -29.365
'PRANK_b1#0024_htH_tree_12_OP_0.12503863659849623_Split_24.fasta', -21.937, -18.631, -22.792, -20.689
'PRANK_b1#0024_htH_tree_28_OP_0.026059464327883253_Split_24.fasta', -14.622, -11.82, -14.668, -17.328
'PRANK_b1#0024_htH_tree_34_OP_0.3871869419205337_Split_24.fasta', -18.693, -15.991, -17.571, -22.037
'PRANK_b1#0024_htH_tree_58_OP_0.4060880752132891_Split_24.fasta', -16.73, -12.754, -17.627, -20.806
'PRANK_b1#0024_htH_tree_65_OP_0.2277419037379937_Split_24.fasta', -27.352, -23.438, -27.581, -28.938
'PRANK_b1#0024_htT_tree_12_OP_0.12503863659849623_Split_24.fasta', -22.344, -19.053, -23.24, -21.102
'PRANK_b1#0024_htT_tree_28_OP_0.026059464327883253_Split_24.fasta', -14.191, -11.162, -15.75, -15.81
'PRANK_b1#0024_htT_tree_34_OP_0.3871869419205337_Split_24.fasta', -20.873, -18.034, -16.632, -24.258
'PRANK_b1#0024_htT_tree_58_OP_0.4060880752132891_Split_24.fasta', -20.13, -16.61, -20.095, -24.253
'PRANK_b1#0024_htT_tree_65_OP_0.2277419037379937_Split_24.fasta', -27.238, -24.202, -27.63, -29.371
'PRANK_b1#0026_hhH_tree_87_OP_0.11403984600375927_Split_26.fasta', -34.602, -35.657, -30.061, -39.478
'PRANK_b1#0026_hhT_tree_87_OP_0.11403984600375927_Split_26.fasta', -31.807, -34.226, -30.995, -36.611
'PRANK_b1#0026_htH_tree_87_OP_0.11403984600375927_Split_26.fasta', -34.544, -35.62, -29.966, -39.385
'PRANK_b1#0026_htT_tree_87_OP_0.11403984600375927_Split_26.fasta', -31.795, -34.217, -30.979, -36.594
'PRANK_b1#0028_hhH_tree_70_OP_0.3490789034502281_Split_28.fasta', -41.837, -40.404, -41.436, -45.325
'PRANK_b1#0028_hhT_tree_70_OP_0.3490789034502281_Split_28.fasta', -35.633, -33.65, -31.525, -41.628
'PRANK_b1#0028_htH_tree_70_OP_0.3490789034502281_Split_28.fasta', -33.749, -31.34, -34.684, -38.664
'PRANK_b1#0028_htT_tree_70_OP_0.3490789034502281_Split_28.fasta', -32.227, -29.932, -33.284, -37.186
'PRANK_b1#0029_hhH_tree_1_OP_0.05363264786522631_Split_29.fasta', -42.057, -41.235, -39.284, -46.052
'PRANK_b1#0029_hhH_tree_62_OP_0.09025347905865139_Split_29.fasta', -48.664, -50.819, -43.242, -51.936
'PRANK_b1#0029_hhT_tree_1_OP_0.05363264786522631_Split_29.fasta', -42.838, -42.159, -42.471, -44.957
'PRANK_b1#0029_hhT_tree_62_OP_0.09025347905865139_Split_29.fasta', -46.378, -48.498, -38.377, -49.542
'PRANK_b1#0029_htH_tree_1_OP_0.05363264786522631_Split_29.fasta', -42.101, -41.283, -41.6, -44.164
'PRANK_b1#0029_htH_tree_62_OP_0.09025347905865139_Split_29.fasta', -48.664, -50.819, -43.242, -51.936
'PRANK_b1#0029_htT_tree_1_OP_0.05363264786522631_Split_29.fasta', -42.752, -42.07, -39.987, -46.753
'PRANK_b1#0029_htT_tree_62_OP_0.09025347905865139_Split_29.fasta', -46.373, -48.492, -38.375, -49.54
'PRANK_b1#0030_hhH_tree_68_OP_0.2161589229083642_Split_30.fasta', -16.25, -12.595, -21.58, -21.344
'PRANK_b1#0030_hhT_tree_68_OP_0.2161589229083642_Split_30.fasta', -15.402, -11.631, -18.797, -20.357
'PRANK_b1#0030_htH_tree_68_OP_0.2161589229083642_Split_30.fasta', -14.267, -10.615, -19.39, -19.377
'PRANK_b1#0030_htT_tree_68_OP_0.2161589229083642_Split_30.fasta', -15.485, -11.717, -18.872, -20.425
'PRANK_b1#0032_hhH_tree_17_OP_0.0883996370966601_Split_32.fasta', -39.727, -38.623, -38.784, -43.47
'PRANK_b1#0032_hhH_tree_31_OP_0.2991272106085847_Split_32.fasta', -7.638, -3.415, -11.054, -11.312
'PRANK_b1#0032_hhH_tree_57_OP_0.01035969654869301_Split_32.fasta', -14.702, -12.285, -13.54, -16.628
'PRANK_b1#0032_hhH_tree_74_OP_0.34003546929790274_Split_32.fasta', -16.412, -12.405, -21.492, -21.675
'PRANK_b1#0032_hhH_tree_76_OP_0.3744455664317578_Split_32.fasta', -37.196, -36.113, -38.165, -42.686
'PRANK_b1#0032_hhT_tree_17_OP_0.0883996370966601_Split_32.fasta', -43.308, -42.954, -42.235, -46.697
'PRANK_b1#0032_hhT_tree_31_OP_0.2991272106085847_Split_32.fasta', -9.048, -4.856, -11.6, -12.942
'PRANK_b1#0032_hhT_tree_57_OP_0.01035969654869301_Split_32.fasta', -14.107, -11.451, -12.566, -16.035
'PRANK_b1#0032_hhT_tree_74_OP_0.34003546929790274_Split_32.fasta', -33.757, -32.973, -34.285, -39.161
'PRANK_b1#0032_hhT_tree_76_OP_0.3744455664317578_Split_32.fasta', -40.028, -39.7, -38.759, -45.556
'PRANK_b1#0032_htH_tree_17_OP_0.0883996370966601_Split_32.fasta', -39.628, -38.528, -38.716, -43.396
'PRANK_b1#0032_htH_tree_31_OP_0.2991272106085847_Split_32.fasta', -7.639, -3.391, -11.081, -11.34
'PRANK_b1#0032_htH_tree_57_OP_0.01035969654869301_Split_32.fasta', -14.702, -12.285, -13.54, -16.628
'PRANK_b1#0032_htH_tree_74_OP_0.34003546929790274_Split_32.fasta', -31.371, -30.569, -30.175, -36.911
'PRANK_b1#0032_htH_tree_76_OP_0.3744455664317578_Split_32.fasta', -37.216, -36.119, -38.195, -42.678
'PRANK_b1#0032_htT_tree_17_OP_0.0883996370966601_Split_32.fasta', -43.202, -42.832, -42.134, -46.596
'PRANK_b1#0032_htT_tree_31_OP_0.2991272106085847_Split_32.fasta', -9.048, -4.856, -11.6, -12.942
'PRANK_b1#0032_htT_tree_57_OP_0.01035969654869301_Split_32.fasta', -14.138, -11.458, -12.632, -16.052
'PRANK_b1#0032_htT_tree_74_OP_0.34003546929790274_Split_32.fasta', -16.739, -12.801, -21.741, -22.197
'PRANK_b1#0032_htT_tree_76_OP_0.3744455664317578_Split_32.fasta', -40.028, -39.7, -38.759, -45.556
'PRANK_b1#0034_hhH_tree_33_OP_0.48048927330141855_Split_34.fasta', -50.505, -49.318, -49.725, -53.393
'PRANK_b1#0034_hhH_tree_52_OP_0.03486385316080837_Split_34.fasta', -43.184, -44.877, -37.762, -46.524
'PRANK_b1#0034_hhT_tree_33_OP_0.48048927330141855_Split_34.fasta', -37.112, -35.928, -35.319, -40.968
'PRANK_b1#0034_hhT_tree_52_OP_0.03486385316080837_Split_34.fasta', -47.632, -50.308, -39.082, -51.584
'PRANK_b1#0034_htH_tree_33_OP_0.48048927330141855_Split_34.fasta', -36.694, -35.131, -35.236, -39.821
'PRANK_b1#0034_htH_tree_52_OP_0.03486385316080837_Split_34.fasta', -43.186, -44.881, -37.767, -46.528
'PRANK_b1#0034_htT_tree_33_OP_0.48048927330141855_Split_34.fasta', -36.785, -35.53, -35.044, -40.61
'PRANK_b1#0034_htT_tree_52_OP_0.03486385316080837_Split_34.fasta', -47.632, -50.308, -39.082, -51.584
'PRANK_b1#0036_hhH_tree_8_OP_0.3698786236358351_Split_36.fasta', -22.724, -17.808, -24.595, -25.831
'PRANK_b1#0036_hhT_tree_8_OP_0.3698786236358351_Split_36.fasta', -22.724, -17.873, -24.399, -26.028
'PRANK_b1#0036_htH_tree_8_OP_0.3698786236358351_Split_36.fasta', -22.77, -18.153, -22.876, -25.167
'PRANK_b1#0036_htT_tree_8_OP_0.3698786236358351_Split_36.fasta', -21.574, -16.745, -20.087, -25.61
'PRANK_b1#0037_hhH_tree_19_OP_0.2601680197593299_Split_37.fasta', -20.429, -18.813, -20.632, -22.779
'PRANK_b1#0037_hhT_tree_19_OP_0.2601680197593299_Split_37.fasta', -19.97, -18.316, -20.285, -22.286
'PRANK_b1#0037_htH_tree_19_OP_0.2601680197593299_Split_37.fasta', -20.515, -18.977, -20.671, -22.88
'PRANK_b1#0037_htT_tree_19_OP_0.2601680197593299_Split_37.fasta', -19.991, -18.337, -20.323, -22.324
'PRANK_b1#0038_hhH_tree_22_OP_0.1313757710015392_Split_38.fasta', -27.807, -26.477, -24.509, -33.611
'PRANK_b1#0038_hhH_tree_38_OP_0.29843463616112814_Split_38.fasta', -10.988, -6.295, -12.535, -13.783
'PRANK_b1#0038_hhH_tree_91_OP_0.31689700001611826_Split_38.fasta', -17.395, -14.174, -16.7, -22.048
'PRANK_b1#0038_hhT_tree_22_OP_0.1313757710015392_Split_38.fasta', -28.648, -27.232, -25.408, -34.181
'PRANK_b1#0038_hhT_tree_38_OP_0.29843463616112814_Split_38.fasta', -11.041, -6.402, -9.846, -14.703
'PRANK_b1#0038_hhT_tree_91_OP_0.31689700001611826_Split_38.fasta', -16.279, -13.041, -15.737, -20.416
'PRANK_b1#0038_htH_tree_22_OP_0.1313757710015392_Split_38.fasta', -27.655, -26.346, -24.35, -33.486
'PRANK_b1#0038_htH_tree_38_OP_0.29843463616112814_Split_38.fasta', -10.948, -6.258, -12.51, -13.779
'PRANK_b1#0038_htH_tree_91_OP_0.31689700001611826_Split_38.fasta', -15.996, -12.47, -16.316, -18.702
'PRANK_b1#0038_htT_tree_22_OP_0.1313757710015392_Split_38.fasta', -28.633, -27.253, -25.373, -34.117
'PRANK_b1#0038_htT_tree_38_OP_0.29843463616112814_Split_38.fasta', -11.041, -6.402, -9.846, -14.703
'PRANK_b1#0038_htT_tree_91_OP_0.31689700001611826_Split_38.fasta', -17.3, -14.309, -16.93, -21.58
'PRANK_b1#0040_hhH_tree_27_OP_0.14896923282821622_Split_40.fasta', -6.831, -1.413, -9.46, -8.49
'PRANK_b1#0040_hhH_tree_9_OP_0.3803136599863731_Split_40.fasta', -41.005, -40.464, -39.05, -46.834
'PRANK_b1#0040_hhT_tree_27_OP_0.14896923282821622_Split_40.fasta', -6.686, -1.256, -9.753, -7.662
'PRANK_b1#0040_hhT_tree_9_OP_0.3803136599863731_Split_40.fasta', -44.036, -43.975, -42.661, -49.451
'PRANK_b1#0040_htH_tree_27_OP_0.14896923282821622_Split_40.fasta', -6.828, -1.411, -9.454, -8.485
'PRANK_b1#0040_htH_tree_9_OP_0.3803136599863731_Split_40.fasta', -41.549, -41.105, -39.389, -47.338
'PRANK_b1#0040_htT_tree_27_OP_0.14896923282821622_Split_40.fasta', -6.258, -0.86, -8.778, -7.913
'PRANK_b1#0040_htT_tree_9_OP_0.3803136599863731_Split_40.fasta', -43.538, -43.361, -42.351, -48.949
'PRANK_b1#0041_hhH_tree_98_OP_0.2156405548443302_Split_41.fasta', -42.236, -41.916, -37.799, -45.092
'PRANK_b1#0041_hhT_tree_98_OP_0.2156405548443302_Split_41.fasta', -40.543, -40.311, -35.358, -43.799
'PRANK_b1#0041_htH_tree_98_OP_0.2156405548443302_Split_41.fasta', -42.254, -41.96, -38.039, -45.373
'PRANK_b1#0041_htT_tree_98_OP_0.2156405548443302_Split_41.fasta', -40.681, -40.43, -35.505, -43.924
'PRANK_b1#0042_hhH_tree_26_OP_0.19458729828343746_Split_42.fasta', -10.143, -5.234, -12.826, -14.043
'PRANK_b1#0042_hhH_tree_50_OP_0.41441335319694456_Split_42.fasta', -25.245, -22.582, -22.145, -28.796
'PRANK_b1#0042_hhT_tree_26_OP_0.19458729828343746_Split_42.fasta', -13.453, -9.403, -8.831, -20.116
'PRANK_b1#0042_hhT_tree_50_OP_0.41441335319694456_Split_42.fasta', -26.347, -24.343, -22.874, -30.271
'PRANK_b1#0042_htH_tree_26_OP_0.19458729828343746_Split_42.fasta', -12.679, -8.4, -15.256, -16.883
'PRANK_b1#0042_htH_tree_50_OP_0.41441335319694456_Split_42.fasta', -25.906, -23.566, -22.534, -29.658
'PRANK_b1#0042_htT_tree_26_OP_0.19458729828343746_Split_42.fasta', -13.359, -9.288, -8.757, -20.024
'PRANK_b1#0042_htT_tree_50_OP_0.41441335319694456_Split_42.fasta', -26.402, -24.394, -22.958, -30.331
'PRANK_b1#0044_hhH_tree_66_OP_0.002445136450722696_Split_44.fasta', -22.935, -21.315, -24.654, -27.353
'PRANK_b1#0044_hhT_tree_66_OP_0.002445136450722696_Split_44.fasta', -27.179, -25.719, -25.408, -33.742
'PRANK_b1#0044_htH_tree_66_OP_0.002445136450722696_Split_44.fasta', -15.801, -12.894, -12.97, -21.571
'PRANK_b1#0044_htT_tree_66_OP_0.002445136450722696_Split_44.fasta', -16.144, -12.881, -12.476, -21.645
'PRANK_b1#0047_hhH_tree_49_OP_0.3808211405032018_Split_47.fasta', -27.486, -25.094, -24.991, -32.4
'PRANK_b1#0047_hhH_tree_54_OP_0.19617966006842125_Split_47.fasta', -32.484, -32.166, -31.813, -38.007
'PRANK_b1#0047_hhH_tree_94_OP_0.02673109171310184_Split_47.fasta', -15.16, -11.755, -10.409, -18.665
'PRANK_b1#0047_hhT_tree_49_OP_0.3808211405032018_Split_47.fasta', -23.584, -20.881, -23.589, -26.556
'PRANK_b1#0047_hhT_tree_54_OP_0.19617966006842125_Split_47.fasta', -13.673, -10.459, -16.512, -16.414
'PRANK_b1#0047_hhT_tree_94_OP_0.02673109171310184_Split_47.fasta', -14.266, -10.143, -10.757, -18.005
'PRANK_b1#0047_htH_tree_49_OP_0.3808211405032018_Split_47.fasta', -22.949, -20.18, -23.03, -26.599
'PRANK_b1#0047_htH_tree_54_OP_0.19617966006842125_Split_47.fasta', -32.48, -32.167, -31.818, -37.998
'PRANK_b1#0047_htH_tree_94_OP_0.02673109171310184_Split_47.fasta', -16.048, -12.837, -10.614, -20.497
'PRANK_b1#0047_htT_tree_49_OP_0.3808211405032018_Split_47.fasta', -23.383, -20.709, -23.394, -26.374
'PRANK_b1#0047_htT_tree_54_OP_0.19617966006842125_Split_47.fasta', -13.358, -10.06, -16.152, -15.949
'PRANK_b1#0047_htT_tree_94_OP_0.02673109171310184_Split_47.fasta', -14.234, -10.11, -10.706, -17.958
'23410', 3.991, 9.791, 2.115, 0.443
