code_PAM250_GO_-6_GE_-0.5,sp_HENIKOFF_with_gaps_PAM250_GO_-6_GE_-0.5,sp_HENIKOFF_without_gaps_PAM250_GO_-6_GE_-0.5,sp_CLUSTAL_WEIGHTS_mid_root_PAM250_GO_-6_GE_-0.5,sp_CLUSTAL_WEIGHTS_diff_sum_PAM250_GO_-6_GE_-0.5
'bali_phy_msa.1.fas', -45.14, -47.214, -39.145, -46.082
'bali_phy_msa.10.fas', 33.904, 42.687, 27.71, 34.661
'bali_phy_msa.100.fas', 34.461, 43.04, 27.175, 34.284
'bali_phy_msa.101.fas', 33.698, 42.386, 28.66, 34.319
'bali_phy_msa.102.fas', 30.549, 38.491, 26.221, 30.77
'bali_phy_msa.103.fas', 33.087, 41.568, 28.231, 33.389
'bali_phy_msa.104.fas', 34.626, 43.741, 29.399, 35.248
'bali_phy_msa.105.fas', 33.366, 41.746, 28.847, 33.952
'bali_phy_msa.106.fas', 33.607, 42.538, 31.167, 33.723
'bali_phy_msa.107.fas', 34.38, 42.801, 27.497, 34.978
'bali_phy_msa.108.fas', 33.59, 42.004, 28.404, 34.463
'bali_phy_msa.109.fas', 35.081, 43.904, 28.717, 35.683
'bali_phy_msa.11.fas', 33.862, 42.261, 27.617, 34.57
'bali_phy_msa.110.fas', 34.609, 43.185, 28.718, 35.58
'bali_phy_msa.111.fas', 31.913, 40.061, 27.268, 32.227
'bali_phy_msa.112.fas', 33.453, 41.743, 29.644, 33.623
'bali_phy_msa.113.fas', 33.088, 41.589, 28.29, 33.341
'bali_phy_msa.114.fas', 33.196, 41.81, 26.89, 33.755
'bali_phy_msa.115.fas', 34.73, 43.557, 27.253, 35.849
'bali_phy_msa.116.fas', 34.412, 43.019, 28.788, 34.392
'bali_phy_msa.117.fas', 30.788, 38.554, 26.087, 30.542
'bali_phy_msa.118.fas', 33.915, 42.471, 26.817, 34.502
'bali_phy_msa.119.fas', 33.797, 42.338, 28.361, 34.139
'bali_phy_msa.12.fas', 35.039, 43.881, 27.528, 35.153
'bali_phy_msa.120.fas', 33.139, 41.396, 28.131, 33.451
'bali_phy_msa.121.fas', 33.739, 42.022, 28.042, 33.543
'bali_phy_msa.122.fas', 34.772, 43.433, 27.306, 35.653
'bali_phy_msa.123.fas', 33.43, 41.788, 26.501, 34.72
'bali_phy_msa.124.fas', 32.266, 40.269, 26.585, 32.228
'bali_phy_msa.125.fas', 34.628, 43.114, 32.077, 34.549
'bali_phy_msa.126.fas', 32.213, 40.243, 27.914, 32.617
'bali_phy_msa.127.fas', 33.82, 42.119, 27.309, 34.864
'bali_phy_msa.128.fas', 34.876, 43.742, 27.936, 34.314
'bali_phy_msa.129.fas', 34.213, 42.675, 27.233, 34.836
'bali_phy_msa.13.fas', 34.534, 43.346, 28.397, 35.524
'bali_phy_msa.130.fas', 32.79, 41.21, 28.218, 33.339
'bali_phy_msa.131.fas', 33.435, 41.937, 27.529, 33.871
'bali_phy_msa.132.fas', 33.725, 42.068, 28.79, 34.165
'bali_phy_msa.133.fas', 33.97, 42.408, 28.144, 33.512
'bali_phy_msa.134.fas', 33.879, 42.608, 28.578, 34.461
'bali_phy_msa.135.fas', 34.394, 42.884, 29.201, 34.627
'bali_phy_msa.136.fas', 34.036, 42.666, 27.515, 35.173
'bali_phy_msa.137.fas', 34.402, 42.928, 28.205, 35.102
'bali_phy_msa.138.fas', 33.438, 41.942, 28.675, 34.052
'bali_phy_msa.139.fas', 33.159, 41.362, 27.657, 33.969
'bali_phy_msa.14.fas', 35.277, 44.3, 28.309, 36.335
'bali_phy_msa.140.fas', 33.424, 41.858, 27.051, 34.788
'bali_phy_msa.141.fas', 32.919, 41.11, 29.402, 33.122
'bali_phy_msa.142.fas', 35.774, 44.753, 28.989, 36.947
'bali_phy_msa.143.fas', 34.948, 43.888, 29.617, 35.385
'bali_phy_msa.144.fas', 33.083, 41.47, 27.372, 33.264
'bali_phy_msa.145.fas', 31.152, 38.816, 26.918, 31.485
'bali_phy_msa.146.fas', 34.287, 42.939, 26.991, 34.673
'bali_phy_msa.147.fas', 33.646, 42.13, 31.53, 34.348
'bali_phy_msa.148.fas', 32.517, 40.843, 27.63, 33.07
'bali_phy_msa.149.fas', 32.757, 41.168, 27.918, 33.658
'bali_phy_msa.15.fas', 32.899, 41.226, 27.276, 33.545
'bali_phy_msa.150.fas', 31.25, 39.296, 24.958, 31.513
'bali_phy_msa.151.fas', 28.062, 35.227, 25.031, 28.342
'bali_phy_msa.152.fas', 34.219, 42.727, 28.829, 34.508
'bali_phy_msa.153.fas', 33.702, 42.377, 26.28, 34.537
'bali_phy_msa.154.fas', 33.022, 41.309, 27.687, 33.426
'bali_phy_msa.155.fas', 33.389, 41.719, 29.086, 34.141
'bali_phy_msa.156.fas', 34.194, 42.78, 29.583, 35.054
'bali_phy_msa.157.fas', 32.474, 40.834, 27.298, 33.514
'bali_phy_msa.158.fas', 32.046, 40.509, 27.964, 32.346
'bali_phy_msa.159.fas', 33.488, 41.86, 28.633, 34.446
'bali_phy_msa.16.fas', 32.8, 41.025, 27.658, 33.012
'bali_phy_msa.160.fas', 34.722, 43.607, 29.465, 35.28
'bali_phy_msa.161.fas', 34.247, 43.005, 29.467, 35.196
'bali_phy_msa.162.fas', 35.032, 43.932, 30.536, 35.554
'bali_phy_msa.163.fas', 32.79, 41.01, 27.704, 32.98
'bali_phy_msa.164.fas', 32.965, 41.364, 28.114, 33.325
'bali_phy_msa.165.fas', 35.275, 44.064, 27.637, 35.785
'bali_phy_msa.166.fas', 32.475, 40.577, 27.678, 32.359
'bali_phy_msa.167.fas', 31.707, 39.599, 27.113, 32.27
'bali_phy_msa.168.fas', 32.608, 41.039, 27.766, 32.991
'bali_phy_msa.169.fas', 28.834, 36.444, 23.497, 29.365
'bali_phy_msa.17.fas', 32.598, 40.943, 26.459, 32.94
'bali_phy_msa.170.fas', 32.645, 40.984, 26.488, 32.11
'bali_phy_msa.171.fas', 34.467, 43.26, 29.329, 35.025
'bali_phy_msa.172.fas', 33.407, 42.01, 28.256, 33.38
'bali_phy_msa.173.fas', 33.309, 41.825, 28.69, 34.347
'bali_phy_msa.174.fas', 34.326, 43.161, 28.27, 33.993
'bali_phy_msa.175.fas', 33.007, 41.532, 25.248, 33.666
'bali_phy_msa.176.fas', 34.014, 42.576, 28.805, 34.361
'bali_phy_msa.177.fas', 31.852, 39.966, 25.675, 31.942
'bali_phy_msa.178.fas', 34.378, 43.031, 27.892, 35.312
'bali_phy_msa.179.fas', 34.789, 43.555, 29.956, 35.749
'bali_phy_msa.18.fas', 34.677, 43.265, 27.98, 35.641
'bali_phy_msa.180.fas', 31.823, 39.995, 25.782, 32.422
'bali_phy_msa.181.fas', 33.386, 41.795, 27.664, 33.677
'bali_phy_msa.182.fas', 33.801, 42.195, 28.55, 34.37
'bali_phy_msa.183.fas', 33.9, 42.68, 26.497, 34.418
'bali_phy_msa.184.fas', 35.001, 43.709, 28.932, 34.713
'bali_phy_msa.185.fas', 31.871, 40.141, 25.286, 32.235
'bali_phy_msa.186.fas', 33.892, 42.37, 27.827, 34.298
'bali_phy_msa.187.fas', 34.524, 42.973, 28.003, 34.816
'bali_phy_msa.188.fas', 33.5, 41.907, 28.526, 34.044
'bali_phy_msa.189.fas', 34.137, 42.729, 26.613, 34.747
'bali_phy_msa.19.fas', 32.076, 40.4, 27.474, 32.304
'bali_phy_msa.190.fas', 32.537, 40.76, 25.749, 33.606
'bali_phy_msa.191.fas', 31.613, 39.642, 25.149, 31.364
'bali_phy_msa.192.fas', 33.908, 42.727, 28.432, 34.321
'bali_phy_msa.193.fas', 33.952, 42.573, 25.838, 33.664
'bali_phy_msa.194.fas', 33.394, 41.739, 27.869, 33.761
'bali_phy_msa.195.fas', 33.94, 42.462, 28.398, 35.481
'bali_phy_msa.196.fas', 33.399, 42.036, 27.55, 34.017
'bali_phy_msa.197.fas', 34.204, 43.266, 29.154, 34.133
'bali_phy_msa.198.fas', 34.8, 43.352, 29.566, 35.102
'bali_phy_msa.199.fas', 31.489, 39.371, 27.626, 31.681
'bali_phy_msa.2.fas', 31.366, 39.307, 27.598, 32.349
'bali_phy_msa.20.fas', 32.903, 41.166, 28.107, 33.744
'bali_phy_msa.200.fas', 32.445, 40.942, 28.364, 33.157
'bali_phy_msa.201.fas', 33.489, 42.059, 28.776, 34.139
'bali_phy_msa.202.fas', 32.263, 40.525, 29.841, 31.839
'bali_phy_msa.203.fas', 34.359, 42.974, 29.409, 35.002
'bali_phy_msa.204.fas', 31.891, 40.065, 25.03, 32.267
'bali_phy_msa.205.fas', 32.786, 41.16, 27.521, 33.944
'bali_phy_msa.206.fas', 32.643, 40.642, 28.993, 32.686
'bali_phy_msa.207.fas', 28.087, 35.535, 23.565, 28.63
'bali_phy_msa.208.fas', 26.701, 33.827, 21.941, 26.519
'bali_phy_msa.209.fas', 33.017, 41.291, 28.523, 33.457
'bali_phy_msa.21.fas', 34.274, 42.795, 29.743, 35.235
'bali_phy_msa.210.fas', 34.302, 42.644, 29.345, 34.441
'bali_phy_msa.211.fas', 31.584, 39.396, 27.37, 31.643
'bali_phy_msa.212.fas', 33.858, 42.326, 26.667, 35.499
'bali_phy_msa.213.fas', 33.614, 41.947, 28.343, 33.467
'bali_phy_msa.214.fas', 34.066, 42.695, 29.078, 34.54
'bali_phy_msa.215.fas', 32.408, 40.565, 27.241, 32.653
'bali_phy_msa.216.fas', 32.057, 40.14, 27.171, 31.646
'bali_phy_msa.217.fas', 35.746, 44.711, 28.429, 35.87
'bali_phy_msa.218.fas', 33.655, 42.06, 27.314, 34.444
'bali_phy_msa.219.fas', 32.711, 41.16, 27.293, 33.391
'bali_phy_msa.22.fas', 35.0, 43.752, 28.762, 35.552
'bali_phy_msa.220.fas', 33.447, 41.846, 26.72, 34.323
'bali_phy_msa.221.fas', 34.254, 42.961, 29.419, 35.301
'bali_phy_msa.222.fas', 34.167, 42.732, 29.469, 35.017
'bali_phy_msa.223.fas', 32.043, 40.289, 27.302, 32.623
'bali_phy_msa.224.fas', 33.384, 41.621, 28.594, 33.65
'bali_phy_msa.225.fas', 31.639, 39.618, 26.565, 31.577
'bali_phy_msa.226.fas', 33.936, 42.491, 28.602, 34.269
'bali_phy_msa.227.fas', 30.47, 38.344, 26.38, 30.598
'bali_phy_msa.228.fas', 32.852, 41.242, 27.924, 33.539
'bali_phy_msa.229.fas', 33.44, 41.845, 28.503, 34.29
'bali_phy_msa.23.fas', 33.544, 42.012, 28.417, 34.649
'bali_phy_msa.230.fas', 34.184, 42.85, 29.314, 34.692
'bali_phy_msa.231.fas', 33.43, 41.987, 27.981, 34.083
'bali_phy_msa.232.fas', 32.993, 41.317, 26.09, 33.113
'bali_phy_msa.233.fas', 33.448, 41.868, 31.279, 31.151
'bali_phy_msa.234.fas', 33.937, 42.531, 27.594, 34.012
'bali_phy_msa.235.fas', 33.993, 42.6, 27.447, 33.936
'bali_phy_msa.236.fas', 33.462, 41.783, 27.002, 33.684
'bali_phy_msa.237.fas', 33.928, 42.38, 26.446, 34.195
'bali_phy_msa.238.fas', 34.045, 42.66, 26.483, 34.381
'bali_phy_msa.239.fas', 33.406, 41.76, 28.411, 34.392
'bali_phy_msa.24.fas', 34.598, 43.418, 29.407, 35.219
'bali_phy_msa.240.fas', 33.939, 42.36, 29.028, 34.419
'bali_phy_msa.241.fas', 33.032, 41.399, 31.483, 32.593
'bali_phy_msa.242.fas', 33.145, 41.484, 27.261, 33.436
'bali_phy_msa.243.fas', 34.184, 42.945, 28.459, 34.046
'bali_phy_msa.244.fas', 34.219, 42.703, 29.486, 34.357
'bali_phy_msa.245.fas', 34.559, 43.403, 27.635, 35.146
'bali_phy_msa.246.fas', 35.057, 43.732, 29.491, 35.386
'bali_phy_msa.247.fas', 32.521, 40.656, 27.225, 33.77
'bali_phy_msa.248.fas', 35.033, 43.905, 29.035, 36.188
'bali_phy_msa.249.fas', 34.139, 42.761, 28.119, 34.775
'bali_phy_msa.25.fas', 34.627, 43.457, 29.395, 35.171
'bali_phy_msa.250.fas', 32.239, 40.285, 27.309, 32.267
'bali_phy_msa.251.fas', 34.182, 42.78, 26.161, 33.756
'bali_phy_msa.252.fas', 34.003, 42.488, 29.225, 34.63
'bali_phy_msa.253.fas', 33.089, 41.665, 28.036, 33.108
'bali_phy_msa.254.fas', 29.612, 37.185, 23.315, 29.845
'bali_phy_msa.255.fas', 28.979, 36.838, 24.668, 29.565
'bali_phy_msa.256.fas', 32.797, 41.025, 28.273, 32.938
'bali_phy_msa.257.fas', 32.632, 41.045, 29.274, 32.557
'bali_phy_msa.258.fas', 32.748, 41.073, 28.258, 32.996
'bali_phy_msa.259.fas', 31.685, 39.961, 27.129, 32.232
'bali_phy_msa.26.fas', 34.157, 42.61, 29.302, 34.677
'bali_phy_msa.260.fas', 33.914, 42.541, 26.669, 34.807
'bali_phy_msa.261.fas', 33.884, 42.169, 28.749, 33.709
'bali_phy_msa.262.fas', 33.899, 42.407, 27.547, 33.772
'bali_phy_msa.263.fas', 34.023, 42.789, 27.453, 33.759
'bali_phy_msa.264.fas', 33.67, 42.202, 28.115, 34.052
'bali_phy_msa.265.fas', 33.997, 42.792, 27.648, 34.456
'bali_phy_msa.266.fas', 34.426, 43.114, 29.64, 35.068
'bali_phy_msa.267.fas', 34.843, 43.901, 29.653, 35.733
'bali_phy_msa.268.fas', 32.638, 40.968, 25.496, 33.137
'bali_phy_msa.269.fas', 34.445, 43.224, 27.797, 34.4
'bali_phy_msa.27.fas', 34.302, 42.943, 28.728, 34.906
'bali_phy_msa.270.fas', 31.145, 39.09, 25.291, 30.486
'bali_phy_msa.271.fas', 24.843, 31.498, 21.404, 25.188
'bali_phy_msa.272.fas', 33.058, 41.511, 28.232, 34.311
'bali_phy_msa.273.fas', 32.97, 41.521, 27.717, 33.402
'bali_phy_msa.274.fas', 33.283, 41.65, 28.899, 33.415
'bali_phy_msa.275.fas', 34.818, 43.524, 28.594, 35.229
'bali_phy_msa.276.fas', 34.856, 43.504, 29.162, 35.125
'bali_phy_msa.277.fas', 31.164, 38.998, 26.297, 31.706
'bali_phy_msa.278.fas', 33.604, 42.277, 28.439, 35.077
'bali_phy_msa.279.fas', 32.801, 41.082, 28.056, 33.715
'bali_phy_msa.28.fas', 34.41, 42.937, 29.435, 34.856
'bali_phy_msa.280.fas', 32.883, 41.208, 30.815, 32.861
'bali_phy_msa.281.fas', 34.488, 43.077, 29.116, 35.613
'bali_phy_msa.282.fas', 32.881, 41.184, 27.959, 33.521
'bali_phy_msa.283.fas', 32.005, 40.078, 26.759, 32.673
'bali_phy_msa.284.fas', 33.54, 41.974, 28.694, 34.08
'bali_phy_msa.285.fas', 32.976, 41.433, 27.78, 33.19
'bali_phy_msa.286.fas', 33.548, 41.963, 27.371, 34.121
'bali_phy_msa.287.fas', 35.455, 44.131, 29.818, 35.843
'bali_phy_msa.288.fas', 32.76, 41.107, 27.396, 33.384
'bali_phy_msa.289.fas', 31.521, 39.55, 27.08, 32.098
'bali_phy_msa.29.fas', 33.99, 42.578, 29.2, 34.299
'bali_phy_msa.290.fas', 33.694, 42.198, 29.169, 34.43
'bali_phy_msa.291.fas', 33.432, 42.057, 25.778, 33.214
'bali_phy_msa.292.fas', 32.882, 41.014, 28.41, 33.591
'bali_phy_msa.293.fas', 32.552, 40.825, 27.143, 32.974
'bali_phy_msa.294.fas', 33.061, 41.516, 28.365, 33.811
'bali_phy_msa.295.fas', 34.566, 43.281, 29.632, 35.17
'bali_phy_msa.296.fas', 33.068, 41.535, 27.139, 32.997
'bali_phy_msa.297.fas', 33.34, 41.882, 28.484, 33.93
'bali_phy_msa.298.fas', 33.078, 41.51, 29.098, 34.471
'bali_phy_msa.299.fas', 33.354, 41.738, 28.687, 33.78
'bali_phy_msa.3.fas', 32.719, 41.342, 27.656, 32.754
'bali_phy_msa.30.fas', 34.268, 42.75, 28.83, 34.06
'bali_phy_msa.300.fas', 32.986, 41.379, 28.165, 33.238
'bali_phy_msa.301.fas', 32.636, 40.829, 26.794, 32.958
'bali_phy_msa.302.fas', 33.194, 41.609, 28.527, 33.87
'bali_phy_msa.303.fas', 32.911, 41.393, 30.09, 32.041
'bali_phy_msa.304.fas', 32.137, 40.463, 27.183, 32.754
'bali_phy_msa.305.fas', 33.831, 42.383, 28.537, 33.983
'bali_phy_msa.306.fas', 33.838, 42.732, 28.223, 34.44
'bali_phy_msa.307.fas', 34.525, 43.247, 29.436, 35.698
'bali_phy_msa.308.fas', 32.33, 40.747, 27.627, 33.019
'bali_phy_msa.309.fas', 34.005, 42.505, 28.818, 34.242
'bali_phy_msa.31.fas', 33.755, 42.441, 27.224, 35.105
'bali_phy_msa.310.fas', 32.764, 41.132, 28.765, 32.858
'bali_phy_msa.311.fas', 34.83, 43.597, 29.38, 35.186
'bali_phy_msa.312.fas', 35.429, 44.151, 29.34, 36.906
'bali_phy_msa.313.fas', 32.422, 40.601, 26.607, 32.538
'bali_phy_msa.314.fas', 34.671, 43.355, 29.051, 35.411
'bali_phy_msa.315.fas', 33.606, 42.096, 29.179, 34.59
'bali_phy_msa.316.fas', 32.833, 41.282, 28.762, 33.398
'bali_phy_msa.317.fas', 33.156, 41.559, 25.399, 33.207
'bali_phy_msa.318.fas', 34.619, 43.512, 31.514, 34.952
'bali_phy_msa.319.fas', 34.921, 43.747, 29.594, 35.839
'bali_phy_msa.32.fas', 34.342, 42.862, 28.876, 34.766
'bali_phy_msa.320.fas', 33.096, 41.521, 28.538, 33.392
'bali_phy_msa.321.fas', 34.364, 43.024, 28.875, 34.905
'bali_phy_msa.322.fas', 33.83, 42.342, 28.473, 34.397
'bali_phy_msa.323.fas', 34.274, 42.944, 27.852, 33.961
'bali_phy_msa.324.fas', 33.611, 41.973, 28.895, 34.397
'bali_phy_msa.325.fas', 35.661, 44.474, 28.59, 36.535
'bali_phy_msa.326.fas', 35.094, 43.714, 29.681, 35.254
'bali_phy_msa.327.fas', 33.785, 42.587, 28.488, 34.125
'bali_phy_msa.328.fas', 33.278, 41.612, 28.901, 33.888
'bali_phy_msa.329.fas', 32.49, 40.703, 27.298, 33.472
'bali_phy_msa.33.fas', 32.75, 41.062, 26.65, 33.895
'bali_phy_msa.330.fas', 32.463, 40.634, 26.785, 32.352
'bali_phy_msa.331.fas', 32.478, 40.914, 27.924, 32.934
'bali_phy_msa.332.fas', 33.085, 41.404, 32.437, 33.433
'bali_phy_msa.333.fas', 34.222, 42.99, 27.029, 35.559
'bali_phy_msa.334.fas', 34.885, 43.574, 27.959, 35.617
'bali_phy_msa.335.fas', 31.827, 39.816, 25.913, 32.015
'bali_phy_msa.336.fas', 33.527, 42.227, 28.577, 33.88
'bali_phy_msa.337.fas', 33.832, 42.418, 29.178, 34.406
'bali_phy_msa.338.fas', 33.473, 42.071, 27.185, 33.59
'bali_phy_msa.339.fas', 34.636, 43.319, 28.23, 34.81
'bali_phy_msa.34.fas', 35.549, 44.821, 27.746, 34.91
'bali_phy_msa.340.fas', 34.864, 43.574, 28.003, 35.369
'bali_phy_msa.341.fas', 34.89, 43.813, 29.471, 35.083
'bali_phy_msa.342.fas', 33.193, 41.427, 30.771, 32.368
'bali_phy_msa.343.fas', 32.331, 40.768, 27.432, 32.215
'bali_phy_msa.344.fas', 33.685, 42.142, 27.341, 35.192
'bali_phy_msa.345.fas', 34.343, 42.922, 27.84, 34.815
'bali_phy_msa.346.fas', 34.519, 43.197, 30.001, 33.998
'bali_phy_msa.347.fas', 34.616, 43.349, 29.435, 35.031
'bali_phy_msa.348.fas', 32.718, 40.92, 28.757, 34.047
'bali_phy_msa.349.fas', 33.729, 42.118, 28.982, 34.813
'bali_phy_msa.35.fas', 33.62, 42.433, 25.652, 33.91
'bali_phy_msa.350.fas', 33.546, 42.098, 30.497, 32.886
'bali_phy_msa.351.fas', 32.945, 41.326, 29.428, 33.888
'bali_phy_msa.352.fas', 33.729, 42.212, 28.617, 34.682
'bali_phy_msa.353.fas', 33.585, 42.283, 28.354, 34.475
'bali_phy_msa.354.fas', 33.213, 41.596, 28.663, 33.916
'bali_phy_msa.355.fas', 33.427, 42.061, 28.327, 34.093
'bali_phy_msa.356.fas', 32.159, 40.315, 27.726, 33.183
'bali_phy_msa.357.fas', 34.521, 43.247, 27.833, 36.09
'bali_phy_msa.358.fas', 32.437, 40.693, 27.358, 33.327
'bali_phy_msa.359.fas', 33.643, 42.034, 27.859, 33.759
'bali_phy_msa.36.fas', 33.654, 42.282, 28.264, 34.716
'bali_phy_msa.360.fas', 35.546, 44.533, 28.246, 35.768
'bali_phy_msa.361.fas', 34.614, 43.214, 29.148, 35.717
'bali_phy_msa.362.fas', 34.136, 42.681, 30.349, 34.597
'bali_phy_msa.363.fas', 35.847, 44.734, 29.27, 36.093
'bali_phy_msa.364.fas', 33.921, 42.25, 28.807, 34.926
'bali_phy_msa.365.fas', 33.856, 42.336, 27.657, 34.092
'bali_phy_msa.366.fas', 34.389, 43.174, 30.024, 34.005
'bali_phy_msa.367.fas', 32.127, 40.344, 27.719, 32.749
'bali_phy_msa.368.fas', 32.898, 41.531, 28.065, 33.526
'bali_phy_msa.369.fas', 34.53, 43.503, 29.291, 35.27
'bali_phy_msa.37.fas', 32.896, 41.103, 28.325, 33.224
'bali_phy_msa.370.fas', 33.992, 42.548, 28.713, 34.51
'bali_phy_msa.371.fas', 33.655, 42.282, 27.371, 35.185
'bali_phy_msa.372.fas', 34.648, 43.549, 29.37, 34.913
'bali_phy_msa.373.fas', 32.916, 41.145, 27.676, 33.067
'bali_phy_msa.374.fas', 35.574, 44.401, 27.695, 36.409
'bali_phy_msa.375.fas', 34.449, 43.048, 32.393, 34.096
'bali_phy_msa.376.fas', 34.963, 43.733, 28.096, 35.664
'bali_phy_msa.377.fas', 31.586, 39.681, 27.316, 32.0
'bali_phy_msa.378.fas', 30.797, 38.947, 25.459, 31.109
'bali_phy_msa.379.fas', 34.835, 43.893, 30.224, 35.202
'bali_phy_msa.38.fas', 33.19, 41.829, 27.066, 33.401
'bali_phy_msa.380.fas', 34.657, 43.452, 27.454, 35.046
'bali_phy_msa.381.fas', 34.268, 43.118, 30.045, 34.132
'bali_phy_msa.382.fas', 33.62, 42.295, 28.622, 33.853
'bali_phy_msa.383.fas', 32.13, 40.318, 27.924, 32.159
'bali_phy_msa.384.fas', 33.36, 42.024, 25.93, 33.567
'bali_phy_msa.385.fas', 31.595, 39.76, 29.855, 31.569
'bali_phy_msa.386.fas', 34.578, 43.345, 26.593, 34.894
'bali_phy_msa.387.fas', 33.234, 41.47, 30.385, 31.19
'bali_phy_msa.388.fas', 32.811, 41.422, 28.398, 33.42
'bali_phy_msa.389.fas', 31.71, 39.761, 25.136, 32.629
'bali_phy_msa.39.fas', 32.346, 40.783, 26.63, 32.319
'bali_phy_msa.390.fas', 34.158, 42.837, 27.406, 34.678
'bali_phy_msa.391.fas', 34.016, 42.565, 27.024, 34.348
'bali_phy_msa.392.fas', 34.264, 43.001, 28.546, 35.66
'bali_phy_msa.393.fas', 33.214, 41.612, 28.064, 32.768
'bali_phy_msa.394.fas', 34.085, 42.608, 28.679, 34.694
'bali_phy_msa.395.fas', 34.893, 43.518, 28.781, 34.699
'bali_phy_msa.396.fas', 34.093, 42.87, 26.77, 35.233
'bali_phy_msa.397.fas', 26.264, 33.405, 20.947, 26.45
'bali_phy_msa.398.fas', 32.242, 40.649, 27.076, 32.22
'bali_phy_msa.399.fas', 33.416, 41.788, 26.721, 33.9
'bali_phy_msa.4.fas', 33.665, 42.179, 28.871, 34.641
'bali_phy_msa.40.fas', 33.515, 41.816, 26.201, 33.866
'bali_phy_msa.400.fas', 35.151, 44.0, 26.924, 35.286
'bali_phy_msa.41.fas', 33.523, 42.042, 29.247, 34.637
'bali_phy_msa.42.fas', 32.276, 40.628, 25.041, 33.385
'bali_phy_msa.43.fas', 33.879, 42.662, 28.848, 34.299
'bali_phy_msa.44.fas', 32.989, 41.355, 27.766, 33.037
'bali_phy_msa.45.fas', 35.036, 43.889, 27.685, 35.471
'bali_phy_msa.46.fas', 34.045, 42.65, 29.191, 34.109
'bali_phy_msa.47.fas', 33.67, 42.237, 28.954, 34.594
'bali_phy_msa.48.fas', 33.178, 41.424, 27.755, 32.615
'bali_phy_msa.49.fas', 34.162, 42.806, 28.748, 34.318
'bali_phy_msa.5.fas', 33.766, 42.409, 28.184, 33.835
'bali_phy_msa.50.fas', 33.259, 41.561, 27.35, 33.181
'bali_phy_msa.51.fas', 32.998, 41.649, 28.08, 33.664
'bali_phy_msa.52.fas', 33.894, 42.349, 27.34, 34.958
'bali_phy_msa.53.fas', 32.473, 40.778, 25.906, 32.5
'bali_phy_msa.54.fas', 33.269, 41.755, 25.793, 33.062
'bali_phy_msa.55.fas', 34.03, 42.592, 28.475, 33.748
'bali_phy_msa.56.fas', 35.167, 43.918, 28.699, 36.259
'bali_phy_msa.57.fas', 33.674, 42.256, 28.392, 33.933
'bali_phy_msa.58.fas', 34.96, 43.795, 30.365, 34.441
'bali_phy_msa.59.fas', 33.753, 41.968, 29.767, 33.215
'bali_phy_msa.6.fas', 34.067, 42.657, 29.019, 34.746
'bali_phy_msa.60.fas', 35.713, 44.572, 28.315, 36.033
'bali_phy_msa.61.fas', 33.994, 42.528, 29.904, 34.789
'bali_phy_msa.62.fas', 33.177, 41.711, 30.66, 33.256
'bali_phy_msa.63.fas', 33.63, 42.383, 31.04, 32.243
'bali_phy_msa.64.fas', 33.267, 41.408, 26.536, 33.584
'bali_phy_msa.65.fas', 33.889, 42.396, 26.12, 33.683
'bali_phy_msa.66.fas', 33.182, 41.379, 28.627, 33.194
'bali_phy_msa.67.fas', 33.698, 42.192, 28.94, 34.55
'bali_phy_msa.68.fas', 34.817, 43.8, 27.727, 35.443
'bali_phy_msa.69.fas', 33.476, 41.896, 27.59, 34.337
'bali_phy_msa.7.fas', 32.198, 40.251, 29.523, 30.773
'bali_phy_msa.70.fas', 33.42, 41.686, 29.698, 32.619
'bali_phy_msa.71.fas', 33.923, 42.376, 27.6, 33.829
'bali_phy_msa.72.fas', 35.076, 43.955, 29.326, 35.235
'bali_phy_msa.73.fas', 34.05, 42.597, 28.359, 34.166
'bali_phy_msa.74.fas', 34.371, 42.92, 27.146, 34.896
'bali_phy_msa.75.fas', 33.919, 42.591, 28.248, 34.613
'bali_phy_msa.76.fas', 33.056, 41.307, 27.73, 33.664
'bali_phy_msa.77.fas', 33.111, 41.542, 26.667, 33.695
'bali_phy_msa.78.fas', 33.983, 42.491, 29.263, 34.874
'bali_phy_msa.79.fas', 33.828, 42.434, 28.92, 34.583
'bali_phy_msa.8.fas', 31.203, 39.082, 26.666, 31.535
'bali_phy_msa.80.fas', 34.041, 42.701, 27.37, 35.308
'bali_phy_msa.81.fas', 34.514, 43.391, 29.115, 34.815
'bali_phy_msa.82.fas', 33.114, 41.766, 28.378, 34.173
'bali_phy_msa.83.fas', 32.35, 40.508, 26.595, 32.525
'bali_phy_msa.84.fas', 33.616, 42.188, 26.172, 33.303
'bali_phy_msa.85.fas', 32.817, 41.321, 27.061, 33.829
'bali_phy_msa.86.fas', 33.168, 41.463, 27.664, 33.217
'bali_phy_msa.87.fas', 33.773, 42.196, 27.339, 34.287
'bali_phy_msa.88.fas', 33.089, 41.403, 27.375, 33.474
'bali_phy_msa.89.fas', 32.54, 40.939, 25.03, 32.982
'bali_phy_msa.9.fas', 31.416, 39.362, 26.283, 31.125
'bali_phy_msa.90.fas', 32.597, 40.811, 27.864, 32.777
'bali_phy_msa.91.fas', 33.367, 41.493, 29.135, 33.833
'bali_phy_msa.92.fas', 31.777, 39.912, 26.06, 31.059
'bali_phy_msa.93.fas', 34.758, 43.536, 27.673, 35.445
'bali_phy_msa.94.fas', 35.208, 44.121, 28.439, 36.026
'bali_phy_msa.95.fas', 33.449, 41.914, 30.519, 31.703
'bali_phy_msa.96.fas', 32.592, 40.778, 26.055, 32.406
'bali_phy_msa.97.fas', 32.564, 40.618, 29.771, 32.938
'bali_phy_msa.98.fas', 33.907, 42.423, 30.345, 34.124
'bali_phy_msa.99.fas', 33.576, 42.048, 31.248, 33.098
'MAFFT_b0#0051_hhH_tree_47_OP_1.2558167082838578_Split_51.fasta', 27.924, 36.004, 20.199, 30.601
'MAFFT_b0#0051_htH_tree_0_OP_1.9201310643830272_Split_51.fasta', 29.664, 35.7, 26.232, 28.235
'MAFFT_b0#0051_htH_tree_57_OP_1.8145645468714477_Split_51.fasta', 29.257, 36.721, 25.734, 29.133
'MAFFT_b0#0051_htH_tree_93_OP_2.2336854992597184_Split_51.fasta', 32.047, 40.03, 21.768, 33.339
'MAFFT_b0#0051_htT_tree_0_OP_1.9201310643830272_Split_51.fasta', 29.664, 35.7, 26.232, 28.235
'MAFFT_b0#0051_htT_tree_57_OP_1.8145645468714477_Split_51.fasta', 29.257, 36.721, 25.734, 29.133
'MAFFT_b0#0051_thH_tree_57_OP_1.8145645468714477_Split_51.fasta', 30.419, 38.029, 27.366, 30.345
'MAFFT_b0#0051_thH_tree_93_OP_2.2336854992597184_Split_51.fasta', 32.516, 40.514, 22.298, 33.664
'MAFFT_b0#0051_thT_tree_0_OP_1.9201310643830272_Split_51.fasta', 30.472, 37.711, 27.984, 29.968
'MAFFT_b0#0051_thT_tree_47_OP_1.2558167082838578_Split_51.fasta', 27.924, 36.004, 20.199, 30.601
'MAFFT_b0#0051_ttH_tree_47_OP_1.2558167082838578_Split_51.fasta', 26.916, 34.691, 19.521, 28.674
'MAFFT_b0#0051_ttH_tree_93_OP_2.2336854992597184_Split_51.fasta', 32.047, 40.03, 21.768, 33.339
'MAFFT_b0#0051_ttT_tree_0_OP_1.9201310643830272_Split_51.fasta', 29.664, 35.7, 26.232, 28.235
'MAFFT_b0#0051_ttT_tree_47_OP_1.2558167082838578_Split_51.fasta', 26.916, 34.691, 19.521, 28.674
'MAFFT_b0#0051_ttT_tree_57_OP_1.8145645468714477_Split_51.fasta', 29.257, 36.721, 25.734, 29.133
'MAFFT_b0#0051_ttT_tree_93_OP_2.2336854992597184_Split_51.fasta', 32.047, 40.03, 21.768, 33.339
'MAFFT_b0#0053_hhH_tree_5_OP_1.3773636194735985_Split_53.fasta', 31.579, 40.252, 25.264, 32.512
'MAFFT_b0#0053_hhH_tree_60_OP_2.2485867324412547_Split_53.fasta', 29.938, 37.944, 25.264, 28.517
'MAFFT_b0#0053_hhT_tree_60_OP_2.2485867324412547_Split_53.fasta', 29.938, 37.944, 25.264, 28.517
'MAFFT_b0#0053_htH_tree_5_OP_1.3773636194735985_Split_53.fasta', 32.078, 40.658, 26.241, 32.577
'MAFFT_b0#0053_htT_tree_5_OP_1.3773636194735985_Split_53.fasta', 32.078, 40.658, 26.241, 32.577
'MAFFT_b0#0053_thH_tree_60_OP_2.2485867324412547_Split_53.fasta', 29.938, 37.944, 25.264, 28.517
'MAFFT_b0#0053_thT_tree_5_OP_1.3773636194735985_Split_53.fasta', 31.542, 40.21, 25.217, 32.452
'MAFFT_b0#0053_ttH_tree_60_OP_2.2485867324412547_Split_53.fasta', 30.301, 38.382, 25.58, 28.898
'MAFFT_b0#0054_hhH_tree_35_OP_2.3157753293540146_Split_54.fasta', 26.521, 33.956, 23.41, 28.496
'MAFFT_b0#0054_htH_tree_35_OP_2.3157753293540146_Split_54.fasta', 26.696, 34.178, 23.557, 28.43
'MAFFT_b0#0054_thH_tree_35_OP_2.3157753293540146_Split_54.fasta', 26.521, 33.956, 23.41, 28.496
'MAFFT_b0#0054_ttT_tree_35_OP_2.3157753293540146_Split_54.fasta', 26.696, 34.178, 23.557, 28.43
'MAFFT_b0#0057_htH_tree_1_OP_1.4037489078147287_Split_57.fasta', 25.804, 33.47, 19.212, 27.729
'MAFFT_b0#0057_htT_tree_1_OP_1.4037489078147287_Split_57.fasta', 25.804, 33.47, 19.212, 27.729
'MAFFT_b0#0057_thT_tree_1_OP_1.4037489078147287_Split_57.fasta', 25.893, 33.576, 19.803, 27.802
'MAFFT_b0#0057_ttT_tree_1_OP_1.4037489078147287_Split_57.fasta', 25.804, 33.47, 19.212, 27.729
'MAFFT_b0#0058_hhH_tree_13_OP_1.7913990869854772_Split_58.fasta', 22.427, 29.07, 18.067, 22.817
'MAFFT_b0#0058_htH_tree_11_OP_1.3146381684889776_Split_58.fasta', 31.157, 39.402, 25.218, 31.58
'MAFFT_b0#0058_htH_tree_13_OP_1.7913990869854772_Split_58.fasta', 22.603, 29.31, 19.215, 22.64
'MAFFT_b0#0058_htT_tree_11_OP_1.3146381684889776_Split_58.fasta', 31.157, 39.402, 25.218, 31.58
'MAFFT_b0#0058_thH_tree_13_OP_1.7913990869854772_Split_58.fasta', 22.427, 29.07, 18.067, 22.817
'MAFFT_b0#0058_ttH_tree_11_OP_1.3146381684889776_Split_58.fasta', 31.985, 40.261, 27.146, 31.081
'MAFFT_b0#0058_ttT_tree_11_OP_1.3146381684889776_Split_58.fasta', 31.985, 40.261, 27.146, 31.081
'MAFFT_b0#0058_ttT_tree_13_OP_1.7913990869854772_Split_58.fasta', 22.603, 29.31, 19.215, 22.64
'MAFFT_b0#0060_hhT_tree_32_OP_1.498379977124041_Split_60.fasta', 30.119, 37.324, 24.591, 28.485
'MAFFT_b0#0060_htH_tree_32_OP_1.498379977124041_Split_60.fasta', 29.939, 37.136, 24.385, 28.299
'MAFFT_b0#0060_htT_tree_32_OP_1.498379977124041_Split_60.fasta', 29.939, 37.136, 24.385, 28.299
'MAFFT_b0#0060_ttH_tree_32_OP_1.498379977124041_Split_60.fasta', 29.939, 37.136, 24.385, 28.299
'MAFFT_b0#0061_hhH_tree_87_OP_1.1834961203615137_Split_61.fasta', 28.36, 36.783, 22.357, 29.225
'MAFFT_b0#0061_hhH_tree_88_OP_2.9570433978664177_Split_61.fasta', 30.166, 37.575, 25.106, 29.454
'MAFFT_b0#0061_hhH_tree_97_OP_2.1094152983091004_Split_61.fasta', 30.555, 38.151, 22.764, 32.089
'MAFFT_b0#0061_hhT_tree_18_OP_1.3304542342131214_Split_61.fasta', 15.216, 20.487, 12.272, 13.769
'MAFFT_b0#0061_hhT_tree_30_OP_2.908145211858187_Split_61.fasta', 33.214, 41.328, 29.322, 33.775
'MAFFT_b0#0061_htH_tree_18_OP_1.3304542342131214_Split_61.fasta', 15.451, 20.763, 11.821, 14.075
'MAFFT_b0#0061_htH_tree_30_OP_2.908145211858187_Split_61.fasta', 32.341, 40.311, 29.022, 32.014
'MAFFT_b0#0061_htH_tree_72_OP_1.8278688995959085_Split_61.fasta', 28.686, 35.473, 22.33, 29.17
'MAFFT_b0#0061_htH_tree_88_OP_2.9570433978664177_Split_61.fasta', 30.695, 38.153, 25.646, 31.417
'MAFFT_b0#0061_htT_tree_87_OP_1.1834961203615137_Split_61.fasta', 28.31, 36.727, 24.913, 29.816
'MAFFT_b0#0061_htT_tree_97_OP_2.1094152983091004_Split_61.fasta', 30.432, 37.953, 22.776, 31.967
'MAFFT_b0#0061_thH_tree_18_OP_1.3304542342131214_Split_61.fasta', 15.216, 20.487, 12.272, 13.769
'MAFFT_b0#0061_thH_tree_72_OP_1.8278688995959085_Split_61.fasta', 28.68, 35.468, 22.326, 29.16
'MAFFT_b0#0061_thT_tree_30_OP_2.908145211858187_Split_61.fasta', 33.214, 41.328, 29.322, 33.775
'MAFFT_b0#0061_thT_tree_72_OP_1.8278688995959085_Split_61.fasta', 28.68, 35.468, 22.326, 29.16
'MAFFT_b0#0061_thT_tree_87_OP_1.1834961203615137_Split_61.fasta', 28.36, 36.783, 22.357, 29.225
'MAFFT_b0#0061_thT_tree_88_OP_2.9570433978664177_Split_61.fasta', 30.166, 37.575, 25.106, 29.454
'MAFFT_b0#0061_thT_tree_97_OP_2.1094152983091004_Split_61.fasta', 30.555, 38.151, 22.764, 32.089
'MAFFT_b0#0061_ttT_tree_18_OP_1.3304542342131214_Split_61.fasta', 15.451, 20.763, 11.821, 14.075
'MAFFT_b0#0061_ttT_tree_30_OP_2.908145211858187_Split_61.fasta', 32.341, 40.311, 29.022, 32.014
'MAFFT_b0#0061_ttT_tree_72_OP_1.8278688995959085_Split_61.fasta', 28.686, 35.473, 22.33, 29.17
'MAFFT_b0#0061_ttT_tree_87_OP_1.1834961203615137_Split_61.fasta', 28.31, 36.727, 24.913, 29.816
'MAFFT_b0#0061_ttT_tree_88_OP_2.9570433978664177_Split_61.fasta', 30.695, 38.153, 25.646, 31.417
'MAFFT_b0#0061_ttT_tree_97_OP_2.1094152983091004_Split_61.fasta', 30.432, 37.953, 22.776, 31.967
'MAFFT_b0#0063_hhH_tree_37_OP_2.065965428692473_Split_63.fasta', 32.056, 39.968, 28.062, 31.088
'MAFFT_b0#0063_hhT_tree_89_OP_2.6540913216611166_Split_63.fasta', 26.641, 33.556, 22.774, 29.059
'MAFFT_b0#0063_htH_tree_37_OP_2.065965428692473_Split_63.fasta', 31.58, 39.393, 27.421, 30.729
'MAFFT_b0#0063_htH_tree_89_OP_2.6540913216611166_Split_63.fasta', 26.645, 33.466, 23.313, 29.31
'MAFFT_b0#0063_thH_tree_37_OP_2.065965428692473_Split_63.fasta', 32.056, 39.968, 28.062, 31.088
'MAFFT_b0#0063_thT_tree_89_OP_2.6540913216611166_Split_63.fasta', 26.644, 33.558, 22.778, 29.062
'MAFFT_b0#0063_ttH_tree_37_OP_2.065965428692473_Split_63.fasta', 31.58, 39.393, 27.421, 30.729
'MAFFT_b0#0063_ttH_tree_89_OP_2.6540913216611166_Split_63.fasta', 26.649, 33.469, 23.321, 29.315
'MAFFT_b0#0065_htH_tree_26_OP_2.2970226808572787_Split_65.fasta', 29.603, 37.174, 25.347, 31.201
'MAFFT_b0#0065_htT_tree_55_OP_1.534121132575311_Split_65.fasta', 20.197, 26.149, 17.749, 22.193
'MAFFT_b0#0065_thH_tree_26_OP_2.2970226808572787_Split_65.fasta', 29.081, 36.543, 24.874, 30.734
'MAFFT_b0#0065_thH_tree_55_OP_1.534121132575311_Split_65.fasta', 19.814, 25.698, 17.637, 21.634
'MAFFT_b0#0065_thT_tree_55_OP_1.534121132575311_Split_65.fasta', 19.814, 25.698, 17.637, 21.634
'MAFFT_b0#0065_ttH_tree_26_OP_2.2970226808572787_Split_65.fasta', 29.565, 37.129, 25.339, 31.135
'MAFFT_b0#0065_ttT_tree_26_OP_2.2970226808572787_Split_65.fasta', 29.565, 37.129, 25.339, 31.135
'MAFFT_b0#0065_ttT_tree_55_OP_1.534121132575311_Split_65.fasta', 20.197, 26.149, 17.749, 22.193
'MAFFT_b0#0066_hhH_tree_77_OP_1.3827668594678542_Split_66.fasta', 25.235, 32.515, 18.438, 27.753
'MAFFT_b0#0066_hhT_tree_99_OP_1.9136688454364907_Split_66.fasta', 28.684, 36.023, 26.95, 28.712
'MAFFT_b0#0066_htT_tree_99_OP_1.9136688454364907_Split_66.fasta', 28.493, 35.843, 26.92, 28.62
'MAFFT_b0#0066_thH_tree_77_OP_1.3827668594678542_Split_66.fasta', 25.235, 32.515, 18.438, 27.753
'MAFFT_b0#0066_thH_tree_99_OP_1.9136688454364907_Split_66.fasta', 28.685, 36.024, 26.952, 28.713
'MAFFT_b0#0066_thT_tree_99_OP_1.9136688454364907_Split_66.fasta', 28.685, 36.024, 26.952, 28.713
'MAFFT_b0#0066_ttH_tree_77_OP_1.3827668594678542_Split_66.fasta', 25.561, 32.916, 18.139, 28.24
'MAFFT_b0#0066_ttT_tree_77_OP_1.3827668594678542_Split_66.fasta', 25.561, 32.916, 18.139, 28.24
'MAFFT_b0#0067_hhT_tree_4_OP_1.1542677766261527_Split_67.fasta', 23.121, 30.475, 17.56, 24.998
'MAFFT_b0#0067_htH_tree_4_OP_1.1542677766261527_Split_67.fasta', 26.38, 34.215, 22.38, 27.506
'MAFFT_b0#0067_htH_tree_76_OP_1.9781210467371317_Split_67.fasta', 30.8, 38.332, 21.597, 31.648
'MAFFT_b0#0067_thH_tree_76_OP_1.9781210467371317_Split_67.fasta', 29.936, 37.457, 20.586, 30.326
'MAFFT_b0#0067_thT_tree_4_OP_1.1542677766261527_Split_67.fasta', 23.121, 30.475, 17.56, 24.998
'MAFFT_b0#0067_ttH_tree_76_OP_1.9781210467371317_Split_67.fasta', 30.8, 38.332, 21.597, 31.648
'MAFFT_b0#0067_ttT_tree_4_OP_1.1542677766261527_Split_67.fasta', 26.38, 34.215, 22.38, 27.506
'MAFFT_b0#0067_ttT_tree_76_OP_1.9781210467371317_Split_67.fasta', 30.8, 38.332, 21.597, 31.648
'MAFFT_b0#0069_htH_tree_20_OP_2.4221981553992458_Split_69.fasta', 21.26, 26.494, 20.969, 23.527
'MAFFT_b0#0069_htH_tree_73_OP_2.973262473304242_Split_69.fasta', 28.757, 36.046, 20.558, 31.151
'MAFFT_b0#0069_htT_tree_20_OP_2.4221981553992458_Split_69.fasta', 21.26, 26.494, 20.969, 23.527
'MAFFT_b0#0069_htT_tree_73_OP_2.973262473304242_Split_69.fasta', 28.757, 36.046, 20.558, 31.151
'MAFFT_b0#0069_thH_tree_20_OP_2.4221981553992458_Split_69.fasta', 21.507, 26.756, 21.174, 23.743
'MAFFT_b0#0069_thH_tree_73_OP_2.973262473304242_Split_69.fasta', 28.325, 35.503, 20.417, 31.014
'MAFFT_b0#0069_thT_tree_20_OP_2.4221981553992458_Split_69.fasta', 21.507, 26.756, 21.174, 23.743
'MAFFT_b0#0069_ttH_tree_73_OP_2.973262473304242_Split_69.fasta', 28.757, 36.046, 20.558, 31.151
'MAFFT_b0#0070_hhH_tree_86_OP_1.7393056698625855_Split_70.fasta', 28.792, 36.305, 22.121, 30.003
'MAFFT_b0#0070_hhT_tree_17_OP_1.818409912056766_Split_70.fasta', 26.006, 33.338, 19.797, 27.213
'MAFFT_b0#0070_htH_tree_86_OP_1.7393056698625855_Split_70.fasta', 28.395, 35.842, 24.391, 29.049
'MAFFT_b0#0070_thH_tree_17_OP_1.818409912056766_Split_70.fasta', 26.433, 33.869, 20.093, 26.92
'MAFFT_b0#0070_thH_tree_86_OP_1.7393056698625855_Split_70.fasta', 28.792, 36.305, 22.121, 30.003
'MAFFT_b0#0070_ttH_tree_17_OP_1.818409912056766_Split_70.fasta', 26.434, 33.869, 20.096, 26.921
'MAFFT_b0#0070_ttT_tree_17_OP_1.818409912056766_Split_70.fasta', 26.434, 33.869, 20.096, 26.921
'MAFFT_b0#0070_ttT_tree_86_OP_1.7393056698625855_Split_70.fasta', 28.395, 35.842, 24.391, 29.049
'MAFFT_b0#0071_thH_tree_83_OP_1.1196527601502904_Split_71.fasta', 32.668, 41.396, 26.444, 34.654
'MAFFT_b0#0071_thT_tree_83_OP_1.1196527601502904_Split_71.fasta', 32.668, 41.396, 26.444, 34.654
'MAFFT_b0#0071_ttH_tree_83_OP_1.1196527601502904_Split_71.fasta', 31.772, 40.266, 27.379, 32.919
'MAFFT_b0#0071_ttT_tree_83_OP_1.1196527601502904_Split_71.fasta', 31.772, 40.266, 27.379, 32.919
'MAFFT_b0#0072_hhH_tree_16_OP_1.904493049197901_Split_72.fasta', 27.06, 34.678, 20.715, 29.423
'MAFFT_b0#0072_hhH_tree_2_OP_2.0780663887168265_Split_72.fasta', 27.004, 33.192, 25.458, 26.392
'MAFFT_b0#0072_htH_tree_2_OP_2.0780663887168265_Split_72.fasta', 25.658, 31.929, 24.968, 24.855
'MAFFT_b0#0072_htT_tree_16_OP_1.904493049197901_Split_72.fasta', 26.365, 33.955, 20.136, 28.806
'MAFFT_b0#0072_htT_tree_2_OP_2.0780663887168265_Split_72.fasta', 25.658, 31.929, 24.968, 24.855
'MAFFT_b0#0072_thH_tree_2_OP_2.0780663887168265_Split_72.fasta', 27.004, 33.192, 25.458, 26.392
'MAFFT_b0#0072_ttH_tree_16_OP_1.904493049197901_Split_72.fasta', 26.365, 33.955, 20.136, 28.806
'MAFFT_b0#0072_ttT_tree_16_OP_1.904493049197901_Split_72.fasta', 26.365, 33.955, 20.136, 28.806
'MAFFT_b0#0073_hhT_tree_96_OP_2.2598618576256135_Split_73.fasta', 34.427, 42.599, 26.659, 35.169
'MAFFT_b0#0073_htH_tree_96_OP_2.2598618576256135_Split_73.fasta', 34.28, 42.45, 26.886, 35.147
'MAFFT_b0#0073_htT_tree_38_OP_1.4036490691810368_Split_73.fasta', 20.298, 25.85, 16.416, 23.049
'MAFFT_b0#0073_htT_tree_96_OP_2.2598618576256135_Split_73.fasta', 34.28, 42.45, 26.886, 35.147
'MAFFT_b0#0073_thT_tree_38_OP_1.4036490691810368_Split_73.fasta', 20.514, 26.182, 16.694, 23.294
'MAFFT_b0#0073_thT_tree_96_OP_2.2598618576256135_Split_73.fasta', 34.427, 42.599, 26.659, 35.169
'MAFFT_b0#0073_ttH_tree_38_OP_1.4036490691810368_Split_73.fasta', 19.287, 24.684, 15.743, 21.646
'MAFFT_b0#0073_ttT_tree_38_OP_1.4036490691810368_Split_73.fasta', 19.287, 24.684, 15.743, 21.646
'MAFFT_b0#0074_hhH_tree_56_OP_1.8151633835449412_Split_74.fasta', 30.586, 39.243, 24.62, 32.263
'MAFFT_b0#0074_hhH_tree_79_OP_1.1319264156945865_Split_74.fasta', 23.059, 29.825, 20.299, 24.32
'MAFFT_b0#0074_htH_tree_56_OP_1.8151633835449412_Split_74.fasta', 30.636, 39.232, 24.369, 32.531
'MAFFT_b0#0074_htT_tree_79_OP_1.1319264156945865_Split_74.fasta', 23.273, 30.143, 20.649, 24.563
'MAFFT_b0#0074_thT_tree_56_OP_1.8151633835449412_Split_74.fasta', 30.586, 39.243, 24.62, 32.263
'MAFFT_b0#0074_ttH_tree_56_OP_1.8151633835449412_Split_74.fasta', 30.636, 39.232, 24.369, 32.531
'MAFFT_b0#0074_ttH_tree_79_OP_1.1319264156945865_Split_74.fasta', 23.273, 30.143, 20.649, 24.563
'MAFFT_b0#0074_ttT_tree_79_OP_1.1319264156945865_Split_74.fasta', 23.273, 30.143, 20.649, 24.563
'MAFFT_b0#0075_hhH_tree_81_OP_1.1314497018902243_Split_75.fasta', 24.709, 32.541, 16.693, 24.553
'MAFFT_b0#0075_hhT_tree_19_OP_1.5848887345678324_Split_75.fasta', 30.031, 38.025, 21.414, 30.528
'MAFFT_b0#0075_htH_tree_19_OP_1.5848887345678324_Split_75.fasta', 30.004, 38.005, 21.382, 30.497
'MAFFT_b0#0075_htH_tree_81_OP_1.1314497018902243_Split_75.fasta', 24.664, 32.499, 16.665, 24.531
'MAFFT_b0#0075_thH_tree_81_OP_1.1314497018902243_Split_75.fasta', 24.833, 32.694, 16.793, 24.661
'MAFFT_b0#0075_thT_tree_19_OP_1.5848887345678324_Split_75.fasta', 29.698, 37.613, 21.967, 29.635
'MAFFT_b0#0075_ttH_tree_19_OP_1.5848887345678324_Split_75.fasta', 29.672, 37.592, 21.933, 29.604
'MAFFT_b0#0075_ttH_tree_81_OP_1.1314497018902243_Split_75.fasta', 24.788, 32.652, 16.765, 24.639
'MAFFT_b0#0077_hhT_tree_15_OP_2.550159221795637_Split_77.fasta', 31.475, 39.448, 23.886, 32.937
'MAFFT_b0#0077_htT_tree_15_OP_2.550159221795637_Split_77.fasta', 29.035, 36.323, 21.833, 30.429
'MAFFT_b0#0077_thH_tree_15_OP_2.550159221795637_Split_77.fasta', 31.475, 39.448, 23.886, 32.937
'MAFFT_b0#0077_thT_tree_15_OP_2.550159221795637_Split_77.fasta', 31.475, 39.448, 23.886, 32.937
'MAFFT_b0#0079_hhH_tree_53_OP_2.8446810696084794_Split_79.fasta', 29.66, 36.921, 25.797, 29.845
'MAFFT_b0#0079_hhT_tree_53_OP_2.8446810696084794_Split_79.fasta', 29.66, 36.921, 25.797, 29.845
'MAFFT_b0#0079_htT_tree_53_OP_2.8446810696084794_Split_79.fasta', 29.624, 36.879, 25.778, 29.801
'MAFFT_b0#0079_ttH_tree_53_OP_2.8446810696084794_Split_79.fasta', 29.585, 36.833, 25.755, 29.719
'MAFFT_b0#0081_hhH_tree_28_OP_2.8015195195451144_Split_81.fasta', 24.169, 31.193, 20.915, 26.411
'MAFFT_b0#0081_hhT_tree_28_OP_2.8015195195451144_Split_81.fasta', 24.169, 31.193, 20.915, 26.411
'MAFFT_b0#0081_htH_tree_70_OP_2.86216121405654_Split_81.fasta', 30.567, 38.382, 26.708, 30.435
'MAFFT_b0#0081_htT_tree_70_OP_2.86216121405654_Split_81.fasta', 30.567, 38.382, 26.708, 30.435
'MAFFT_b0#0081_thH_tree_70_OP_2.86216121405654_Split_81.fasta', 31.021, 38.903, 26.944, 30.678
'MAFFT_b0#0081_thT_tree_28_OP_2.8015195195451144_Split_81.fasta', 24.169, 31.193, 20.915, 26.411
'MAFFT_b0#0081_ttH_tree_28_OP_2.8015195195451144_Split_81.fasta', 24.627, 31.736, 21.525, 26.74
'MAFFT_b0#0081_ttH_tree_70_OP_2.86216121405654_Split_81.fasta', 30.567, 38.382, 26.708, 30.435
'MAFFT_b0#0085_hhH_tree_6_OP_2.614406638642872_Split_85.fasta', 23.946, 30.109, 17.289, 26.576
'MAFFT_b0#0085_htH_tree_6_OP_2.614406638642872_Split_85.fasta', 23.916, 30.074, 17.302, 26.53
'MAFFT_b0#0085_htT_tree_43_OP_1.1593268235540946_Split_85.fasta', 30.031, 38.482, 25.252, 30.926
'MAFFT_b0#0085_htT_tree_6_OP_2.614406638642872_Split_85.fasta', 23.916, 30.074, 17.302, 26.53
'MAFFT_b0#0085_thT_tree_43_OP_1.1593268235540946_Split_85.fasta', 30.339, 38.807, 25.832, 28.904
'MAFFT_b0#0085_thT_tree_6_OP_2.614406638642872_Split_85.fasta', 23.946, 30.109, 17.289, 26.576
'MAFFT_b0#0085_ttH_tree_43_OP_1.1593268235540946_Split_85.fasta', 30.031, 38.482, 25.252, 30.926
'MAFFT_b0#0085_ttT_tree_43_OP_1.1593268235540946_Split_85.fasta', 30.031, 38.482, 25.252, 30.926
'MAFFT_b0#0086_hhH_tree_98_OP_1.0089131553899002_Split_86.fasta', 25.047, 32.973, 20.42, 25.212
'MAFFT_b0#0086_hhT_tree_98_OP_1.0089131553899002_Split_86.fasta', 25.047, 32.973, 20.42, 25.212
'MAFFT_b0#0086_htH_tree_98_OP_1.0089131553899002_Split_86.fasta', 25.12, 33.134, 21.322, 25.797
'MAFFT_b0#0086_thH_tree_98_OP_1.0089131553899002_Split_86.fasta', 25.047, 32.973, 20.42, 25.212
'MAFFT_b0#0088_hhH_tree_24_OP_2.5256879150632905_Split_88.fasta', 27.214, 34.634, 23.74, 26.512
'MAFFT_b0#0088_htH_tree_24_OP_2.5256879150632905_Split_88.fasta', 27.337, 34.843, 24.041, 26.719
'MAFFT_b0#0088_htT_tree_24_OP_2.5256879150632905_Split_88.fasta', 27.337, 34.843, 24.041, 26.719
'MAFFT_b0#0088_thH_tree_24_OP_2.5256879150632905_Split_88.fasta', 27.214, 34.634, 23.74, 26.512
'MAFFT_b0#0089_hhH_tree_3_OP_2.728084439580989_Split_89.fasta', 27.621, 34.459, 24.899, 28.843
'MAFFT_b0#0089_hhT_tree_3_OP_2.728084439580989_Split_89.fasta', 27.621, 34.459, 24.899, 28.843
'MAFFT_b0#0089_htH_tree_3_OP_2.728084439580989_Split_89.fasta', 27.521, 34.281, 25.822, 29.0
'MAFFT_b0#0089_htT_tree_3_OP_2.728084439580989_Split_89.fasta', 27.521, 34.281, 25.822, 29.0
'MAFFT_b0#0091_hhH_tree_58_OP_2.470758940826272_Split_91.fasta', 27.497, 33.846, 19.099, 30.232
'MAFFT_b0#0091_htH_tree_58_OP_2.470758940826272_Split_91.fasta', 27.497, 33.846, 19.099, 30.232
'MAFFT_b0#0091_thH_tree_58_OP_2.470758940826272_Split_91.fasta', 28.44, 34.996, 20.045, 31.349
'MAFFT_b0#0091_thT_tree_58_OP_2.470758940826272_Split_91.fasta', 28.44, 34.996, 20.045, 31.349
'MAFFT_b0#0092_hhH_tree_42_OP_1.3915835484150982_Split_92.fasta', 30.218, 37.427, 27.114, 31.633
'MAFFT_b0#0092_htH_tree_42_OP_1.3915835484150982_Split_92.fasta', 29.794, 36.989, 26.591, 31.536
'MAFFT_b0#0092_thH_tree_42_OP_1.3915835484150982_Split_92.fasta', 30.195, 37.392, 27.125, 31.645
'MAFFT_b0#0092_thT_tree_42_OP_1.3915835484150982_Split_92.fasta', 30.195, 37.392, 27.125, 31.645
'MAFFT_b0#0093_hhH_tree_50_OP_1.9153041649578615_Split_93.fasta', 22.224, 28.737, 18.118, 24.253
'MAFFT_b0#0093_htH_tree_49_OP_1.2895147288295243_Split_93.fasta', 29.973, 38.877, 25.246, 28.226
'MAFFT_b0#0093_htH_tree_50_OP_1.9153041649578615_Split_93.fasta', 25.645, 32.47, 19.947, 27.773
'MAFFT_b0#0093_htT_tree_50_OP_1.9153041649578615_Split_93.fasta', 25.645, 32.47, 19.947, 27.773
'MAFFT_b0#0093_thH_tree_49_OP_1.2895147288295243_Split_93.fasta', 29.024, 37.629, 25.515, 27.303
'MAFFT_b0#0093_thT_tree_49_OP_1.2895147288295243_Split_93.fasta', 29.024, 37.629, 25.515, 27.303
'MAFFT_b0#0093_ttT_tree_49_OP_1.2895147288295243_Split_93.fasta', 28.97, 37.588, 22.895, 28.069
'MAFFT_b0#0093_ttT_tree_50_OP_1.9153041649578615_Split_93.fasta', 25.394, 32.187, 19.583, 27.536
'MAFFT_b0#0094_hhH_tree_61_OP_2.233368308529553_Split_94.fasta', 32.595, 40.422, 24.44, 33.889
'MAFFT_b0#0094_hhT_tree_63_OP_2.7597843575557506_Split_94.fasta', 29.404, 36.605, 23.712, 28.871
'MAFFT_b0#0094_htT_tree_63_OP_2.7597843575557506_Split_94.fasta', 30.773, 37.983, 23.898, 31.817
'MAFFT_b0#0094_thH_tree_61_OP_2.233368308529553_Split_94.fasta', 32.5, 40.307, 24.355, 33.817
'MAFFT_b0#0094_thH_tree_63_OP_2.7597843575557506_Split_94.fasta', 29.799, 37.079, 24.003, 29.274
'MAFFT_b0#0094_thT_tree_61_OP_2.233368308529553_Split_94.fasta', 32.5, 40.307, 24.355, 33.817
'MAFFT_b0#0094_thT_tree_63_OP_2.7597843575557506_Split_94.fasta', 29.799, 37.079, 24.003, 29.274
'MAFFT_b0#0094_ttH_tree_61_OP_2.233368308529553_Split_94.fasta', 32.08, 39.78, 23.222, 33.285
'MAFFT_b0#0095_hhH_tree_36_OP_1.861931102167887_Split_95.fasta', 25.218, 31.252, 19.903, 26.132
'MAFFT_b0#0095_hhT_tree_25_OP_1.0509666088927379_Split_95.fasta', 24.624, 32.096, 19.454, 24.444
'MAFFT_b0#0095_hhT_tree_36_OP_1.861931102167887_Split_95.fasta', 25.218, 31.252, 19.903, 26.132
'MAFFT_b0#0095_htT_tree_25_OP_1.0509666088927379_Split_95.fasta', 24.624, 32.096, 19.454, 24.444
'MAFFT_b0#0095_htT_tree_36_OP_1.861931102167887_Split_95.fasta', 25.218, 31.252, 19.903, 26.132
'MAFFT_b0#0095_thT_tree_25_OP_1.0509666088927379_Split_95.fasta', 24.301, 31.764, 20.811, 23.132
'MAFFT_b0#0095_thT_tree_36_OP_1.861931102167887_Split_95.fasta', 25.187, 31.212, 19.903, 26.091
'MAFFT_b0#0095_ttH_tree_25_OP_1.0509666088927379_Split_95.fasta', 24.301, 31.764, 20.811, 23.132
'MAFFT_b1#0001_hhH_tree_41_OP_1.752396225471006_Split_1.fasta', 14.742, 20.861, 12.852, 15.122
'MAFFT_b1#0001_hhH_tree_68_OP_2.7543395888868245_Split_1.fasta', 18.724, 24.577, 15.359, 19.562
'MAFFT_b1#0001_hhT_tree_41_OP_1.752396225471006_Split_1.fasta', 14.742, 20.861, 12.852, 15.122
'MAFFT_b1#0001_hhT_tree_68_OP_2.7543395888868245_Split_1.fasta', 18.724, 24.577, 15.359, 19.562
'MAFFT_b1#0001_htH_tree_41_OP_1.752396225471006_Split_1.fasta', 15.493, 21.609, 13.923, 15.829
'MAFFT_b1#0001_htH_tree_68_OP_2.7543395888868245_Split_1.fasta', 19.747, 25.627, 17.241, 20.353
'MAFFT_b1#0001_htT_tree_41_OP_1.752396225471006_Split_1.fasta', 15.493, 21.609, 13.923, 15.829
'MAFFT_b1#0001_htT_tree_68_OP_2.7543395888868245_Split_1.fasta', 19.747, 25.627, 17.241, 20.353
'MAFFT_b1#0003_hhH_tree_7_OP_2.423506546963713_Split_3.fasta', 31.235, 38.766, 24.047, 32.552
'MAFFT_b1#0003_hhT_tree_7_OP_2.423506546963713_Split_3.fasta', 31.235, 38.766, 24.047, 32.552
'MAFFT_b1#0003_htH_tree_7_OP_2.423506546963713_Split_3.fasta', 32.554, 40.125, 23.641, 33.408
'MAFFT_b1#0003_htT_tree_7_OP_2.423506546963713_Split_3.fasta', 32.554, 40.125, 23.641, 33.408
'MAFFT_b1#0006_hhH_tree_12_OP_2.973153388725351_Split_6.fasta', 28.976, 36.034, 19.464, 30.551
'MAFFT_b1#0006_hhH_tree_82_OP_2.6007870123262946_Split_6.fasta', 32.509, 40.92, 29.619, 31.626
'MAFFT_b1#0006_hhT_tree_12_OP_2.973153388725351_Split_6.fasta', 28.976, 36.034, 19.464, 30.551
'MAFFT_b1#0006_hhT_tree_82_OP_2.6007870123262946_Split_6.fasta', 32.509, 40.92, 29.619, 31.626
'MAFFT_b1#0006_htH_tree_12_OP_2.973153388725351_Split_6.fasta', 29.337, 36.491, 19.71, 30.897
'MAFFT_b1#0006_htH_tree_82_OP_2.6007870123262946_Split_6.fasta', 31.445, 39.948, 27.205, 31.734
'MAFFT_b1#0006_htT_tree_12_OP_2.973153388725351_Split_6.fasta', 29.337, 36.491, 19.71, 30.897
'MAFFT_b1#0006_htT_tree_82_OP_2.6007870123262946_Split_6.fasta', 31.445, 39.948, 27.205, 31.734
'MAFFT_b1#0007_hhH_tree_40_OP_1.431276692692299_Split_7.fasta', 30.969, 39.256, 22.783, 32.259
'MAFFT_b1#0007_hhT_tree_40_OP_1.431276692692299_Split_7.fasta', 30.969, 39.256, 22.783, 32.259
'MAFFT_b1#0007_htH_tree_40_OP_1.431276692692299_Split_7.fasta', 31.139, 39.5, 23.094, 32.545
'MAFFT_b1#0007_htT_tree_40_OP_1.431276692692299_Split_7.fasta', 31.139, 39.5, 23.094, 32.545
'MAFFT_b1#0008_hhH_tree_29_OP_1.1774471868850718_Split_8.fasta', 26.111, 32.711, 19.586, 27.179
'MAFFT_b1#0008_hhT_tree_29_OP_1.1774471868850718_Split_8.fasta', 26.111, 32.711, 19.586, 27.179
'MAFFT_b1#0008_htH_tree_29_OP_1.1774471868850718_Split_8.fasta', 26.114, 32.716, 19.587, 27.179
'MAFFT_b1#0008_htT_tree_29_OP_1.1774471868850718_Split_8.fasta', 26.114, 32.716, 19.587, 27.179
'MAFFT_b1#0010_hhH_tree_48_OP_1.0349214069593133_Split_10.fasta', 26.152, 34.368, 21.338, 25.945
'MAFFT_b1#0010_hhH_tree_51_OP_1.018044877173671_Split_10.fasta', 28.809, 36.771, 24.384, 30.109
'MAFFT_b1#0010_hhT_tree_48_OP_1.0349214069593133_Split_10.fasta', 26.152, 34.368, 21.338, 25.945
'MAFFT_b1#0010_hhT_tree_51_OP_1.018044877173671_Split_10.fasta', 28.809, 36.771, 24.384, 30.109
'MAFFT_b1#0010_htH_tree_48_OP_1.0349214069593133_Split_10.fasta', 24.851, 32.524, 19.157, 25.977
'MAFFT_b1#0010_htH_tree_51_OP_1.018044877173671_Split_10.fasta', 27.49, 35.412, 23.156, 28.466
'MAFFT_b1#0010_htT_tree_48_OP_1.0349214069593133_Split_10.fasta', 24.851, 32.524, 19.157, 25.977
'MAFFT_b1#0010_htT_tree_51_OP_1.018044877173671_Split_10.fasta', 27.49, 35.412, 23.156, 28.466
'MAFFT_b1#0011_hhH_tree_84_OP_2.680201119072135_Split_11.fasta', 24.223, 30.98, 16.902, 27.475
'MAFFT_b1#0011_hhT_tree_84_OP_2.680201119072135_Split_11.fasta', 24.223, 30.98, 16.902, 27.475
'MAFFT_b1#0011_htH_tree_84_OP_2.680201119072135_Split_11.fasta', 25.017, 31.957, 19.472, 26.703
'MAFFT_b1#0011_htT_tree_84_OP_2.680201119072135_Split_11.fasta', 25.017, 31.957, 19.472, 26.703
'MAFFT_b1#0012_hhH_tree_62_OP_2.4330105528955412_Split_12.fasta', 24.132, 29.939, 17.824, 26.21
'MAFFT_b1#0012_hhT_tree_62_OP_2.4330105528955412_Split_12.fasta', 24.132, 29.939, 17.824, 26.21
'MAFFT_b1#0012_htH_tree_62_OP_2.4330105528955412_Split_12.fasta', 23.874, 29.603, 21.852, 25.239
'MAFFT_b1#0012_htT_tree_62_OP_2.4330105528955412_Split_12.fasta', 23.874, 29.603, 21.852, 25.239
'MAFFT_b1#0014_hhH_tree_44_OP_2.639288724484837_Split_14.fasta', 30.311, 37.896, 25.171, 30.974
'MAFFT_b1#0014_hhH_tree_67_OP_1.9260663748429023_Split_14.fasta', 30.443, 38.138, 21.413, 33.003
'MAFFT_b1#0014_hhT_tree_44_OP_2.639288724484837_Split_14.fasta', 30.311, 37.896, 25.171, 30.974
'MAFFT_b1#0014_hhT_tree_67_OP_1.9260663748429023_Split_14.fasta', 30.443, 38.138, 21.413, 33.003
'MAFFT_b1#0014_htH_tree_44_OP_2.639288724484837_Split_14.fasta', 30.702, 38.37, 25.436, 31.381
'MAFFT_b1#0014_htH_tree_67_OP_1.9260663748429023_Split_14.fasta', 29.786, 37.211, 25.768, 32.636
'MAFFT_b1#0014_htT_tree_44_OP_2.639288724484837_Split_14.fasta', 30.702, 38.37, 25.436, 31.381
'MAFFT_b1#0014_htT_tree_67_OP_1.9260663748429023_Split_14.fasta', 29.786, 37.211, 25.768, 32.636
'MAFFT_b1#0016_hhH_tree_33_OP_2.3139125348148384_Split_16.fasta', 25.808, 33.096, 23.707, 27.249
'MAFFT_b1#0016_hhT_tree_33_OP_2.3139125348148384_Split_16.fasta', 25.808, 33.096, 23.707, 27.249
'MAFFT_b1#0016_htH_tree_33_OP_2.3139125348148384_Split_16.fasta', 25.991, 33.343, 24.809, 28.234
'MAFFT_b1#0016_htT_tree_33_OP_2.3139125348148384_Split_16.fasta', 25.991, 33.343, 24.809, 28.234
'MAFFT_b1#0017_hhH_tree_45_OP_2.295265953595705_Split_17.fasta', 23.263, 28.92, 17.933, 26.05
'MAFFT_b1#0017_hhH_tree_90_OP_2.1610607075340664_Split_17.fasta', 30.802, 38.304, 26.448, 31.115
'MAFFT_b1#0017_hhT_tree_45_OP_2.295265953595705_Split_17.fasta', 23.263, 28.92, 17.933, 26.05
'MAFFT_b1#0017_hhT_tree_90_OP_2.1610607075340664_Split_17.fasta', 30.802, 38.304, 26.448, 31.115
'MAFFT_b1#0017_htH_tree_45_OP_2.295265953595705_Split_17.fasta', 22.023, 27.426, 17.703, 24.551
'MAFFT_b1#0017_htH_tree_90_OP_2.1610607075340664_Split_17.fasta', 30.593, 38.027, 26.396, 30.574
'MAFFT_b1#0017_htT_tree_45_OP_2.295265953595705_Split_17.fasta', 22.023, 27.426, 17.703, 24.551
'MAFFT_b1#0017_htT_tree_90_OP_2.1610607075340664_Split_17.fasta', 30.593, 38.027, 26.396, 30.574
'MAFFT_b1#0019_hhH_tree_54_OP_1.6636194832224898_Split_19.fasta', 28.129, 35.933, 21.598, 29.961
'MAFFT_b1#0019_hhH_tree_94_OP_2.5553791369687318_Split_19.fasta', 26.212, 32.517, 22.688, 25.292
'MAFFT_b1#0019_hhT_tree_54_OP_1.6636194832224898_Split_19.fasta', 28.129, 35.933, 21.598, 29.961
'MAFFT_b1#0019_hhT_tree_94_OP_2.5553791369687318_Split_19.fasta', 26.212, 32.517, 22.688, 25.292
'MAFFT_b1#0019_htH_tree_54_OP_1.6636194832224898_Split_19.fasta', 28.1, 35.925, 21.564, 29.886
'MAFFT_b1#0019_htH_tree_94_OP_2.5553791369687318_Split_19.fasta', 26.501, 32.864, 22.933, 25.572
'MAFFT_b1#0019_htT_tree_54_OP_1.6636194832224898_Split_19.fasta', 28.1, 35.925, 21.564, 29.886
'MAFFT_b1#0019_htT_tree_94_OP_2.5553791369687318_Split_19.fasta', 26.501, 32.864, 22.933, 25.572
'MAFFT_b1#0022_hhH_tree_39_OP_1.522040361295851_Split_22.fasta', 30.709, 39.048, 25.38, 33.879
'MAFFT_b1#0022_hhH_tree_64_OP_2.935413362566628_Split_22.fasta', 29.237, 36.502, 18.863, 30.75
'MAFFT_b1#0022_hhT_tree_39_OP_1.522040361295851_Split_22.fasta', 30.709, 39.048, 25.38, 33.879
'MAFFT_b1#0022_hhT_tree_64_OP_2.935413362566628_Split_22.fasta', 29.237, 36.502, 18.863, 30.75
'MAFFT_b1#0022_htH_tree_39_OP_1.522040361295851_Split_22.fasta', 30.306, 38.59, 27.27, 31.46
'MAFFT_b1#0022_htH_tree_64_OP_2.935413362566628_Split_22.fasta', 29.581, 36.933, 19.119, 31.182
'MAFFT_b1#0022_htT_tree_39_OP_1.522040361295851_Split_22.fasta', 30.306, 38.59, 27.27, 31.46
'MAFFT_b1#0022_htT_tree_64_OP_2.935413362566628_Split_22.fasta', 29.581, 36.933, 19.119, 31.182
'MAFFT_b1#0024_hhH_tree_34_OP_2.407510533391993_Split_24.fasta', 25.41, 32.3, 21.661, 24.908
'MAFFT_b1#0024_hhT_tree_34_OP_2.407510533391993_Split_24.fasta', 25.41, 32.3, 21.661, 24.908
'MAFFT_b1#0024_htH_tree_34_OP_2.407510533391993_Split_24.fasta', 24.647, 31.2, 20.988, 23.942
'MAFFT_b1#0024_htT_tree_34_OP_2.407510533391993_Split_24.fasta', 24.647, 31.2, 20.988, 23.942
'MAFFT_b1#0025_hhH_tree_59_OP_2.170731131311491_Split_25.fasta', 28.775, 36.515, 23.031, 30.755
'MAFFT_b1#0025_hhH_tree_85_OP_2.480824599307775_Split_25.fasta', 26.864, 34.375, 23.578, 28.397
'MAFFT_b1#0025_hhT_tree_59_OP_2.170731131311491_Split_25.fasta', 28.775, 36.515, 23.031, 30.755
'MAFFT_b1#0025_hhT_tree_85_OP_2.480824599307775_Split_25.fasta', 26.864, 34.375, 23.578, 28.397
'MAFFT_b1#0025_htH_tree_59_OP_2.170731131311491_Split_25.fasta', 28.246, 35.852, 22.347, 30.301
'MAFFT_b1#0025_htH_tree_85_OP_2.480824599307775_Split_25.fasta', 27.189, 34.77, 23.844, 28.655
'MAFFT_b1#0025_htT_tree_59_OP_2.170731131311491_Split_25.fasta', 28.246, 35.852, 22.347, 30.301
'MAFFT_b1#0025_htT_tree_85_OP_2.480824599307775_Split_25.fasta', 27.189, 34.77, 23.844, 28.655
'MAFFT_b1#0026_hhH_tree_21_OP_2.1310205653910055_Split_26.fasta', 21.07, 27.458, 19.855, 20.592
'MAFFT_b1#0026_hhH_tree_80_OP_2.5217903856188704_Split_26.fasta', 27.276, 34.658, 24.113, 29.386
'MAFFT_b1#0026_hhT_tree_21_OP_2.1310205653910055_Split_26.fasta', 21.07, 27.458, 19.855, 20.592
'MAFFT_b1#0026_hhT_tree_80_OP_2.5217903856188704_Split_26.fasta', 27.276, 34.658, 24.113, 29.386
'MAFFT_b1#0026_htH_tree_21_OP_2.1310205653910055_Split_26.fasta', 21.309, 27.758, 18.672, 21.25
'MAFFT_b1#0026_htH_tree_80_OP_2.5217903856188704_Split_26.fasta', 27.611, 35.068, 24.351, 29.723
'MAFFT_b1#0026_htT_tree_21_OP_2.1310205653910055_Split_26.fasta', 21.309, 27.758, 18.672, 21.25
'MAFFT_b1#0026_htT_tree_80_OP_2.5217903856188704_Split_26.fasta', 27.611, 35.068, 24.351, 29.723
'MAFFT_b1#0027_hhH_tree_10_OP_1.9679388553310329_Split_27.fasta', 29.202, 37.177, 23.347, 30.167
'MAFFT_b1#0027_hhT_tree_10_OP_1.9679388553310329_Split_27.fasta', 29.202, 37.177, 23.347, 30.167
'MAFFT_b1#0027_htH_tree_10_OP_1.9679388553310329_Split_27.fasta', 29.169, 37.147, 25.406, 27.631
'MAFFT_b1#0027_htT_tree_10_OP_1.9679388553310329_Split_27.fasta', 29.169, 37.147, 25.406, 27.631
'MAFFT_b1#0028_hhH_tree_66_OP_2.9673947251158412_Split_28.fasta', 27.138, 33.824, 23.035, 28.032
'MAFFT_b1#0028_hhT_tree_66_OP_2.9673947251158412_Split_28.fasta', 27.138, 33.824, 23.035, 28.032
'MAFFT_b1#0028_htH_tree_66_OP_2.9673947251158412_Split_28.fasta', 26.213, 32.684, 18.195, 27.801
'MAFFT_b1#0028_htT_tree_66_OP_2.9673947251158412_Split_28.fasta', 26.213, 32.684, 18.195, 27.801
'MAFFT_b1#0029_hhH_tree_27_OP_1.6859321025856457_Split_29.fasta', 28.935, 35.882, 25.337, 29.667
'MAFFT_b1#0029_hhT_tree_27_OP_1.6859321025856457_Split_29.fasta', 28.935, 35.882, 25.337, 29.667
'MAFFT_b1#0029_htH_tree_27_OP_1.6859321025856457_Split_29.fasta', 27.608, 34.224, 24.781, 28.019
'MAFFT_b1#0029_htT_tree_27_OP_1.6859321025856457_Split_29.fasta', 27.608, 34.224, 24.781, 28.019
'MAFFT_b1#0031_hhH_tree_23_OP_2.940403370408288_Split_31.fasta', 24.671, 31.551, 22.265, 27.799
'MAFFT_b1#0031_hhH_tree_78_OP_1.9842214843426838_Split_31.fasta', 19.849, 25.544, 13.863, 18.911
'MAFFT_b1#0031_hhT_tree_23_OP_2.940403370408288_Split_31.fasta', 24.671, 31.551, 22.265, 27.799
'MAFFT_b1#0031_hhT_tree_78_OP_1.9842214843426838_Split_31.fasta', 19.849, 25.544, 13.863, 18.911
'MAFFT_b1#0031_htH_tree_23_OP_2.940403370408288_Split_31.fasta', 25.473, 32.424, 22.827, 28.347
'MAFFT_b1#0031_htH_tree_78_OP_1.9842214843426838_Split_31.fasta', 20.142, 25.861, 13.496, 19.197
'MAFFT_b1#0031_htT_tree_23_OP_2.940403370408288_Split_31.fasta', 25.473, 32.424, 22.827, 28.347
'MAFFT_b1#0031_htT_tree_78_OP_1.9842214843426838_Split_31.fasta', 20.142, 25.861, 13.496, 19.197
'MAFFT_b1#0035_hhH_tree_71_OP_2.3680950705345123_Split_35.fasta', 29.459, 37.269, 22.941, 30.321
'MAFFT_b1#0035_hhH_tree_75_OP_2.4023709813773846_Split_35.fasta', 29.017, 36.194, 27.344, 30.137
'MAFFT_b1#0035_hhH_tree_9_OP_1.5653274151471246_Split_35.fasta', 25.501, 32.625, 17.57, 28.219
'MAFFT_b1#0035_hhT_tree_71_OP_2.3680950705345123_Split_35.fasta', 29.459, 37.269, 22.941, 30.321
'MAFFT_b1#0035_hhT_tree_75_OP_2.4023709813773846_Split_35.fasta', 29.017, 36.194, 27.344, 30.137
'MAFFT_b1#0035_hhT_tree_9_OP_1.5653274151471246_Split_35.fasta', 25.501, 32.625, 17.57, 28.219
'MAFFT_b1#0035_htH_tree_71_OP_2.3680950705345123_Split_35.fasta', 29.427, 37.238, 22.909, 30.286
'MAFFT_b1#0035_htH_tree_75_OP_2.4023709813773846_Split_35.fasta', 29.022, 36.198, 27.35, 30.141
'MAFFT_b1#0035_htH_tree_9_OP_1.5653274151471246_Split_35.fasta', 26.306, 33.068, 21.038, 27.501
'MAFFT_b1#0035_htT_tree_71_OP_2.3680950705345123_Split_35.fasta', 29.427, 37.238, 22.909, 30.286
'MAFFT_b1#0035_htT_tree_75_OP_2.4023709813773846_Split_35.fasta', 29.022, 36.198, 27.35, 30.141
'MAFFT_b1#0035_htT_tree_9_OP_1.5653274151471246_Split_35.fasta', 26.306, 33.068, 21.038, 27.501
'MAFFT_b1#0036_hhH_tree_69_OP_2.9824622002885617_Split_36.fasta', 27.491, 34.79, 19.55, 27.492
'MAFFT_b1#0036_hhH_tree_74_OP_2.943304477827338_Split_36.fasta', 25.603, 32.542, 19.789, 27.122
'MAFFT_b1#0036_hhH_tree_91_OP_2.3523277060939405_Split_36.fasta', 25.206, 31.342, 23.264, 26.302
'MAFFT_b1#0036_hhT_tree_69_OP_2.9824622002885617_Split_36.fasta', 27.491, 34.79, 19.55, 27.492
'MAFFT_b1#0036_hhT_tree_74_OP_2.943304477827338_Split_36.fasta', 25.603, 32.542, 19.789, 27.122
'MAFFT_b1#0036_hhT_tree_91_OP_2.3523277060939405_Split_36.fasta', 25.206, 31.342, 23.264, 26.302
'MAFFT_b1#0036_htH_tree_69_OP_2.9824622002885617_Split_36.fasta', 28.009, 35.441, 21.39, 27.691
'MAFFT_b1#0036_htH_tree_74_OP_2.943304477827338_Split_36.fasta', 26.178, 33.199, 22.577, 26.622
'MAFFT_b1#0036_htH_tree_91_OP_2.3523277060939405_Split_36.fasta', 25.558, 31.819, 23.504, 26.562
'MAFFT_b1#0036_htT_tree_69_OP_2.9824622002885617_Split_36.fasta', 28.009, 35.441, 21.39, 27.691
'MAFFT_b1#0036_htT_tree_74_OP_2.943304477827338_Split_36.fasta', 26.178, 33.199, 22.577, 26.622
'MAFFT_b1#0036_htT_tree_91_OP_2.3523277060939405_Split_36.fasta', 25.558, 31.819, 23.504, 26.562
'MAFFT_b1#0037_hhH_tree_46_OP_2.5904987735791676_Split_37.fasta', 28.505, 35.072, 23.384, 29.181
'MAFFT_b1#0037_hhH_tree_65_OP_1.3986977410996977_Split_37.fasta', 31.334, 39.904, 23.353, 34.209
'MAFFT_b1#0037_hhT_tree_46_OP_2.5904987735791676_Split_37.fasta', 28.505, 35.072, 23.384, 29.181
'MAFFT_b1#0037_hhT_tree_65_OP_1.3986977410996977_Split_37.fasta', 31.334, 39.904, 23.353, 34.209
'MAFFT_b1#0037_htH_tree_46_OP_2.5904987735791676_Split_37.fasta', 28.797, 35.302, 22.301, 30.539
'MAFFT_b1#0037_htH_tree_65_OP_1.3986977410996977_Split_37.fasta', 31.231, 39.796, 23.3, 34.095
'MAFFT_b1#0037_htT_tree_46_OP_2.5904987735791676_Split_37.fasta', 28.797, 35.302, 22.301, 30.539
'MAFFT_b1#0037_htT_tree_65_OP_1.3986977410996977_Split_37.fasta', 31.231, 39.796, 23.3, 34.095
'MAFFT_b1#0039_hhH_tree_22_OP_1.0333726057419617_Split_39.fasta', 33.401, 42.259, 24.064, 35.11
'MAFFT_b1#0039_hhT_tree_22_OP_1.0333726057419617_Split_39.fasta', 33.401, 42.259, 24.064, 35.11
'MAFFT_b1#0039_htH_tree_22_OP_1.0333726057419617_Split_39.fasta', 32.914, 41.612, 29.935, 33.112
'MAFFT_b1#0039_htT_tree_22_OP_1.0333726057419617_Split_39.fasta', 32.914, 41.612, 29.935, 33.112
'MAFFT_b1#0041_hhH_tree_31_OP_2.371648195541206_Split_41.fasta', 26.71, 34.163, 18.736, 29.911
'MAFFT_b1#0041_hhH_tree_8_OP_2.990366431633018_Split_41.fasta', 31.457, 39.091, 26.851, 34.006
'MAFFT_b1#0041_hhT_tree_31_OP_2.371648195541206_Split_41.fasta', 26.71, 34.163, 18.736, 29.911
'MAFFT_b1#0041_hhT_tree_8_OP_2.990366431633018_Split_41.fasta', 31.457, 39.091, 26.851, 34.006
'MAFFT_b1#0041_htH_tree_31_OP_2.371648195541206_Split_41.fasta', 27.108, 34.639, 19.128, 30.29
'MAFFT_b1#0041_htH_tree_8_OP_2.990366431633018_Split_41.fasta', 31.503, 39.127, 26.914, 34.06
'MAFFT_b1#0041_htT_tree_31_OP_2.371648195541206_Split_41.fasta', 27.108, 34.639, 19.128, 30.29
'MAFFT_b1#0041_htT_tree_8_OP_2.990366431633018_Split_41.fasta', 31.503, 39.127, 26.914, 34.06
'MAFFT_b1#0042_hhH_tree_92_OP_1.133352346367843_Split_42.fasta', 25.96, 33.478, 18.816, 27.14
'MAFFT_b1#0042_hhT_tree_92_OP_1.133352346367843_Split_42.fasta', 25.96, 33.478, 18.816, 27.14
'MAFFT_b1#0042_htH_tree_92_OP_1.133352346367843_Split_42.fasta', 25.785, 33.23, 21.335, 24.088
'MAFFT_b1#0042_htT_tree_92_OP_1.133352346367843_Split_42.fasta', 25.785, 33.23, 21.335, 24.088
'MAFFT_b1#0043_hhH_tree_95_OP_2.498402958697362_Split_43.fasta', 34.826, 43.301, 31.117, 34.552
'MAFFT_b1#0043_hhT_tree_95_OP_2.498402958697362_Split_43.fasta', 34.826, 43.301, 31.117, 34.552
'MAFFT_b1#0043_htH_tree_95_OP_2.498402958697362_Split_43.fasta', 33.897, 42.182, 30.033, 33.101
'MAFFT_b1#0043_htT_tree_95_OP_2.498402958697362_Split_43.fasta', 33.897, 42.182, 30.033, 33.101
'MAFFT_b1#0044_hhH_tree_14_OP_1.7440813830902329_Split_44.fasta', 20.111, 26.543, 16.406, 21.975
'MAFFT_b1#0044_hhH_tree_52_OP_2.165361006866358_Split_44.fasta', 29.762, 37.502, 25.898, 30.65
'MAFFT_b1#0044_hhT_tree_14_OP_1.7440813830902329_Split_44.fasta', 20.111, 26.543, 16.406, 21.975
'MAFFT_b1#0044_hhT_tree_52_OP_2.165361006866358_Split_44.fasta', 29.762, 37.502, 25.898, 30.65
'MAFFT_b1#0044_htH_tree_14_OP_1.7440813830902329_Split_44.fasta', 20.08, 26.517, 16.353, 21.927
'MAFFT_b1#0044_htH_tree_52_OP_2.165361006866358_Split_44.fasta', 30.021, 37.886, 26.033, 30.894
'MAFFT_b1#0044_htT_tree_14_OP_1.7440813830902329_Split_44.fasta', 20.08, 26.517, 16.353, 21.927
'MAFFT_b1#0044_htT_tree_52_OP_2.165361006866358_Split_44.fasta', 30.021, 37.886, 26.033, 30.894
'MSA.BALIPHY.aln.best.23410.fas', 34.058, 42.697, 29.014, 34.688
'MSA.MAFFT.aln.With_Names', 35.724, 44.406, 26.832, 37.85
'MSA.MUSCLE.aln.best.23410.fas', 31.615, 37.462, 27.786, 29.463
'MSA.PRANK.aln.With_Names', 13.118, 17.893, 10.157, 12.428
'MUSCLE_diversified_replicate.abc.1.afa', 30.851, 38.531, 24.626, 30.069
'MUSCLE_diversified_replicate.abc.101.afa', 27.604, 35.097, 23.131, 26.474
'MUSCLE_diversified_replicate.abc.105.afa', 29.517, 36.885, 24.777, 29.594
'MUSCLE_diversified_replicate.abc.109.afa', 33.628, 41.094, 29.466, 33.603
'MUSCLE_diversified_replicate.abc.113.afa', 34.068, 41.618, 30.569, 34.075
'MUSCLE_diversified_replicate.abc.117.afa', 29.117, 36.899, 23.853, 28.221
'MUSCLE_diversified_replicate.abc.121.afa', 29.344, 36.997, 25.917, 28.897
'MUSCLE_diversified_replicate.abc.125.afa', 30.074, 37.485, 26.272, 28.796
'MUSCLE_diversified_replicate.abc.129.afa', 30.175, 37.992, 25.562, 29.651
'MUSCLE_diversified_replicate.abc.13.afa', 32.591, 40.21, 27.926, 30.544
'MUSCLE_diversified_replicate.abc.133.afa', 35.307, 43.098, 29.866, 35.855
'MUSCLE_diversified_replicate.abc.137.afa', 28.403, 35.963, 23.982, 26.759
'MUSCLE_diversified_replicate.abc.141.afa', 27.563, 34.878, 24.363, 26.744
'MUSCLE_diversified_replicate.abc.145.afa', 30.036, 37.388, 27.046, 29.418
'MUSCLE_diversified_replicate.abc.149.afa', 33.287, 41.05, 28.213, 33.963
'MUSCLE_diversified_replicate.abc.153.afa', 29.763, 37.143, 24.876, 29.061
'MUSCLE_diversified_replicate.abc.157.afa', 26.577, 33.976, 22.454, 26.38
'MUSCLE_diversified_replicate.abc.161.afa', 32.793, 39.95, 29.369, 32.622
'MUSCLE_diversified_replicate.abc.165.afa', 28.759, 36.457, 24.714, 28.943
'MUSCLE_diversified_replicate.abc.169.afa', 31.658, 39.006, 27.017, 31.09
'MUSCLE_diversified_replicate.abc.17.afa', 31.735, 38.778, 28.966, 31.569
'MUSCLE_diversified_replicate.abc.173.afa', 31.364, 38.74, 26.595, 29.953
'MUSCLE_diversified_replicate.abc.177.afa', 29.021, 36.645, 24.396, 28.713
'MUSCLE_diversified_replicate.abc.181.afa', 30.6, 38.055, 26.205, 30.144
'MUSCLE_diversified_replicate.abc.185.afa', 28.175, 35.717, 24.086, 27.958
'MUSCLE_diversified_replicate.abc.189.afa', 28.022, 35.682, 23.561, 28.883
'MUSCLE_diversified_replicate.abc.193.afa', 28.355, 35.886, 23.531, 27.722
'MUSCLE_diversified_replicate.abc.197.afa', 30.343, 37.762, 26.151, 29.183
'MUSCLE_diversified_replicate.abc.201.afa', 31.186, 38.853, 25.586, 30.346
'MUSCLE_diversified_replicate.abc.205.afa', 31.726, 39.429, 26.311, 31.025
'MUSCLE_diversified_replicate.abc.209.afa', 29.654, 37.068, 25.252, 29.413
'MUSCLE_diversified_replicate.abc.21.afa', 27.776, 35.106, 24.695, 27.977
'MUSCLE_diversified_replicate.abc.213.afa', 29.839, 36.211, 27.187, 30.251
'MUSCLE_diversified_replicate.abc.217.afa', 31.476, 39.315, 26.156, 31.035
'MUSCLE_diversified_replicate.abc.221.afa', 32.179, 39.611, 26.721, 31.675
'MUSCLE_diversified_replicate.abc.225.afa', 27.977, 35.62, 23.781, 27.132
'MUSCLE_diversified_replicate.abc.229.afa', 28.121, 35.382, 24.023, 28.665
'MUSCLE_diversified_replicate.abc.233.afa', 29.567, 36.618, 26.301, 29.614
'MUSCLE_diversified_replicate.abc.237.afa', 26.608, 33.923, 23.025, 26.897
'MUSCLE_diversified_replicate.abc.241.afa', 30.81, 38.257, 25.757, 30.361
'MUSCLE_diversified_replicate.abc.245.afa', 28.577, 36.056, 23.932, 27.753
'MUSCLE_diversified_replicate.abc.249.afa', 29.965, 37.849, 25.152, 29.576
'MUSCLE_diversified_replicate.abc.25.afa', 21.8, 24.427, 18.069, 18.029
'MUSCLE_diversified_replicate.abc.253.afa', 32.123, 39.07, 29.034, 32.505
'MUSCLE_diversified_replicate.abc.257.afa', 31.725, 39.367, 26.143, 30.387
'MUSCLE_diversified_replicate.abc.261.afa', 25.88, 32.909, 21.776, 26.04
'MUSCLE_diversified_replicate.abc.265.afa', 28.14, 35.459, 23.98, 27.772
'MUSCLE_diversified_replicate.abc.269.afa', 31.483, 39.112, 26.643, 31.057
'MUSCLE_diversified_replicate.abc.273.afa', 27.132, 34.459, 23.891, 27.644
'MUSCLE_diversified_replicate.abc.277.afa', 27.761, 35.261, 23.71, 27.425
'MUSCLE_diversified_replicate.abc.281.afa', 28.329, 36.165, 24.041, 27.891
'MUSCLE_diversified_replicate.abc.285.afa', 31.525, 39.582, 25.068, 31.148
'MUSCLE_diversified_replicate.abc.289.afa', 31.131, 38.93, 27.969, 30.151
'MUSCLE_diversified_replicate.abc.29.afa', 26.786, 33.778, 23.338, 26.789
'MUSCLE_diversified_replicate.abc.293.afa', 30.815, 38.386, 26.145, 30.061
'MUSCLE_diversified_replicate.abc.297.afa', 30.36, 37.787, 26.892, 29.059
'MUSCLE_diversified_replicate.abc.301.afa', 23.722, 29.439, 19.349, 21.201
'MUSCLE_diversified_replicate.abc.305.afa', 30.966, 38.445, 26.309, 30.37
'MUSCLE_diversified_replicate.abc.309.afa', 29.752, 37.827, 25.028, 29.917
'MUSCLE_diversified_replicate.abc.313.afa', 26.092, 33.396, 22.615, 26.725
'MUSCLE_diversified_replicate.abc.317.afa', 25.268, 32.337, 21.068, 25.381
'MUSCLE_diversified_replicate.abc.321.afa', 32.078, 39.928, 27.799, 30.189
'MUSCLE_diversified_replicate.abc.325.afa', 29.713, 37.398, 25.275, 29.407
'MUSCLE_diversified_replicate.abc.329.afa', 27.37, 34.951, 23.269, 26.952
'MUSCLE_diversified_replicate.abc.33.afa', 28.487, 36.131, 24.045, 28.404
'MUSCLE_diversified_replicate.abc.333.afa', 34.969, 42.673, 31.548, 34.98
'MUSCLE_diversified_replicate.abc.337.afa', 33.254, 40.721, 29.203, 33.901
'MUSCLE_diversified_replicate.abc.341.afa', 26.551, 33.535, 22.687, 26.224
'MUSCLE_diversified_replicate.abc.345.afa', 33.324, 41.018, 27.99, 34.317
'MUSCLE_diversified_replicate.abc.349.afa', 31.986, 39.791, 27.312, 30.533
'MUSCLE_diversified_replicate.abc.353.afa', 29.413, 37.273, 25.164, 29.419
'MUSCLE_diversified_replicate.abc.357.afa', 30.518, 37.805, 25.697, 30.012
'MUSCLE_diversified_replicate.abc.361.afa', 28.06, 35.254, 24.313, 28.193
'MUSCLE_diversified_replicate.abc.365.afa', 30.424, 38.294, 24.563, 30.219
'MUSCLE_diversified_replicate.abc.369.afa', 30.095, 37.392, 25.546, 29.434
'MUSCLE_diversified_replicate.abc.37.afa', 30.852, 38.562, 24.898, 29.876
'MUSCLE_diversified_replicate.abc.373.afa', 32.013, 39.889, 27.208, 31.886
'MUSCLE_diversified_replicate.abc.377.afa', 29.113, 36.498, 24.906, 28.695
'MUSCLE_diversified_replicate.abc.381.afa', 28.045, 35.278, 23.943, 27.581
'MUSCLE_diversified_replicate.abc.385.afa', 32.841, 40.806, 27.34, 31.927
'MUSCLE_diversified_replicate.abc.389.afa', 27.057, 34.385, 23.332, 26.567
'MUSCLE_diversified_replicate.abc.393.afa', 31.075, 38.513, 26.143, 30.469
'MUSCLE_diversified_replicate.abc.397.afa', 31.184, 38.582, 25.677, 30.279
'MUSCLE_diversified_replicate.abc.41.afa', 27.386, 34.692, 24.08, 27.349
'MUSCLE_diversified_replicate.abc.45.afa', 32.26, 39.488, 29.168, 32.971
'MUSCLE_diversified_replicate.abc.49.afa', 30.903, 38.431, 26.711, 30.458
'MUSCLE_diversified_replicate.abc.5.afa', 30.935, 38.633, 25.353, 30.1
'MUSCLE_diversified_replicate.abc.53.afa', 26.724, 33.742, 23.468, 26.518
'MUSCLE_diversified_replicate.abc.57.afa', 30.644, 38.557, 27.026, 30.572
'MUSCLE_diversified_replicate.abc.61.afa', 34.059, 41.795, 29.975, 34.374
'MUSCLE_diversified_replicate.abc.65.afa', 30.876, 38.5, 27.207, 29.112
'MUSCLE_diversified_replicate.abc.69.afa', 24.405, 31.14, 21.81, 24.413
'MUSCLE_diversified_replicate.abc.73.afa', 29.223, 36.986, 25.199, 29.058
'MUSCLE_diversified_replicate.abc.77.afa', 29.477, 36.796, 24.711, 29.023
'MUSCLE_diversified_replicate.abc.81.afa', 32.151, 40.218, 27.983, 31.231
'MUSCLE_diversified_replicate.abc.85.afa', 31.081, 38.644, 25.727, 29.903
'MUSCLE_diversified_replicate.abc.89.afa', 31.032, 38.759, 26.814, 30.182
'MUSCLE_diversified_replicate.abc.9.afa', 29.417, 37.217, 24.451, 28.734
'MUSCLE_diversified_replicate.abc.93.afa', 29.23, 37.096, 24.627, 29.248
'MUSCLE_diversified_replicate.abc.97.afa', 33.979, 41.51, 29.399, 35.084
'MUSCLE_diversified_replicate.acb.10.afa', 30.053, 38.019, 25.032, 30.173
'MUSCLE_diversified_replicate.acb.102.afa', 24.153, 30.072, 21.691, 25.344
'MUSCLE_diversified_replicate.acb.106.afa', 31.446, 39.027, 27.434, 31.16
'MUSCLE_diversified_replicate.acb.110.afa', 30.045, 37.309, 26.836, 28.442
'MUSCLE_diversified_replicate.acb.114.afa', 30.068, 37.497, 24.972, 29.233
'MUSCLE_diversified_replicate.acb.118.afa', 23.091, 29.172, 20.083, 23.465
'MUSCLE_diversified_replicate.acb.122.afa', 27.294, 34.782, 22.014, 26.864
'MUSCLE_diversified_replicate.acb.126.afa', 28.798, 36.436, 24.681, 28.138
'MUSCLE_diversified_replicate.acb.130.afa', 31.124, 38.664, 25.75, 30.53
'MUSCLE_diversified_replicate.acb.134.afa', 24.769, 30.974, 23.411, 23.488
'MUSCLE_diversified_replicate.acb.138.afa', 32.339, 40.232, 28.212, 30.37
'MUSCLE_diversified_replicate.acb.14.afa', 30.402, 36.924, 28.225, 31.025
'MUSCLE_diversified_replicate.acb.142.afa', 32.505, 39.877, 27.408, 33.537
'MUSCLE_diversified_replicate.acb.146.afa', 30.119, 37.467, 26.79, 28.531
'MUSCLE_diversified_replicate.acb.150.afa', 33.865, 41.594, 28.65, 35.177
'MUSCLE_diversified_replicate.acb.154.afa', 28.097, 35.231, 24.457, 27.509
'MUSCLE_diversified_replicate.acb.158.afa', 28.829, 35.514, 24.765, 28.185
'MUSCLE_diversified_replicate.acb.162.afa', 34.384, 42.085, 30.875, 35.095
'MUSCLE_diversified_replicate.acb.166.afa', 31.433, 39.309, 26.608, 30.065
'MUSCLE_diversified_replicate.acb.170.afa', 30.824, 38.571, 25.169, 30.275
'MUSCLE_diversified_replicate.acb.174.afa', 32.779, 39.85, 28.112, 33.329
'MUSCLE_diversified_replicate.acb.178.afa', 31.252, 38.246, 26.906, 32.026
'MUSCLE_diversified_replicate.acb.18.afa', 31.261, 38.686, 26.64, 30.706
'MUSCLE_diversified_replicate.acb.182.afa', 25.262, 31.859, 22.382, 26.466
'MUSCLE_diversified_replicate.acb.186.afa', 29.72, 37.301, 28.176, 27.225
'MUSCLE_diversified_replicate.acb.190.afa', 32.482, 40.083, 27.088, 31.512
'MUSCLE_diversified_replicate.acb.194.afa', 34.05, 41.677, 30.62, 34.341
'MUSCLE_diversified_replicate.acb.198.afa', 33.247, 40.448, 30.599, 32.062
'MUSCLE_diversified_replicate.acb.2.afa', 32.529, 39.727, 29.34, 31.167
'MUSCLE_diversified_replicate.acb.202.afa', 29.718, 37.184, 23.891, 28.794
'MUSCLE_diversified_replicate.acb.206.afa', 26.319, 33.15, 23.39, 26.655
'MUSCLE_diversified_replicate.acb.210.afa', 25.979, 32.376, 25.087, 24.859
'MUSCLE_diversified_replicate.acb.214.afa', 33.776, 41.293, 28.446, 34.253
'MUSCLE_diversified_replicate.acb.218.afa', 33.652, 41.048, 30.431, 33.83
'MUSCLE_diversified_replicate.acb.22.afa', 30.613, 37.619, 26.757, 30.575
'MUSCLE_diversified_replicate.acb.222.afa', 29.763, 36.896, 25.927, 28.225
'MUSCLE_diversified_replicate.acb.226.afa', 32.968, 40.218, 27.641, 33.484
'MUSCLE_diversified_replicate.acb.230.afa', 25.726, 32.044, 23.899, 26.806
'MUSCLE_diversified_replicate.acb.234.afa', 30.375, 38.059, 24.913, 30.08
'MUSCLE_diversified_replicate.acb.238.afa', 27.58, 34.569, 24.784, 26.763
'MUSCLE_diversified_replicate.acb.242.afa', 29.237, 37.463, 24.451, 28.855
'MUSCLE_diversified_replicate.acb.246.afa', 28.608, 36.39, 23.78, 27.964
'MUSCLE_diversified_replicate.acb.250.afa', 28.575, 36.196, 23.9, 27.99
'MUSCLE_diversified_replicate.acb.254.afa', 30.709, 38.424, 24.834, 29.782
'MUSCLE_diversified_replicate.acb.258.afa', 27.437, 33.988, 24.878, 26.39
'MUSCLE_diversified_replicate.acb.26.afa', 31.729, 39.43, 26.089, 30.918
'MUSCLE_diversified_replicate.acb.262.afa', 33.397, 40.735, 28.895, 33.892
'MUSCLE_diversified_replicate.acb.266.afa', 30.92, 38.174, 26.479, 30.51
'MUSCLE_diversified_replicate.acb.270.afa', 22.564, 25.372, 19.298, 18.966
'MUSCLE_diversified_replicate.acb.274.afa', 31.117, 38.763, 26.497, 30.42
'MUSCLE_diversified_replicate.acb.278.afa', 24.324, 30.153, 23.827, 23.184
'MUSCLE_diversified_replicate.acb.282.afa', 25.029, 31.524, 22.509, 25.62
'MUSCLE_diversified_replicate.acb.286.afa', 34.737, 42.423, 31.444, 34.931
'MUSCLE_diversified_replicate.acb.290.afa', 34.731, 42.259, 30.283, 35.411
'MUSCLE_diversified_replicate.acb.294.afa', 27.298, 34.218, 23.872, 27.12
'MUSCLE_diversified_replicate.acb.298.afa', 29.93, 37.271, 26.724, 29.079
'MUSCLE_diversified_replicate.acb.30.afa', 24.136, 30.174, 22.052, 24.597
'MUSCLE_diversified_replicate.acb.302.afa', 24.085, 30.024, 21.448, 25.205
'MUSCLE_diversified_replicate.acb.306.afa', 31.576, 38.592, 27.78, 31.64
'MUSCLE_diversified_replicate.acb.310.afa', 25.463, 31.76, 24.921, 24.119
'MUSCLE_diversified_replicate.acb.314.afa', 29.35, 35.583, 26.526, 29.191
'MUSCLE_diversified_replicate.acb.318.afa', 34.74, 42.294, 29.89, 35.075
'MUSCLE_diversified_replicate.acb.322.afa', 29.462, 36.007, 26.586, 29.84
'MUSCLE_diversified_replicate.acb.326.afa', 20.625, 22.078, 17.673, 18.2
'MUSCLE_diversified_replicate.acb.330.afa', 31.605, 38.695, 28.339, 32.45
'MUSCLE_diversified_replicate.acb.334.afa', 31.273, 38.953, 26.011, 29.41
'MUSCLE_diversified_replicate.acb.338.afa', 28.022, 34.647, 23.979, 27.748
'MUSCLE_diversified_replicate.acb.34.afa', 33.877, 41.184, 30.327, 35.028
'MUSCLE_diversified_replicate.acb.342.afa', 33.522, 40.829, 30.919, 34.55
'MUSCLE_diversified_replicate.acb.346.afa', 30.419, 38.262, 26.363, 28.813
'MUSCLE_diversified_replicate.acb.350.afa', 24.377, 30.701, 20.488, 24.841
'MUSCLE_diversified_replicate.acb.354.afa', 26.571, 33.168, 24.405, 26.142
'MUSCLE_diversified_replicate.acb.358.afa', 29.389, 36.837, 24.175, 28.618
'MUSCLE_diversified_replicate.acb.362.afa', 32.648, 39.76, 27.808, 33.839
'MUSCLE_diversified_replicate.acb.366.afa', 31.2, 37.954, 28.081, 32.473
'MUSCLE_diversified_replicate.acb.370.afa', 29.812, 36.628, 26.809, 29.144
'MUSCLE_diversified_replicate.acb.374.afa', 27.857, 34.703, 23.566, 27.16
'MUSCLE_diversified_replicate.acb.378.afa', 33.273, 40.63, 27.979, 33.552
'MUSCLE_diversified_replicate.acb.38.afa', 30.726, 38.408, 25.364, 30.336
'MUSCLE_diversified_replicate.acb.382.afa', 28.055, 34.317, 25.21, 29.378
'MUSCLE_diversified_replicate.acb.386.afa', 33.763, 41.374, 28.904, 34.92
'MUSCLE_diversified_replicate.acb.390.afa', 24.787, 31.165, 22.014, 24.813
'MUSCLE_diversified_replicate.acb.394.afa', 23.905, 29.715, 21.466, 25.335
'MUSCLE_diversified_replicate.acb.398.afa', 26.329, 32.726, 24.584, 25.645
'MUSCLE_diversified_replicate.acb.42.afa', 27.008, 33.862, 23.834, 27.702
'MUSCLE_diversified_replicate.acb.46.afa', 26.277, 33.092, 23.195, 26.541
'MUSCLE_diversified_replicate.acb.50.afa', 24.468, 30.365, 23.975, 23.377
'MUSCLE_diversified_replicate.acb.54.afa', 29.479, 35.77, 27.327, 30.122
'MUSCLE_diversified_replicate.acb.58.afa', 29.996, 36.484, 27.95, 30.091
'MUSCLE_diversified_replicate.acb.6.afa', 31.527, 39.318, 26.516, 30.749
'MUSCLE_diversified_replicate.acb.62.afa', 30.208, 37.665, 25.835, 29.619
'MUSCLE_diversified_replicate.acb.66.afa', 30.223, 37.417, 25.387, 29.236
'MUSCLE_diversified_replicate.acb.70.afa', 28.303, 35.35, 23.027, 26.581
'MUSCLE_diversified_replicate.acb.74.afa', 25.626, 31.883, 25.068, 24.265
'MUSCLE_diversified_replicate.acb.78.afa', 23.962, 30.344, 22.018, 24.193
'MUSCLE_diversified_replicate.acb.82.afa', 27.52, 34.499, 22.444, 27.335
'MUSCLE_diversified_replicate.acb.86.afa', 30.607, 38.052, 26.306, 30.349
'MUSCLE_diversified_replicate.acb.90.afa', 31.109, 38.667, 25.34, 30.63
'MUSCLE_diversified_replicate.acb.94.afa', 33.865, 41.485, 29.912, 35.071
'MUSCLE_diversified_replicate.acb.98.afa', 25.084, 31.197, 21.735, 25.975
'MUSCLE_diversified_replicate.bca.103.afa', 28.204, 35.863, 24.426, 27.545
'MUSCLE_diversified_replicate.bca.107.afa', 31.717, 39.52, 27.3, 29.722
'MUSCLE_diversified_replicate.bca.11.afa', 31.567, 39.078, 27.565, 31.343
'MUSCLE_diversified_replicate.bca.111.afa', 27.265, 34.406, 23.715, 26.769
'MUSCLE_diversified_replicate.bca.115.afa', 21.9, 27.247, 17.177, 19.406
'MUSCLE_diversified_replicate.bca.119.afa', 29.201, 37.067, 24.261, 28.158
'MUSCLE_diversified_replicate.bca.123.afa', 32.169, 40.026, 25.77, 31.46
'MUSCLE_diversified_replicate.bca.127.afa', 31.358, 39.351, 26.534, 31.331
'MUSCLE_diversified_replicate.bca.131.afa', 29.176, 36.605, 24.783, 27.613
'MUSCLE_diversified_replicate.bca.135.afa', 28.588, 36.032, 24.316, 27.959
'MUSCLE_diversified_replicate.bca.139.afa', 30.729, 38.225, 26.188, 30.194
'MUSCLE_diversified_replicate.bca.143.afa', 28.638, 36.326, 24.297, 28.279
'MUSCLE_diversified_replicate.bca.147.afa', 28.277, 34.578, 25.539, 27.989
'MUSCLE_diversified_replicate.bca.15.afa', 22.943, 24.849, 20.76, 20.134
'MUSCLE_diversified_replicate.bca.151.afa', 27.865, 35.112, 23.723, 27.357
'MUSCLE_diversified_replicate.bca.155.afa', 32.691, 39.968, 29.441, 32.506
'MUSCLE_diversified_replicate.bca.159.afa', 29.532, 36.886, 25.31, 29.932
'MUSCLE_diversified_replicate.bca.163.afa', 28.319, 35.957, 22.849, 27.718
'MUSCLE_diversified_replicate.bca.167.afa', 25.026, 32.038, 20.598, 24.593
'MUSCLE_diversified_replicate.bca.171.afa', 34.1, 41.557, 31.645, 33.324
'MUSCLE_diversified_replicate.bca.175.afa', 29.327, 35.647, 27.347, 28.385
'MUSCLE_diversified_replicate.bca.179.afa', 29.586, 35.889, 27.45, 29.976
'MUSCLE_diversified_replicate.bca.183.afa', 31.542, 39.344, 25.964, 30.602
'MUSCLE_diversified_replicate.bca.187.afa', 31.217, 38.596, 28.902, 29.577
'MUSCLE_diversified_replicate.bca.19.afa', 30.681, 38.541, 24.891, 30.193
'MUSCLE_diversified_replicate.bca.191.afa', 31.111, 38.709, 25.597, 31.023
'MUSCLE_diversified_replicate.bca.195.afa', 28.554, 36.297, 23.278, 28.628
'MUSCLE_diversified_replicate.bca.199.afa', 29.457, 35.75, 26.919, 29.77
'MUSCLE_diversified_replicate.bca.203.afa', 34.208, 41.792, 29.624, 34.818
'MUSCLE_diversified_replicate.bca.207.afa', 31.12, 38.805, 26.283, 30.861
'MUSCLE_diversified_replicate.bca.211.afa', 28.913, 36.423, 24.889, 29.036
'MUSCLE_diversified_replicate.bca.215.afa', 30.079, 37.671, 24.4, 29.666
'MUSCLE_diversified_replicate.bca.219.afa', 33.389, 40.926, 28.364, 33.91
'MUSCLE_diversified_replicate.bca.223.afa', 30.32, 37.886, 24.913, 29.464
'MUSCLE_diversified_replicate.bca.227.afa', 32.29, 40.293, 26.761, 31.767
'MUSCLE_diversified_replicate.bca.23.afa', 30.136, 37.303, 25.139, 29.328
'MUSCLE_diversified_replicate.bca.231.afa', 23.816, 30.256, 22.496, 24.722
'MUSCLE_diversified_replicate.bca.235.afa', 28.515, 35.614, 24.623, 29.193
'MUSCLE_diversified_replicate.bca.239.afa', 32.02, 39.886, 27.288, 30.592
'MUSCLE_diversified_replicate.bca.243.afa', 33.646, 40.985, 29.129, 34.24
'MUSCLE_diversified_replicate.bca.247.afa', 29.88, 37.946, 25.435, 29.346
'MUSCLE_diversified_replicate.bca.251.afa', 28.333, 36.096, 23.138, 28.053
'MUSCLE_diversified_replicate.bca.255.afa', 31.772, 39.666, 28.015, 29.851
'MUSCLE_diversified_replicate.bca.259.afa', 31.153, 38.944, 28.021, 30.345
'MUSCLE_diversified_replicate.bca.263.afa', 29.559, 37.178, 27.206, 27.946
'MUSCLE_diversified_replicate.bca.267.afa', 29.268, 36.567, 25.982, 28.435
'MUSCLE_diversified_replicate.bca.27.afa', 28.618, 36.271, 24.745, 28.421
'MUSCLE_diversified_replicate.bca.271.afa', 34.424, 41.826, 29.872, 35.173
'MUSCLE_diversified_replicate.bca.275.afa', 22.865, 24.723, 19.555, 19.275
'MUSCLE_diversified_replicate.bca.279.afa', 29.633, 37.097, 26.071, 28.227
'MUSCLE_diversified_replicate.bca.283.afa', 28.158, 35.881, 24.457, 28.01
'MUSCLE_diversified_replicate.bca.287.afa', 30.417, 37.905, 26.922, 29.176
'MUSCLE_diversified_replicate.bca.291.afa', 31.819, 39.677, 26.388, 31.196
'MUSCLE_diversified_replicate.bca.295.afa', 30.952, 38.517, 25.896, 30.325
'MUSCLE_diversified_replicate.bca.299.afa', 26.501, 33.555, 22.945, 26.251
'MUSCLE_diversified_replicate.bca.3.afa', 30.021, 36.817, 25.345, 29.725
'MUSCLE_diversified_replicate.bca.303.afa', 27.742, 35.167, 23.022, 26.862
'MUSCLE_diversified_replicate.bca.307.afa', 30.006, 37.309, 24.924, 29.963
'MUSCLE_diversified_replicate.bca.31.afa', 33.126, 40.415, 29.182, 33.914
'MUSCLE_diversified_replicate.bca.311.afa', 30.676, 38.081, 28.121, 28.274
'MUSCLE_diversified_replicate.bca.315.afa', 30.191, 37.764, 25.758, 30.061
'MUSCLE_diversified_replicate.bca.319.afa', 31.1, 38.891, 26.453, 29.262
'MUSCLE_diversified_replicate.bca.323.afa', 27.975, 35.529, 23.058, 28.188
'MUSCLE_diversified_replicate.bca.327.afa', 31.926, 38.985, 27.769, 33.366
'MUSCLE_diversified_replicate.bca.331.afa', 28.981, 36.627, 24.293, 28.079
'MUSCLE_diversified_replicate.bca.335.afa', 33.68, 41.051, 30.943, 33.156
'MUSCLE_diversified_replicate.bca.339.afa', 27.535, 34.717, 23.341, 26.523
'MUSCLE_diversified_replicate.bca.343.afa', 29.197, 36.377, 24.515, 29.069
'MUSCLE_diversified_replicate.bca.347.afa', 30.854, 38.062, 27.482, 30.869
'MUSCLE_diversified_replicate.bca.35.afa', 32.881, 40.421, 28.15, 33.661
'MUSCLE_diversified_replicate.bca.351.afa', 26.602, 33.659, 22.885, 25.658
'MUSCLE_diversified_replicate.bca.355.afa', 27.975, 34.427, 25.42, 27.346
'MUSCLE_diversified_replicate.bca.359.afa', 28.896, 36.687, 24.724, 28.866
'MUSCLE_diversified_replicate.bca.363.afa', 32.47, 39.805, 27.812, 33.297
'MUSCLE_diversified_replicate.bca.367.afa', 27.093, 34.386, 23.262, 25.237
'MUSCLE_diversified_replicate.bca.371.afa', 32.692, 39.857, 28.455, 33.525
'MUSCLE_diversified_replicate.bca.375.afa', 30.338, 37.787, 26.178, 29.75
'MUSCLE_diversified_replicate.bca.379.afa', 32.002, 39.795, 27.636, 30.909
'MUSCLE_diversified_replicate.bca.383.afa', 32.293, 40.029, 27.205, 31.676
'MUSCLE_diversified_replicate.bca.387.afa', 31.197, 38.983, 29.515, 29.248
'MUSCLE_diversified_replicate.bca.39.afa', 31.113, 38.136, 26.921, 30.851
'MUSCLE_diversified_replicate.bca.391.afa', 28.764, 36.252, 24.211, 28.293
'MUSCLE_diversified_replicate.bca.395.afa', 34.333, 42.254, 30.127, 35.415
'MUSCLE_diversified_replicate.bca.399.afa', 27.463, 34.949, 23.293, 27.358
'MUSCLE_diversified_replicate.bca.43.afa', 29.964, 38.065, 25.622, 29.774
'MUSCLE_diversified_replicate.bca.47.afa', 27.291, 34.83, 23.277, 26.851
'MUSCLE_diversified_replicate.bca.51.afa', 27.739, 35.035, 24.196, 27.975
'MUSCLE_diversified_replicate.bca.55.afa', 28.725, 35.954, 23.709, 28.152
'MUSCLE_diversified_replicate.bca.59.afa', 31.489, 38.613, 27.631, 31.887
'MUSCLE_diversified_replicate.bca.63.afa', 28.06, 34.857, 23.957, 27.75
'MUSCLE_diversified_replicate.bca.67.afa', 25.063, 32.017, 20.88, 25.105
'MUSCLE_diversified_replicate.bca.7.afa', 27.937, 35.345, 23.384, 27.762
'MUSCLE_diversified_replicate.bca.71.afa', 29.115, 37.021, 24.867, 29.349
'MUSCLE_diversified_replicate.bca.75.afa', 27.618, 35.123, 22.123, 27.771
'MUSCLE_diversified_replicate.bca.79.afa', 27.676, 34.983, 23.953, 27.648
'MUSCLE_diversified_replicate.bca.83.afa', 28.67, 36.48, 24.419, 29.024
'MUSCLE_diversified_replicate.bca.87.afa', 27.148, 34.18, 23.372, 26.686
'MUSCLE_diversified_replicate.bca.91.afa', 29.039, 36.782, 24.099, 28.313
'MUSCLE_diversified_replicate.bca.95.afa', 28.083, 35.609, 23.61, 27.44
'MUSCLE_diversified_replicate.bca.99.afa', 26.922, 34.04, 22.752, 26.446
'MUSCLE_diversified_replicate.none.0.afa', 31.615, 37.462, 27.786, 29.463
'MUSCLE_diversified_replicate.none.100.afa', 23.961, 28.517, 19.728, 20.726
'MUSCLE_diversified_replicate.none.104.afa', 23.109, 27.252, 18.916, 19.966
'MUSCLE_diversified_replicate.none.108.afa', 23.585, 28.09, 20.523, 20.288
'MUSCLE_diversified_replicate.none.112.afa', 27.888, 34.403, 24.955, 26.0
'MUSCLE_diversified_replicate.none.116.afa', 21.564, 24.629, 18.056, 17.276
'MUSCLE_diversified_replicate.none.12.afa', 30.898, 36.321, 27.202, 29.165
'MUSCLE_diversified_replicate.none.120.afa', 31.358, 37.156, 27.996, 30.038
'MUSCLE_diversified_replicate.none.124.afa', 31.324, 37.129, 27.35, 29.416
'MUSCLE_diversified_replicate.none.128.afa', 30.615, 36.199, 27.398, 29.294
'MUSCLE_diversified_replicate.none.132.afa', 33.472, 40.73, 30.419, 33.718
'MUSCLE_diversified_replicate.none.136.afa', 31.187, 36.77, 27.618, 28.835
'MUSCLE_diversified_replicate.none.140.afa', 23.552, 28.086, 19.775, 20.946
'MUSCLE_diversified_replicate.none.144.afa', 29.132, 33.741, 25.66, 26.229
'MUSCLE_diversified_replicate.none.148.afa', 24.552, 29.52, 20.991, 21.619
'MUSCLE_diversified_replicate.none.152.afa', 30.046, 34.855, 26.455, 27.295
'MUSCLE_diversified_replicate.none.156.afa', 35.566, 43.128, 32.663, 34.989
'MUSCLE_diversified_replicate.none.16.afa', 31.379, 36.958, 28.002, 29.557
'MUSCLE_diversified_replicate.none.160.afa', 24.699, 29.591, 20.04, 21.465
'MUSCLE_diversified_replicate.none.164.afa', 31.25, 37.004, 27.052, 29.411
'MUSCLE_diversified_replicate.none.168.afa', 24.901, 29.881, 20.417, 21.859
'MUSCLE_diversified_replicate.none.172.afa', 24.665, 29.527, 20.466, 21.769
'MUSCLE_diversified_replicate.none.176.afa', 24.181, 28.838, 19.64, 20.891
'MUSCLE_diversified_replicate.none.180.afa', 31.634, 37.396, 27.713, 29.481
'MUSCLE_diversified_replicate.none.184.afa', 34.965, 42.628, 31.642, 35.264
'MUSCLE_diversified_replicate.none.188.afa', 29.484, 34.125, 26.454, 26.61
'MUSCLE_diversified_replicate.none.192.afa', 24.703, 29.418, 20.687, 22.505
'MUSCLE_diversified_replicate.none.196.afa', 30.329, 35.82, 26.975, 28.946
'MUSCLE_diversified_replicate.none.20.afa', 34.136, 41.482, 29.591, 34.515
'MUSCLE_diversified_replicate.none.200.afa', 29.145, 33.565, 25.807, 26.539
'MUSCLE_diversified_replicate.none.204.afa', 30.881, 36.556, 26.885, 28.738
'MUSCLE_diversified_replicate.none.208.afa', 28.638, 35.63, 25.21, 27.022
'MUSCLE_diversified_replicate.none.212.afa', 23.168, 27.419, 18.743, 19.827
'MUSCLE_diversified_replicate.none.216.afa', 23.684, 28.298, 19.198, 20.45
'MUSCLE_diversified_replicate.none.220.afa', 23.393, 28.043, 18.778, 20.222
'MUSCLE_diversified_replicate.none.224.afa', 28.987, 36.235, 26.955, 27.723
'MUSCLE_diversified_replicate.none.228.afa', 31.382, 37.652, 29.97, 30.389
'MUSCLE_diversified_replicate.none.232.afa', 31.323, 37.123, 27.914, 30.162
'MUSCLE_diversified_replicate.none.236.afa', 24.652, 29.448, 20.159, 21.582
'MUSCLE_diversified_replicate.none.24.afa', 28.731, 33.149, 25.511, 26.181
'MUSCLE_diversified_replicate.none.240.afa', 32.02, 37.97, 27.791, 30.177
'MUSCLE_diversified_replicate.none.244.afa', 23.487, 27.983, 19.362, 20.497
'MUSCLE_diversified_replicate.none.248.afa', 23.778, 28.138, 19.933, 20.888
'MUSCLE_diversified_replicate.none.252.afa', 31.586, 37.417, 28.177, 30.391
'MUSCLE_diversified_replicate.none.256.afa', 31.907, 37.784, 28.76, 30.471
'MUSCLE_diversified_replicate.none.260.afa', 23.556, 27.793, 19.536, 20.881
'MUSCLE_diversified_replicate.none.264.afa', 23.366, 27.551, 19.722, 19.627
'MUSCLE_diversified_replicate.none.268.afa', 20.688, 23.63, 17.622, 16.559
'MUSCLE_diversified_replicate.none.272.afa', 31.326, 36.995, 28.145, 30.165
'MUSCLE_diversified_replicate.none.276.afa', 31.65, 37.363, 28.622, 30.256
'MUSCLE_diversified_replicate.none.28.afa', 31.274, 36.956, 27.879, 28.991
'MUSCLE_diversified_replicate.none.280.afa', 30.274, 35.554, 27.215, 28.62
'MUSCLE_diversified_replicate.none.284.afa', 30.931, 36.454, 27.143, 29.134
'MUSCLE_diversified_replicate.none.288.afa', 31.47, 37.228, 28.243, 30.284
'MUSCLE_diversified_replicate.none.292.afa', 24.802, 29.877, 21.923, 21.838
'MUSCLE_diversified_replicate.none.296.afa', 24.205, 28.93, 20.43, 21.307
'MUSCLE_diversified_replicate.none.300.afa', 24.378, 29.289, 20.581, 21.871
'MUSCLE_diversified_replicate.none.304.afa', 29.348, 34.237, 25.737, 26.597
'MUSCLE_diversified_replicate.none.308.afa', 31.577, 37.453, 28.298, 30.177
'MUSCLE_diversified_replicate.none.312.afa', 30.569, 36.086, 26.835, 28.566
'MUSCLE_diversified_replicate.none.316.afa', 34.07, 41.473, 28.883, 34.594
'MUSCLE_diversified_replicate.none.32.afa', 30.69, 36.225, 27.244, 28.435
'MUSCLE_diversified_replicate.none.320.afa', 30.862, 36.504, 27.592, 29.535
'MUSCLE_diversified_replicate.none.324.afa', 30.472, 36.019, 27.986, 29.375
'MUSCLE_diversified_replicate.none.328.afa', 31.839, 37.617, 28.547, 30.637
'MUSCLE_diversified_replicate.none.332.afa', 31.597, 37.358, 27.621, 29.46
'MUSCLE_diversified_replicate.none.336.afa', 29.983, 35.081, 29.023, 28.823
'MUSCLE_diversified_replicate.none.340.afa', 31.372, 37.06, 27.45, 29.237
'MUSCLE_diversified_replicate.none.344.afa', 27.901, 34.783, 25.65, 26.053
'MUSCLE_diversified_replicate.none.348.afa', 23.481, 27.959, 19.673, 20.56
'MUSCLE_diversified_replicate.none.352.afa', 30.981, 36.747, 26.412, 29.321
'MUSCLE_diversified_replicate.none.356.afa', 29.478, 34.245, 26.441, 27.389
'MUSCLE_diversified_replicate.none.36.afa', 29.861, 35.173, 26.661, 27.805
'MUSCLE_diversified_replicate.none.360.afa', 30.536, 36.005, 26.27, 28.464
'MUSCLE_diversified_replicate.none.364.afa', 23.569, 28.144, 19.422, 20.598
'MUSCLE_diversified_replicate.none.368.afa', 30.915, 36.696, 27.028, 28.767
'MUSCLE_diversified_replicate.none.372.afa', 28.281, 35.366, 24.131, 26.462
'MUSCLE_diversified_replicate.none.376.afa', 30.626, 36.151, 27.673, 29.411
'MUSCLE_diversified_replicate.none.380.afa', 23.714, 28.268, 19.462, 20.812
'MUSCLE_diversified_replicate.none.384.afa', 31.065, 36.554, 28.929, 30.77
'MUSCLE_diversified_replicate.none.388.afa', 23.393, 28.071, 19.345, 20.42
'MUSCLE_diversified_replicate.none.392.afa', 23.137, 27.676, 19.693, 20.481
'MUSCLE_diversified_replicate.none.396.afa', 27.744, 34.539, 23.934, 26.169
'MUSCLE_diversified_replicate.none.4.afa', 31.438, 37.142, 27.46, 29.405
'MUSCLE_diversified_replicate.none.40.afa', 23.327, 27.734, 20.474, 19.766
'MUSCLE_diversified_replicate.none.44.afa', 23.889, 28.4, 19.857, 20.864
'MUSCLE_diversified_replicate.none.48.afa', 30.251, 35.686, 26.437, 27.735
'MUSCLE_diversified_replicate.none.52.afa', 23.964, 28.565, 19.339, 20.703
'MUSCLE_diversified_replicate.none.56.afa', 23.166, 27.1, 19.14, 19.729
'MUSCLE_diversified_replicate.none.60.afa', 30.867, 36.446, 27.018, 28.847
'MUSCLE_diversified_replicate.none.64.afa', 30.238, 35.644, 27.176, 28.693
'MUSCLE_diversified_replicate.none.68.afa', 31.65, 37.495, 28.247, 29.035
'MUSCLE_diversified_replicate.none.72.afa', 31.45, 37.339, 28.115, 30.076
'MUSCLE_diversified_replicate.none.76.afa', 28.488, 33.525, 25.498, 27.041
'MUSCLE_diversified_replicate.none.8.afa', 22.419, 26.274, 19.115, 18.434
'MUSCLE_diversified_replicate.none.80.afa', 24.224, 28.99, 19.937, 21.091
'MUSCLE_diversified_replicate.none.84.afa', 30.037, 35.194, 28.426, 28.916
'MUSCLE_diversified_replicate.none.88.afa', 31.161, 36.872, 27.651, 29.556
'MUSCLE_diversified_replicate.none.92.afa', 31.068, 36.694, 27.391, 29.582
'MUSCLE_diversified_replicate.none.96.afa', 31.59, 37.287, 27.699, 29.683
'PRANK_b0#0050_hhH_tree_63_OP_0.36203966777708846_Split_50.fasta', -11.358, -8.483, -14.894, -12.001
'PRANK_b0#0050_hhT_tree_63_OP_0.36203966777708846_Split_50.fasta', 11.472, 17.9, 7.114, 11.352
'PRANK_b0#0050_htT_tree_63_OP_0.36203966777708846_Split_50.fasta', 10.288, 16.677, 5.697, 10.261
'PRANK_b0#0050_ttH_tree_63_OP_0.36203966777708846_Split_50.fasta', -11.067, -8.298, -13.739, -11.557
'PRANK_b0#0051_hhT_tree_7_OP_0.4287654329803016_Split_51.fasta', -3.12, 0.722, -8.335, -5.126
'PRANK_b0#0051_htH_tree_7_OP_0.4287654329803016_Split_51.fasta', -2.345, 2.035, -8.109, -4.242
'PRANK_b0#0051_htT_tree_7_OP_0.4287654329803016_Split_51.fasta', -6.24, -3.597, -9.898, -8.559
'PRANK_b0#0051_ttT_tree_7_OP_0.4287654329803016_Split_51.fasta', -6.092, -3.446, -9.691, -8.391
'PRANK_b0#0053_hhH_tree_13_OP_0.09692142234876278_Split_53.fasta', -7.794, -6.064, -7.936, -9.276
'PRANK_b0#0053_htT_tree_13_OP_0.09692142234876278_Split_53.fasta', -10.437, -8.905, -12.722, -10.25
'PRANK_b0#0053_htT_tree_69_OP_0.05304651807751681_Split_53.fasta', 10.679, 15.483, 8.042, 11.505
'PRANK_b0#0053_thT_tree_69_OP_0.05304651807751681_Split_53.fasta', 10.358, 15.11, 7.509, 11.288
'PRANK_b0#0053_ttH_tree_13_OP_0.09692142234876278_Split_53.fasta', -7.829, -6.098, -7.983, -9.305
'PRANK_b0#0053_ttH_tree_69_OP_0.05304651807751681_Split_53.fasta', 18.094, 23.103, 15.131, 19.579
'PRANK_b0#0053_ttT_tree_13_OP_0.09692142234876278_Split_53.fasta', -5.936, -3.749, -8.107, -5.718
'PRANK_b0#0053_ttT_tree_69_OP_0.05304651807751681_Split_53.fasta', 10.358, 15.11, 7.509, 11.288
'PRANK_b0#0054_hhT_tree_37_OP_0.3234162682987525_Split_54.fasta', 14.404, 21.233, 10.393, 14.84
'PRANK_b0#0054_htH_tree_11_OP_0.0660385202278223_Split_54.fasta', -3.823, -1.523, -5.291, -4.106
'PRANK_b0#0054_htT_tree_37_OP_0.3234162682987525_Split_54.fasta', 16.177, 23.221, 12.462, 16.246
'PRANK_b0#0054_htT_tree_60_OP_0.2742882468420108_Split_54.fasta', 11.778, 18.207, 10.474, 9.208
'PRANK_b0#0054_thH_tree_11_OP_0.0660385202278223_Split_54.fasta', -3.386, -1.061, -4.864, -3.566
'PRANK_b0#0054_thH_tree_60_OP_0.2742882468420108_Split_54.fasta', 12.089, 18.484, 9.175, 10.727
'PRANK_b0#0054_thT_tree_11_OP_0.0660385202278223_Split_54.fasta', -5.334, -4.382, -6.322, -7.386
'PRANK_b0#0054_thT_tree_60_OP_0.2742882468420108_Split_54.fasta', 11.852, 18.281, 10.435, 9.152
'PRANK_b0#0054_ttH_tree_11_OP_0.0660385202278223_Split_54.fasta', -3.285, -0.967, -4.751, -3.493
'PRANK_b0#0054_ttH_tree_37_OP_0.3234162682987525_Split_54.fasta', 11.408, 17.808, 9.914, 11.851
'PRANK_b0#0054_ttT_tree_37_OP_0.3234162682987525_Split_54.fasta', 12.255, 18.725, 8.757, 12.861
'PRANK_b0#0054_ttT_tree_60_OP_0.2742882468420108_Split_54.fasta', 11.84, 18.262, 10.428, 9.138
'PRANK_b0#0055_hhH_tree_96_OP_0.3899661250904219_Split_55.fasta', 2.731, 7.67, -0.949, 2.802
'PRANK_b0#0055_hhT_tree_23_OP_0.41879358418754387_Split_55.fasta', -0.772, 3.81, -2.163, 0.425
'PRANK_b0#0055_hhT_tree_40_OP_0.08821008325435137_Split_55.fasta', 3.76, 7.864, 1.177, 3.298
'PRANK_b0#0055_hhT_tree_96_OP_0.3899661250904219_Split_55.fasta', 2.319, 7.461, -1.184, 2.099
'PRANK_b0#0055_htH_tree_96_OP_0.3899661250904219_Split_55.fasta', 3.506, 8.652, -0.324, 3.609
'PRANK_b0#0055_thH_tree_23_OP_0.41879358418754387_Split_55.fasta', 2.517, 7.341, 0.873, 3.035
'PRANK_b0#0055_thH_tree_40_OP_0.08821008325435137_Split_55.fasta', 6.346, 10.593, 3.403, 5.258
'PRANK_b0#0055_thT_tree_40_OP_0.08821008325435137_Split_55.fasta', 3.76, 7.864, 1.177, 3.298
'PRANK_b0#0055_ttH_tree_23_OP_0.41879358418754387_Split_55.fasta', 2.287, 7.137, 0.89, 3.038
'PRANK_b0#0055_ttT_tree_23_OP_0.41879358418754387_Split_55.fasta', -0.911, 3.627, -2.341, -0.348
'PRANK_b0#0055_ttT_tree_40_OP_0.08821008325435137_Split_55.fasta', 3.76, 7.864, 1.177, 3.298
'PRANK_b0#0055_ttT_tree_96_OP_0.3899661250904219_Split_55.fasta', 1.799, 6.894, -1.634, 1.539
'PRANK_b0#0056_hhH_tree_56_OP_0.23502932209680477_Split_56.fasta', 5.753, 10.945, 3.783, 5.497
'PRANK_b0#0056_htH_tree_56_OP_0.23502932209680477_Split_56.fasta', 5.341, 10.494, 3.618, 5.149
'PRANK_b0#0056_htT_tree_99_OP_0.18594199344926288_Split_56.fasta', 13.371, 19.9, 10.716, 13.002
'PRANK_b0#0056_thH_tree_99_OP_0.18594199344926288_Split_56.fasta', 14.558, 21.191, 9.081, 14.517
'PRANK_b0#0056_thT_tree_56_OP_0.23502932209680477_Split_56.fasta', 6.218, 11.504, 4.293, 6.142
'PRANK_b0#0056_thT_tree_99_OP_0.18594199344926288_Split_56.fasta', 13.371, 19.9, 10.716, 13.002
'PRANK_b0#0056_ttH_tree_56_OP_0.23502932209680477_Split_56.fasta', 4.85, 9.864, 3.081, 4.299
'PRANK_b0#0056_ttH_tree_99_OP_0.18594199344926288_Split_56.fasta', 14.7, 21.325, 9.203, 14.647
'PRANK_b0#0057_htH_tree_64_OP_0.05970650417263379_Split_57.fasta', 0.357, 4.834, 1.197, 3.274
'PRANK_b0#0057_thH_tree_64_OP_0.05970650417263379_Split_57.fasta', 0.367, 4.84, 1.225, 3.278
'PRANK_b0#0057_thT_tree_64_OP_0.05970650417263379_Split_57.fasta', 0.101, 4.346, 1.049, 2.975
'PRANK_b0#0057_ttH_tree_64_OP_0.05970650417263379_Split_57.fasta', 0.367, 4.84, 1.225, 3.278
'PRANK_b0#0058_hhH_tree_84_OP_0.3564845080908704_Split_58.fasta', -1.825, 1.696, -2.363, -2.659
'PRANK_b0#0058_hhT_tree_84_OP_0.3564845080908704_Split_58.fasta', -0.976, 2.454, -1.687, -1.999
'PRANK_b0#0058_hhT_tree_97_OP_0.1673876920856745_Split_58.fasta', 7.118, 8.531, 4.475, 3.298
'PRANK_b0#0058_htT_tree_84_OP_0.3564845080908704_Split_58.fasta', -0.96, 2.49, -1.678, -1.943
'PRANK_b0#0058_htT_tree_97_OP_0.1673876920856745_Split_58.fasta', 7.02, 8.33, 4.385, 3.163
'PRANK_b0#0058_thH_tree_97_OP_0.1673876920856745_Split_58.fasta', 8.001, 9.095, 5.311, 3.465
'PRANK_b0#0058_thT_tree_97_OP_0.1673876920856745_Split_58.fasta', 6.709, 7.954, 3.941, 2.745
'PRANK_b0#0058_ttT_tree_84_OP_0.3564845080908704_Split_58.fasta', 0.238, 3.942, -1.815, 0.553
'PRANK_b0#0059_hhT_tree_80_OP_0.3860599313375234_Split_59.fasta', 3.994, 9.237, 1.502, 1.793
'PRANK_b0#0059_htH_tree_36_OP_0.21650135794201675_Split_59.fasta', 0.193, 3.945, -0.429, 0.846
'PRANK_b0#0059_htH_tree_80_OP_0.3860599313375234_Split_59.fasta', 3.166, 8.339, 0.884, 1.474
'PRANK_b0#0059_htH_tree_85_OP_0.16592734946943577_Split_59.fasta', 2.966, 8.316, 1.14, 1.546
'PRANK_b0#0059_htT_tree_36_OP_0.21650135794201675_Split_59.fasta', -0.033, 4.635, -1.767, 0.523
'PRANK_b0#0059_htT_tree_80_OP_0.3860599313375234_Split_59.fasta', 3.213, 8.432, 0.644, 1.082
'PRANK_b0#0059_htT_tree_85_OP_0.16592734946943577_Split_59.fasta', 5.445, 11.029, 0.679, 5.844
'PRANK_b0#0059_thH_tree_36_OP_0.21650135794201675_Split_59.fasta', -0.094, 3.608, -1.331, 0.438
'PRANK_b0#0059_thH_tree_85_OP_0.16592734946943577_Split_59.fasta', 3.101, 8.529, 1.195, 1.739
'PRANK_b0#0059_ttH_tree_80_OP_0.3860599313375234_Split_59.fasta', 3.165, 8.374, 0.876, 1.47
'PRANK_b0#0059_ttH_tree_85_OP_0.16592734946943577_Split_59.fasta', 3.121, 8.552, 1.209, 1.761
'PRANK_b0#0059_ttT_tree_36_OP_0.21650135794201675_Split_59.fasta', -0.065, 4.593, -1.785, 0.478
'PRANK_b0#0060_hhH_tree_24_OP_0.35224591752289836_Split_60.fasta', 7.628, 12.698, 3.289, 6.074
'PRANK_b0#0060_hhT_tree_24_OP_0.35224591752289836_Split_60.fasta', 10.054, 15.812, 6.809, 8.61
'PRANK_b0#0060_ttH_tree_24_OP_0.35224591752289836_Split_60.fasta', 7.725, 12.797, 3.375, 6.156
'PRANK_b0#0060_ttT_tree_24_OP_0.35224591752289836_Split_60.fasta', 9.872, 15.672, 6.895, 8.134
'PRANK_b0#0061_hhH_tree_16_OP_0.3566466444359746_Split_61.fasta', -10.96, -6.335, -12.123, -9.282
'PRANK_b0#0061_thT_tree_16_OP_0.3566466444359746_Split_61.fasta', -0.706, 4.622, -3.362, -0.315
'PRANK_b0#0061_ttH_tree_16_OP_0.3566466444359746_Split_61.fasta', -10.839, -6.192, -12.027, -9.117
'PRANK_b0#0061_ttT_tree_16_OP_0.3566466444359746_Split_61.fasta', -0.577, 4.735, -2.8, -0.112
'PRANK_b0#0062_hhH_tree_0_OP_0.4657131574362508_Split_62.fasta', 3.242, 8.339, 3.639, 1.794
'PRANK_b0#0062_hhT_tree_81_OP_0.4058614503238694_Split_62.fasta', 4.284, 10.272, 2.097, 3.938
'PRANK_b0#0062_htH_tree_0_OP_0.4657131574362508_Split_62.fasta', 4.022, 9.366, 4.346, 1.844
'PRANK_b0#0062_htT_tree_81_OP_0.4058614503238694_Split_62.fasta', 5.008, 11.128, 2.785, 4.6
'PRANK_b0#0062_thH_tree_81_OP_0.4058614503238694_Split_62.fasta', 6.515, 12.473, 4.104, 5.899
'PRANK_b0#0062_thT_tree_0_OP_0.4657131574362508_Split_62.fasta', 4.053, 9.381, 4.123, 2.945
'PRANK_b0#0062_thT_tree_81_OP_0.4058614503238694_Split_62.fasta', 5.008, 11.128, 2.785, 4.6
'PRANK_b0#0062_ttT_tree_0_OP_0.4657131574362508_Split_62.fasta', 2.941, 8.205, 3.017, 1.481
'PRANK_b0#0063_htH_tree_71_OP_0.26664288485028304_Split_63.fasta', 11.525, 17.317, 8.217, 12.465
'PRANK_b0#0063_htT_tree_71_OP_0.26664288485028304_Split_63.fasta', 12.949, 19.278, 7.858, 14.003
'PRANK_b0#0063_thH_tree_71_OP_0.26664288485028304_Split_63.fasta', 11.499, 17.289, 8.222, 12.475
'PRANK_b0#0063_thT_tree_71_OP_0.26664288485028304_Split_63.fasta', 12.988, 19.309, 7.912, 14.043
'PRANK_b0#0065_hhH_tree_48_OP_0.33799514808893955_Split_65.fasta', 3.234, 8.468, 3.452, 3.381
'PRANK_b0#0065_htH_tree_48_OP_0.33799514808893955_Split_65.fasta', 4.162, 9.656, 4.153, 4.433
'PRANK_b0#0065_thH_tree_48_OP_0.33799514808893955_Split_65.fasta', 3.285, 8.532, 3.499, 3.453
'PRANK_b0#0065_thT_tree_48_OP_0.33799514808893955_Split_65.fasta', 4.68, 10.177, 4.041, 5.017
'PRANK_b0#0067_hhH_tree_6_OP_0.18497671267226667_Split_67.fasta', 11.58, 17.017, 10.141, 8.135
'PRANK_b0#0067_htH_tree_6_OP_0.18497671267226667_Split_67.fasta', 11.615, 17.05, 10.176, 8.171
'PRANK_b0#0067_thT_tree_6_OP_0.18497671267226667_Split_67.fasta', 12.583, 18.172, 11.408, 9.537
'PRANK_b0#0067_ttT_tree_6_OP_0.18497671267226667_Split_67.fasta', 12.565, 18.15, 11.397, 9.515
'PRANK_b0#0070_htH_tree_30_OP_0.20469024912096356_Split_70.fasta', 11.421, 17.216, 9.87, 12.687
'PRANK_b0#0070_htH_tree_43_OP_0.41666011848334805_Split_70.fasta', 16.545, 23.557, 12.5, 16.576
'PRANK_b0#0070_htT_tree_30_OP_0.20469024912096356_Split_70.fasta', 12.703, 18.459, 9.692, 14.226
'PRANK_b0#0070_thH_tree_30_OP_0.20469024912096356_Split_70.fasta', 10.34, 16.063, 8.639, 11.726
'PRANK_b0#0070_thH_tree_43_OP_0.41666011848334805_Split_70.fasta', 16.532, 23.553, 12.462, 16.534
'PRANK_b0#0070_ttH_tree_43_OP_0.41666011848334805_Split_70.fasta', 16.313, 23.443, 11.913, 16.649
'PRANK_b0#0070_ttT_tree_30_OP_0.20469024912096356_Split_70.fasta', 12.654, 18.373, 9.691, 14.214
'PRANK_b0#0070_ttT_tree_43_OP_0.41666011848334805_Split_70.fasta', 16.452, 23.51, 11.287, 16.362
'PRANK_b0#0073_htT_tree_10_OP_0.17197861239551077_Split_73.fasta', 3.79, 6.307, 5.297, 3.912
'PRANK_b0#0073_thH_tree_10_OP_0.17197861239551077_Split_73.fasta', 7.11, 11.142, 7.609, 9.252
'PRANK_b0#0073_ttH_tree_10_OP_0.17197861239551077_Split_73.fasta', 7.079, 11.123, 7.57, 9.217
'PRANK_b0#0073_ttT_tree_10_OP_0.17197861239551077_Split_73.fasta', 3.79, 6.307, 5.297, 3.912
'PRANK_b0#0077_hhH_tree_35_OP_0.23719613041625226_Split_77.fasta', -6.984, -3.108, -5.734, -5.832
'PRANK_b0#0077_hhT_tree_35_OP_0.23719613041625226_Split_77.fasta', -8.035, -4.14, -8.025, -6.099
'PRANK_b0#0077_htT_tree_35_OP_0.23719613041625226_Split_77.fasta', -9.169, -5.424, -8.88, -7.238
'PRANK_b0#0077_htT_tree_79_OP_0.39849921812999034_Split_77.fasta', 5.403, 8.723, 1.199, 2.804
'PRANK_b0#0077_thH_tree_35_OP_0.23719613041625226_Split_77.fasta', -7.663, -3.76, -6.254, -6.48
'PRANK_b0#0077_thH_tree_79_OP_0.39849921812999034_Split_77.fasta', 4.55, 7.646, 0.814, 1.665
'PRANK_b0#0077_thT_tree_79_OP_0.39849921812999034_Split_77.fasta', 5.901, 9.377, 1.262, 1.866
'PRANK_b0#0077_ttT_tree_79_OP_0.39849921812999034_Split_77.fasta', 5.926, 9.402, 1.51, 1.63
'PRANK_b0#0078_hhH_tree_86_OP_0.2347265646541319_Split_78.fasta', 1.218, 7.875, -2.743, 4.893
'PRANK_b0#0078_hhT_tree_53_OP_0.05303947942235687_Split_78.fasta', 7.466, 12.081, 5.539, 6.771
'PRANK_b0#0078_htH_tree_53_OP_0.05303947942235687_Split_78.fasta', 1.851, 5.955, 1.392, -0.136
'PRANK_b0#0078_htH_tree_86_OP_0.2347265646541319_Split_78.fasta', 1.144, 7.638, -2.493, 5.305
'PRANK_b0#0078_thH_tree_86_OP_0.2347265646541319_Split_78.fasta', 1.154, 7.731, -2.717, 4.807
'PRANK_b0#0078_thT_tree_53_OP_0.05303947942235687_Split_78.fasta', 7.466, 12.081, 5.539, 6.771
'PRANK_b0#0078_ttH_tree_53_OP_0.05303947942235687_Split_78.fasta', 1.815, 5.909, 0.694, 0.694
'PRANK_b0#0078_ttT_tree_86_OP_0.2347265646541319_Split_78.fasta', 1.085, 7.524, -2.518, 5.158
'PRANK_b0#0079_hhH_tree_88_OP_0.1810795500099957_Split_79.fasta', -1.09, 3.344, -2.577, 0.465
'PRANK_b0#0079_hhT_tree_88_OP_0.1810795500099957_Split_79.fasta', -0.219, 4.247, -1.808, 1.468
'PRANK_b0#0079_ttH_tree_88_OP_0.1810795500099957_Split_79.fasta', -1.08, 3.352, -2.568, 0.475
'PRANK_b0#0079_ttT_tree_88_OP_0.1810795500099957_Split_79.fasta', -0.359, 4.109, -1.947, 1.31
'PRANK_b0#0080_hhT_tree_3_OP_0.05125309180508808_Split_80.fasta', 21.819, 29.616, 20.723, 20.849
'PRANK_b0#0080_htH_tree_3_OP_0.05125309180508808_Split_80.fasta', 22.25, 30.056, 21.291, 21.451
'PRANK_b0#0080_htT_tree_3_OP_0.05125309180508808_Split_80.fasta', 21.634, 29.464, 20.563, 20.708
'PRANK_b0#0080_ttH_tree_3_OP_0.05125309180508808_Split_80.fasta', 22.197, 29.989, 21.216, 21.364
'PRANK_b0#0081_hhH_tree_5_OP_0.22898839817158656_Split_81.fasta', 14.361, 21.551, 12.398, 14.102
'PRANK_b0#0081_hhT_tree_51_OP_0.3986228120499837_Split_81.fasta', 16.754, 23.492, 12.809, 16.683
'PRANK_b0#0081_hhT_tree_73_OP_0.04516409856856096_Split_81.fasta', 20.936, 28.1, 15.35, 20.976
'PRANK_b0#0081_htH_tree_51_OP_0.3986228120499837_Split_81.fasta', 17.162, 24.153, 13.062, 17.426
'PRANK_b0#0081_htT_tree_5_OP_0.22898839817158656_Split_81.fasta', 14.557, 21.697, 11.963, 14.885
'PRANK_b0#0081_htT_tree_73_OP_0.04516409856856096_Split_81.fasta', 20.936, 28.1, 15.35, 20.976
'PRANK_b0#0081_thH_tree_5_OP_0.22898839817158656_Split_81.fasta', 14.329, 21.514, 12.355, 14.104
'PRANK_b0#0081_thH_tree_73_OP_0.04516409856856096_Split_81.fasta', 20.019, 26.9, 13.186, 20.489
'PRANK_b0#0081_thT_tree_51_OP_0.3986228120499837_Split_81.fasta', 16.135, 22.842, 13.529, 16.192
'PRANK_b0#0081_ttH_tree_51_OP_0.3986228120499837_Split_81.fasta', 17.792, 24.752, 15.019, 17.781
'PRANK_b0#0081_ttH_tree_73_OP_0.04516409856856096_Split_81.fasta', 19.944, 26.689, 13.064, 20.268
'PRANK_b0#0081_ttT_tree_5_OP_0.22898839817158656_Split_81.fasta', 14.555, 21.7, 11.959, 14.878
'PRANK_b0#0085_hhT_tree_59_OP_0.3079281034987719_Split_85.fasta', 1.134, 6.321, -3.756, 1.45
'PRANK_b0#0085_thT_tree_59_OP_0.3079281034987719_Split_85.fasta', 0.931, 6.121, -3.954, 1.195
'PRANK_b0#0085_ttH_tree_59_OP_0.3079281034987719_Split_85.fasta', 0.941, 6.132, -3.937, 1.102
'PRANK_b0#0085_ttT_tree_59_OP_0.3079281034987719_Split_85.fasta', 1.064, 6.257, -3.712, 1.242
'PRANK_b0#0086_hhH_tree_46_OP_0.17943757149806483_Split_86.fasta', 13.502, 19.854, 10.209, 12.216
'PRANK_b0#0086_hhT_tree_46_OP_0.17943757149806483_Split_86.fasta', 13.673, 19.999, 11.564, 11.42
'PRANK_b0#0086_hhT_tree_47_OP_0.4322745197435511_Split_86.fasta', 1.019, 7.241, -2.581, 0.464
'PRANK_b0#0086_htT_tree_47_OP_0.4322745197435511_Split_86.fasta', 0.72, 6.888, -3.627, -0.163
'PRANK_b0#0086_thT_tree_46_OP_0.17943757149806483_Split_86.fasta', 13.67, 20.042, 10.775, 12.484
'PRANK_b0#0086_thT_tree_47_OP_0.4322745197435511_Split_86.fasta', 2.225, 8.623, -2.407, 1.636
'PRANK_b0#0086_ttH_tree_46_OP_0.17943757149806483_Split_86.fasta', 14.151, 20.419, 13.145, 11.707
'PRANK_b0#0086_ttH_tree_47_OP_0.4322745197435511_Split_86.fasta', 0.944, 7.19, -0.413, -0.578
'PRANK_b0#0087_hhT_tree_44_OP_0.200818760412537_Split_87.fasta', 4.64, 8.528, 3.668, 4.908
'PRANK_b0#0087_htT_tree_44_OP_0.200818760412537_Split_87.fasta', 4.646, 8.534, 3.676, 4.913
'PRANK_b0#0087_thT_tree_44_OP_0.200818760412537_Split_87.fasta', 4.703, 8.588, 3.746, 4.97
'PRANK_b0#0087_ttT_tree_44_OP_0.200818760412537_Split_87.fasta', 4.665, 8.566, 2.551, 5.052
'PRANK_b0#0088_hhH_tree_14_OP_0.3064418702671071_Split_88.fasta', -10.897, -8.282, -12.341, -12.09
'PRANK_b0#0088_hhT_tree_92_OP_0.23387605000900108_Split_88.fasta', 14.884, 21.293, 12.034, 16.141
'PRANK_b0#0088_htH_tree_92_OP_0.23387605000900108_Split_88.fasta', 14.034, 20.034, 11.232, 15.305
'PRANK_b0#0088_htT_tree_14_OP_0.3064418702671071_Split_88.fasta', -9.596, -6.804, -9.881, -8.34
'PRANK_b0#0088_thH_tree_92_OP_0.23387605000900108_Split_88.fasta', 14.281, 20.312, 11.423, 15.531
'PRANK_b0#0088_thT_tree_14_OP_0.3064418702671071_Split_88.fasta', -9.503, -6.737, -9.803, -8.311
'PRANK_b0#0088_thT_tree_92_OP_0.23387605000900108_Split_88.fasta', 14.838, 20.902, 12.283, 16.19
'PRANK_b0#0088_ttH_tree_14_OP_0.3064418702671071_Split_88.fasta', -10.897, -8.282, -12.341, -12.09
'PRANK_b0#0089_hhH_tree_21_OP_0.22890592879188038_Split_89.fasta', 14.946, 21.941, 13.575, 12.07
'PRANK_b0#0089_htT_tree_21_OP_0.22890592879188038_Split_89.fasta', 14.455, 21.491, 13.082, 11.422
'PRANK_b0#0089_thH_tree_21_OP_0.22890592879188038_Split_89.fasta', 15.547, 22.711, 13.982, 12.652
'PRANK_b0#0089_ttT_tree_21_OP_0.22890592879188038_Split_89.fasta', 14.984, 22.171, 13.491, 11.998
'PRANK_b0#0090_hhT_tree_95_OP_0.1030307002700046_Split_90.fasta', 21.113, 28.771, 14.201, 19.402
'PRANK_b0#0090_thH_tree_95_OP_0.1030307002700046_Split_90.fasta', 22.712, 30.652, 13.603, 21.585
'PRANK_b0#0090_ttH_tree_95_OP_0.1030307002700046_Split_90.fasta', 23.073, 31.104, 17.236, 22.171
'PRANK_b0#0090_ttT_tree_95_OP_0.1030307002700046_Split_90.fasta', 21.478, 29.233, 14.451, 19.696
'PRANK_b0#0091_hhH_tree_4_OP_0.3917727204478945_Split_91.fasta', 6.248, 11.773, 4.013, 5.36
'PRANK_b0#0091_htT_tree_4_OP_0.3917727204478945_Split_91.fasta', 6.145, 11.547, 4.65, 5.074
'PRANK_b0#0091_thH_tree_4_OP_0.3917727204478945_Split_91.fasta', 5.901, 11.489, 3.407, 4.991
'PRANK_b0#0091_thT_tree_4_OP_0.3917727204478945_Split_91.fasta', 5.288, 10.658, 3.87, 4.473
'PRANK_b0#0096_hhH_tree_77_OP_0.06320220646162977_Split_96.fasta', 7.808, 12.193, 4.947, 9.525
'PRANK_b0#0096_hhT_tree_77_OP_0.06320220646162977_Split_96.fasta', 2.472, 5.351, 0.855, 4.773
'PRANK_b0#0096_htH_tree_77_OP_0.06320220646162977_Split_96.fasta', 7.808, 12.193, 4.947, 9.525
'PRANK_b0#0096_ttT_tree_77_OP_0.06320220646162977_Split_96.fasta', 2.182, 5.123, 0.569, 4.34
'PRANK_b1#0000_hhH_tree_61_OP_0.4330011748014624_Split_0.fasta', 1.507, 6.494, 0.487, 0.306
'PRANK_b1#0000_hhT_tree_61_OP_0.4330011748014624_Split_0.fasta', 2.146, 7.113, 1.993, 0.669
'PRANK_b1#0000_htH_tree_61_OP_0.4330011748014624_Split_0.fasta', 1.511, 6.499, 0.486, 0.311
'PRANK_b1#0000_htT_tree_61_OP_0.4330011748014624_Split_0.fasta', 2.14, 7.117, 1.982, 0.66
'PRANK_b1#0001_hhH_tree_89_OP_0.08315440018559267_Split_1.fasta', 25.668, 33.429, 20.796, 24.595
'PRANK_b1#0001_hhT_tree_89_OP_0.08315440018559267_Split_1.fasta', 25.78, 33.472, 20.934, 24.685
'PRANK_b1#0001_htH_tree_89_OP_0.08315440018559267_Split_1.fasta', 25.666, 33.41, 20.815, 24.592
'PRANK_b1#0001_htT_tree_89_OP_0.08315440018559267_Split_1.fasta', 25.677, 33.366, 20.839, 24.593
'PRANK_b1#0004_hhH_tree_20_OP_0.1825262028599538_Split_4.fasta', 6.157, 11.843, 2.522, 6.08
'PRANK_b1#0004_hhH_tree_2_OP_0.0971126692608415_Split_4.fasta', 3.756, 5.757, -0.797, -0.232
'PRANK_b1#0004_hhT_tree_20_OP_0.1825262028599538_Split_4.fasta', 9.296, 14.719, 5.752, 9.064
'PRANK_b1#0004_hhT_tree_2_OP_0.0971126692608415_Split_4.fasta', 2.297, 7.736, -1.143, 1.731
'PRANK_b1#0004_htH_tree_20_OP_0.1825262028599538_Split_4.fasta', 7.105, 12.795, 3.762, 6.731
'PRANK_b1#0004_htH_tree_2_OP_0.0971126692608415_Split_4.fasta', 3.727, 5.684, -0.524, -0.648
'PRANK_b1#0004_htT_tree_20_OP_0.1825262028599538_Split_4.fasta', 9.184, 14.592, 5.66, 8.959
'PRANK_b1#0004_htT_tree_2_OP_0.0971126692608415_Split_4.fasta', 2.406, 7.948, -1.121, 1.845
'PRANK_b1#0005_hhH_tree_67_OP_0.008476858088944328_Split_5.fasta', 25.359, 32.587, 24.477, 23.879
'PRANK_b1#0005_hhT_tree_67_OP_0.008476858088944328_Split_5.fasta', 22.328, 29.266, 21.809, 21.062
'PRANK_b1#0005_htH_tree_67_OP_0.008476858088944328_Split_5.fasta', 25.35, 32.577, 24.469, 23.872
'PRANK_b1#0005_htT_tree_67_OP_0.008476858088944328_Split_5.fasta', 22.292, 29.226, 21.754, 21.01
'PRANK_b1#0006_hhH_tree_90_OP_0.4673207261707267_Split_6.fasta', 4.795, 10.95, 2.336, 3.887
'PRANK_b1#0006_hhT_tree_90_OP_0.4673207261707267_Split_6.fasta', 4.321, 10.418, 2.359, 2.919
'PRANK_b1#0006_htH_tree_90_OP_0.4673207261707267_Split_6.fasta', 5.086, 11.349, 2.399, 3.963
'PRANK_b1#0006_htT_tree_90_OP_0.4673207261707267_Split_6.fasta', 5.246, 11.508, 2.501, 3.684
'PRANK_b1#0007_hhH_tree_41_OP_0.02098294888047958_Split_7.fasta', 4.045, 8.031, 2.147, 4.425
'PRANK_b1#0007_hhT_tree_41_OP_0.02098294888047958_Split_7.fasta', 4.559, 8.744, 1.818, 4.787
'PRANK_b1#0007_htH_tree_41_OP_0.02098294888047958_Split_7.fasta', 4.045, 8.031, 2.147, 4.425
'PRANK_b1#0007_htT_tree_41_OP_0.02098294888047958_Split_7.fasta', 4.559, 8.744, 1.818, 4.787
'PRANK_b1#0008_hhH_tree_15_OP_0.23700500204391878_Split_8.fasta', -2.423, -0.332, -3.537, -3.318
'PRANK_b1#0008_hhT_tree_15_OP_0.23700500204391878_Split_8.fasta', -8.965, -7.011, -10.088, -9.401
'PRANK_b1#0008_htH_tree_15_OP_0.23700500204391878_Split_8.fasta', -3.808, -1.847, -5.215, -5.059
'PRANK_b1#0008_htT_tree_15_OP_0.23700500204391878_Split_8.fasta', -2.008, 1.744, -3.154, -2.099
'PRANK_b1#0009_hhH_tree_29_OP_0.3263217068805121_Split_9.fasta', -10.889, -8.55, -13.15, -12.914
'PRANK_b1#0009_hhT_tree_29_OP_0.3263217068805121_Split_9.fasta', -12.155, -9.916, -14.329, -12.967
'PRANK_b1#0009_htH_tree_29_OP_0.3263217068805121_Split_9.fasta', -10.945, -8.61, -12.936, -13.045
'PRANK_b1#0009_htT_tree_29_OP_0.3263217068805121_Split_9.fasta', -12.275, -9.995, -14.763, -13.685
'PRANK_b1#0010_hhH_tree_55_OP_0.12131382649812672_Split_10.fasta', 16.926, 23.382, 10.99, 16.781
'PRANK_b1#0010_hhH_tree_78_OP_0.2199134490774199_Split_10.fasta', -16.809, -13.937, -17.725, -16.173
'PRANK_b1#0010_hhH_tree_93_OP_0.22235197408396468_Split_10.fasta', 19.444, 26.573, 18.953, 17.013
'PRANK_b1#0010_hhT_tree_55_OP_0.12131382649812672_Split_10.fasta', 17.042, 23.646, 10.966, 16.567
'PRANK_b1#0010_hhT_tree_78_OP_0.2199134490774199_Split_10.fasta', -18.124, -15.151, -18.772, -17.391
'PRANK_b1#0010_hhT_tree_93_OP_0.22235197408396468_Split_10.fasta', 19.598, 26.817, 19.07, 17.153
'PRANK_b1#0010_htH_tree_55_OP_0.12131382649812672_Split_10.fasta', 16.895, 23.345, 10.972, 16.75
'PRANK_b1#0010_htH_tree_78_OP_0.2199134490774199_Split_10.fasta', -16.859, -13.994, -17.494, -16.28
'PRANK_b1#0010_htH_tree_93_OP_0.22235197408396468_Split_10.fasta', 19.345, 26.46, 18.885, 16.897
'PRANK_b1#0010_htT_tree_55_OP_0.12131382649812672_Split_10.fasta', 16.947, 23.536, 10.864, 16.463
'PRANK_b1#0010_htT_tree_78_OP_0.2199134490774199_Split_10.fasta', -18.126, -15.152, -18.776, -17.392
'PRANK_b1#0010_htT_tree_93_OP_0.22235197408396468_Split_10.fasta', 19.798, 27.002, 19.156, 17.785
'PRANK_b1#0012_hhH_tree_39_OP_0.22687500454657905_Split_12.fasta', 21.708, 29.067, 17.284, 21.904
'PRANK_b1#0012_hhH_tree_42_OP_0.0496315149686164_Split_12.fasta', 14.893, 21.232, 10.395, 16.052
'PRANK_b1#0012_hhT_tree_39_OP_0.22687500454657905_Split_12.fasta', 22.182, 29.652, 16.583, 23.064
'PRANK_b1#0012_hhT_tree_42_OP_0.0496315149686164_Split_12.fasta', 15.925, 22.065, 11.873, 16.437
'PRANK_b1#0012_htH_tree_39_OP_0.22687500454657905_Split_12.fasta', 21.684, 29.049, 17.246, 21.864
'PRANK_b1#0012_htH_tree_42_OP_0.0496315149686164_Split_12.fasta', 14.706, 20.976, 10.26, 15.878
'PRANK_b1#0012_htT_tree_39_OP_0.22687500454657905_Split_12.fasta', 22.185, 29.658, 16.58, 23.073
'PRANK_b1#0012_htT_tree_42_OP_0.0496315149686164_Split_12.fasta', 15.96, 22.114, 11.878, 16.458
'PRANK_b1#0015_hhH_tree_18_OP_0.2024155938605975_Split_15.fasta', 19.286, 27.264, 13.178, 19.38
'PRANK_b1#0015_hhT_tree_18_OP_0.2024155938605975_Split_15.fasta', 21.09, 29.325, 16.395, 21.011
'PRANK_b1#0015_htH_tree_18_OP_0.2024155938605975_Split_15.fasta', 19.655, 27.73, 14.675, 20.117
'PRANK_b1#0015_htT_tree_18_OP_0.2024155938605975_Split_15.fasta', 21.092, 29.322, 16.4, 21.004
'PRANK_b1#0017_hhH_tree_25_OP_0.40331807202508463_Split_17.fasta', 7.049, 11.241, 5.984, 5.11
'PRANK_b1#0017_hhT_tree_25_OP_0.40331807202508463_Split_17.fasta', 5.789, 9.414, 2.496, 4.25
'PRANK_b1#0017_htH_tree_25_OP_0.40331807202508463_Split_17.fasta', 5.245, 9.058, 4.633, 3.593
'PRANK_b1#0017_htT_tree_25_OP_0.40331807202508463_Split_17.fasta', 4.818, 7.985, 1.016, 3.696
'PRANK_b1#0018_hhH_tree_75_OP_0.4799762788828158_Split_18.fasta', 4.266, 8.767, 1.44, 4.927
'PRANK_b1#0018_hhT_tree_75_OP_0.4799762788828158_Split_18.fasta', 5.412, 10.047, 2.029, 5.271
'PRANK_b1#0018_htH_tree_75_OP_0.4799762788828158_Split_18.fasta', 3.401, 8.04, 1.007, 4.376
'PRANK_b1#0018_htT_tree_75_OP_0.4799762788828158_Split_18.fasta', 4.343, 8.9, 0.961, 4.592
'PRANK_b1#0020_hhH_tree_32_OP_0.46510307915842913_Split_20.fasta', -15.152, -13.142, -16.035, -17.618
'PRANK_b1#0020_hhH_tree_45_OP_0.34336798907063576_Split_20.fasta', 19.506, 27.415, 14.15, 21.857
'PRANK_b1#0020_hhT_tree_32_OP_0.46510307915842913_Split_20.fasta', -12.765, -9.856, -14.534, -13.868
'PRANK_b1#0020_hhT_tree_45_OP_0.34336798907063576_Split_20.fasta', 17.682, 25.446, 13.433, 19.156
'PRANK_b1#0020_htH_tree_32_OP_0.46510307915842913_Split_20.fasta', -15.921, -13.796, -16.337, -17.967
'PRANK_b1#0020_htH_tree_45_OP_0.34336798907063576_Split_20.fasta', 19.447, 27.355, 14.122, 21.734
'PRANK_b1#0020_htT_tree_32_OP_0.46510307915842913_Split_20.fasta', -12.537, -9.62, -14.297, -13.717
'PRANK_b1#0020_htT_tree_45_OP_0.34336798907063576_Split_20.fasta', 17.144, 25.003, 13.462, 17.661
'PRANK_b1#0021_hhH_tree_72_OP_0.03379288926432422_Split_21.fasta', 16.497, 20.632, 13.934, 16.111
'PRANK_b1#0021_hhT_tree_72_OP_0.03379288926432422_Split_21.fasta', 13.184, 15.455, 8.006, 7.95
'PRANK_b1#0021_htH_tree_72_OP_0.03379288926432422_Split_21.fasta', 16.52, 20.656, 13.956, 16.137
'PRANK_b1#0021_htT_tree_72_OP_0.03379288926432422_Split_21.fasta', 12.896, 15.141, 8.018, 7.91
'PRANK_b1#0022_hhH_tree_82_OP_0.3028561213552523_Split_22.fasta', 0.81, 2.814, -3.377, -3.195
'PRANK_b1#0022_hhH_tree_83_OP_0.37330283834351374_Split_22.fasta', 23.265, 30.985, 16.67, 23.343
'PRANK_b1#0022_hhT_tree_82_OP_0.3028561213552523_Split_22.fasta', 2.184, 6.099, 1.731, 0.821
'PRANK_b1#0022_hhT_tree_83_OP_0.37330283834351374_Split_22.fasta', 11.622, 16.922, 7.716, 9.199
'PRANK_b1#0022_htH_tree_82_OP_0.3028561213552523_Split_22.fasta', 1.525, 3.739, -2.692, -2.351
'PRANK_b1#0022_htH_tree_83_OP_0.37330283834351374_Split_22.fasta', 23.357, 31.101, 16.76, 23.455
'PRANK_b1#0022_htT_tree_82_OP_0.3028561213552523_Split_22.fasta', 2.281, 6.195, 1.849, 0.923
'PRANK_b1#0022_htT_tree_83_OP_0.37330283834351374_Split_22.fasta', 11.953, 17.324, 8.366, 9.41
'PRANK_b1#0024_hhH_tree_12_OP_0.12503863659849623_Split_24.fasta', 11.128, 17.037, 8.369, 14.942
'PRANK_b1#0024_hhH_tree_28_OP_0.026059464327883253_Split_24.fasta', 18.652, 24.567, 15.614, 19.635
'PRANK_b1#0024_hhH_tree_34_OP_0.3871869419205337_Split_24.fasta', 16.726, 23.713, 14.388, 16.725
'PRANK_b1#0024_hhH_tree_58_OP_0.4060880752132891_Split_24.fasta', 12.871, 18.947, 10.437, 11.656
'PRANK_b1#0024_hhH_tree_65_OP_0.2277419037379937_Split_24.fasta', 5.053, 11.666, 1.92, 6.521
'PRANK_b1#0024_hhT_tree_12_OP_0.12503863659849623_Split_24.fasta', 10.621, 16.491, 7.832, 14.433
'PRANK_b1#0024_hhT_tree_28_OP_0.026059464327883253_Split_24.fasta', 18.62, 24.714, 14.187, 20.592
'PRANK_b1#0024_hhT_tree_34_OP_0.3871869419205337_Split_24.fasta', 11.829, 17.669, 11.372, 11.61
'PRANK_b1#0024_hhT_tree_58_OP_0.4060880752132891_Split_24.fasta', 13.713, 20.176, 10.129, 12.834
'PRANK_b1#0024_hhT_tree_65_OP_0.2277419037379937_Split_24.fasta', 5.812, 11.886, 2.85, 6.821
'PRANK_b1#0024_htH_tree_12_OP_0.12503863659849623_Split_24.fasta', 11.021, 16.907, 8.281, 14.831
'PRANK_b1#0024_htH_tree_28_OP_0.026059464327883253_Split_24.fasta', 18.652, 24.567, 15.614, 19.635
'PRANK_b1#0024_htH_tree_34_OP_0.3871869419205337_Split_24.fasta', 15.019, 21.162, 11.874, 14.984
'PRANK_b1#0024_htH_tree_58_OP_0.4060880752132891_Split_24.fasta', 16.496, 23.506, 11.804, 15.828
'PRANK_b1#0024_htH_tree_65_OP_0.2277419037379937_Split_24.fasta', 5.156, 11.843, 1.934, 6.633
'PRANK_b1#0024_htT_tree_12_OP_0.12503863659849623_Split_24.fasta', 10.621, 16.491, 7.832, 14.433
'PRANK_b1#0024_htT_tree_28_OP_0.026059464327883253_Split_24.fasta', 18.614, 24.707, 14.181, 20.584
'PRANK_b1#0024_htT_tree_34_OP_0.3871869419205337_Split_24.fasta', 13.648, 19.987, 12.864, 13.304
'PRANK_b1#0024_htT_tree_58_OP_0.4060880752132891_Split_24.fasta', 13.731, 20.237, 10.129, 12.897
'PRANK_b1#0024_htT_tree_65_OP_0.2277419037379937_Split_24.fasta', 5.832, 11.902, 2.858, 6.812
'PRANK_b1#0026_hhH_tree_87_OP_0.11403984600375927_Split_26.fasta', 1.944, 4.713, 2.138, 1.007
'PRANK_b1#0026_hhT_tree_87_OP_0.11403984600375927_Split_26.fasta', 6.361, 8.799, 5.153, 5.749
'PRANK_b1#0026_htH_tree_87_OP_0.11403984600375927_Split_26.fasta', 2.017, 4.766, 2.248, 1.12
'PRANK_b1#0026_htT_tree_87_OP_0.11403984600375927_Split_26.fasta', 6.373, 8.807, 5.172, 5.768
'PRANK_b1#0028_hhH_tree_70_OP_0.3490789034502281_Split_28.fasta', -3.547, 1.675, -7.571, -3.614
'PRANK_b1#0028_hhT_tree_70_OP_0.3490789034502281_Split_28.fasta', 0.686, 6.264, 0.849, -2.34
'PRANK_b1#0028_htH_tree_70_OP_0.3490789034502281_Split_28.fasta', 2.901, 8.988, -2.194, 1.277
'PRANK_b1#0028_htT_tree_70_OP_0.3490789034502281_Split_28.fasta', 3.985, 10.051, -0.888, 2.322
'PRANK_b1#0029_hhH_tree_1_OP_0.05363264786522631_Split_29.fasta', -1.859, 2.467, -2.948, -2.571
'PRANK_b1#0029_hhH_tree_62_OP_0.09025347905865139_Split_29.fasta', -5.699, -2.691, -6.097, -3.749
'PRANK_b1#0029_hhT_tree_1_OP_0.05363264786522631_Split_29.fasta', -2.665, 1.537, -5.762, -2.092
'PRANK_b1#0029_hhT_tree_62_OP_0.09025347905865139_Split_29.fasta', -3.494, -0.42, -2.198, -1.453
'PRANK_b1#0029_htH_tree_1_OP_0.05363264786522631_Split_29.fasta', -1.895, 2.415, -5.013, -1.297
'PRANK_b1#0029_htH_tree_62_OP_0.09025347905865139_Split_29.fasta', -5.699, -2.691, -6.097, -3.749
'PRANK_b1#0029_htT_tree_1_OP_0.05363264786522631_Split_29.fasta', -2.576, 1.638, -3.532, -3.31
'PRANK_b1#0029_htT_tree_62_OP_0.09025347905865139_Split_29.fasta', -3.49, -0.415, -2.197, -1.451
'PRANK_b1#0030_hhH_tree_68_OP_0.2161589229083642_Split_30.fasta', 18.548, 25.748, 9.6, 17.046
'PRANK_b1#0030_hhT_tree_68_OP_0.2161589229083642_Split_30.fasta', 19.212, 26.505, 12.111, 17.699
'PRANK_b1#0030_htH_tree_68_OP_0.2161589229083642_Split_30.fasta', 20.388, 27.56, 11.643, 18.95
'PRANK_b1#0030_htT_tree_68_OP_0.2161589229083642_Split_30.fasta', 19.152, 26.442, 12.059, 17.65
'PRANK_b1#0032_hhH_tree_17_OP_0.0883996370966601_Split_32.fasta', -1.831, 2.633, -3.971, -2.616
'PRANK_b1#0032_hhH_tree_31_OP_0.2991272106085847_Split_32.fasta', 24.993, 32.551, 18.902, 24.835
'PRANK_b1#0032_hhH_tree_57_OP_0.01035969654869301_Split_32.fasta', 18.744, 24.424, 16.145, 20.728
'PRANK_b1#0032_hhH_tree_74_OP_0.34003546929790274_Split_32.fasta', 17.861, 25.378, 9.313, 15.859
'PRANK_b1#0032_hhH_tree_76_OP_0.3744455664317578_Split_32.fasta', 0.843, 6.054, -4.521, -0.323
'PRANK_b1#0032_hhT_tree_17_OP_0.0883996370966601_Split_32.fasta', -3.911, -0.048, -6.129, -4.35
'PRANK_b1#0032_hhT_tree_31_OP_0.2991272106085847_Split_32.fasta', 23.774, 31.324, 18.475, 23.559
'PRANK_b1#0032_hhT_tree_57_OP_0.01035969654869301_Split_32.fasta', 19.269, 25.185, 16.932, 21.247
'PRANK_b1#0032_hhT_tree_74_OP_0.34003546929790274_Split_32.fasta', 4.02, 9.2, -0.64, 2.898
'PRANK_b1#0032_hhT_tree_76_OP_0.3744455664317578_Split_32.fasta', -1.761, 2.678, -4.885, -2.996
'PRANK_b1#0032_htH_tree_17_OP_0.0883996370966601_Split_32.fasta', -1.732, 2.728, -3.904, -2.541
'PRANK_b1#0032_htH_tree_31_OP_0.2991272106085847_Split_32.fasta', 24.993, 32.574, 18.882, 24.813
'PRANK_b1#0032_htH_tree_57_OP_0.01035969654869301_Split_32.fasta', 18.744, 24.424, 16.145, 20.728
'PRANK_b1#0032_htH_tree_74_OP_0.34003546929790274_Split_32.fasta', 5.863, 10.871, 2.248, 4.424
'PRANK_b1#0032_htH_tree_76_OP_0.3744455664317578_Split_32.fasta', 0.825, 6.05, -4.548, -0.317
'PRANK_b1#0032_htT_tree_17_OP_0.0883996370966601_Split_32.fasta', -3.805, 0.074, -6.028, -4.249
'PRANK_b1#0032_htT_tree_31_OP_0.2991272106085847_Split_32.fasta', 23.774, 31.324, 18.475, 23.559
'PRANK_b1#0032_htT_tree_57_OP_0.01035969654869301_Split_32.fasta', 19.249, 25.166, 16.868, 21.277
'PRANK_b1#0032_htT_tree_74_OP_0.34003546929790274_Split_32.fasta', 17.566, 25.061, 9.113, 15.404
'PRANK_b1#0032_htT_tree_76_OP_0.3744455664317578_Split_32.fasta', -1.761, 2.678, -4.885, -2.996
'PRANK_b1#0034_hhH_tree_33_OP_0.48048927330141855_Split_34.fasta', -11.781, -6.81, -13.988, -12.06
'PRANK_b1#0034_hhH_tree_52_OP_0.03486385316080837_Split_34.fasta', -1.258, 1.588, -1.72, 0.066
'PRANK_b1#0034_hhT_tree_33_OP_0.48048927330141855_Split_34.fasta', -2.116, 2.873, -3.908, -3.172
'PRANK_b1#0034_hhT_tree_52_OP_0.03486385316080837_Split_34.fasta', -4.426, -2.172, -2.027, -2.959
'PRANK_b1#0034_htH_tree_33_OP_0.48048927330141855_Split_34.fasta', -2.057, 3.251, -4.046, -2.401
'PRANK_b1#0034_htH_tree_52_OP_0.03486385316080837_Split_34.fasta', -1.253, 1.589, -1.711, 0.069
'PRANK_b1#0034_htT_tree_33_OP_0.48048927330141855_Split_34.fasta', -1.788, 3.271, -3.634, -2.813
'PRANK_b1#0034_htT_tree_52_OP_0.03486385316080837_Split_34.fasta', -4.426, -2.172, -2.027, -2.959
'PRANK_b1#0036_hhH_tree_8_OP_0.3698786236358351_Split_36.fasta', 10.432, 18.49, 5.415, 10.233
'PRANK_b1#0036_hhT_tree_8_OP_0.3698786236358351_Split_36.fasta', 10.396, 18.432, 5.469, 10.15
'PRANK_b1#0036_htH_tree_8_OP_0.3698786236358351_Split_36.fasta', 10.738, 18.494, 6.488, 11.379
'PRANK_b1#0036_htT_tree_8_OP_0.3698786236358351_Split_36.fasta', 11.552, 19.47, 8.664, 10.858
'PRANK_b1#0037_hhH_tree_19_OP_0.2601680197593299_Split_37.fasta', 13.943, 19.097, 10.343, 15.061
'PRANK_b1#0037_hhT_tree_19_OP_0.2601680197593299_Split_37.fasta', 14.518, 19.723, 10.85, 15.826
'PRANK_b1#0037_htH_tree_19_OP_0.2601680197593299_Split_37.fasta', 13.856, 18.95, 10.328, 14.954
'PRANK_b1#0037_htT_tree_19_OP_0.2601680197593299_Split_37.fasta', 14.487, 19.692, 10.8, 15.779
'PRANK_b1#0038_hhH_tree_22_OP_0.1313757710015392_Split_38.fasta', 8.235, 13.268, 7.606, 6.313
'PRANK_b1#0038_hhH_tree_38_OP_0.29843463616112814_Split_38.fasta', 21.433, 29.3, 15.992, 22.057
'PRANK_b1#0038_hhH_tree_91_OP_0.31689700001611826_Split_38.fasta', 16.527, 23.126, 13.108, 15.215
'PRANK_b1#0038_hhT_tree_22_OP_0.1313757710015392_Split_38.fasta', 7.529, 12.692, 6.758, 5.861
'PRANK_b1#0038_hhT_tree_38_OP_0.29843463616112814_Split_38.fasta', 21.396, 29.315, 18.157, 21.123
'PRANK_b1#0038_hhT_tree_91_OP_0.31689700001611826_Split_38.fasta', 16.498, 23.035, 12.989, 15.442
'PRANK_b1#0038_htH_tree_22_OP_0.1313757710015392_Split_38.fasta', 8.362, 13.381, 7.745, 6.423
'PRANK_b1#0038_htH_tree_38_OP_0.29843463616112814_Split_38.fasta', 21.453, 29.319, 16.001, 22.051
'PRANK_b1#0038_htH_tree_91_OP_0.31689700001611826_Split_38.fasta', 16.927, 23.714, 12.669, 17.506
'PRANK_b1#0038_htT_tree_22_OP_0.1313757710015392_Split_38.fasta', 7.542, 12.668, 6.798, 5.928
'PRANK_b1#0038_htT_tree_38_OP_0.29843463616112814_Split_38.fasta', 21.396, 29.315, 18.157, 21.123
'PRANK_b1#0038_htT_tree_91_OP_0.31689700001611826_Split_38.fasta', 16.244, 22.602, 12.556, 14.951
'PRANK_b1#0040_hhH_tree_27_OP_0.14896923282821622_Split_40.fasta', 26.121, 34.613, 19.409, 27.856
'PRANK_b1#0040_hhH_tree_9_OP_0.3803136599863731_Split_40.fasta', -5.278, -1.192, -7.689, -8.147
'PRANK_b1#0040_hhT_tree_27_OP_0.14896923282821622_Split_40.fasta', 26.419, 34.928, 19.373, 28.662
'PRANK_b1#0040_hhT_tree_9_OP_0.3803136599863731_Split_40.fasta', -7.91, -4.111, -10.269, -10.381
'PRANK_b1#0040_htH_tree_27_OP_0.14896923282821622_Split_40.fasta', 26.123, 34.614, 19.414, 27.86
'PRANK_b1#0040_htH_tree_9_OP_0.3803136599863731_Split_40.fasta', -5.664, -1.649, -7.93, -8.487
'PRANK_b1#0040_htT_tree_27_OP_0.14896923282821622_Split_40.fasta', 26.693, 35.183, 20.118, 28.426
'PRANK_b1#0040_htT_tree_9_OP_0.3803136599863731_Split_40.fasta', -7.564, -3.68, -10.054, -10.051
'PRANK_b1#0041_hhH_tree_98_OP_0.2156405548443302_Split_41.fasta', -3.845, 0.323, -3.766, -3.209
'PRANK_b1#0041_hhT_tree_98_OP_0.2156405548443302_Split_41.fasta', -2.116, 1.986, -1.553, -1.822
'PRANK_b1#0041_htH_tree_98_OP_0.2156405548443302_Split_41.fasta', -3.78, 0.38, -3.819, -3.373
'PRANK_b1#0041_htT_tree_98_OP_0.2156405548443302_Split_41.fasta', -2.2, 1.911, -1.638, -1.895
'PRANK_b1#0042_hhH_tree_26_OP_0.19458729828343746_Split_42.fasta', 24.241, 32.51, 17.48, 23.604
'PRANK_b1#0042_hhH_tree_50_OP_0.41441335319694456_Split_42.fasta', 6.957, 12.548, 6.436, 6.104
'PRANK_b1#0042_hhT_tree_26_OP_0.19458729828343746_Split_42.fasta', 21.295, 28.774, 21.715, 17.969
'PRANK_b1#0042_hhT_tree_50_OP_0.41441335319694456_Split_42.fasta', 6.016, 11.075, 5.769, 4.905
'PRANK_b1#0042_htH_tree_26_OP_0.19458729828343746_Split_42.fasta', 21.846, 29.549, 15.649, 20.962
'PRANK_b1#0042_htH_tree_50_OP_0.41441335319694456_Split_42.fasta', 6.345, 11.654, 6.015, 5.341
'PRANK_b1#0042_htT_tree_26_OP_0.19458729828343746_Split_42.fasta', 21.369, 28.869, 21.772, 18.042
'PRANK_b1#0042_htT_tree_50_OP_0.41441335319694456_Split_42.fasta', 5.972, 11.032, 5.703, 4.848
'PRANK_b1#0044_hhH_tree_66_OP_0.002445136450722696_Split_44.fasta', 12.763, 17.88, 7.044, 12.139
'PRANK_b1#0044_hhT_tree_66_OP_0.002445136450722696_Split_44.fasta', 9.107, 14.139, 6.48, 6.747
'PRANK_b1#0044_htH_tree_66_OP_0.002445136450722696_Split_44.fasta', 18.24, 24.274, 17.54, 16.205
'PRANK_b1#0044_htT_tree_66_OP_0.002445136450722696_Split_44.fasta', 16.629, 22.835, 16.188, 15.067
'PRANK_b1#0047_hhH_tree_49_OP_0.3808211405032018_Split_47.fasta', 7.692, 13.774, 5.987, 6.753
'PRANK_b1#0047_hhH_tree_54_OP_0.19617966006842125_Split_47.fasta', 5.116, 9.304, 2.492, 3.969
'PRANK_b1#0047_hhH_tree_94_OP_0.02673109171310184_Split_47.fasta', 19.86, 26.605, 20.783, 19.987
'PRANK_b1#0047_hhT_tree_49_OP_0.3808211405032018_Split_47.fasta', 10.341, 16.481, 6.765, 10.909
'PRANK_b1#0047_hhT_tree_54_OP_0.19617966006842125_Split_47.fasta', 20.425, 26.962, 15.107, 20.593
'PRANK_b1#0047_hhT_tree_94_OP_0.02673109171310184_Split_47.fasta', 20.887, 28.279, 20.228, 20.599
'PRANK_b1#0047_htH_tree_49_OP_0.3808211405032018_Split_47.fasta', 10.907, 17.136, 7.214, 10.992
'PRANK_b1#0047_htH_tree_54_OP_0.19617966006842125_Split_47.fasta', 5.122, 9.298, 2.496, 3.981
'PRANK_b1#0047_htH_tree_94_OP_0.02673109171310184_Split_47.fasta', 18.968, 25.519, 20.03, 17.995
'PRANK_b1#0047_htT_tree_49_OP_0.3808211405032018_Split_47.fasta', 10.511, 16.638, 6.931, 11.066
'PRANK_b1#0047_htT_tree_54_OP_0.19617966006842125_Split_47.fasta', 20.749, 27.327, 15.358, 21.082
'PRANK_b1#0047_htT_tree_94_OP_0.02673109171310184_Split_47.fasta', 20.915, 28.308, 20.276, 20.642
'23410', 35.71, 44.885, 30.061, 35.553
