code_PAM250_GO_-10_GE_-0.2,sp_HENIKOFF_with_gaps_PAM250_GO_-10_GE_-0.2,sp_HENIKOFF_without_gaps_PAM250_GO_-10_GE_-0.2,sp_CLUSTAL_WEIGHTS_mid_root_PAM250_GO_-10_GE_-0.2,sp_CLUSTAL_WEIGHTS_diff_sum_PAM250_GO_-10_GE_-0.2
'bali_phy_msa.1.fas', -34.495, -36.622, -31.051, -34.731
'bali_phy_msa.10.fas', 40.718, 50.058, 33.907, 42.701
'bali_phy_msa.100.fas', 42.119, 51.339, 33.918, 43.309
'bali_phy_msa.101.fas', 41.006, 50.286, 35.237, 42.925
'bali_phy_msa.102.fas', 37.064, 45.371, 32.089, 38.368
'bali_phy_msa.103.fas', 40.066, 49.029, 34.532, 41.601
'bali_phy_msa.104.fas', 42.186, 51.933, 36.106, 44.006
'bali_phy_msa.105.fas', 40.946, 49.946, 35.512, 42.694
'bali_phy_msa.106.fas', 40.882, 50.563, 37.407, 42.265
'bali_phy_msa.107.fas', 41.606, 50.571, 34.097, 43.286
'bali_phy_msa.108.fas', 39.681, 48.402, 33.866, 41.549
'bali_phy_msa.109.fas', 42.388, 51.799, 35.454, 44.26
'bali_phy_msa.11.fas', 40.926, 49.809, 34.039, 42.634
'bali_phy_msa.110.fas', 41.86, 50.943, 35.489, 44.109
'bali_phy_msa.111.fas', 39.047, 47.673, 33.847, 40.494
'bali_phy_msa.112.fas', 40.436, 49.17, 35.879, 41.829
'bali_phy_msa.113.fas', 39.646, 48.516, 34.332, 40.909
'bali_phy_msa.114.fas', 40.646, 49.851, 33.514, 42.453
'bali_phy_msa.115.fas', 42.243, 51.679, 34.021, 44.522
'bali_phy_msa.116.fas', 41.821, 51.095, 35.369, 43.097
'bali_phy_msa.117.fas', 37.076, 45.128, 31.821, 37.944
'bali_phy_msa.118.fas', 40.976, 50.037, 33.249, 42.559
'bali_phy_msa.119.fas', 41.017, 50.098, 34.976, 42.553
'bali_phy_msa.12.fas', 42.372, 51.792, 34.262, 43.722
'bali_phy_msa.120.fas', 40.509, 49.315, 34.92, 42.097
'bali_phy_msa.121.fas', 40.59, 49.27, 34.409, 41.484
'bali_phy_msa.122.fas', 42.191, 51.366, 34.054, 44.202
'bali_phy_msa.123.fas', 40.24, 48.998, 32.658, 42.667
'bali_phy_msa.124.fas', 38.748, 47.109, 32.747, 39.869
'bali_phy_msa.125.fas', 41.551, 50.458, 38.225, 42.726
'bali_phy_msa.126.fas', 38.817, 47.271, 34.044, 40.334
'bali_phy_msa.127.fas', 40.591, 49.354, 33.411, 42.638
'bali_phy_msa.128.fas', 42.192, 51.576, 34.585, 42.907
'bali_phy_msa.129.fas', 41.489, 50.466, 33.826, 43.191
'bali_phy_msa.13.fas', 41.984, 51.389, 35.114, 44.036
'bali_phy_msa.130.fas', 40.497, 49.622, 35.062, 42.292
'bali_phy_msa.131.fas', 40.461, 49.609, 33.729, 42.28
'bali_phy_msa.132.fas', 41.173, 50.061, 35.451, 42.873
'bali_phy_msa.133.fas', 40.624, 49.519, 34.1, 41.343
'bali_phy_msa.134.fas', 40.959, 50.255, 35.021, 42.808
'bali_phy_msa.135.fas', 41.9, 50.952, 36.027, 43.33
'bali_phy_msa.136.fas', 41.156, 50.312, 34.062, 43.403
'bali_phy_msa.137.fas', 41.452, 50.427, 34.694, 43.349
'bali_phy_msa.138.fas', 40.698, 49.713, 35.243, 42.513
'bali_phy_msa.139.fas', 39.956, 48.493, 34.203, 42.041
'bali_phy_msa.14.fas', 42.622, 52.234, 34.738, 44.855
'bali_phy_msa.140.fas', 41.023, 50.038, 33.872, 43.544
'bali_phy_msa.141.fas', 40.455, 49.256, 36.306, 41.912
'bali_phy_msa.142.fas', 43.368, 52.953, 35.733, 45.662
'bali_phy_msa.143.fas', 42.467, 52.075, 36.304, 44.197
'bali_phy_msa.144.fas', 39.887, 48.706, 33.699, 41.167
'bali_phy_msa.145.fas', 37.886, 45.942, 32.979, 39.247
'bali_phy_msa.146.fas', 41.637, 50.819, 33.843, 43.341
'bali_phy_msa.147.fas', 40.491, 49.395, 37.563, 42.382
'bali_phy_msa.148.fas', 39.852, 48.742, 34.323, 41.494
'bali_phy_msa.149.fas', 39.718, 48.6, 34.195, 41.745
'bali_phy_msa.15.fas', 40.948, 50.023, 34.627, 42.741
'bali_phy_msa.150.fas', 37.654, 46.144, 30.753, 38.985
'bali_phy_msa.151.fas', 35.604, 43.322, 31.731, 37.168
'bali_phy_msa.152.fas', 41.41, 50.381, 35.507, 42.895
'bali_phy_msa.153.fas', 40.821, 50.179, 32.788, 43.031
'bali_phy_msa.154.fas', 39.867, 48.559, 33.879, 41.318
'bali_phy_msa.155.fas', 40.416, 49.323, 35.3, 42.577
'bali_phy_msa.156.fas', 41.633, 50.666, 36.41, 43.819
'bali_phy_msa.157.fas', 39.673, 48.597, 33.878, 41.819
'bali_phy_msa.158.fas', 38.849, 47.872, 34.131, 40.305
'bali_phy_msa.159.fas', 40.245, 49.036, 34.812, 42.309
'bali_phy_msa.16.fas', 39.664, 48.332, 33.945, 40.99
'bali_phy_msa.160.fas', 42.067, 51.519, 36.026, 43.906
'bali_phy_msa.161.fas', 41.723, 51.041, 36.215, 43.921
'bali_phy_msa.162.fas', 42.348, 51.847, 37.017, 44.171
'bali_phy_msa.163.fas', 38.904, 47.405, 33.358, 40.151
'bali_phy_msa.164.fas', 40.113, 49.085, 34.575, 41.657
'bali_phy_msa.165.fas', 42.713, 52.093, 34.413, 44.456
'bali_phy_msa.166.fas', 38.987, 47.537, 33.632, 40.102
'bali_phy_msa.167.fas', 37.669, 45.819, 32.61, 39.211
'bali_phy_msa.168.fas', 39.615, 48.516, 34.204, 41.074
'bali_phy_msa.169.fas', 36.976, 45.278, 31.077, 38.628
'bali_phy_msa.17.fas', 40.355, 49.371, 33.64, 42.016
'bali_phy_msa.170.fas', 39.997, 48.909, 33.249, 40.598
'bali_phy_msa.171.fas', 41.875, 51.198, 36.0, 43.639
'bali_phy_msa.172.fas', 40.875, 50.105, 34.897, 41.99
'bali_phy_msa.173.fas', 41.024, 50.155, 35.612, 43.291
'bali_phy_msa.174.fas', 41.698, 51.116, 34.858, 42.583
'bali_phy_msa.175.fas', 39.825, 48.963, 31.446, 41.749
'bali_phy_msa.176.fas', 41.354, 50.39, 35.424, 42.81
'bali_phy_msa.177.fas', 38.9, 47.458, 32.388, 40.296
'bali_phy_msa.178.fas', 41.408, 50.542, 34.32, 43.387
'bali_phy_msa.179.fas', 42.225, 51.61, 36.417, 44.412
'bali_phy_msa.18.fas', 41.854, 50.938, 34.595, 43.991
'bali_phy_msa.180.fas', 38.341, 46.883, 31.709, 39.969
'bali_phy_msa.181.fas', 40.121, 48.996, 33.871, 41.592
'bali_phy_msa.182.fas', 40.905, 49.75, 34.994, 42.65
'bali_phy_msa.183.fas', 40.903, 50.268, 32.871, 42.549
'bali_phy_msa.184.fas', 42.324, 51.63, 35.558, 43.257
'bali_phy_msa.185.fas', 39.678, 48.639, 32.375, 41.255
'bali_phy_msa.186.fas', 41.107, 50.112, 34.492, 42.667
'bali_phy_msa.187.fas', 41.847, 50.76, 34.691, 43.407
'bali_phy_msa.188.fas', 40.609, 49.566, 34.967, 42.44
'bali_phy_msa.189.fas', 40.921, 49.897, 32.897, 42.603
'bali_phy_msa.19.fas', 38.6, 47.335, 33.479, 40.081
'bali_phy_msa.190.fas', 38.746, 47.239, 31.498, 40.825
'bali_phy_msa.191.fas', 38.292, 46.712, 31.452, 39.237
'bali_phy_msa.192.fas', 40.986, 50.456, 34.68, 42.684
'bali_phy_msa.193.fas', 41.48, 50.638, 32.796, 42.595
'bali_phy_msa.194.fas', 40.156, 48.931, 34.089, 41.738
'bali_phy_msa.195.fas', 41.401, 50.486, 34.882, 44.168
'bali_phy_msa.196.fas', 40.719, 49.932, 34.285, 42.549
'bali_phy_msa.197.fas', 41.193, 50.904, 35.495, 42.341
'bali_phy_msa.198.fas', 42.513, 51.643, 36.524, 44.111
'bali_phy_msa.199.fas', 37.8, 46.046, 33.563, 39.181
'bali_phy_msa.2.fas', 38.552, 46.991, 34.137, 40.64
'bali_phy_msa.20.fas', 40.178, 48.899, 34.579, 42.261
'bali_phy_msa.200.fas', 39.623, 48.692, 34.776, 41.615
'bali_phy_msa.201.fas', 40.57, 49.642, 35.181, 42.394
'bali_phy_msa.202.fas', 38.844, 47.454, 35.756, 39.656
'bali_phy_msa.203.fas', 41.663, 50.875, 35.876, 43.579
'bali_phy_msa.204.fas', 39.078, 47.778, 31.673, 40.677
'bali_phy_msa.205.fas', 39.831, 48.648, 34.003, 42.007
'bali_phy_msa.206.fas', 39.017, 47.338, 34.587, 40.208
'bali_phy_msa.207.fas', 36.039, 44.33, 30.53, 37.99
'bali_phy_msa.208.fas', 34.972, 42.86, 29.518, 36.148
'bali_phy_msa.209.fas', 40.174, 48.925, 35.173, 41.885
'bali_phy_msa.21.fas', 41.715, 50.754, 36.329, 43.718
'bali_phy_msa.210.fas', 41.983, 50.905, 36.172, 43.447
'bali_phy_msa.211.fas', 38.438, 46.77, 33.625, 39.634
'bali_phy_msa.212.fas', 41.178, 50.256, 33.242, 43.838
'bali_phy_msa.213.fas', 40.877, 49.698, 35.008, 41.924
'bali_phy_msa.214.fas', 41.243, 50.396, 35.575, 42.926
'bali_phy_msa.215.fas', 39.764, 48.447, 34.079, 41.134
'bali_phy_msa.216.fas', 39.106, 47.712, 33.492, 39.811
'bali_phy_msa.217.fas', 43.313, 52.871, 35.145, 44.723
'bali_phy_msa.218.fas', 40.947, 49.911, 33.928, 42.913
'bali_phy_msa.219.fas', 40.053, 49.133, 33.811, 41.971
'bali_phy_msa.22.fas', 42.291, 51.59, 35.331, 44.112
'bali_phy_msa.220.fas', 40.747, 49.607, 33.256, 42.643
'bali_phy_msa.221.fas', 41.928, 51.207, 36.393, 44.211
'bali_phy_msa.222.fas', 41.216, 50.194, 35.757, 43.226
'bali_phy_msa.223.fas', 38.753, 47.535, 33.298, 40.524
'bali_phy_msa.224.fas', 40.545, 49.197, 35.227, 42.069
'bali_phy_msa.225.fas', 38.4, 46.859, 32.584, 39.561
'bali_phy_msa.226.fas', 41.498, 50.672, 35.348, 43.13
'bali_phy_msa.227.fas', 36.807, 45.089, 32.273, 37.969
'bali_phy_msa.228.fas', 40.188, 49.067, 34.687, 42.021
'bali_phy_msa.229.fas', 40.732, 49.662, 35.076, 42.722
'bali_phy_msa.23.fas', 40.589, 49.698, 34.774, 42.978
'bali_phy_msa.230.fas', 41.79, 51.056, 36.155, 43.487
'bali_phy_msa.231.fas', 40.658, 49.818, 34.687, 42.53
'bali_phy_msa.232.fas', 40.257, 49.068, 32.715, 41.525
'bali_phy_msa.233.fas', 41.508, 50.606, 38.546, 40.636
'bali_phy_msa.234.fas', 41.415, 50.625, 34.461, 42.702
'bali_phy_msa.235.fas', 41.118, 50.226, 33.828, 42.243
'bali_phy_msa.236.fas', 40.152, 48.905, 33.332, 41.711
'bali_phy_msa.237.fas', 40.893, 49.861, 32.905, 42.446
'bali_phy_msa.238.fas', 41.625, 50.766, 33.563, 43.155
'bali_phy_msa.239.fas', 40.768, 49.71, 35.026, 42.897
'bali_phy_msa.24.fas', 42.06, 51.52, 36.076, 43.904
'bali_phy_msa.240.fas', 41.307, 50.306, 35.595, 43.108
'bali_phy_msa.241.fas', 40.063, 48.942, 37.747, 40.863
'bali_phy_msa.242.fas', 40.016, 48.816, 33.661, 41.493
'bali_phy_msa.243.fas', 41.576, 51.014, 35.032, 42.69
'bali_phy_msa.244.fas', 41.284, 50.155, 35.978, 42.466
'bali_phy_msa.245.fas', 41.355, 50.735, 33.7, 43.157
'bali_phy_msa.246.fas', 42.558, 51.834, 36.22, 44.183
'bali_phy_msa.247.fas', 39.946, 48.629, 33.985, 42.382
'bali_phy_msa.248.fas', 42.453, 51.915, 35.675, 44.737
'bali_phy_msa.249.fas', 40.938, 49.873, 34.552, 42.795
'bali_phy_msa.25.fas', 42.209, 51.668, 36.184, 44.012
'bali_phy_msa.250.fas', 38.647, 46.938, 33.283, 39.607
'bali_phy_msa.251.fas', 41.718, 50.908, 33.057, 42.72
'bali_phy_msa.252.fas', 41.553, 50.6, 36.086, 43.386
'bali_phy_msa.253.fas', 40.091, 49.229, 34.207, 41.333
'bali_phy_msa.254.fas', 34.592, 42.1, 28.244, 35.831
'bali_phy_msa.255.fas', 36.877, 45.426, 31.843, 38.805
'bali_phy_msa.256.fas', 39.087, 47.563, 34.033, 40.138
'bali_phy_msa.257.fas', 40.201, 49.237, 35.826, 41.411
'bali_phy_msa.258.fas', 39.434, 48.117, 34.448, 40.786
'bali_phy_msa.259.fas', 38.795, 47.628, 33.647, 40.416
'bali_phy_msa.26.fas', 41.495, 50.412, 35.969, 43.128
'bali_phy_msa.260.fas', 40.747, 49.843, 32.939, 42.747
'bali_phy_msa.261.fas', 41.117, 49.888, 35.517, 42.183
'bali_phy_msa.262.fas', 40.818, 49.676, 34.089, 41.725
'bali_phy_msa.263.fas', 41.475, 50.868, 34.325, 42.525
'bali_phy_msa.264.fas', 40.488, 49.529, 34.135, 42.11
'bali_phy_msa.265.fas', 41.746, 51.279, 34.647, 43.509
'bali_phy_msa.266.fas', 41.564, 50.655, 36.168, 43.427
'bali_phy_msa.267.fas', 42.379, 52.088, 36.332, 44.493
'bali_phy_msa.268.fas', 39.692, 48.451, 31.969, 41.281
'bali_phy_msa.269.fas', 40.618, 49.768, 33.491, 41.653
'bali_phy_msa.27.fas', 41.557, 50.72, 35.331, 43.456
'bali_phy_msa.270.fas', 37.039, 45.191, 30.784, 37.436
'bali_phy_msa.271.fas', 32.155, 39.305, 28.086, 33.676
'bali_phy_msa.272.fas', 40.647, 49.662, 35.053, 42.952
'bali_phy_msa.273.fas', 40.453, 49.528, 34.518, 42.058
'bali_phy_msa.274.fas', 40.646, 49.566, 35.603, 41.897
'bali_phy_msa.275.fas', 42.231, 51.451, 35.458, 43.876
'bali_phy_msa.276.fas', 42.22, 51.37, 35.916, 43.681
'bali_phy_msa.277.fas', 37.798, 45.999, 32.22, 39.188
'bali_phy_msa.278.fas', 41.03, 50.321, 35.182, 43.68
'bali_phy_msa.279.fas', 40.188, 48.998, 34.795, 42.286
'bali_phy_msa.28.fas', 41.758, 50.875, 35.892, 43.512
'bali_phy_msa.280.fas', 39.137, 47.712, 36.521, 40.162
'bali_phy_msa.281.fas', 41.9, 51.045, 35.859, 44.366
'bali_phy_msa.282.fas', 40.379, 49.341, 34.689, 42.157
'bali_phy_msa.283.fas', 39.485, 48.211, 33.306, 41.336
'bali_phy_msa.284.fas', 40.946, 49.861, 35.458, 42.604
'bali_phy_msa.285.fas', 40.209, 49.318, 34.184, 41.629
'bali_phy_msa.286.fas', 40.166, 49.007, 33.555, 41.848
'bali_phy_msa.287.fas', 42.908, 52.193, 36.476, 44.645
'bali_phy_msa.288.fas', 39.833, 48.568, 33.961, 41.57
'bali_phy_msa.289.fas', 38.769, 47.345, 33.701, 40.455
'bali_phy_msa.29.fas', 41.389, 50.635, 35.854, 42.971
'bali_phy_msa.290.fas', 41.201, 50.255, 35.984, 43.112
'bali_phy_msa.291.fas', 39.805, 48.778, 31.752, 40.724
'bali_phy_msa.292.fas', 39.979, 48.592, 34.58, 41.824
'bali_phy_msa.293.fas', 40.352, 49.263, 34.262, 42.091
'bali_phy_msa.294.fas', 39.947, 48.818, 34.593, 41.875
'bali_phy_msa.295.fas', 41.909, 51.174, 36.095, 43.854
'bali_phy_msa.296.fas', 40.347, 49.35, 33.886, 41.39
'bali_phy_msa.297.fas', 40.873, 50.047, 35.303, 42.73
'bali_phy_msa.298.fas', 39.328, 48.014, 34.749, 41.624
'bali_phy_msa.299.fas', 40.279, 49.114, 35.003, 41.959
'bali_phy_msa.3.fas', 40.304, 49.578, 34.66, 41.539
'bali_phy_msa.30.fas', 41.552, 50.585, 35.442, 42.62
'bali_phy_msa.300.fas', 39.982, 48.896, 34.512, 41.46
'bali_phy_msa.301.fas', 39.865, 48.481, 33.442, 41.17
'bali_phy_msa.302.fas', 40.233, 49.118, 34.832, 42.016
'bali_phy_msa.303.fas', 40.194, 49.301, 36.294, 40.739
'bali_phy_msa.304.fas', 38.955, 47.813, 33.465, 40.817
'bali_phy_msa.305.fas', 40.96, 50.013, 35.061, 42.258
'bali_phy_msa.306.fas', 41.168, 50.731, 34.719, 43.108
'bali_phy_msa.307.fas', 41.956, 51.272, 36.049, 44.471
'bali_phy_msa.308.fas', 39.039, 47.882, 33.471, 40.732
'bali_phy_msa.309.fas', 41.562, 50.593, 35.658, 43.02
'bali_phy_msa.31.fas', 40.555, 49.72, 33.318, 42.986
'bali_phy_msa.310.fas', 40.184, 49.1, 35.307, 41.526
'bali_phy_msa.311.fas', 41.45, 50.644, 35.447, 43.077
'bali_phy_msa.312.fas', 42.866, 52.185, 35.843, 45.372
'bali_phy_msa.313.fas', 39.763, 48.484, 33.283, 41.089
'bali_phy_msa.314.fas', 42.004, 51.253, 35.7, 44.068
'bali_phy_msa.315.fas', 40.634, 49.612, 35.619, 42.886
'bali_phy_msa.316.fas', 40.178, 49.225, 35.466, 41.858
'bali_phy_msa.317.fas', 40.272, 49.163, 31.949, 41.515
'bali_phy_msa.318.fas', 42.254, 51.782, 38.135, 43.878
'bali_phy_msa.319.fas', 42.321, 51.634, 36.28, 44.474
'bali_phy_msa.32.fas', 41.884, 51.055, 35.614, 43.437
'bali_phy_msa.320.fas', 40.517, 49.53, 35.209, 42.049
'bali_phy_msa.321.fas', 41.733, 50.983, 35.549, 43.508
'bali_phy_msa.322.fas', 40.765, 49.798, 34.626, 42.374
'bali_phy_msa.323.fas', 41.805, 51.072, 34.763, 42.693
'bali_phy_msa.324.fas', 41.267, 50.217, 35.847, 43.098
'bali_phy_msa.325.fas', 43.216, 52.629, 35.429, 45.245
'bali_phy_msa.326.fas', 42.89, 52.037, 36.739, 44.281
'bali_phy_msa.327.fas', 41.314, 50.764, 35.161, 42.707
'bali_phy_msa.328.fas', 40.85, 49.719, 35.755, 42.683
'bali_phy_msa.329.fas', 39.427, 48.119, 33.602, 41.509
'bali_phy_msa.33.fas', 40.378, 49.323, 33.424, 42.633
'bali_phy_msa.330.fas', 39.839, 48.634, 33.615, 40.863
'bali_phy_msa.331.fas', 39.656, 48.746, 34.327, 41.273
'bali_phy_msa.332.fas', 39.67, 48.311, 38.192, 41.137
'bali_phy_msa.333.fas', 41.488, 50.945, 33.513, 44.031
'bali_phy_msa.334.fas', 42.135, 51.377, 34.604, 44.017
'bali_phy_msa.335.fas', 38.872, 47.304, 32.568, 40.236
'bali_phy_msa.336.fas', 40.612, 49.842, 34.957, 42.145
'bali_phy_msa.337.fas', 41.126, 50.173, 35.753, 42.923
'bali_phy_msa.338.fas', 40.999, 50.221, 34.087, 42.328
'bali_phy_msa.339.fas', 42.395, 51.729, 35.274, 43.795
'bali_phy_msa.34.fas', 43.445, 53.489, 34.947, 44.121
'bali_phy_msa.340.fas', 42.2, 51.428, 34.811, 43.889
'bali_phy_msa.341.fas', 42.33, 51.88, 36.183, 43.78
'bali_phy_msa.342.fas', 40.468, 49.237, 36.947, 40.979
'bali_phy_msa.343.fas', 39.066, 48.027, 33.523, 40.053
'bali_phy_msa.344.fas', 40.5, 49.394, 33.709, 43.004
'bali_phy_msa.345.fas', 41.362, 50.467, 34.154, 43.011
'bali_phy_msa.346.fas', 41.711, 50.917, 36.249, 42.397
'bali_phy_msa.347.fas', 41.902, 51.2, 35.987, 43.61
'bali_phy_msa.348.fas', 39.745, 48.399, 34.97, 42.09
'bali_phy_msa.349.fas', 41.092, 50.03, 35.638, 43.443
'bali_phy_msa.35.fas', 40.253, 49.634, 31.585, 41.82
'bali_phy_msa.350.fas', 41.007, 50.073, 36.8, 41.624
'bali_phy_msa.351.fas', 39.776, 48.585, 35.615, 41.866
'bali_phy_msa.352.fas', 40.373, 49.313, 34.68, 42.456
'bali_phy_msa.353.fas', 41.138, 50.476, 35.111, 43.162
'bali_phy_msa.354.fas', 40.318, 49.154, 35.081, 42.174
'bali_phy_msa.355.fas', 40.538, 49.776, 34.744, 42.462
'bali_phy_msa.356.fas', 39.137, 47.796, 34.109, 41.208
'bali_phy_msa.357.fas', 41.979, 51.306, 34.405, 44.661
'bali_phy_msa.358.fas', 39.142, 47.771, 33.65, 41.039
'bali_phy_msa.359.fas', 40.591, 49.389, 34.272, 41.996
'bali_phy_msa.36.fas', 41.032, 50.284, 34.911, 43.215
'bali_phy_msa.360.fas', 42.825, 52.434, 34.676, 44.326
'bali_phy_msa.361.fas', 42.101, 51.229, 35.977, 44.214
'bali_phy_msa.362.fas', 41.185, 50.308, 36.532, 42.971
'bali_phy_msa.363.fas', 43.305, 52.755, 36.04, 44.881
'bali_phy_msa.364.fas', 41.245, 50.006, 35.666, 43.338
'bali_phy_msa.365.fas', 41.235, 50.238, 34.555, 42.701
'bali_phy_msa.366.fas', 41.31, 50.619, 36.022, 42.185
'bali_phy_msa.367.fas', 39.045, 47.72, 33.733, 40.779
'bali_phy_msa.368.fas', 39.757, 49.067, 34.243, 41.574
'bali_phy_msa.369.fas', 41.799, 51.358, 35.819, 43.753
'bali_phy_msa.37.fas', 40.244, 49.002, 34.973, 41.89
'bali_phy_msa.370.fas', 40.764, 49.628, 34.948, 42.47
'bali_phy_msa.371.fas', 41.206, 50.402, 34.29, 43.901
'bali_phy_msa.372.fas', 42.086, 51.669, 36.006, 43.649
'bali_phy_msa.373.fas', 39.903, 48.648, 33.971, 41.328
'bali_phy_msa.374.fas', 42.35, 51.619, 33.883, 44.245
'bali_phy_msa.375.fas', 41.777, 50.848, 38.604, 42.783
'bali_phy_msa.376.fas', 42.569, 51.886, 35.032, 44.474
'bali_phy_msa.377.fas', 38.117, 46.715, 33.12, 39.768
'bali_phy_msa.378.fas', 37.666, 46.296, 31.68, 38.986
'bali_phy_msa.379.fas', 42.289, 52.012, 36.685, 43.973
'bali_phy_msa.38.fas', 40.81, 50.135, 34.001, 42.207
'bali_phy_msa.380.fas', 42.011, 51.374, 34.204, 43.581
'bali_phy_msa.381.fas', 41.115, 50.497, 35.935, 42.147
'bali_phy_msa.382.fas', 40.961, 50.292, 35.081, 42.476
'bali_phy_msa.383.fas', 39.225, 47.916, 34.4, 40.284
'bali_phy_msa.384.fas', 39.914, 49.039, 32.092, 41.431
'bali_phy_msa.385.fas', 37.483, 45.951, 35.062, 38.486
'bali_phy_msa.386.fas', 41.87, 51.194, 33.325, 43.421
'bali_phy_msa.387.fas', 39.386, 47.877, 35.955, 38.606
'bali_phy_msa.388.fas', 39.304, 48.343, 34.212, 40.995
'bali_phy_msa.389.fas', 38.297, 46.713, 31.149, 40.156
'bali_phy_msa.39.fas', 39.302, 48.315, 32.855, 40.484
'bali_phy_msa.390.fas', 41.637, 50.872, 34.297, 43.295
'bali_phy_msa.391.fas', 40.537, 49.464, 33.019, 41.977
'bali_phy_msa.392.fas', 41.468, 50.768, 35.112, 43.925
'bali_phy_msa.393.fas', 40.483, 49.475, 34.484, 41.041
'bali_phy_msa.394.fas', 41.472, 50.653, 35.198, 43.269
'bali_phy_msa.395.fas', 42.15, 51.311, 35.232, 43.102
'bali_phy_msa.396.fas', 41.597, 50.878, 33.598, 43.77
'bali_phy_msa.397.fas', 33.646, 41.399, 27.758, 35.093
'bali_phy_msa.398.fas', 39.073, 48.025, 33.384, 40.28
'bali_phy_msa.399.fas', 40.337, 49.243, 33.079, 41.999
'bali_phy_msa.4.fas', 41.417, 50.535, 35.821, 43.613
'bali_phy_msa.40.fas', 40.332, 49.033, 32.623, 41.745
'bali_phy_msa.400.fas', 42.461, 51.869, 33.667, 43.805
'bali_phy_msa.41.fas', 40.822, 49.82, 35.754, 42.967
'bali_phy_msa.42.fas', 39.542, 48.474, 31.61, 41.796
'bali_phy_msa.43.fas', 41.405, 50.78, 35.56, 43.084
'bali_phy_msa.44.fas', 40.255, 49.167, 34.526, 41.548
'bali_phy_msa.45.fas', 42.342, 51.735, 34.382, 43.889
'bali_phy_msa.46.fas', 40.895, 50.137, 35.154, 42.297
'bali_phy_msa.47.fas', 41.115, 50.278, 35.634, 43.269
'bali_phy_msa.48.fas', 39.721, 48.277, 33.588, 40.268
'bali_phy_msa.49.fas', 41.48, 50.686, 35.414, 42.921
'bali_phy_msa.5.fas', 41.133, 50.323, 34.892, 42.425
'bali_phy_msa.50.fas', 40.537, 49.365, 34.134, 41.527
'bali_phy_msa.51.fas', 40.504, 49.798, 34.677, 42.336
'bali_phy_msa.52.fas', 40.829, 49.674, 33.647, 42.978
'bali_phy_msa.53.fas', 39.818, 48.717, 32.619, 40.896
'bali_phy_msa.54.fas', 40.291, 49.299, 32.226, 41.426
'bali_phy_msa.55.fas', 41.511, 50.766, 35.167, 42.405
'bali_phy_msa.56.fas', 42.646, 51.96, 35.547, 44.918
'bali_phy_msa.57.fas', 41.04, 50.219, 35.101, 42.51
'bali_phy_msa.58.fas', 42.369, 51.776, 36.99, 43.055
'bali_phy_msa.59.fas', 40.453, 48.966, 35.981, 40.915
'bali_phy_msa.6.fas', 41.072, 50.194, 35.339, 43.043
'bali_phy_msa.60.fas', 43.023, 52.446, 34.75, 44.507
'bali_phy_msa.61.fas', 41.63, 50.75, 36.656, 43.544
'bali_phy_msa.62.fas', 40.198, 49.249, 36.935, 41.683
'bali_phy_msa.63.fas', 40.949, 50.331, 37.45, 40.929
'bali_phy_msa.64.fas', 39.959, 48.489, 32.697, 41.228
'bali_phy_msa.65.fas', 40.379, 49.222, 32.221, 41.273
'bali_phy_msa.66.fas', 40.348, 49.021, 35.162, 41.539
'bali_phy_msa.67.fas', 41.118, 50.158, 35.603, 43.117
'bali_phy_msa.68.fas', 42.16, 51.772, 34.267, 44.022
'bali_phy_msa.69.fas', 41.049, 50.093, 34.424, 43.002
'bali_phy_msa.7.fas', 39.062, 47.588, 35.674, 39.031
'bali_phy_msa.70.fas', 40.545, 49.311, 35.951, 41.048
'bali_phy_msa.71.fas', 41.275, 50.296, 34.317, 42.601
'bali_phy_msa.72.fas', 42.517, 51.985, 36.041, 43.955
'bali_phy_msa.73.fas', 41.567, 50.66, 35.13, 42.867
'bali_phy_msa.74.fas', 41.869, 50.989, 34.119, 43.507
'bali_phy_msa.75.fas', 40.76, 50.007, 34.346, 42.555
'bali_phy_msa.76.fas', 40.228, 49.031, 34.321, 42.003
'bali_phy_msa.77.fas', 39.926, 48.752, 32.976, 41.521
'bali_phy_msa.78.fas', 41.689, 50.843, 36.158, 43.824
'bali_phy_msa.79.fas', 41.029, 50.194, 35.409, 43.034
'bali_phy_msa.8.fas', 37.29, 45.4, 32.38, 38.666
'bali_phy_msa.80.fas', 41.539, 50.705, 34.163, 43.902
'bali_phy_msa.81.fas', 41.532, 50.849, 35.508, 43.03
'bali_phy_msa.82.fas', 40.18, 49.473, 34.73, 42.563
'bali_phy_msa.83.fas', 39.877, 48.733, 33.552, 41.256
'bali_phy_msa.84.fas', 40.803, 49.928, 32.773, 41.699
'bali_phy_msa.85.fas', 39.553, 48.441, 33.225, 41.629
'bali_phy_msa.86.fas', 40.705, 49.596, 34.396, 42.117
'bali_phy_msa.87.fas', 41.113, 50.015, 33.933, 42.68
'bali_phy_msa.88.fas', 40.227, 49.095, 33.752, 41.888
'bali_phy_msa.89.fas', 39.458, 48.344, 31.347, 40.774
'bali_phy_msa.9.fas', 37.453, 45.648, 31.798, 38.234
'bali_phy_msa.90.fas', 39.393, 48.024, 34.094, 40.622
'bali_phy_msa.91.fas', 40.194, 48.733, 35.351, 41.904
'bali_phy_msa.92.fas', 37.622, 45.989, 31.686, 37.955
'bali_phy_msa.93.fas', 41.709, 50.952, 34.02, 43.362
'bali_phy_msa.94.fas', 42.304, 51.65, 34.991, 44.194
'bali_phy_msa.95.fas', 40.509, 49.537, 36.799, 40.02
'bali_phy_msa.96.fas', 39.328, 47.958, 32.413, 40.291
'bali_phy_msa.97.fas', 40.107, 48.718, 36.399, 41.726
'bali_phy_msa.98.fas', 41.296, 50.487, 36.885, 42.887
'bali_phy_msa.99.fas', 41.3, 50.34, 38.216, 42.369
'MAFFT_b0#0051_hhH_tree_47_OP_1.2558167082838578_Split_51.fasta', 33.438, 42.002, 24.729, 37.559
'MAFFT_b0#0051_htH_tree_0_OP_1.9201310643830272_Split_51.fasta', 36.219, 42.534, 32.401, 35.744
'MAFFT_b0#0051_htH_tree_57_OP_1.8145645468714477_Split_51.fasta', 35.64, 43.492, 31.303, 36.975
'MAFFT_b0#0051_htH_tree_93_OP_2.2336854992597184_Split_51.fasta', 39.784, 48.39, 28.528, 42.771
'MAFFT_b0#0051_htT_tree_0_OP_1.9201310643830272_Split_51.fasta', 36.219, 42.534, 32.401, 35.744
'MAFFT_b0#0051_htT_tree_57_OP_1.8145645468714477_Split_51.fasta', 35.64, 43.492, 31.303, 36.975
'MAFFT_b0#0051_thH_tree_57_OP_1.8145645468714477_Split_51.fasta', 37.564, 45.684, 33.514, 39.055
'MAFFT_b0#0051_thH_tree_93_OP_2.2336854992597184_Split_51.fasta', 40.327, 48.936, 29.14, 43.189
'MAFFT_b0#0051_thT_tree_0_OP_1.9201310643830272_Split_51.fasta', 36.351, 43.896, 32.917, 37.041
'MAFFT_b0#0051_thT_tree_47_OP_1.2558167082838578_Split_51.fasta', 33.438, 42.002, 24.729, 37.559
'MAFFT_b0#0051_ttH_tree_47_OP_1.2558167082838578_Split_51.fasta', 32.394, 40.603, 23.938, 35.578
'MAFFT_b0#0051_ttH_tree_93_OP_2.2336854992597184_Split_51.fasta', 39.784, 48.39, 28.528, 42.771
'MAFFT_b0#0051_ttT_tree_0_OP_1.9201310643830272_Split_51.fasta', 36.219, 42.534, 32.401, 35.744
'MAFFT_b0#0051_ttT_tree_47_OP_1.2558167082838578_Split_51.fasta', 32.394, 40.603, 23.938, 35.578
'MAFFT_b0#0051_ttT_tree_57_OP_1.8145645468714477_Split_51.fasta', 35.64, 43.492, 31.303, 36.975
'MAFFT_b0#0051_ttT_tree_93_OP_2.2336854992597184_Split_51.fasta', 39.784, 48.39, 28.528, 42.771
'MAFFT_b0#0053_hhH_tree_5_OP_1.3773636194735985_Split_53.fasta', 36.985, 45.971, 29.461, 39.215
'MAFFT_b0#0053_hhH_tree_60_OP_2.2485867324412547_Split_53.fasta', 37.847, 46.498, 32.242, 38.473
'MAFFT_b0#0053_hhT_tree_60_OP_2.2485867324412547_Split_53.fasta', 37.847, 46.498, 32.242, 38.473
'MAFFT_b0#0053_htH_tree_5_OP_1.3773636194735985_Split_53.fasta', 38.108, 46.972, 30.954, 39.873
'MAFFT_b0#0053_htT_tree_5_OP_1.3773636194735985_Split_53.fasta', 38.108, 46.972, 30.954, 39.873
'MAFFT_b0#0053_thH_tree_60_OP_2.2485867324412547_Split_53.fasta', 37.847, 46.498, 32.242, 38.473
'MAFFT_b0#0053_thT_tree_5_OP_1.3773636194735985_Split_53.fasta', 36.954, 45.933, 29.429, 39.163
'MAFFT_b0#0053_ttH_tree_60_OP_2.2485867324412547_Split_53.fasta', 38.198, 46.92, 32.558, 38.831
'MAFFT_b0#0054_hhH_tree_35_OP_2.3157753293540146_Split_54.fasta', 33.925, 41.884, 29.362, 37.571
'MAFFT_b0#0054_htH_tree_35_OP_2.3157753293540146_Split_54.fasta', 34.101, 42.114, 29.59, 37.405
'MAFFT_b0#0054_thH_tree_35_OP_2.3157753293540146_Split_54.fasta', 33.925, 41.884, 29.362, 37.571
'MAFFT_b0#0054_ttT_tree_35_OP_2.3157753293540146_Split_54.fasta', 34.101, 42.114, 29.59, 37.405
'MAFFT_b0#0057_htH_tree_1_OP_1.4037489078147287_Split_57.fasta', 30.774, 38.762, 23.197, 33.977
'MAFFT_b0#0057_htT_tree_1_OP_1.4037489078147287_Split_57.fasta', 30.774, 38.762, 23.197, 33.977
'MAFFT_b0#0057_thT_tree_1_OP_1.4037489078147287_Split_57.fasta', 30.855, 38.858, 23.733, 34.039
'MAFFT_b0#0057_ttT_tree_1_OP_1.4037489078147287_Split_57.fasta', 30.774, 38.762, 23.197, 33.977
'MAFFT_b0#0058_hhH_tree_13_OP_1.7913990869854772_Split_58.fasta', 28.74, 35.725, 23.32, 30.686
'MAFFT_b0#0058_htH_tree_11_OP_1.3146381684889776_Split_58.fasta', 37.645, 46.501, 30.604, 39.827
'MAFFT_b0#0058_htH_tree_13_OP_1.7913990869854772_Split_58.fasta', 28.849, 35.873, 24.214, 30.507
'MAFFT_b0#0058_htT_tree_11_OP_1.3146381684889776_Split_58.fasta', 37.645, 46.501, 30.604, 39.827
'MAFFT_b0#0058_thH_tree_13_OP_1.7913990869854772_Split_58.fasta', 28.74, 35.725, 23.32, 30.686
'MAFFT_b0#0058_ttH_tree_11_OP_1.3146381684889776_Split_58.fasta', 38.952, 47.841, 33.304, 39.705
'MAFFT_b0#0058_ttT_tree_11_OP_1.3146381684889776_Split_58.fasta', 38.952, 47.841, 33.304, 39.705
'MAFFT_b0#0058_ttT_tree_13_OP_1.7913990869854772_Split_58.fasta', 28.849, 35.873, 24.214, 30.507
'MAFFT_b0#0060_hhT_tree_32_OP_1.498379977124041_Split_60.fasta', 37.378, 45.171, 31.254, 37.424
'MAFFT_b0#0060_htH_tree_32_OP_1.498379977124041_Split_60.fasta', 37.116, 44.915, 30.943, 37.159
'MAFFT_b0#0060_htT_tree_32_OP_1.498379977124041_Split_60.fasta', 37.116, 44.915, 30.943, 37.159
'MAFFT_b0#0060_ttH_tree_32_OP_1.498379977124041_Split_60.fasta', 37.116, 44.915, 30.943, 37.159
'MAFFT_b0#0061_hhH_tree_87_OP_1.1834961203615137_Split_61.fasta', 32.73, 41.478, 26.1, 34.757
'MAFFT_b0#0061_hhH_tree_88_OP_2.9570433978664177_Split_61.fasta', 38.625, 46.583, 32.566, 39.918
'MAFFT_b0#0061_hhH_tree_97_OP_2.1094152983091004_Split_61.fasta', 37.51, 45.667, 28.399, 40.531
'MAFFT_b0#0061_hhT_tree_18_OP_1.3304542342131214_Split_61.fasta', 20.536, 26.216, 16.61, 20.521
'MAFFT_b0#0061_hhT_tree_30_OP_2.908145211858187_Split_61.fasta', 40.615, 48.986, 35.298, 42.551
'MAFFT_b0#0061_htH_tree_18_OP_1.3304542342131214_Split_61.fasta', 21.454, 27.298, 16.666, 21.701
'MAFFT_b0#0061_htH_tree_30_OP_2.908145211858187_Split_61.fasta', 39.444, 47.632, 34.804, 40.586
'MAFFT_b0#0061_htH_tree_72_OP_1.8278688995959085_Split_61.fasta', 36.817, 44.101, 29.617, 38.407
'MAFFT_b0#0061_htH_tree_88_OP_2.9570433978664177_Split_61.fasta', 39.164, 47.14, 33.143, 41.859
'MAFFT_b0#0061_htT_tree_87_OP_1.1834961203615137_Split_61.fasta', 32.295, 41.004, 28.15, 34.973
'MAFFT_b0#0061_htT_tree_97_OP_2.1094152983091004_Split_61.fasta', 37.61, 45.657, 28.673, 40.68
'MAFFT_b0#0061_thH_tree_18_OP_1.3304542342131214_Split_61.fasta', 20.536, 26.216, 16.61, 20.521
'MAFFT_b0#0061_thH_tree_72_OP_1.8278688995959085_Split_61.fasta', 36.809, 44.093, 29.61, 38.391
'MAFFT_b0#0061_thT_tree_30_OP_2.908145211858187_Split_61.fasta', 40.615, 48.986, 35.298, 42.551
'MAFFT_b0#0061_thT_tree_72_OP_1.8278688995959085_Split_61.fasta', 36.809, 44.093, 29.61, 38.391
'MAFFT_b0#0061_thT_tree_87_OP_1.1834961203615137_Split_61.fasta', 32.73, 41.478, 26.1, 34.757
'MAFFT_b0#0061_thT_tree_88_OP_2.9570433978664177_Split_61.fasta', 38.625, 46.583, 32.566, 39.918
'MAFFT_b0#0061_thT_tree_97_OP_2.1094152983091004_Split_61.fasta', 37.51, 45.667, 28.399, 40.531
'MAFFT_b0#0061_ttT_tree_18_OP_1.3304542342131214_Split_61.fasta', 21.454, 27.298, 16.666, 21.701
'MAFFT_b0#0061_ttT_tree_30_OP_2.908145211858187_Split_61.fasta', 39.444, 47.632, 34.804, 40.586
'MAFFT_b0#0061_ttT_tree_72_OP_1.8278688995959085_Split_61.fasta', 36.817, 44.101, 29.617, 38.407
'MAFFT_b0#0061_ttT_tree_87_OP_1.1834961203615137_Split_61.fasta', 32.295, 41.004, 28.15, 34.973
'MAFFT_b0#0061_ttT_tree_88_OP_2.9570433978664177_Split_61.fasta', 39.164, 47.14, 33.143, 41.859
'MAFFT_b0#0061_ttT_tree_97_OP_2.1094152983091004_Split_61.fasta', 37.61, 45.657, 28.673, 40.68
'MAFFT_b0#0063_hhH_tree_37_OP_2.065965428692473_Split_63.fasta', 39.347, 47.662, 34.557, 40.022
'MAFFT_b0#0063_hhT_tree_89_OP_2.6540913216611166_Split_63.fasta', 34.389, 41.861, 28.87, 38.422
'MAFFT_b0#0063_htH_tree_37_OP_2.065965428692473_Split_63.fasta', 38.92, 47.126, 33.9, 39.825
'MAFFT_b0#0063_htH_tree_89_OP_2.6540913216611166_Split_63.fasta', 34.461, 41.841, 29.901, 38.918
'MAFFT_b0#0063_thH_tree_37_OP_2.065965428692473_Split_63.fasta', 39.347, 47.662, 34.557, 40.022
'MAFFT_b0#0063_thT_tree_89_OP_2.6540913216611166_Split_63.fasta', 34.391, 41.863, 28.873, 38.425
'MAFFT_b0#0063_ttH_tree_37_OP_2.065965428692473_Split_63.fasta', 38.92, 47.126, 33.9, 39.825
'MAFFT_b0#0063_ttH_tree_89_OP_2.6540913216611166_Split_63.fasta', 34.465, 41.843, 29.909, 38.924
'MAFFT_b0#0065_htH_tree_26_OP_2.2970226808572787_Split_65.fasta', 37.549, 45.748, 32.255, 40.997
'MAFFT_b0#0065_htT_tree_55_OP_1.534121132575311_Split_65.fasta', 25.844, 32.301, 22.258, 29.094
'MAFFT_b0#0065_thH_tree_26_OP_2.2970226808572787_Split_65.fasta', 36.822, 44.892, 31.607, 40.367
'MAFFT_b0#0065_thH_tree_55_OP_1.534121132575311_Split_65.fasta', 25.749, 32.165, 22.471, 28.975
'MAFFT_b0#0065_thT_tree_55_OP_1.534121132575311_Split_65.fasta', 25.749, 32.165, 22.471, 28.975
'MAFFT_b0#0065_ttH_tree_26_OP_2.2970226808572787_Split_65.fasta', 37.493, 45.68, 32.239, 40.901
'MAFFT_b0#0065_ttT_tree_26_OP_2.2970226808572787_Split_65.fasta', 37.493, 45.68, 32.239, 40.901
'MAFFT_b0#0065_ttT_tree_55_OP_1.534121132575311_Split_65.fasta', 25.844, 32.301, 22.258, 29.094
'MAFFT_b0#0066_hhH_tree_77_OP_1.3827668594678542_Split_66.fasta', 30.267, 38.055, 22.558, 34.194
'MAFFT_b0#0066_hhT_tree_99_OP_1.9136688454364907_Split_66.fasta', 35.733, 43.485, 33.397, 37.31
'MAFFT_b0#0066_htT_tree_99_OP_1.9136688454364907_Split_66.fasta', 35.481, 43.245, 33.314, 37.156
'MAFFT_b0#0066_thH_tree_77_OP_1.3827668594678542_Split_66.fasta', 30.267, 38.055, 22.558, 34.194
'MAFFT_b0#0066_thH_tree_99_OP_1.9136688454364907_Split_66.fasta', 35.736, 43.486, 33.399, 37.312
'MAFFT_b0#0066_thT_tree_99_OP_1.9136688454364907_Split_66.fasta', 35.736, 43.486, 33.399, 37.312
'MAFFT_b0#0066_ttH_tree_77_OP_1.3827668594678542_Split_66.fasta', 30.447, 38.288, 22.126, 34.512
'MAFFT_b0#0066_ttT_tree_77_OP_1.3827668594678542_Split_66.fasta', 30.447, 38.288, 22.126, 34.512
'MAFFT_b0#0067_hhT_tree_4_OP_1.1542677766261527_Split_67.fasta', 25.788, 33.459, 19.118, 29.129
'MAFFT_b0#0067_htH_tree_4_OP_1.1542677766261527_Split_67.fasta', 30.041, 38.218, 24.787, 32.567
'MAFFT_b0#0067_htH_tree_76_OP_1.9781210467371317_Split_67.fasta', 38.499, 46.447, 28.512, 40.746
'MAFFT_b0#0067_thH_tree_76_OP_1.9781210467371317_Split_67.fasta', 37.256, 45.203, 27.137, 39.02
'MAFFT_b0#0067_thT_tree_4_OP_1.1542677766261527_Split_67.fasta', 25.788, 33.459, 19.118, 29.129
'MAFFT_b0#0067_ttH_tree_76_OP_1.9781210467371317_Split_67.fasta', 38.499, 46.447, 28.512, 40.746
'MAFFT_b0#0067_ttT_tree_4_OP_1.1542677766261527_Split_67.fasta', 30.041, 38.218, 24.787, 32.567
'MAFFT_b0#0067_ttT_tree_76_OP_1.9781210467371317_Split_67.fasta', 38.499, 46.447, 28.512, 40.746
'MAFFT_b0#0069_htH_tree_20_OP_2.4221981553992458_Split_69.fasta', 28.15, 33.71, 27.069, 31.69
'MAFFT_b0#0069_htH_tree_73_OP_2.973262473304242_Split_69.fasta', 37.002, 44.894, 27.884, 41.174
'MAFFT_b0#0069_htT_tree_20_OP_2.4221981553992458_Split_69.fasta', 28.15, 33.71, 27.069, 31.69
'MAFFT_b0#0069_htT_tree_73_OP_2.973262473304242_Split_69.fasta', 37.002, 44.894, 27.884, 41.174
'MAFFT_b0#0069_thH_tree_20_OP_2.4221981553992458_Split_69.fasta', 28.519, 34.096, 27.369, 31.999
'MAFFT_b0#0069_thH_tree_73_OP_2.973262473304242_Split_69.fasta', 36.652, 44.467, 27.779, 41.105
'MAFFT_b0#0069_thT_tree_20_OP_2.4221981553992458_Split_69.fasta', 28.519, 34.096, 27.369, 31.999
'MAFFT_b0#0069_ttH_tree_73_OP_2.973262473304242_Split_69.fasta', 37.002, 44.894, 27.884, 41.174
'MAFFT_b0#0070_hhH_tree_86_OP_1.7393056698625855_Split_70.fasta', 36.085, 44.087, 28.586, 38.382
'MAFFT_b0#0070_hhT_tree_17_OP_1.818409912056766_Split_70.fasta', 33.561, 41.196, 26.245, 36.044
'MAFFT_b0#0070_htH_tree_86_OP_1.7393056698625855_Split_70.fasta', 35.603, 43.524, 30.866, 37.585
'MAFFT_b0#0070_thH_tree_17_OP_1.818409912056766_Split_70.fasta', 33.947, 41.677, 26.622, 35.77
'MAFFT_b0#0070_thH_tree_86_OP_1.7393056698625855_Split_70.fasta', 36.085, 44.087, 28.586, 38.382
'MAFFT_b0#0070_ttH_tree_17_OP_1.818409912056766_Split_70.fasta', 33.949, 41.678, 26.627, 35.772
'MAFFT_b0#0070_ttT_tree_17_OP_1.818409912056766_Split_70.fasta', 33.949, 41.678, 26.627, 35.772
'MAFFT_b0#0070_ttT_tree_86_OP_1.7393056698625855_Split_70.fasta', 35.603, 43.524, 30.866, 37.585
'MAFFT_b0#0071_thH_tree_83_OP_1.1196527601502904_Split_71.fasta', 38.126, 47.25, 30.818, 41.128
'MAFFT_b0#0071_thT_tree_83_OP_1.1196527601502904_Split_71.fasta', 38.126, 47.25, 30.818, 41.128
'MAFFT_b0#0071_ttH_tree_83_OP_1.1196527601502904_Split_71.fasta', 36.64, 45.397, 31.326, 38.78
'MAFFT_b0#0071_ttT_tree_83_OP_1.1196527601502904_Split_71.fasta', 36.64, 45.397, 31.326, 38.78
'MAFFT_b0#0072_hhH_tree_16_OP_1.904493049197901_Split_72.fasta', 34.254, 42.565, 26.821, 38.188
'MAFFT_b0#0072_hhH_tree_2_OP_2.0780663887168265_Split_72.fasta', 33.528, 39.982, 31.388, 33.919
'MAFFT_b0#0072_htH_tree_2_OP_2.0780663887168265_Split_72.fasta', 32.04, 38.7, 30.459, 32.476
'MAFFT_b0#0072_htT_tree_16_OP_1.904493049197901_Split_72.fasta', 33.202, 41.488, 26.042, 37.217
'MAFFT_b0#0072_htT_tree_2_OP_2.0780663887168265_Split_72.fasta', 32.04, 38.7, 30.459, 32.476
'MAFFT_b0#0072_thH_tree_2_OP_2.0780663887168265_Split_72.fasta', 33.528, 39.982, 31.388, 33.919
'MAFFT_b0#0072_ttH_tree_16_OP_1.904493049197901_Split_72.fasta', 33.202, 41.488, 26.042, 37.217
'MAFFT_b0#0072_ttT_tree_16_OP_1.904493049197901_Split_72.fasta', 33.202, 41.488, 26.042, 37.217
'MAFFT_b0#0073_hhT_tree_96_OP_2.2598618576256135_Split_73.fasta', 41.518, 49.941, 32.647, 43.681
'MAFFT_b0#0073_htH_tree_96_OP_2.2598618576256135_Split_73.fasta', 41.373, 49.799, 32.839, 43.616
'MAFFT_b0#0073_htT_tree_38_OP_1.4036490691810368_Split_73.fasta', 26.488, 32.648, 21.898, 30.427
'MAFFT_b0#0073_htT_tree_96_OP_2.2598618576256135_Split_73.fasta', 41.373, 49.799, 32.839, 43.616
'MAFFT_b0#0073_thT_tree_38_OP_1.4036490691810368_Split_73.fasta', 26.304, 32.482, 21.911, 30.169
'MAFFT_b0#0073_thT_tree_96_OP_2.2598618576256135_Split_73.fasta', 41.518, 49.941, 32.647, 43.681
'MAFFT_b0#0073_ttH_tree_38_OP_1.4036490691810368_Split_73.fasta', 24.828, 30.697, 20.591, 28.381
'MAFFT_b0#0073_ttT_tree_38_OP_1.4036490691810368_Split_73.fasta', 24.828, 30.697, 20.591, 28.381
'MAFFT_b0#0074_hhH_tree_56_OP_1.8151633835449412_Split_74.fasta', 37.751, 46.895, 30.29, 40.921
'MAFFT_b0#0074_hhH_tree_79_OP_1.1319264156945865_Split_74.fasta', 27.594, 34.56, 23.769, 29.97
'MAFFT_b0#0074_htH_tree_56_OP_1.8151633835449412_Split_74.fasta', 37.88, 46.953, 30.227, 41.308
'MAFFT_b0#0074_htT_tree_79_OP_1.1319264156945865_Split_74.fasta', 27.751, 34.807, 24.285, 30.054
'MAFFT_b0#0074_thT_tree_56_OP_1.8151633835449412_Split_74.fasta', 37.751, 46.895, 30.29, 40.921
'MAFFT_b0#0074_ttH_tree_56_OP_1.8151633835449412_Split_74.fasta', 37.88, 46.953, 30.227, 41.308
'MAFFT_b0#0074_ttH_tree_79_OP_1.1319264156945865_Split_74.fasta', 27.751, 34.807, 24.285, 30.054
'MAFFT_b0#0074_ttT_tree_79_OP_1.1319264156945865_Split_74.fasta', 27.751, 34.807, 24.285, 30.054
'MAFFT_b0#0075_hhH_tree_81_OP_1.1314497018902243_Split_75.fasta', 30.919, 39.227, 21.855, 31.755
'MAFFT_b0#0075_hhT_tree_19_OP_1.5848887345678324_Split_75.fasta', 36.243, 44.634, 26.46, 38.31
'MAFFT_b0#0075_htH_tree_19_OP_1.5848887345678324_Split_75.fasta', 36.217, 44.612, 26.431, 38.278
'MAFFT_b0#0075_htH_tree_81_OP_1.1314497018902243_Split_75.fasta', 30.884, 39.192, 21.84, 31.743
'MAFFT_b0#0075_thH_tree_81_OP_1.1314497018902243_Split_75.fasta', 31.1, 39.455, 22.008, 31.931
'MAFFT_b0#0075_thT_tree_19_OP_1.5848887345678324_Split_75.fasta', 35.608, 43.888, 26.898, 37.03
'MAFFT_b0#0075_ttH_tree_19_OP_1.5848887345678324_Split_75.fasta', 35.582, 43.866, 26.866, 36.997
'MAFFT_b0#0075_ttH_tree_81_OP_1.1314497018902243_Split_75.fasta', 31.064, 39.42, 21.993, 31.92
'MAFFT_b0#0077_hhT_tree_15_OP_2.550159221795637_Split_77.fasta', 39.524, 48.037, 30.986, 42.779
'MAFFT_b0#0077_htT_tree_15_OP_2.550159221795637_Split_77.fasta', 36.848, 44.59, 28.603, 39.979
'MAFFT_b0#0077_thH_tree_15_OP_2.550159221795637_Split_77.fasta', 39.524, 48.037, 30.986, 42.779
'MAFFT_b0#0077_thT_tree_15_OP_2.550159221795637_Split_77.fasta', 39.524, 48.037, 30.986, 42.779
'MAFFT_b0#0079_hhH_tree_53_OP_2.8446810696084794_Split_79.fasta', 36.575, 43.933, 31.524, 38.031
'MAFFT_b0#0079_hhT_tree_53_OP_2.8446810696084794_Split_79.fasta', 36.575, 43.933, 31.524, 38.031
'MAFFT_b0#0079_htT_tree_53_OP_2.8446810696084794_Split_79.fasta', 36.52, 43.87, 31.492, 37.965
'MAFFT_b0#0079_ttH_tree_53_OP_2.8446810696084794_Split_79.fasta', 36.459, 43.795, 31.461, 37.852
'MAFFT_b0#0081_hhH_tree_28_OP_2.8015195195451144_Split_81.fasta', 31.548, 39.034, 27.079, 35.94
'MAFFT_b0#0081_hhT_tree_28_OP_2.8015195195451144_Split_81.fasta', 31.548, 39.034, 27.079, 35.94
'MAFFT_b0#0081_htH_tree_70_OP_2.86216121405654_Split_81.fasta', 38.8, 47.174, 34.243, 40.643
'MAFFT_b0#0081_htT_tree_70_OP_2.86216121405654_Split_81.fasta', 38.8, 47.174, 34.243, 40.643
'MAFFT_b0#0081_thH_tree_70_OP_2.86216121405654_Split_81.fasta', 39.464, 47.919, 34.657, 41.043
'MAFFT_b0#0081_thT_tree_28_OP_2.8015195195451144_Split_81.fasta', 31.548, 39.034, 27.079, 35.94
'MAFFT_b0#0081_ttH_tree_28_OP_2.8015195195451144_Split_81.fasta', 32.003, 39.577, 27.712, 36.229
'MAFFT_b0#0081_ttH_tree_70_OP_2.86216121405654_Split_81.fasta', 38.8, 47.174, 34.243, 40.643
'MAFFT_b0#0085_hhH_tree_6_OP_2.614406638642872_Split_85.fasta', 32.171, 38.875, 24.744, 36.473
'MAFFT_b0#0085_htH_tree_6_OP_2.614406638642872_Split_85.fasta', 32.128, 38.825, 24.749, 36.405
'MAFFT_b0#0085_htT_tree_43_OP_1.1593268235540946_Split_85.fasta', 34.167, 42.844, 28.966, 36.273
'MAFFT_b0#0085_htT_tree_6_OP_2.614406638642872_Split_85.fasta', 32.128, 38.825, 24.749, 36.405
'MAFFT_b0#0085_thT_tree_43_OP_1.1593268235540946_Split_85.fasta', 34.686, 43.414, 29.952, 34.504
'MAFFT_b0#0085_thT_tree_6_OP_2.614406638642872_Split_85.fasta', 32.171, 38.875, 24.744, 36.473
'MAFFT_b0#0085_ttH_tree_43_OP_1.1593268235540946_Split_85.fasta', 34.167, 42.844, 28.966, 36.273
'MAFFT_b0#0085_ttT_tree_43_OP_1.1593268235540946_Split_85.fasta', 34.167, 42.844, 28.966, 36.273
'MAFFT_b0#0086_hhH_tree_98_OP_1.0089131553899002_Split_86.fasta', 27.357, 35.669, 22.249, 29.134
'MAFFT_b0#0086_hhT_tree_98_OP_1.0089131553899002_Split_86.fasta', 27.357, 35.669, 22.249, 29.134
'MAFFT_b0#0086_htH_tree_98_OP_1.0089131553899002_Split_86.fasta', 27.269, 35.598, 22.93, 29.539
'MAFFT_b0#0086_thH_tree_98_OP_1.0089131553899002_Split_86.fasta', 27.357, 35.669, 22.249, 29.134
'MAFFT_b0#0088_hhH_tree_24_OP_2.5256879150632905_Split_88.fasta', 34.987, 42.927, 30.391, 36.35
'MAFFT_b0#0088_htH_tree_24_OP_2.5256879150632905_Split_88.fasta', 35.01, 43.021, 30.62, 36.436
'MAFFT_b0#0088_htT_tree_24_OP_2.5256879150632905_Split_88.fasta', 35.01, 43.021, 30.62, 36.436
'MAFFT_b0#0088_thH_tree_24_OP_2.5256879150632905_Split_88.fasta', 34.987, 42.927, 30.391, 36.35
'MAFFT_b0#0089_hhH_tree_3_OP_2.728084439580989_Split_89.fasta', 35.54, 42.807, 31.391, 38.176
'MAFFT_b0#0089_hhT_tree_3_OP_2.728084439580989_Split_89.fasta', 35.54, 42.807, 31.391, 38.176
'MAFFT_b0#0089_htH_tree_3_OP_2.728084439580989_Split_89.fasta', 35.507, 42.697, 32.377, 38.378
'MAFFT_b0#0089_htT_tree_3_OP_2.728084439580989_Split_89.fasta', 35.507, 42.697, 32.377, 38.378
'MAFFT_b0#0091_hhH_tree_58_OP_2.470758940826272_Split_91.fasta', 34.144, 40.795, 25.344, 38.37
'MAFFT_b0#0091_htH_tree_58_OP_2.470758940826272_Split_91.fasta', 34.144, 40.795, 25.344, 38.37
'MAFFT_b0#0091_thH_tree_58_OP_2.470758940826272_Split_91.fasta', 35.645, 42.623, 26.615, 40.151
'MAFFT_b0#0091_thT_tree_58_OP_2.470758940826272_Split_91.fasta', 35.645, 42.623, 26.615, 40.151
'MAFFT_b0#0092_hhH_tree_42_OP_1.3915835484150982_Split_92.fasta', 36.068, 43.366, 31.995, 38.524
'MAFFT_b0#0092_htH_tree_42_OP_1.3915835484150982_Split_92.fasta', 35.453, 42.782, 31.235, 38.26
'MAFFT_b0#0092_thH_tree_42_OP_1.3915835484150982_Split_92.fasta', 36.049, 43.336, 32.008, 38.537
'MAFFT_b0#0092_thT_tree_42_OP_1.3915835484150982_Split_92.fasta', 36.049, 43.336, 32.008, 38.537
'MAFFT_b0#0093_hhH_tree_50_OP_1.9153041649578615_Split_93.fasta', 29.831, 36.83, 24.294, 33.341
'MAFFT_b0#0093_htH_tree_49_OP_1.2895147288295243_Split_93.fasta', 35.177, 44.667, 29.59, 35.355
'MAFFT_b0#0093_htH_tree_50_OP_1.9153041649578615_Split_93.fasta', 33.19, 40.421, 26.229, 36.628
'MAFFT_b0#0093_htT_tree_50_OP_1.9153041649578615_Split_93.fasta', 33.19, 40.421, 26.229, 36.628
'MAFFT_b0#0093_thH_tree_49_OP_1.2895147288295243_Split_93.fasta', 33.779, 42.826, 29.652, 33.904
'MAFFT_b0#0093_thT_tree_49_OP_1.2895147288295243_Split_93.fasta', 33.779, 42.826, 29.652, 33.904
'MAFFT_b0#0093_ttT_tree_49_OP_1.2895147288295243_Split_93.fasta', 33.733, 42.795, 26.958, 34.691
'MAFFT_b0#0093_ttT_tree_50_OP_1.9153041649578615_Split_93.fasta', 32.861, 40.023, 25.806, 36.353
'MAFFT_b0#0094_hhH_tree_61_OP_2.233368308529553_Split_94.fasta', 40.056, 48.352, 30.76, 42.554
'MAFFT_b0#0094_hhT_tree_63_OP_2.7597843575557506_Split_94.fasta', 36.982, 44.667, 30.129, 38.297
'MAFFT_b0#0094_htT_tree_63_OP_2.7597843575557506_Split_94.fasta', 39.117, 46.801, 31.125, 41.912
'MAFFT_b0#0094_thH_tree_61_OP_2.233368308529553_Split_94.fasta', 39.963, 48.239, 30.679, 42.483
'MAFFT_b0#0094_thH_tree_63_OP_2.7597843575557506_Split_94.fasta', 37.389, 45.152, 30.444, 38.704
'MAFFT_b0#0094_thT_tree_61_OP_2.233368308529553_Split_94.fasta', 39.963, 48.239, 30.679, 42.483
'MAFFT_b0#0094_thT_tree_63_OP_2.7597843575557506_Split_94.fasta', 37.389, 45.152, 30.444, 38.704
'MAFFT_b0#0094_ttH_tree_61_OP_2.233368308529553_Split_94.fasta', 39.7, 47.861, 29.729, 42.2
'MAFFT_b0#0095_hhH_tree_36_OP_1.861931102167887_Split_95.fasta', 33.099, 39.654, 27.158, 35.18
'MAFFT_b0#0095_hhT_tree_25_OP_1.0509666088927379_Split_95.fasta', 27.527, 35.208, 21.489, 28.479
'MAFFT_b0#0095_hhT_tree_36_OP_1.861931102167887_Split_95.fasta', 33.099, 39.654, 27.158, 35.18
'MAFFT_b0#0095_htT_tree_25_OP_1.0509666088927379_Split_95.fasta', 27.527, 35.208, 21.489, 28.479
'MAFFT_b0#0095_htT_tree_36_OP_1.861931102167887_Split_95.fasta', 33.099, 39.654, 27.158, 35.18
'MAFFT_b0#0095_thT_tree_25_OP_1.0509666088927379_Split_95.fasta', 27.033, 34.711, 22.625, 27.148
'MAFFT_b0#0095_thT_tree_36_OP_1.861931102167887_Split_95.fasta', 33.057, 39.603, 27.15, 35.121
'MAFFT_b0#0095_ttH_tree_25_OP_1.0509666088927379_Split_95.fasta', 27.033, 34.711, 22.625, 27.148
'MAFFT_b1#0001_hhH_tree_41_OP_1.752396225471006_Split_1.fasta', 20.417, 27.081, 17.686, 22.351
'MAFFT_b1#0001_hhH_tree_68_OP_2.7543395888868245_Split_1.fasta', 26.12, 32.436, 21.549, 28.397
'MAFFT_b1#0001_hhT_tree_41_OP_1.752396225471006_Split_1.fasta', 20.417, 27.081, 17.686, 22.351
'MAFFT_b1#0001_hhT_tree_68_OP_2.7543395888868245_Split_1.fasta', 26.12, 32.436, 21.549, 28.397
'MAFFT_b1#0001_htH_tree_41_OP_1.752396225471006_Split_1.fasta', 21.676, 28.371, 19.329, 23.516
'MAFFT_b1#0001_htH_tree_68_OP_2.7543395888868245_Split_1.fasta', 27.654, 33.983, 23.869, 29.784
'MAFFT_b1#0001_htT_tree_41_OP_1.752396225471006_Split_1.fasta', 21.676, 28.371, 19.329, 23.516
'MAFFT_b1#0001_htT_tree_68_OP_2.7543395888868245_Split_1.fasta', 27.654, 33.983, 23.869, 29.784
'MAFFT_b1#0003_hhH_tree_7_OP_2.423506546963713_Split_3.fasta', 37.29, 45.016, 28.961, 39.754
'MAFFT_b1#0003_hhT_tree_7_OP_2.423506546963713_Split_3.fasta', 37.29, 45.016, 28.961, 39.754
'MAFFT_b1#0003_htH_tree_7_OP_2.423506546963713_Split_3.fasta', 39.391, 47.176, 29.506, 41.409
'MAFFT_b1#0003_htT_tree_7_OP_2.423506546963713_Split_3.fasta', 39.391, 47.176, 29.506, 41.409
'MAFFT_b1#0006_hhH_tree_12_OP_2.973153388725351_Split_6.fasta', 36.892, 44.509, 26.47, 40.157
'MAFFT_b1#0006_hhH_tree_82_OP_2.6007870123262946_Split_6.fasta', 40.658, 49.715, 36.843, 41.694
'MAFFT_b1#0006_hhT_tree_12_OP_2.973153388725351_Split_6.fasta', 36.892, 44.509, 26.47, 40.157
'MAFFT_b1#0006_hhT_tree_82_OP_2.6007870123262946_Split_6.fasta', 40.658, 49.715, 36.843, 41.694
'MAFFT_b1#0006_htH_tree_12_OP_2.973153388725351_Split_6.fasta', 37.251, 44.967, 26.717, 40.486
'MAFFT_b1#0006_htH_tree_82_OP_2.6007870123262946_Split_6.fasta', 39.601, 48.784, 34.157, 41.862
'MAFFT_b1#0006_htT_tree_12_OP_2.973153388725351_Split_6.fasta', 37.251, 44.967, 26.717, 40.486
'MAFFT_b1#0006_htT_tree_82_OP_2.6007870123262946_Split_6.fasta', 39.601, 48.784, 34.157, 41.862
'MAFFT_b1#0007_hhH_tree_40_OP_1.431276692692299_Split_7.fasta', 37.399, 46.227, 27.778, 40.183
'MAFFT_b1#0007_hhT_tree_40_OP_1.431276692692299_Split_7.fasta', 37.399, 46.227, 27.778, 40.183
'MAFFT_b1#0007_htH_tree_40_OP_1.431276692692299_Split_7.fasta', 37.519, 46.421, 28.022, 40.397
'MAFFT_b1#0007_htT_tree_40_OP_1.431276692692299_Split_7.fasta', 37.519, 46.421, 28.022, 40.397
'MAFFT_b1#0008_hhH_tree_29_OP_1.1774471868850718_Split_8.fasta', 29.635, 36.033, 22.508, 31.429
'MAFFT_b1#0008_hhT_tree_29_OP_1.1774471868850718_Split_8.fasta', 29.635, 36.033, 22.508, 31.429
'MAFFT_b1#0008_htH_tree_29_OP_1.1774471868850718_Split_8.fasta', 29.638, 36.037, 22.508, 31.429
'MAFFT_b1#0008_htT_tree_29_OP_1.1774471868850718_Split_8.fasta', 29.638, 36.037, 22.508, 31.429
'MAFFT_b1#0010_hhH_tree_48_OP_1.0349214069593133_Split_10.fasta', 29.998, 38.464, 23.822, 31.367
'MAFFT_b1#0010_hhH_tree_51_OP_1.018044877173671_Split_10.fasta', 31.775, 39.943, 26.189, 34.404
'MAFFT_b1#0010_hhT_tree_48_OP_1.0349214069593133_Split_10.fasta', 29.998, 38.464, 23.822, 31.367
'MAFFT_b1#0010_hhT_tree_51_OP_1.018044877173671_Split_10.fasta', 31.775, 39.943, 26.189, 34.404
'MAFFT_b1#0010_htH_tree_48_OP_1.0349214069593133_Split_10.fasta', 28.843, 36.777, 21.726, 31.436
'MAFFT_b1#0010_htH_tree_51_OP_1.018044877173671_Split_10.fasta', 29.53, 37.593, 24.116, 31.683
'MAFFT_b1#0010_htT_tree_48_OP_1.0349214069593133_Split_10.fasta', 28.843, 36.777, 21.726, 31.436
'MAFFT_b1#0010_htT_tree_51_OP_1.018044877173671_Split_10.fasta', 29.53, 37.593, 24.116, 31.683
'MAFFT_b1#0011_hhH_tree_84_OP_2.680201119072135_Split_11.fasta', 31.631, 38.892, 23.383, 36.6
'MAFFT_b1#0011_hhT_tree_84_OP_2.680201119072135_Split_11.fasta', 31.631, 38.892, 23.383, 36.6
'MAFFT_b1#0011_htH_tree_84_OP_2.680201119072135_Split_11.fasta', 33.044, 40.501, 26.291, 36.534
'MAFFT_b1#0011_htT_tree_84_OP_2.680201119072135_Split_11.fasta', 33.044, 40.501, 26.291, 36.534
'MAFFT_b1#0012_hhH_tree_62_OP_2.4330105528955412_Split_12.fasta', 32.271, 38.735, 25.09, 35.689
'MAFFT_b1#0012_hhT_tree_62_OP_2.4330105528955412_Split_12.fasta', 32.271, 38.735, 25.09, 35.689
'MAFFT_b1#0012_htH_tree_62_OP_2.4330105528955412_Split_12.fasta', 31.895, 38.253, 28.965, 34.825
'MAFFT_b1#0012_htT_tree_62_OP_2.4330105528955412_Split_12.fasta', 31.895, 38.253, 28.965, 34.825
'MAFFT_b1#0014_hhH_tree_44_OP_2.639288724484837_Split_14.fasta', 38.593, 46.763, 32.167, 41.338
'MAFFT_b1#0014_hhH_tree_67_OP_1.9260663748429023_Split_14.fasta', 37.359, 45.507, 27.671, 41.407
'MAFFT_b1#0014_hhT_tree_44_OP_2.639288724484837_Split_14.fasta', 38.593, 46.763, 32.167, 41.338
'MAFFT_b1#0014_hhT_tree_67_OP_1.9260663748429023_Split_14.fasta', 37.359, 45.507, 27.671, 41.407
'MAFFT_b1#0014_htH_tree_44_OP_2.639288724484837_Split_14.fasta', 38.984, 47.237, 32.445, 41.736
'MAFFT_b1#0014_htH_tree_67_OP_1.9260663748429023_Split_14.fasta', 36.647, 44.46, 31.773, 41.041
'MAFFT_b1#0014_htT_tree_44_OP_2.639288724484837_Split_14.fasta', 38.984, 47.237, 32.445, 41.736
'MAFFT_b1#0014_htT_tree_67_OP_1.9260663748429023_Split_14.fasta', 36.647, 44.46, 31.773, 41.041
'MAFFT_b1#0016_hhH_tree_33_OP_2.3139125348148384_Split_16.fasta', 32.787, 40.583, 29.562, 35.992
'MAFFT_b1#0016_hhT_tree_33_OP_2.3139125348148384_Split_16.fasta', 32.787, 40.583, 29.562, 35.992
'MAFFT_b1#0016_htH_tree_33_OP_2.3139125348148384_Split_16.fasta', 32.943, 40.786, 30.653, 36.994
'MAFFT_b1#0016_htT_tree_33_OP_2.3139125348148384_Split_16.fasta', 32.943, 40.786, 30.653, 36.994
'MAFFT_b1#0017_hhH_tree_45_OP_2.295265953595705_Split_17.fasta', 30.956, 37.158, 24.764, 34.913
'MAFFT_b1#0017_hhH_tree_90_OP_2.1610607075340664_Split_17.fasta', 37.85, 45.612, 32.365, 39.043
'MAFFT_b1#0017_hhT_tree_45_OP_2.295265953595705_Split_17.fasta', 30.956, 37.158, 24.764, 34.913
'MAFFT_b1#0017_hhT_tree_90_OP_2.1610607075340664_Split_17.fasta', 37.85, 45.612, 32.365, 39.043
'MAFFT_b1#0017_htH_tree_45_OP_2.295265953595705_Split_17.fasta', 29.436, 35.331, 24.408, 33.139
'MAFFT_b1#0017_htH_tree_90_OP_2.1610607075340664_Split_17.fasta', 37.549, 45.219, 32.159, 38.549
'MAFFT_b1#0017_htT_tree_45_OP_2.295265953595705_Split_17.fasta', 29.436, 35.331, 24.408, 33.139
'MAFFT_b1#0017_htT_tree_90_OP_2.1610607075340664_Split_17.fasta', 37.549, 45.219, 32.159, 38.549
'MAFFT_b1#0019_hhH_tree_54_OP_1.6636194832224898_Split_19.fasta', 33.754, 41.701, 26.588, 36.664
'MAFFT_b1#0019_hhH_tree_94_OP_2.5553791369687318_Split_19.fasta', 34.586, 41.485, 30.621, 35.357
'MAFFT_b1#0019_hhT_tree_54_OP_1.6636194832224898_Split_19.fasta', 33.754, 41.701, 26.588, 36.664
'MAFFT_b1#0019_hhT_tree_94_OP_2.5553791369687318_Split_19.fasta', 34.586, 41.485, 30.621, 35.357
'MAFFT_b1#0019_htH_tree_54_OP_1.6636194832224898_Split_19.fasta', 33.726, 41.695, 26.55, 36.592
'MAFFT_b1#0019_htH_tree_94_OP_2.5553791369687318_Split_19.fasta', 34.826, 41.772, 30.84, 35.582
'MAFFT_b1#0019_htT_tree_54_OP_1.6636194832224898_Split_19.fasta', 33.726, 41.695, 26.55, 36.592
'MAFFT_b1#0019_htT_tree_94_OP_2.5553791369687318_Split_19.fasta', 34.826, 41.772, 30.84, 35.582
'MAFFT_b1#0022_hhH_tree_39_OP_1.522040361295851_Split_22.fasta', 37.079, 45.732, 30.642, 41.352
'MAFFT_b1#0022_hhH_tree_64_OP_2.935413362566628_Split_22.fasta', 37.75, 45.503, 26.414, 41.013
'MAFFT_b1#0022_hhT_tree_39_OP_1.522040361295851_Split_22.fasta', 37.079, 45.732, 30.642, 41.352
'MAFFT_b1#0022_hhT_tree_64_OP_2.935413362566628_Split_22.fasta', 37.75, 45.503, 26.414, 41.013
'MAFFT_b1#0022_htH_tree_39_OP_1.522040361295851_Split_22.fasta', 36.507, 45.14, 32.394, 38.905
'MAFFT_b1#0022_htH_tree_64_OP_2.935413362566628_Split_22.fasta', 38.101, 45.942, 26.685, 41.433
'MAFFT_b1#0022_htT_tree_39_OP_1.522040361295851_Split_22.fasta', 36.507, 45.14, 32.394, 38.905
'MAFFT_b1#0022_htT_tree_64_OP_2.935413362566628_Split_22.fasta', 38.101, 45.942, 26.685, 41.433
'MAFFT_b1#0024_hhH_tree_34_OP_2.407510533391993_Split_24.fasta', 33.471, 41.068, 29.4, 34.797
'MAFFT_b1#0024_hhT_tree_34_OP_2.407510533391993_Split_24.fasta', 33.471, 41.068, 29.4, 34.797
'MAFFT_b1#0024_htH_tree_34_OP_2.407510533391993_Split_24.fasta', 32.632, 39.809, 28.587, 33.704
'MAFFT_b1#0024_htT_tree_34_OP_2.407510533391993_Split_24.fasta', 32.632, 39.809, 28.587, 33.704
'MAFFT_b1#0025_hhH_tree_59_OP_2.170731131311491_Split_25.fasta', 36.078, 44.385, 29.319, 39.838
'MAFFT_b1#0025_hhH_tree_85_OP_2.480824599307775_Split_25.fasta', 34.567, 42.736, 29.782, 37.747
'MAFFT_b1#0025_hhT_tree_59_OP_2.170731131311491_Split_25.fasta', 36.078, 44.385, 29.319, 39.838
'MAFFT_b1#0025_hhT_tree_85_OP_2.480824599307775_Split_25.fasta', 34.567, 42.736, 29.782, 37.747
'MAFFT_b1#0025_htH_tree_59_OP_2.170731131311491_Split_25.fasta', 35.499, 43.642, 28.544, 39.358
'MAFFT_b1#0025_htH_tree_85_OP_2.480824599307775_Split_25.fasta', 34.945, 43.171, 30.111, 38.012
'MAFFT_b1#0025_htT_tree_59_OP_2.170731131311491_Split_25.fasta', 35.499, 43.642, 28.544, 39.358
'MAFFT_b1#0025_htT_tree_85_OP_2.480824599307775_Split_25.fasta', 34.945, 43.171, 30.111, 38.012
'MAFFT_b1#0026_hhH_tree_21_OP_2.1310205653910055_Split_26.fasta', 28.675, 35.379, 26.188, 29.833
'MAFFT_b1#0026_hhH_tree_80_OP_2.5217903856188704_Split_26.fasta', 35.287, 43.303, 30.81, 39.393
'MAFFT_b1#0026_hhT_tree_21_OP_2.1310205653910055_Split_26.fasta', 28.675, 35.379, 26.188, 29.833
'MAFFT_b1#0026_hhT_tree_80_OP_2.5217903856188704_Split_26.fasta', 35.287, 43.303, 30.81, 39.393
'MAFFT_b1#0026_htH_tree_21_OP_2.1310205653910055_Split_26.fasta', 29.043, 35.802, 25.464, 30.443
'MAFFT_b1#0026_htH_tree_80_OP_2.5217903856188704_Split_26.fasta', 35.623, 43.714, 31.057, 39.716
'MAFFT_b1#0026_htT_tree_21_OP_2.1310205653910055_Split_26.fasta', 29.043, 35.802, 25.464, 30.443
'MAFFT_b1#0026_htT_tree_80_OP_2.5217903856188704_Split_26.fasta', 35.623, 43.714, 31.057, 39.716
'MAFFT_b1#0027_hhH_tree_10_OP_1.9679388553310329_Split_27.fasta', 36.403, 44.841, 29.13, 38.98
'MAFFT_b1#0027_hhT_tree_10_OP_1.9679388553310329_Split_27.fasta', 36.403, 44.841, 29.13, 38.98
'MAFFT_b1#0027_htH_tree_10_OP_1.9679388553310329_Split_27.fasta', 36.371, 44.815, 30.949, 36.57
'MAFFT_b1#0027_htT_tree_10_OP_1.9679388553310329_Split_27.fasta', 36.371, 44.815, 30.949, 36.57
'MAFFT_b1#0028_hhH_tree_66_OP_2.9673947251158412_Split_28.fasta', 35.136, 42.46, 30.035, 38.055
'MAFFT_b1#0028_hhT_tree_66_OP_2.9673947251158412_Split_28.fasta', 35.136, 42.46, 30.035, 38.055
'MAFFT_b1#0028_htH_tree_66_OP_2.9673947251158412_Split_28.fasta', 33.966, 41.011, 25.07, 37.413
'MAFFT_b1#0028_htT_tree_66_OP_2.9673947251158412_Split_28.fasta', 33.966, 41.011, 25.07, 37.413
'MAFFT_b1#0029_hhH_tree_27_OP_1.6859321025856457_Split_29.fasta', 33.75, 40.697, 29.484, 35.885
'MAFFT_b1#0029_hhT_tree_27_OP_1.6859321025856457_Split_29.fasta', 33.75, 40.697, 29.484, 35.885
'MAFFT_b1#0029_htH_tree_27_OP_1.6859321025856457_Split_29.fasta', 32.642, 39.36, 29.311, 34.484
'MAFFT_b1#0029_htT_tree_27_OP_1.6859321025856457_Split_29.fasta', 32.642, 39.36, 29.311, 34.484
'MAFFT_b1#0031_hhH_tree_23_OP_2.940403370408288_Split_31.fasta', 31.354, 38.736, 27.574, 36.343
'MAFFT_b1#0031_hhH_tree_78_OP_1.9842214843426838_Split_31.fasta', 27.641, 34.033, 20.324, 27.879
'MAFFT_b1#0031_hhT_tree_23_OP_2.940403370408288_Split_31.fasta', 31.354, 38.736, 27.574, 36.343
'MAFFT_b1#0031_hhT_tree_78_OP_1.9842214843426838_Split_31.fasta', 27.641, 34.033, 20.324, 27.879
'MAFFT_b1#0031_htH_tree_23_OP_2.940403370408288_Split_31.fasta', 32.467, 39.961, 28.391, 37.185
'MAFFT_b1#0031_htH_tree_78_OP_1.9842214843426838_Split_31.fasta', 28.179, 34.614, 20.269, 28.344
'MAFFT_b1#0031_htT_tree_23_OP_2.940403370408288_Split_31.fasta', 32.467, 39.961, 28.391, 37.185
'MAFFT_b1#0031_htT_tree_78_OP_1.9842214843426838_Split_31.fasta', 28.179, 34.614, 20.269, 28.344
'MAFFT_b1#0035_hhH_tree_71_OP_2.3680950705345123_Split_35.fasta', 36.959, 45.341, 29.471, 39.154
'MAFFT_b1#0035_hhH_tree_75_OP_2.4023709813773846_Split_35.fasta', 35.929, 43.446, 33.081, 38.312
'MAFFT_b1#0035_hhH_tree_9_OP_1.5653274151471246_Split_35.fasta', 31.327, 38.803, 22.733, 35.493
'MAFFT_b1#0035_hhT_tree_71_OP_2.3680950705345123_Split_35.fasta', 36.959, 45.341, 29.471, 39.154
'MAFFT_b1#0035_hhT_tree_75_OP_2.4023709813773846_Split_35.fasta', 35.929, 43.446, 33.081, 38.312
'MAFFT_b1#0035_hhT_tree_9_OP_1.5653274151471246_Split_35.fasta', 31.327, 38.803, 22.733, 35.493
'MAFFT_b1#0035_htH_tree_71_OP_2.3680950705345123_Split_35.fasta', 36.933, 45.317, 29.441, 39.122
'MAFFT_b1#0035_htH_tree_75_OP_2.4023709813773846_Split_35.fasta', 35.937, 43.453, 33.09, 38.32
'MAFFT_b1#0035_htH_tree_9_OP_1.5653274151471246_Split_35.fasta', 33.318, 40.499, 27.226, 36.112
'MAFFT_b1#0035_htT_tree_71_OP_2.3680950705345123_Split_35.fasta', 36.933, 45.317, 29.441, 39.122
'MAFFT_b1#0035_htT_tree_75_OP_2.4023709813773846_Split_35.fasta', 35.937, 43.453, 33.09, 38.32
'MAFFT_b1#0035_htT_tree_9_OP_1.5653274151471246_Split_35.fasta', 33.318, 40.499, 27.226, 36.112
'MAFFT_b1#0036_hhH_tree_69_OP_2.9824622002885617_Split_36.fasta', 34.834, 42.609, 25.629, 36.683
'MAFFT_b1#0036_hhH_tree_74_OP_2.943304477827338_Split_36.fasta', 33.614, 41.063, 26.798, 36.954
'MAFFT_b1#0036_hhH_tree_91_OP_2.3523277060939405_Split_36.fasta', 33.325, 40.094, 30.33, 36.133
'MAFFT_b1#0036_hhT_tree_69_OP_2.9824622002885617_Split_36.fasta', 34.834, 42.609, 25.629, 36.683
'MAFFT_b1#0036_hhT_tree_74_OP_2.943304477827338_Split_36.fasta', 33.614, 41.063, 26.798, 36.954
'MAFFT_b1#0036_hhT_tree_91_OP_2.3523277060939405_Split_36.fasta', 33.325, 40.094, 30.33, 36.133
'MAFFT_b1#0036_htH_tree_69_OP_2.9824622002885617_Split_36.fasta', 35.518, 43.437, 27.504, 36.964
'MAFFT_b1#0036_htH_tree_74_OP_2.943304477827338_Split_36.fasta', 34.266, 41.811, 29.342, 36.736
'MAFFT_b1#0036_htH_tree_91_OP_2.3523277060939405_Split_36.fasta', 33.634, 40.51, 30.519, 36.292
'MAFFT_b1#0036_htT_tree_69_OP_2.9824622002885617_Split_36.fasta', 35.518, 43.437, 27.504, 36.964
'MAFFT_b1#0036_htT_tree_74_OP_2.943304477827338_Split_36.fasta', 34.266, 41.811, 29.342, 36.736
'MAFFT_b1#0036_htT_tree_91_OP_2.3523277060939405_Split_36.fasta', 33.634, 40.51, 30.519, 36.292
'MAFFT_b1#0037_hhH_tree_46_OP_2.5904987735791676_Split_37.fasta', 36.673, 43.789, 30.591, 38.786
'MAFFT_b1#0037_hhH_tree_65_OP_1.3986977410996977_Split_37.fasta', 38.481, 47.713, 29.595, 42.757
'MAFFT_b1#0037_hhT_tree_46_OP_2.5904987735791676_Split_37.fasta', 36.673, 43.789, 30.591, 38.786
'MAFFT_b1#0037_hhT_tree_65_OP_1.3986977410996977_Split_37.fasta', 38.481, 47.713, 29.595, 42.757
'MAFFT_b1#0037_htH_tree_46_OP_2.5904987735791676_Split_37.fasta', 35.916, 42.792, 28.877, 38.892
'MAFFT_b1#0037_htH_tree_65_OP_1.3986977410996977_Split_37.fasta', 38.363, 47.587, 29.533, 42.616
'MAFFT_b1#0037_htT_tree_46_OP_2.5904987735791676_Split_37.fasta', 35.916, 42.792, 28.877, 38.892
'MAFFT_b1#0037_htT_tree_65_OP_1.3986977410996977_Split_37.fasta', 38.363, 47.587, 29.533, 42.616
'MAFFT_b1#0039_hhH_tree_22_OP_1.0333726057419617_Split_39.fasta', 38.924, 48.152, 28.532, 41.734
'MAFFT_b1#0039_hhT_tree_22_OP_1.0333726057419617_Split_39.fasta', 38.924, 48.152, 28.532, 41.734
'MAFFT_b1#0039_htH_tree_22_OP_1.0333726057419617_Split_39.fasta', 37.884, 46.829, 33.862, 39.404
'MAFFT_b1#0039_htT_tree_22_OP_1.0333726057419617_Split_39.fasta', 37.884, 46.829, 33.862, 39.404
'MAFFT_b1#0041_hhH_tree_31_OP_2.371648195541206_Split_41.fasta', 34.453, 42.269, 25.61, 38.938
'MAFFT_b1#0041_hhH_tree_8_OP_2.990366431633018_Split_41.fasta', 39.703, 47.736, 33.733, 43.509
'MAFFT_b1#0041_hhT_tree_31_OP_2.371648195541206_Split_41.fasta', 34.453, 42.269, 25.61, 38.938
'MAFFT_b1#0041_hhT_tree_8_OP_2.990366431633018_Split_41.fasta', 39.703, 47.736, 33.733, 43.509
'MAFFT_b1#0041_htH_tree_31_OP_2.371648195541206_Split_41.fasta', 34.802, 42.679, 26.002, 39.235
'MAFFT_b1#0041_htH_tree_8_OP_2.990366431633018_Split_41.fasta', 39.774, 47.793, 33.825, 43.582
'MAFFT_b1#0041_htT_tree_31_OP_2.371648195541206_Split_41.fasta', 34.802, 42.679, 26.002, 39.235
'MAFFT_b1#0041_htT_tree_8_OP_2.990366431633018_Split_41.fasta', 39.774, 47.793, 33.825, 43.582
'MAFFT_b1#0042_hhH_tree_92_OP_1.133352346367843_Split_42.fasta', 29.882, 37.625, 21.909, 32.313
'MAFFT_b1#0042_hhT_tree_92_OP_1.133352346367843_Split_42.fasta', 29.882, 37.625, 21.909, 32.313
'MAFFT_b1#0042_htH_tree_92_OP_1.133352346367843_Split_42.fasta', 29.872, 37.505, 25.13, 29.55
'MAFFT_b1#0042_htT_tree_92_OP_1.133352346367843_Split_42.fasta', 29.872, 37.505, 25.13, 29.55
'MAFFT_b1#0043_hhH_tree_95_OP_2.498402958697362_Split_43.fasta', 42.446, 51.358, 37.835, 43.851
'MAFFT_b1#0043_hhT_tree_95_OP_2.498402958697362_Split_43.fasta', 42.446, 51.358, 37.835, 43.851
'MAFFT_b1#0043_htH_tree_95_OP_2.498402958697362_Split_43.fasta', 41.518, 50.218, 36.772, 42.395
'MAFFT_b1#0043_htT_tree_95_OP_2.498402958697362_Split_43.fasta', 41.518, 50.218, 36.772, 42.395
'MAFFT_b1#0044_hhH_tree_14_OP_1.7440813830902329_Split_44.fasta', 25.496, 32.174, 21.035, 28.402
'MAFFT_b1#0044_hhH_tree_52_OP_2.165361006866358_Split_44.fasta', 37.304, 45.594, 31.834, 39.905
'MAFFT_b1#0044_hhT_tree_14_OP_1.7440813830902329_Split_44.fasta', 25.496, 32.174, 21.035, 28.402
'MAFFT_b1#0044_hhT_tree_52_OP_2.165361006866358_Split_44.fasta', 37.304, 45.594, 31.834, 39.905
'MAFFT_b1#0044_htH_tree_14_OP_1.7440813830902329_Split_44.fasta', 25.466, 32.149, 20.986, 28.355
'MAFFT_b1#0044_htH_tree_52_OP_2.165361006866358_Split_44.fasta', 37.443, 45.882, 31.879, 40.04
'MAFFT_b1#0044_htT_tree_14_OP_1.7440813830902329_Split_44.fasta', 25.466, 32.149, 20.986, 28.355
'MAFFT_b1#0044_htT_tree_52_OP_2.165361006866358_Split_44.fasta', 37.443, 45.882, 31.879, 40.04
'MSA.BALIPHY.aln.best.23410.fas', 41.176, 50.402, 35.353, 43.002
'MSA.MAFFT.aln.With_Names', 42.99, 52.087, 33.369, 46.394
'MSA.MUSCLE.aln.best.23410.fas', 39.07, 45.255, 35.081, 37.816
'MSA.PRANK.aln.With_Names', 26.088, 32.764, 20.467, 27.736
'MUSCLE_diversified_replicate.abc.1.afa', 37.217, 44.994, 30.19, 37.395
'MUSCLE_diversified_replicate.abc.101.afa', 32.834, 40.364, 27.481, 32.42
'MUSCLE_diversified_replicate.abc.105.afa', 35.546, 42.994, 30.035, 36.618
'MUSCLE_diversified_replicate.abc.109.afa', 40.039, 47.475, 35.261, 40.749
'MUSCLE_diversified_replicate.abc.113.afa', 40.377, 47.924, 36.154, 41.312
'MUSCLE_diversified_replicate.abc.117.afa', 34.934, 42.761, 28.851, 34.917
'MUSCLE_diversified_replicate.abc.121.afa', 35.526, 43.349, 31.044, 36.3
'MUSCLE_diversified_replicate.abc.125.afa', 36.421, 43.913, 31.912, 36.069
'MUSCLE_diversified_replicate.abc.129.afa', 36.331, 44.132, 31.017, 36.747
'MUSCLE_diversified_replicate.abc.13.afa', 38.529, 46.008, 33.206, 37.439
'MUSCLE_diversified_replicate.abc.133.afa', 41.812, 49.655, 35.686, 43.197
'MUSCLE_diversified_replicate.abc.137.afa', 33.763, 41.393, 28.417, 33.21
'MUSCLE_diversified_replicate.abc.141.afa', 32.841, 40.144, 28.859, 32.988
'MUSCLE_diversified_replicate.abc.145.afa', 35.94, 43.412, 32.131, 36.086
'MUSCLE_diversified_replicate.abc.149.afa', 39.903, 47.824, 34.159, 41.415
'MUSCLE_diversified_replicate.abc.153.afa', 35.792, 43.194, 30.167, 35.901
'MUSCLE_diversified_replicate.abc.157.afa', 31.33, 38.7, 26.278, 32.13
'MUSCLE_diversified_replicate.abc.161.afa', 38.601, 45.635, 34.471, 39.193
'MUSCLE_diversified_replicate.abc.165.afa', 34.251, 41.96, 29.56, 35.426
'MUSCLE_diversified_replicate.abc.169.afa', 37.196, 44.501, 31.853, 37.468
'MUSCLE_diversified_replicate.abc.17.afa', 37.707, 44.764, 34.213, 38.405
'MUSCLE_diversified_replicate.abc.173.afa', 37.264, 44.672, 31.773, 36.664
'MUSCLE_diversified_replicate.abc.177.afa', 35.033, 42.73, 29.558, 35.632
'MUSCLE_diversified_replicate.abc.181.afa', 37.074, 44.545, 32.014, 37.462
'MUSCLE_diversified_replicate.abc.185.afa', 34.083, 41.653, 29.356, 34.853
'MUSCLE_diversified_replicate.abc.189.afa', 33.974, 41.719, 28.704, 35.828
'MUSCLE_diversified_replicate.abc.193.afa', 34.432, 42.074, 28.704, 34.659
'MUSCLE_diversified_replicate.abc.197.afa', 36.452, 43.789, 31.621, 36.057
'MUSCLE_diversified_replicate.abc.201.afa', 37.113, 44.85, 30.596, 37.143
'MUSCLE_diversified_replicate.abc.205.afa', 38.012, 45.795, 31.756, 38.147
'MUSCLE_diversified_replicate.abc.209.afa', 35.763, 43.235, 30.649, 36.347
'MUSCLE_diversified_replicate.abc.21.afa', 33.719, 41.019, 29.986, 34.737
'MUSCLE_diversified_replicate.abc.213.afa', 35.768, 42.107, 32.402, 37.03
'MUSCLE_diversified_replicate.abc.217.afa', 37.566, 45.458, 31.508, 38.028
'MUSCLE_diversified_replicate.abc.221.afa', 38.338, 45.711, 32.224, 38.625
'MUSCLE_diversified_replicate.abc.225.afa', 33.734, 41.438, 28.776, 33.743
'MUSCLE_diversified_replicate.abc.229.afa', 33.279, 40.349, 28.504, 34.589
'MUSCLE_diversified_replicate.abc.233.afa', 35.881, 42.82, 32.089, 36.762
'MUSCLE_diversified_replicate.abc.237.afa', 32.482, 39.758, 28.312, 33.675
'MUSCLE_diversified_replicate.abc.241.afa', 36.358, 43.724, 30.584, 36.741
'MUSCLE_diversified_replicate.abc.245.afa', 34.001, 41.426, 28.727, 34.017
'MUSCLE_diversified_replicate.abc.249.afa', 36.007, 43.879, 30.477, 36.447
'MUSCLE_diversified_replicate.abc.25.afa', 28.509, 31.613, 24.798, 25.853
'MUSCLE_diversified_replicate.abc.253.afa', 38.434, 45.409, 34.524, 39.639
'MUSCLE_diversified_replicate.abc.257.afa', 37.654, 45.25, 31.354, 37.126
'MUSCLE_diversified_replicate.abc.261.afa', 31.912, 39.0, 27.075, 33.065
'MUSCLE_diversified_replicate.abc.265.afa', 34.431, 41.847, 29.323, 35.076
'MUSCLE_diversified_replicate.abc.269.afa', 37.819, 45.536, 32.218, 38.272
'MUSCLE_diversified_replicate.abc.273.afa', 32.723, 39.987, 28.935, 34.153
'MUSCLE_diversified_replicate.abc.277.afa', 33.041, 40.551, 28.273, 33.568
'MUSCLE_diversified_replicate.abc.281.afa', 34.341, 42.249, 29.271, 34.784
'MUSCLE_diversified_replicate.abc.285.afa', 37.366, 45.438, 30.054, 38.022
'MUSCLE_diversified_replicate.abc.289.afa', 37.33, 45.17, 33.491, 37.36
'MUSCLE_diversified_replicate.abc.29.afa', 32.771, 39.632, 28.775, 33.549
'MUSCLE_diversified_replicate.abc.293.afa', 37.121, 44.641, 31.869, 37.217
'MUSCLE_diversified_replicate.abc.297.afa', 36.339, 43.715, 32.171, 36.014
'MUSCLE_diversified_replicate.abc.301.afa', 29.932, 35.879, 25.482, 28.447
'MUSCLE_diversified_replicate.abc.305.afa', 36.93, 44.489, 31.523, 37.254
'MUSCLE_diversified_replicate.abc.309.afa', 36.018, 44.229, 30.56, 37.25
'MUSCLE_diversified_replicate.abc.313.afa', 32.047, 39.483, 27.737, 33.577
'MUSCLE_diversified_replicate.abc.317.afa', 31.068, 38.215, 26.122, 32.083
'MUSCLE_diversified_replicate.abc.321.afa', 38.266, 46.141, 33.254, 37.353
'MUSCLE_diversified_replicate.abc.325.afa', 35.493, 43.064, 30.472, 36.039
'MUSCLE_diversified_replicate.abc.329.afa', 33.094, 40.74, 28.426, 33.597
'MUSCLE_diversified_replicate.abc.33.afa', 34.652, 42.444, 29.405, 35.516
'MUSCLE_diversified_replicate.abc.333.afa', 41.607, 49.338, 37.469, 42.586
'MUSCLE_diversified_replicate.abc.337.afa', 39.322, 46.764, 34.613, 40.763
'MUSCLE_diversified_replicate.abc.341.afa', 32.502, 39.449, 28.023, 33.108
'MUSCLE_diversified_replicate.abc.345.afa', 40.137, 48.011, 34.15, 42.019
'MUSCLE_diversified_replicate.abc.349.afa', 38.248, 46.187, 32.833, 37.703
'MUSCLE_diversified_replicate.abc.353.afa', 34.825, 42.595, 29.936, 35.609
'MUSCLE_diversified_replicate.abc.357.afa', 36.749, 44.163, 31.065, 37.15
'MUSCLE_diversified_replicate.abc.361.afa', 34.169, 41.341, 29.767, 35.238
'MUSCLE_diversified_replicate.abc.365.afa', 36.113, 44.068, 29.267, 36.908
'MUSCLE_diversified_replicate.abc.369.afa', 35.89, 43.143, 30.695, 36.134
'MUSCLE_diversified_replicate.abc.37.afa', 36.969, 44.744, 30.187, 36.842
'MUSCLE_diversified_replicate.abc.373.afa', 38.208, 46.135, 32.567, 38.894
'MUSCLE_diversified_replicate.abc.377.afa', 35.397, 42.85, 30.523, 35.766
'MUSCLE_diversified_replicate.abc.381.afa', 33.763, 40.903, 29.079, 34.182
'MUSCLE_diversified_replicate.abc.385.afa', 38.965, 46.96, 32.745, 38.963
'MUSCLE_diversified_replicate.abc.389.afa', 32.873, 40.195, 28.521, 33.215
'MUSCLE_diversified_replicate.abc.393.afa', 37.155, 44.53, 31.695, 37.431
'MUSCLE_diversified_replicate.abc.397.afa', 37.399, 44.715, 31.357, 37.27
'MUSCLE_diversified_replicate.abc.41.afa', 33.071, 40.335, 29.164, 33.864
'MUSCLE_diversified_replicate.abc.45.afa', 38.88, 46.225, 35.21, 40.491
'MUSCLE_diversified_replicate.abc.49.afa', 37.28, 44.839, 32.471, 37.693
'MUSCLE_diversified_replicate.abc.5.afa', 37.033, 44.778, 30.793, 37.078
'MUSCLE_diversified_replicate.abc.53.afa', 32.792, 39.836, 28.898, 33.485
'MUSCLE_diversified_replicate.abc.57.afa', 36.713, 44.64, 32.459, 37.47
'MUSCLE_diversified_replicate.abc.61.afa', 40.891, 48.704, 36.066, 42.223
'MUSCLE_diversified_replicate.abc.65.afa', 36.797, 44.447, 32.369, 35.848
'MUSCLE_diversified_replicate.abc.69.afa', 30.069, 36.8, 26.903, 30.939
'MUSCLE_diversified_replicate.abc.73.afa', 35.175, 42.957, 30.479, 35.89
'MUSCLE_diversified_replicate.abc.77.afa', 35.974, 43.335, 30.453, 36.351
'MUSCLE_diversified_replicate.abc.81.afa', 38.28, 46.473, 33.291, 38.307
'MUSCLE_diversified_replicate.abc.85.afa', 37.246, 44.823, 31.117, 36.86
'MUSCLE_diversified_replicate.abc.89.afa', 37.056, 44.778, 31.926, 37.122
'MUSCLE_diversified_replicate.abc.9.afa', 35.479, 43.303, 29.648, 35.615
'MUSCLE_diversified_replicate.abc.93.afa', 35.002, 42.958, 29.701, 36.028
'MUSCLE_diversified_replicate.abc.97.afa', 40.395, 48.025, 35.058, 42.315
'MUSCLE_diversified_replicate.acb.10.afa', 35.795, 43.843, 29.907, 36.937
'MUSCLE_diversified_replicate.acb.102.afa', 29.173, 34.855, 26.417, 31.018
'MUSCLE_diversified_replicate.acb.106.afa', 37.834, 45.519, 33.095, 38.465
'MUSCLE_diversified_replicate.acb.110.afa', 36.363, 43.604, 32.427, 35.568
'MUSCLE_diversified_replicate.acb.114.afa', 36.241, 43.783, 30.395, 36.245
'MUSCLE_diversified_replicate.acb.118.afa', 28.291, 34.283, 24.597, 29.811
'MUSCLE_diversified_replicate.acb.122.afa', 32.988, 40.557, 26.802, 33.503
'MUSCLE_diversified_replicate.acb.126.afa', 34.458, 42.108, 29.514, 34.716
'MUSCLE_diversified_replicate.acb.130.afa', 37.164, 44.785, 30.963, 37.461
'MUSCLE_diversified_replicate.acb.134.afa', 29.886, 35.988, 28.041, 29.76
'MUSCLE_diversified_replicate.acb.138.afa', 38.517, 46.421, 33.666, 37.422
'MUSCLE_diversified_replicate.acb.14.afa', 36.237, 42.633, 33.449, 37.766
'MUSCLE_diversified_replicate.acb.142.afa', 39.146, 46.564, 33.444, 41.067
'MUSCLE_diversified_replicate.acb.146.afa', 36.553, 43.922, 32.479, 35.815
'MUSCLE_diversified_replicate.acb.150.afa', 40.494, 48.279, 34.657, 42.647
'MUSCLE_diversified_replicate.acb.154.afa', 33.802, 40.936, 29.289, 34.015
'MUSCLE_diversified_replicate.acb.158.afa', 34.84, 41.609, 29.997, 35.226
'MUSCLE_diversified_replicate.acb.162.afa', 40.895, 48.678, 36.665, 42.491
'MUSCLE_diversified_replicate.acb.166.afa', 37.257, 45.152, 31.607, 36.781
'MUSCLE_diversified_replicate.acb.170.afa', 37.221, 45.082, 30.701, 37.602
'MUSCLE_diversified_replicate.acb.174.afa', 38.966, 45.937, 33.657, 40.235
'MUSCLE_diversified_replicate.acb.178.afa', 37.046, 44.016, 32.075, 38.734
'MUSCLE_diversified_replicate.acb.18.afa', 37.516, 44.829, 32.392, 37.833
'MUSCLE_diversified_replicate.acb.182.afa', 30.74, 37.301, 27.112, 32.944
'MUSCLE_diversified_replicate.acb.186.afa', 35.907, 43.563, 33.558, 34.414
'MUSCLE_diversified_replicate.acb.190.afa', 38.531, 46.068, 32.469, 38.449
'MUSCLE_diversified_replicate.acb.194.afa', 40.239, 47.793, 36.328, 41.491
'MUSCLE_diversified_replicate.acb.198.afa', 39.701, 46.852, 36.336, 39.471
'MUSCLE_diversified_replicate.acb.2.afa', 38.585, 45.798, 34.552, 38.077
'MUSCLE_diversified_replicate.acb.202.afa', 35.771, 43.217, 29.235, 35.763
'MUSCLE_diversified_replicate.acb.206.afa', 31.694, 38.428, 28.019, 32.76
'MUSCLE_diversified_replicate.acb.210.afa', 31.581, 37.949, 30.01, 31.525
'MUSCLE_diversified_replicate.acb.214.afa', 40.276, 47.851, 34.27, 41.549
'MUSCLE_diversified_replicate.acb.218.afa', 39.914, 47.301, 35.824, 41.042
'MUSCLE_diversified_replicate.acb.22.afa', 36.536, 43.586, 32.093, 37.437
'MUSCLE_diversified_replicate.acb.222.afa', 35.401, 42.368, 30.874, 34.763
'MUSCLE_diversified_replicate.acb.226.afa', 38.899, 46.095, 32.948, 40.161
'MUSCLE_diversified_replicate.acb.230.afa', 31.313, 37.54, 28.983, 33.313
'MUSCLE_diversified_replicate.acb.234.afa', 36.756, 44.59, 30.499, 37.491
'MUSCLE_diversified_replicate.acb.238.afa', 33.365, 40.406, 29.712, 33.534
'MUSCLE_diversified_replicate.acb.242.afa', 35.048, 43.34, 29.235, 35.789
'MUSCLE_diversified_replicate.acb.246.afa', 34.42, 42.175, 28.804, 34.602
'MUSCLE_diversified_replicate.acb.250.afa', 34.331, 41.912, 28.936, 34.648
'MUSCLE_diversified_replicate.acb.254.afa', 37.271, 45.172, 30.633, 37.271
'MUSCLE_diversified_replicate.acb.258.afa', 33.146, 39.683, 29.845, 33.006
'MUSCLE_diversified_replicate.acb.26.afa', 37.997, 45.799, 31.49, 38.043
'MUSCLE_diversified_replicate.acb.262.afa', 39.923, 47.357, 34.611, 41.261
'MUSCLE_diversified_replicate.acb.266.afa', 36.734, 43.971, 31.608, 37.187
'MUSCLE_diversified_replicate.acb.270.afa', 29.308, 32.502, 25.987, 26.736
'MUSCLE_diversified_replicate.acb.274.afa', 36.977, 44.739, 31.519, 37.23
'MUSCLE_diversified_replicate.acb.278.afa', 29.586, 35.161, 28.58, 29.414
'MUSCLE_diversified_replicate.acb.282.afa', 30.808, 37.316, 27.412, 32.157
'MUSCLE_diversified_replicate.acb.286.afa', 41.297, 48.971, 37.395, 42.425
'MUSCLE_diversified_replicate.acb.290.afa', 41.189, 48.601, 36.26, 42.691
'MUSCLE_diversified_replicate.acb.294.afa', 32.822, 39.686, 28.54, 33.64
'MUSCLE_diversified_replicate.acb.298.afa', 36.118, 43.521, 32.185, 36.185
'MUSCLE_diversified_replicate.acb.30.afa', 29.331, 35.248, 26.849, 30.764
'MUSCLE_diversified_replicate.acb.302.afa', 29.574, 35.36, 26.347, 31.731
'MUSCLE_diversified_replicate.acb.306.afa', 37.759, 44.806, 33.192, 38.712
'MUSCLE_diversified_replicate.acb.310.afa', 31.082, 37.282, 30.042, 30.795
'MUSCLE_diversified_replicate.acb.314.afa', 34.964, 41.04, 31.537, 35.66
'MUSCLE_diversified_replicate.acb.318.afa', 40.904, 48.314, 35.625, 42.077
'MUSCLE_diversified_replicate.acb.322.afa', 35.193, 41.674, 31.656, 36.416
'MUSCLE_diversified_replicate.acb.326.afa', 26.679, 28.305, 23.944, 25.06
'MUSCLE_diversified_replicate.acb.330.afa', 37.54, 44.482, 33.819, 39.014
'MUSCLE_diversified_replicate.acb.334.afa', 37.266, 45.007, 31.062, 36.322
'MUSCLE_diversified_replicate.acb.338.afa', 33.938, 40.617, 29.167, 34.605
'MUSCLE_diversified_replicate.acb.34.afa', 40.246, 47.477, 36.117, 42.191
'MUSCLE_diversified_replicate.acb.342.afa', 39.89, 47.199, 36.702, 41.791
'MUSCLE_diversified_replicate.acb.346.afa', 36.862, 44.931, 31.928, 36.26
'MUSCLE_diversified_replicate.acb.350.afa', 29.648, 35.992, 24.969, 31.106
'MUSCLE_diversified_replicate.acb.354.afa', 32.415, 39.124, 29.446, 33.016
'MUSCLE_diversified_replicate.acb.358.afa', 34.828, 42.184, 28.974, 34.844
'MUSCLE_diversified_replicate.acb.362.afa', 39.304, 46.351, 33.996, 41.299
'MUSCLE_diversified_replicate.acb.366.afa', 37.217, 43.967, 33.364, 39.354
'MUSCLE_diversified_replicate.acb.370.afa', 35.485, 42.311, 31.612, 35.725
'MUSCLE_diversified_replicate.acb.374.afa', 33.405, 40.244, 28.294, 33.612
'MUSCLE_diversified_replicate.acb.378.afa', 39.578, 46.953, 33.644, 40.597
'MUSCLE_diversified_replicate.acb.38.afa', 36.571, 44.224, 30.398, 37.08
'MUSCLE_diversified_replicate.acb.382.afa', 34.184, 40.652, 30.692, 36.637
'MUSCLE_diversified_replicate.acb.386.afa', 40.632, 48.338, 35.109, 42.74
'MUSCLE_diversified_replicate.acb.390.afa', 30.038, 36.249, 26.574, 30.657
'MUSCLE_diversified_replicate.acb.394.afa', 29.111, 34.805, 26.296, 31.344
'MUSCLE_diversified_replicate.acb.398.afa', 32.118, 38.453, 29.824, 32.379
'MUSCLE_diversified_replicate.acb.42.afa', 32.206, 38.985, 28.413, 33.97
'MUSCLE_diversified_replicate.acb.46.afa', 31.393, 38.015, 27.573, 32.258
'MUSCLE_diversified_replicate.acb.50.afa', 29.389, 35.003, 28.351, 29.259
'MUSCLE_diversified_replicate.acb.54.afa', 35.175, 41.362, 32.478, 36.627
'MUSCLE_diversified_replicate.acb.58.afa', 35.8, 42.287, 33.005, 36.828
'MUSCLE_diversified_replicate.acb.6.afa', 37.597, 45.443, 31.937, 37.581
'MUSCLE_diversified_replicate.acb.62.afa', 36.457, 43.847, 31.492, 36.647
'MUSCLE_diversified_replicate.acb.66.afa', 36.305, 43.434, 30.937, 36.059
'MUSCLE_diversified_replicate.acb.70.afa', 33.856, 40.895, 27.897, 32.933
'MUSCLE_diversified_replicate.acb.74.afa', 31.201, 37.272, 30.117, 30.818
'MUSCLE_diversified_replicate.acb.78.afa', 29.214, 35.497, 26.53, 30.493
'MUSCLE_diversified_replicate.acb.82.afa', 34.015, 41.157, 28.091, 34.724
'MUSCLE_diversified_replicate.acb.86.afa', 36.739, 44.22, 31.717, 37.278
'MUSCLE_diversified_replicate.acb.90.afa', 36.967, 44.606, 30.36, 37.457
'MUSCLE_diversified_replicate.acb.94.afa', 40.614, 48.207, 36.167, 42.639
'MUSCLE_diversified_replicate.acb.98.afa', 30.396, 36.388, 26.384, 32.17
'MUSCLE_diversified_replicate.bca.103.afa', 34.508, 42.242, 29.971, 34.656
'MUSCLE_diversified_replicate.bca.107.afa', 37.929, 45.872, 32.538, 36.849
'MUSCLE_diversified_replicate.bca.11.afa', 37.938, 45.436, 33.295, 38.499
'MUSCLE_diversified_replicate.bca.111.afa', 33.231, 40.388, 29.075, 33.57
'MUSCLE_diversified_replicate.bca.115.afa', 27.519, 33.156, 22.749, 26.067
'MUSCLE_diversified_replicate.bca.119.afa', 34.957, 42.796, 29.404, 34.791
'MUSCLE_diversified_replicate.bca.123.afa', 38.421, 46.371, 31.178, 38.701
'MUSCLE_diversified_replicate.bca.127.afa', 37.409, 45.495, 31.556, 38.503
'MUSCLE_diversified_replicate.bca.131.afa', 34.994, 42.501, 29.804, 34.431
'MUSCLE_diversified_replicate.bca.135.afa', 34.723, 42.214, 29.738, 34.973
'MUSCLE_diversified_replicate.bca.139.afa', 36.936, 44.458, 31.578, 37.169
'MUSCLE_diversified_replicate.bca.143.afa', 34.404, 42.152, 29.339, 35.005
'MUSCLE_diversified_replicate.bca.147.afa', 33.876, 40.133, 30.576, 34.495
'MUSCLE_diversified_replicate.bca.15.afa', 29.829, 32.165, 27.673, 28.003
'MUSCLE_diversified_replicate.bca.151.afa', 33.852, 41.077, 29.118, 34.208
'MUSCLE_diversified_replicate.bca.155.afa', 38.958, 46.273, 35.022, 39.687
'MUSCLE_diversified_replicate.bca.159.afa', 36.044, 43.497, 31.069, 37.319
'MUSCLE_diversified_replicate.bca.163.afa', 34.43, 42.226, 28.115, 34.879
'MUSCLE_diversified_replicate.bca.167.afa', 30.635, 37.951, 25.194, 31.109
'MUSCLE_diversified_replicate.bca.171.afa', 40.486, 47.981, 37.193, 40.621
'MUSCLE_diversified_replicate.bca.175.afa', 35.565, 42.004, 33.031, 35.632
'MUSCLE_diversified_replicate.bca.179.afa', 35.535, 41.838, 32.63, 36.863
'MUSCLE_diversified_replicate.bca.183.afa', 37.771, 45.663, 31.352, 37.639
'MUSCLE_diversified_replicate.bca.187.afa', 37.01, 44.561, 33.959, 36.478
'MUSCLE_diversified_replicate.bca.19.afa', 35.809, 43.738, 29.118, 36.192
'MUSCLE_diversified_replicate.bca.191.afa', 37.161, 44.784, 30.868, 38.05
'MUSCLE_diversified_replicate.bca.195.afa', 34.514, 42.342, 28.378, 35.678
'MUSCLE_diversified_replicate.bca.199.afa', 35.138, 41.329, 31.99, 36.31
'MUSCLE_diversified_replicate.bca.203.afa', 40.473, 47.933, 35.342, 41.934
'MUSCLE_diversified_replicate.bca.207.afa', 37.001, 44.787, 31.271, 37.564
'MUSCLE_diversified_replicate.bca.211.afa', 34.738, 42.321, 30.12, 35.812
'MUSCLE_diversified_replicate.bca.215.afa', 36.106, 43.783, 29.638, 36.664
'MUSCLE_diversified_replicate.bca.219.afa', 39.741, 47.264, 34.126, 40.99
'MUSCLE_diversified_replicate.bca.223.afa', 36.595, 44.31, 30.315, 36.604
'MUSCLE_diversified_replicate.bca.227.afa', 38.679, 46.75, 32.406, 39.097
'MUSCLE_diversified_replicate.bca.23.afa', 35.35, 42.362, 29.875, 35.372
'MUSCLE_diversified_replicate.bca.231.afa', 30.548, 37.086, 28.518, 32.271
'MUSCLE_diversified_replicate.bca.235.afa', 34.819, 41.886, 30.367, 36.456
'MUSCLE_diversified_replicate.bca.239.afa', 38.062, 45.921, 32.585, 37.427
'MUSCLE_diversified_replicate.bca.243.afa', 39.48, 46.695, 34.538, 40.821
'MUSCLE_diversified_replicate.bca.247.afa', 36.08, 44.23, 30.885, 36.4
'MUSCLE_diversified_replicate.bca.251.afa', 34.358, 42.1, 28.401, 35.101
'MUSCLE_diversified_replicate.bca.255.afa', 37.979, 45.933, 33.451, 36.927
'MUSCLE_diversified_replicate.bca.259.afa', 37.438, 45.305, 33.414, 37.653
'MUSCLE_diversified_replicate.bca.263.afa', 34.913, 42.499, 31.928, 34.185
'MUSCLE_diversified_replicate.bca.267.afa', 35.104, 42.386, 31.042, 35.247
'MUSCLE_diversified_replicate.bca.27.afa', 34.52, 42.244, 29.84, 35.321
'MUSCLE_diversified_replicate.bca.271.afa', 40.54, 47.762, 35.548, 42.045
'MUSCLE_diversified_replicate.bca.275.afa', 29.587, 31.779, 26.374, 26.979
'MUSCLE_diversified_replicate.bca.279.afa', 35.86, 43.394, 31.601, 35.303
'MUSCLE_diversified_replicate.bca.283.afa', 34.363, 42.192, 30.018, 35.131
'MUSCLE_diversified_replicate.bca.287.afa', 36.794, 44.417, 32.583, 36.424
'MUSCLE_diversified_replicate.bca.291.afa', 38.022, 46.011, 31.656, 38.301
'MUSCLE_diversified_replicate.bca.295.afa', 36.962, 44.521, 31.233, 37.238
'MUSCLE_diversified_replicate.bca.299.afa', 32.437, 39.396, 28.352, 33.017
'MUSCLE_diversified_replicate.bca.3.afa', 35.963, 42.749, 30.63, 36.547
'MUSCLE_diversified_replicate.bca.303.afa', 33.436, 40.809, 27.958, 33.374
'MUSCLE_diversified_replicate.bca.307.afa', 35.378, 42.703, 29.567, 36.306
'MUSCLE_diversified_replicate.bca.31.afa', 39.593, 46.952, 34.967, 41.172
'MUSCLE_diversified_replicate.bca.311.afa', 36.265, 43.574, 32.949, 34.648
'MUSCLE_diversified_replicate.bca.315.afa', 35.947, 43.304, 30.997, 36.66
'MUSCLE_diversified_replicate.bca.319.afa', 37.425, 45.296, 31.898, 36.506
'MUSCLE_diversified_replicate.bca.323.afa', 33.981, 41.6, 28.281, 35.22
'MUSCLE_diversified_replicate.bca.327.afa', 38.141, 45.29, 33.26, 40.547
'MUSCLE_diversified_replicate.bca.331.afa', 34.786, 42.533, 29.322, 34.773
'MUSCLE_diversified_replicate.bca.335.afa', 40.171, 47.569, 36.736, 40.547
'MUSCLE_diversified_replicate.bca.339.afa', 33.408, 40.599, 28.373, 33.147
'MUSCLE_diversified_replicate.bca.343.afa', 35.487, 42.603, 30.143, 36.194
'MUSCLE_diversified_replicate.bca.347.afa', 36.979, 44.152, 33.062, 37.888
'MUSCLE_diversified_replicate.bca.35.afa', 39.592, 47.101, 34.352, 41.103
'MUSCLE_diversified_replicate.bca.351.afa', 31.852, 38.839, 27.508, 31.553
'MUSCLE_diversified_replicate.bca.355.afa', 33.955, 40.447, 30.766, 34.291
'MUSCLE_diversified_replicate.bca.359.afa', 35.0, 42.955, 30.142, 35.963
'MUSCLE_diversified_replicate.bca.363.afa', 39.594, 47.044, 34.295, 41.232
'MUSCLE_diversified_replicate.bca.367.afa', 32.262, 39.478, 27.721, 31.339
'MUSCLE_diversified_replicate.bca.371.afa', 39.01, 46.184, 34.132, 40.545
'MUSCLE_diversified_replicate.bca.375.afa', 36.585, 44.065, 31.711, 36.855
'MUSCLE_diversified_replicate.bca.379.afa', 37.735, 45.562, 32.503, 37.33
'MUSCLE_diversified_replicate.bca.383.afa', 38.45, 46.22, 32.556, 38.727
'MUSCLE_diversified_replicate.bca.387.afa', 37.003, 44.915, 34.252, 36.061
'MUSCLE_diversified_replicate.bca.39.afa', 37.126, 44.193, 32.168, 37.691
'MUSCLE_diversified_replicate.bca.391.afa', 34.579, 41.992, 29.503, 35.081
'MUSCLE_diversified_replicate.bca.395.afa', 40.641, 48.494, 35.992, 42.662
'MUSCLE_diversified_replicate.bca.399.afa', 33.71, 41.26, 28.743, 34.513
'MUSCLE_diversified_replicate.bca.43.afa', 36.135, 44.368, 30.989, 36.853
'MUSCLE_diversified_replicate.bca.47.afa', 33.491, 41.18, 28.791, 33.966
'MUSCLE_diversified_replicate.bca.51.afa', 33.852, 41.167, 29.665, 35.028
'MUSCLE_diversified_replicate.bca.55.afa', 34.843, 42.097, 29.112, 34.996
'MUSCLE_diversified_replicate.bca.59.afa', 37.463, 44.463, 32.916, 38.775
'MUSCLE_diversified_replicate.bca.63.afa', 33.875, 40.693, 29.072, 34.422
'MUSCLE_diversified_replicate.bca.67.afa', 31.161, 38.268, 26.105, 32.152
'MUSCLE_diversified_replicate.bca.7.afa', 33.918, 41.433, 28.631, 34.792
'MUSCLE_diversified_replicate.bca.71.afa', 35.178, 43.187, 30.202, 36.36
'MUSCLE_diversified_replicate.bca.75.afa', 33.115, 40.706, 26.642, 34.3
'MUSCLE_diversified_replicate.bca.79.afa', 33.965, 41.303, 29.656, 34.828
'MUSCLE_diversified_replicate.bca.83.afa', 35.169, 43.176, 30.069, 36.589
'MUSCLE_diversified_replicate.bca.87.afa', 32.948, 39.86, 28.682, 33.336
'MUSCLE_diversified_replicate.bca.91.afa', 34.729, 42.514, 29.107, 34.979
'MUSCLE_diversified_replicate.bca.95.afa', 34.289, 41.88, 29.014, 34.485
'MUSCLE_diversified_replicate.bca.99.afa', 32.949, 40.082, 28.119, 33.407
'MUSCLE_diversified_replicate.none.0.afa', 39.07, 45.255, 35.081, 37.816
'MUSCLE_diversified_replicate.none.100.afa', 30.114, 34.737, 26.009, 27.949
'MUSCLE_diversified_replicate.none.104.afa', 29.076, 33.277, 25.03, 26.889
'MUSCLE_diversified_replicate.none.108.afa', 30.354, 35.013, 27.054, 28.196
'MUSCLE_diversified_replicate.none.112.afa', 33.396, 39.719, 29.919, 32.631
'MUSCLE_diversified_replicate.none.116.afa', 27.919, 31.236, 24.583, 24.906
'MUSCLE_diversified_replicate.none.12.afa', 37.871, 43.488, 34.18, 36.905
'MUSCLE_diversified_replicate.none.120.afa', 38.46, 44.483, 35.236, 37.948
'MUSCLE_diversified_replicate.none.124.afa', 38.574, 44.558, 34.514, 37.523
'MUSCLE_diversified_replicate.none.128.afa', 37.562, 43.28, 34.46, 36.934
'MUSCLE_diversified_replicate.none.132.afa', 39.773, 46.907, 36.041, 40.845
'MUSCLE_diversified_replicate.none.136.afa', 37.837, 43.553, 34.325, 36.361
'MUSCLE_diversified_replicate.none.140.afa', 29.813, 34.55, 26.166, 28.333
'MUSCLE_diversified_replicate.none.144.afa', 36.674, 41.821, 33.152, 34.817
'MUSCLE_diversified_replicate.none.148.afa', 30.477, 35.55, 26.927, 28.668
'MUSCLE_diversified_replicate.none.152.afa', 37.492, 42.725, 33.808, 35.693
'MUSCLE_diversified_replicate.none.156.afa', 42.228, 49.716, 38.516, 42.54
'MUSCLE_diversified_replicate.none.16.afa', 38.603, 44.4, 35.165, 37.621
'MUSCLE_diversified_replicate.none.160.afa', 30.978, 35.975, 26.372, 28.75
'MUSCLE_diversified_replicate.none.164.afa', 37.864, 43.775, 33.535, 36.818
'MUSCLE_diversified_replicate.none.168.afa', 31.578, 36.782, 27.219, 29.673
'MUSCLE_diversified_replicate.none.172.afa', 31.269, 36.333, 27.164, 29.474
'MUSCLE_diversified_replicate.none.176.afa', 30.515, 35.249, 26.101, 28.208
'MUSCLE_diversified_replicate.none.180.afa', 38.753, 44.78, 34.697, 37.444
'MUSCLE_diversified_replicate.none.184.afa', 41.326, 48.902, 37.25, 42.401
'MUSCLE_diversified_replicate.none.188.afa', 36.716, 41.572, 33.524, 34.763
'MUSCLE_diversified_replicate.none.192.afa', 31.157, 36.042, 27.288, 30.0
'MUSCLE_diversified_replicate.none.196.afa', 37.534, 43.244, 34.178, 37.092
'MUSCLE_diversified_replicate.none.20.afa', 40.415, 47.49, 35.412, 41.412
'MUSCLE_diversified_replicate.none.200.afa', 36.221, 40.902, 32.957, 34.473
'MUSCLE_diversified_replicate.none.204.afa', 37.86, 43.666, 33.738, 36.451
'MUSCLE_diversified_replicate.none.208.afa', 34.753, 41.649, 30.48, 34.143
'MUSCLE_diversified_replicate.none.212.afa', 29.858, 34.525, 25.703, 27.886
'MUSCLE_diversified_replicate.none.216.afa', 29.949, 34.687, 25.624, 27.774
'MUSCLE_diversified_replicate.none.220.afa', 29.779, 34.583, 25.263, 27.67
'MUSCLE_diversified_replicate.none.224.afa', 34.999, 42.177, 32.15, 34.825
'MUSCLE_diversified_replicate.none.228.afa', 38.204, 44.518, 36.239, 38.21
'MUSCLE_diversified_replicate.none.232.afa', 38.515, 44.547, 35.225, 38.198
'MUSCLE_diversified_replicate.none.236.afa', 30.943, 35.93, 26.555, 28.949
'MUSCLE_diversified_replicate.none.24.afa', 35.61, 40.249, 32.652, 34.022
'MUSCLE_diversified_replicate.none.240.afa', 39.242, 45.448, 34.979, 38.34
'MUSCLE_diversified_replicate.none.244.afa', 29.947, 34.572, 25.863, 27.923
'MUSCLE_diversified_replicate.none.248.afa', 30.04, 34.583, 26.274, 28.266
'MUSCLE_diversified_replicate.none.252.afa', 38.716, 44.777, 35.427, 38.347
'MUSCLE_diversified_replicate.none.256.afa', 39.23, 45.335, 35.975, 38.653
'MUSCLE_diversified_replicate.none.260.afa', 29.583, 33.879, 25.716, 28.021
'MUSCLE_diversified_replicate.none.264.afa', 29.854, 34.172, 26.239, 27.211
'MUSCLE_diversified_replicate.none.268.afa', 27.777, 31.077, 25.594, 24.94
'MUSCLE_diversified_replicate.none.272.afa', 38.586, 44.518, 35.608, 38.281
'MUSCLE_diversified_replicate.none.276.afa', 38.604, 44.469, 35.476, 38.029
'MUSCLE_diversified_replicate.none.28.afa', 38.472, 44.402, 34.983, 37.113
'MUSCLE_diversified_replicate.none.280.afa', 37.357, 42.859, 34.265, 36.565
'MUSCLE_diversified_replicate.none.284.afa', 37.802, 43.412, 33.844, 36.71
'MUSCLE_diversified_replicate.none.288.afa', 38.713, 44.695, 35.64, 38.35
'MUSCLE_diversified_replicate.none.292.afa', 30.951, 36.137, 28.182, 29.172
'MUSCLE_diversified_replicate.none.296.afa', 30.76, 35.712, 26.987, 28.923
'MUSCLE_diversified_replicate.none.300.afa', 30.784, 35.921, 27.02, 29.344
'MUSCLE_diversified_replicate.none.304.afa', 36.688, 42.031, 32.888, 35.048
'MUSCLE_diversified_replicate.none.308.afa', 38.846, 44.992, 35.501, 38.379
'MUSCLE_diversified_replicate.none.312.afa', 37.352, 42.986, 33.667, 36.219
'MUSCLE_diversified_replicate.none.316.afa', 40.389, 47.653, 34.722, 41.625
'MUSCLE_diversified_replicate.none.32.afa', 37.453, 43.045, 34.202, 36.1
'MUSCLE_diversified_replicate.none.320.afa', 38.122, 44.203, 35.021, 37.708
'MUSCLE_diversified_replicate.none.324.afa', 37.379, 43.079, 34.792, 37.069
'MUSCLE_diversified_replicate.none.328.afa', 38.805, 44.68, 35.577, 38.354
'MUSCLE_diversified_replicate.none.332.afa', 38.803, 44.764, 34.74, 37.531
'MUSCLE_diversified_replicate.none.336.afa', 36.863, 42.162, 36.113, 36.7
'MUSCLE_diversified_replicate.none.340.afa', 38.472, 44.382, 34.603, 37.204
'MUSCLE_diversified_replicate.none.344.afa', 33.81, 40.557, 30.778, 32.915
'MUSCLE_diversified_replicate.none.348.afa', 29.736, 34.333, 26.05, 27.798
'MUSCLE_diversified_replicate.none.352.afa', 37.832, 43.782, 33.234, 37.009
'MUSCLE_diversified_replicate.none.356.afa', 36.917, 42.117, 33.919, 35.835
'MUSCLE_diversified_replicate.none.36.afa', 36.768, 42.193, 33.716, 35.594
'MUSCLE_diversified_replicate.none.360.afa', 37.653, 43.281, 33.438, 36.442
'MUSCLE_diversified_replicate.none.364.afa', 29.754, 34.431, 25.727, 27.802
'MUSCLE_diversified_replicate.none.368.afa', 37.418, 43.308, 33.551, 36.13
'MUSCLE_diversified_replicate.none.372.afa', 34.504, 41.572, 29.493, 33.66
'MUSCLE_diversified_replicate.none.376.afa', 37.852, 43.686, 34.834, 37.572
'MUSCLE_diversified_replicate.none.380.afa', 29.762, 34.369, 25.679, 27.895
'MUSCLE_diversified_replicate.none.384.afa', 38.589, 44.422, 36.625, 39.208
'MUSCLE_diversified_replicate.none.388.afa', 29.872, 34.774, 25.817, 28.019
'MUSCLE_diversified_replicate.none.392.afa', 29.539, 34.262, 26.165, 28.008
'MUSCLE_diversified_replicate.none.396.afa', 33.773, 40.636, 29.508, 33.423
'MUSCLE_diversified_replicate.none.4.afa', 38.549, 44.37, 34.513, 37.315
'MUSCLE_diversified_replicate.none.40.afa', 29.032, 33.331, 26.147, 26.393
'MUSCLE_diversified_replicate.none.44.afa', 30.187, 34.806, 26.305, 28.199
'MUSCLE_diversified_replicate.none.48.afa', 37.381, 43.037, 33.904, 35.848
'MUSCLE_diversified_replicate.none.52.afa', 30.423, 35.134, 25.856, 28.194
'MUSCLE_diversified_replicate.none.56.afa', 29.94, 34.158, 26.073, 27.678
'MUSCLE_diversified_replicate.none.60.afa', 37.897, 43.605, 33.923, 36.633
'MUSCLE_diversified_replicate.none.64.afa', 37.439, 43.074, 34.357, 36.784
'MUSCLE_diversified_replicate.none.68.afa', 38.564, 44.625, 34.992, 36.885
'MUSCLE_diversified_replicate.none.72.afa', 38.716, 44.832, 35.389, 38.316
'MUSCLE_diversified_replicate.none.76.afa', 35.16, 40.338, 32.215, 34.58
'MUSCLE_diversified_replicate.none.8.afa', 28.833, 32.832, 25.503, 25.904
'MUSCLE_diversified_replicate.none.80.afa', 30.723, 35.759, 26.423, 28.586
'MUSCLE_diversified_replicate.none.84.afa', 37.253, 42.613, 35.867, 37.12
'MUSCLE_diversified_replicate.none.88.afa', 37.998, 43.945, 34.425, 37.266
'MUSCLE_diversified_replicate.none.92.afa', 38.181, 44.011, 34.371, 37.399
'MUSCLE_diversified_replicate.none.96.afa', 38.721, 44.59, 34.7, 37.599
'PRANK_b0#0050_hhH_tree_63_OP_0.36203966777708846_Split_50.fasta', -13.085, -9.038, -17.867, -12.052
'PRANK_b0#0050_hhT_tree_63_OP_0.36203966777708846_Split_50.fasta', 7.845, 14.52, 2.909, 8.871
'PRANK_b0#0050_htT_tree_63_OP_0.36203966777708846_Split_50.fasta', 6.324, 13.029, 0.755, 7.362
'PRANK_b0#0050_ttH_tree_63_OP_0.36203966777708846_Split_50.fasta', -12.904, -9.011, -16.784, -11.806
'PRANK_b0#0051_hhT_tree_7_OP_0.4287654329803016_Split_51.fasta', -7.736, -4.293, -12.423, -8.887
'PRANK_b0#0051_htH_tree_7_OP_0.4287654329803016_Split_51.fasta', -7.534, -3.58, -12.91, -8.566
'PRANK_b0#0051_htT_tree_7_OP_0.4287654329803016_Split_51.fasta', -10.719, -8.253, -14.041, -12.537
'PRANK_b0#0051_ttT_tree_7_OP_0.4287654329803016_Split_51.fasta', -10.503, -8.035, -13.737, -12.287
'PRANK_b0#0053_hhH_tree_13_OP_0.09692142234876278_Split_53.fasta', -6.902, -4.231, -7.849, -7.03
'PRANK_b0#0053_htT_tree_13_OP_0.09692142234876278_Split_53.fasta', -12.196, -10.043, -15.118, -10.699
'PRANK_b0#0053_htT_tree_69_OP_0.05304651807751681_Split_53.fasta', 13.092, 18.523, 9.784, 15.466
'PRANK_b0#0053_thT_tree_69_OP_0.05304651807751681_Split_53.fasta', 12.616, 17.98, 9.094, 15.085
'PRANK_b0#0053_ttH_tree_13_OP_0.09692142234876278_Split_53.fasta', -6.96, -4.288, -7.926, -7.078
'PRANK_b0#0053_ttH_tree_69_OP_0.05304651807751681_Split_53.fasta', 20.04, 25.524, 16.444, 22.687
'PRANK_b0#0053_ttT_tree_13_OP_0.09692142234876278_Split_53.fasta', -8.195, -5.571, -10.969, -6.7
'PRANK_b0#0053_ttT_tree_69_OP_0.05304651807751681_Split_53.fasta', 12.616, 17.98, 9.094, 15.085
'PRANK_b0#0054_hhT_tree_37_OP_0.3234162682987525_Split_54.fasta', 11.236, 17.713, 7.187, 12.691
'PRANK_b0#0054_htH_tree_11_OP_0.0660385202278223_Split_54.fasta', 5.822, 9.639, 2.971, 7.27
'PRANK_b0#0054_htT_tree_37_OP_0.3234162682987525_Split_54.fasta', 14.221, 21.026, 10.151, 15.247
'PRANK_b0#0054_htT_tree_60_OP_0.2742882468420108_Split_54.fasta', 12.205, 18.506, 10.377, 10.504
'PRANK_b0#0054_thH_tree_11_OP_0.0660385202278223_Split_54.fasta', 6.551, 10.409, 3.681, 8.17
'PRANK_b0#0054_thH_tree_60_OP_0.2742882468420108_Split_54.fasta', 11.53, 17.554, 8.376, 10.635
'PRANK_b0#0054_thT_tree_11_OP_0.0660385202278223_Split_54.fasta', 7.224, 10.677, 4.6, 7.98
'PRANK_b0#0054_thT_tree_60_OP_0.2742882468420108_Split_54.fasta', 12.276, 18.569, 10.307, 10.403
'PRANK_b0#0054_ttH_tree_11_OP_0.0660385202278223_Split_54.fasta', 6.719, 10.566, 3.871, 8.293
'PRANK_b0#0054_ttH_tree_37_OP_0.3234162682987525_Split_54.fasta', 7.382, 13.572, 5.415, 9.157
'PRANK_b0#0054_ttT_tree_37_OP_0.3234162682987525_Split_54.fasta', 8.89, 15.033, 5.279, 10.58
'PRANK_b0#0054_ttT_tree_60_OP_0.2742882468420108_Split_54.fasta', 12.255, 18.537, 10.296, 10.38
'PRANK_b0#0055_hhH_tree_96_OP_0.3899661250904219_Split_55.fasta', -0.341, 4.502, -4.533, 0.601
'PRANK_b0#0055_hhT_tree_23_OP_0.41879358418754387_Split_55.fasta', -2.926, 2.333, -4.386, -0.536
'PRANK_b0#0055_hhT_tree_40_OP_0.08821008325435137_Split_55.fasta', 7.028, 11.968, 3.361, 7.88
'PRANK_b0#0055_hhT_tree_96_OP_0.3899661250904219_Split_55.fasta', -1.282, 3.712, -5.122, -0.651
'PRANK_b0#0055_htH_tree_96_OP_0.3899661250904219_Split_55.fasta', 1.21, 6.466, -3.311, 2.248
'PRANK_b0#0055_thH_tree_23_OP_0.41879358418754387_Split_55.fasta', 0.982, 6.331, -0.887, 2.749
'PRANK_b0#0055_thH_tree_40_OP_0.08821008325435137_Split_55.fasta', 10.741, 15.757, 6.847, 10.858
'PRANK_b0#0055_thT_tree_40_OP_0.08821008325435137_Split_55.fasta', 7.028, 11.968, 3.361, 7.88
'PRANK_b0#0055_ttH_tree_23_OP_0.41879358418754387_Split_55.fasta', 0.776, 6.187, -0.883, 2.881
'PRANK_b0#0055_ttT_tree_23_OP_0.41879358418754387_Split_55.fasta', -3.03, 2.183, -4.641, -1.139
'PRANK_b0#0055_ttT_tree_40_OP_0.08821008325435137_Split_55.fasta', 7.028, 11.968, 3.361, 7.88
'PRANK_b0#0055_ttT_tree_96_OP_0.3899661250904219_Split_55.fasta', -2.144, 2.761, -5.84, -1.573
'PRANK_b0#0056_hhH_tree_56_OP_0.23502932209680477_Split_56.fasta', 3.332, 8.292, 0.8, 4.234
'PRANK_b0#0056_htH_tree_56_OP_0.23502932209680477_Split_56.fasta', 2.958, 7.935, 0.553, 3.947
'PRANK_b0#0056_htT_tree_99_OP_0.18594199344926288_Split_56.fasta', 15.627, 22.767, 11.658, 16.829
'PRANK_b0#0056_thH_tree_99_OP_0.18594199344926288_Split_56.fasta', 16.789, 23.859, 10.317, 18.058
'PRANK_b0#0056_thT_tree_56_OP_0.23502932209680477_Split_56.fasta', 3.547, 8.648, 0.77, 4.688
'PRANK_b0#0056_thT_tree_99_OP_0.18594199344926288_Split_56.fasta', 15.627, 22.767, 11.658, 16.829
'PRANK_b0#0056_ttH_tree_56_OP_0.23502932209680477_Split_56.fasta', 2.328, 7.135, -0.083, 3.02
'PRANK_b0#0056_ttH_tree_99_OP_0.18594199344926288_Split_56.fasta', 16.85, 23.911, 10.361, 18.127
'PRANK_b0#0057_htH_tree_64_OP_0.05970650417263379_Split_57.fasta', 17.584, 25.003, 13.45, 23.768
'PRANK_b0#0057_thH_tree_64_OP_0.05970650417263379_Split_57.fasta', 17.599, 25.01, 13.492, 23.775
'PRANK_b0#0057_thT_tree_64_OP_0.05970650417263379_Split_57.fasta', 17.343, 24.5, 13.435, 23.467
'PRANK_b0#0057_ttH_tree_64_OP_0.05970650417263379_Split_57.fasta', 17.599, 25.01, 13.492, 23.775
'PRANK_b0#0058_hhH_tree_84_OP_0.3564845080908704_Split_58.fasta', -5.328, -1.679, -6.267, -4.917
'PRANK_b0#0058_hhT_tree_84_OP_0.3564845080908704_Split_58.fasta', -2.733, 1.144, -3.82, -2.347
'PRANK_b0#0058_hhT_tree_97_OP_0.1673876920856745_Split_58.fasta', 7.088, 8.934, 5.436, 4.719
'PRANK_b0#0058_htT_tree_84_OP_0.3564845080908704_Split_58.fasta', -2.73, 1.157, -3.821, -2.291
'PRANK_b0#0058_htT_tree_97_OP_0.1673876920856745_Split_58.fasta', 6.953, 8.639, 5.274, 4.486
'PRANK_b0#0058_thH_tree_97_OP_0.1673876920856745_Split_58.fasta', 8.721, 10.04, 6.942, 5.447
'PRANK_b0#0058_thT_tree_97_OP_0.1673876920856745_Split_58.fasta', 6.576, 8.189, 4.763, 4.01
'PRANK_b0#0058_ttT_tree_84_OP_0.3564845080908704_Split_58.fasta', -0.869, 3.528, -3.579, 1.109
'PRANK_b0#0059_hhT_tree_80_OP_0.3860599313375234_Split_59.fasta', 2.533, 8.233, -0.644, 1.63
'PRANK_b0#0059_htH_tree_36_OP_0.21650135794201675_Split_59.fasta', 6.103, 11.346, 3.512, 8.885
'PRANK_b0#0059_htH_tree_80_OP_0.3860599313375234_Split_59.fasta', 3.169, 9.188, -0.192, 3.191
'PRANK_b0#0059_htH_tree_85_OP_0.16592734946943577_Split_59.fasta', 1.759, 7.306, -0.824, 1.827
'PRANK_b0#0059_htT_tree_36_OP_0.21650135794201675_Split_59.fasta', 4.088, 10.28, 0.294, 6.799
'PRANK_b0#0059_htT_tree_80_OP_0.3860599313375234_Split_59.fasta', 1.245, 6.952, -2.081, 0.406
'PRANK_b0#0059_htT_tree_85_OP_0.16592734946943577_Split_59.fasta', 3.375, 8.768, -1.37, 4.454
'PRANK_b0#0059_thH_tree_36_OP_0.21650135794201675_Split_59.fasta', 5.675, 10.891, 2.749, 8.235
'PRANK_b0#0059_thH_tree_85_OP_0.16592734946943577_Split_59.fasta', 1.65, 7.212, -0.996, 1.758
'PRANK_b0#0059_ttH_tree_80_OP_0.3860599313375234_Split_59.fasta', 3.176, 9.235, -0.203, 3.18
'PRANK_b0#0059_ttH_tree_85_OP_0.16592734946943577_Split_59.fasta', 1.67, 7.234, -0.982, 1.779
'PRANK_b0#0059_ttT_tree_36_OP_0.21650135794201675_Split_59.fasta', 4.035, 10.21, 0.264, 6.724
'PRANK_b0#0060_hhH_tree_24_OP_0.35224591752289836_Split_60.fasta', 4.171, 9.151, -0.291, 4.358
'PRANK_b0#0060_hhT_tree_24_OP_0.35224591752289836_Split_60.fasta', 6.308, 11.744, 3.022, 6.087
'PRANK_b0#0060_ttH_tree_24_OP_0.35224591752289836_Split_60.fasta', 4.255, 9.242, -0.225, 4.431
'PRANK_b0#0060_ttT_tree_24_OP_0.35224591752289836_Split_60.fasta', 6.133, 11.602, 3.022, 5.65
'PRANK_b0#0061_hhH_tree_16_OP_0.3566466444359746_Split_61.fasta', -12.937, -7.376, -14.882, -9.685
'PRANK_b0#0061_thT_tree_16_OP_0.3566466444359746_Split_61.fasta', -6.659, -1.454, -9.394, -4.956
'PRANK_b0#0061_ttH_tree_16_OP_0.3566466444359746_Split_61.fasta', -12.736, -7.138, -14.723, -9.41
'PRANK_b0#0061_ttT_tree_16_OP_0.3566466444359746_Split_61.fasta', -6.509, -1.325, -8.848, -4.65
'PRANK_b0#0062_hhH_tree_0_OP_0.4657131574362508_Split_62.fasta', 3.988, 10.175, 2.873, 4.054
'PRANK_b0#0062_hhT_tree_81_OP_0.4058614503238694_Split_62.fasta', -0.889, 4.899, -3.592, 0.26
'PRANK_b0#0062_htH_tree_0_OP_0.4657131574362508_Split_62.fasta', 4.864, 11.348, 3.766, 4.31
'PRANK_b0#0062_htT_tree_81_OP_0.4058614503238694_Split_62.fasta', -0.37, 5.514, -3.101, 0.666
'PRANK_b0#0062_thH_tree_81_OP_0.4058614503238694_Split_62.fasta', 1.765, 7.358, -0.909, 2.451
'PRANK_b0#0062_thT_tree_0_OP_0.4657131574362508_Split_62.fasta', 4.605, 11.167, 3.12, 5.254
'PRANK_b0#0062_thT_tree_81_OP_0.4058614503238694_Split_62.fasta', -0.37, 5.514, -3.101, 0.666
'PRANK_b0#0062_ttT_tree_0_OP_0.4657131574362508_Split_62.fasta', 3.862, 10.294, 2.524, 3.86
'PRANK_b0#0063_htH_tree_71_OP_0.26664288485028304_Split_63.fasta', 10.949, 16.777, 6.894, 12.573
'PRANK_b0#0063_htT_tree_71_OP_0.26664288485028304_Split_63.fasta', 11.053, 17.307, 5.212, 13.095
'PRANK_b0#0063_thH_tree_71_OP_0.26664288485028304_Split_63.fasta', 10.967, 16.791, 6.944, 12.633
'PRANK_b0#0063_thT_tree_71_OP_0.26664288485028304_Split_63.fasta', 11.083, 17.326, 5.26, 13.126
'PRANK_b0#0065_hhH_tree_48_OP_0.33799514808893955_Split_65.fasta', 2.812, 8.441, 2.059, 4.006
'PRANK_b0#0065_htH_tree_48_OP_0.33799514808893955_Split_65.fasta', 4.358, 10.422, 3.227, 5.76
'PRANK_b0#0065_thH_tree_48_OP_0.33799514808893955_Split_65.fasta', 2.858, 8.512, 2.098, 4.092
'PRANK_b0#0065_thT_tree_48_OP_0.33799514808893955_Split_65.fasta', 4.057, 9.781, 2.583, 5.415
'PRANK_b0#0067_hhH_tree_6_OP_0.18497671267226667_Split_67.fasta', 17.636, 24.086, 15.42, 16.083
'PRANK_b0#0067_htH_tree_6_OP_0.18497671267226667_Split_67.fasta', 17.661, 24.111, 15.448, 16.112
'PRANK_b0#0067_thT_tree_6_OP_0.18497671267226667_Split_67.fasta', 18.303, 24.846, 16.247, 17.102
'PRANK_b0#0067_ttT_tree_6_OP_0.18497671267226667_Split_67.fasta', 18.274, 24.811, 16.229, 17.064
'PRANK_b0#0070_htH_tree_30_OP_0.20469024912096356_Split_70.fasta', 11.949, 18.173, 9.237, 14.593
'PRANK_b0#0070_htH_tree_43_OP_0.41666011848334805_Split_70.fasta', 12.839, 19.502, 8.722, 13.678
'PRANK_b0#0070_htT_tree_30_OP_0.20469024912096356_Split_70.fasta', 13.74, 19.897, 9.621, 16.681
'PRANK_b0#0070_thH_tree_30_OP_0.20469024912096356_Split_70.fasta', 10.193, 16.311, 7.373, 13.018
'PRANK_b0#0070_thH_tree_43_OP_0.41666011848334805_Split_70.fasta', 12.819, 19.493, 8.678, 13.626
'PRANK_b0#0070_ttH_tree_43_OP_0.41666011848334805_Split_70.fasta', 12.304, 19.174, 7.765, 13.629
'PRANK_b0#0070_ttT_tree_30_OP_0.20469024912096356_Split_70.fasta', 13.696, 19.812, 9.632, 16.68
'PRANK_b0#0070_ttT_tree_43_OP_0.41666011848334805_Split_70.fasta', 12.771, 19.515, 7.631, 13.599
'PRANK_b0#0073_htT_tree_10_OP_0.17197861239551077_Split_73.fasta', 10.785, 14.662, 11.483, 11.886
'PRANK_b0#0073_thH_tree_10_OP_0.17197861239551077_Split_73.fasta', 12.73, 17.582, 12.323, 15.38
'PRANK_b0#0073_ttH_tree_10_OP_0.17197861239551077_Split_73.fasta', 12.677, 17.55, 12.259, 15.322
'PRANK_b0#0073_ttT_tree_10_OP_0.17197861239551077_Split_73.fasta', 10.785, 14.662, 11.483, 11.886
'PRANK_b0#0077_hhH_tree_35_OP_0.23719613041625226_Split_77.fasta', 4.97, 11.854, 1.623, 9.334
'PRANK_b0#0077_hhT_tree_35_OP_0.23719613041625226_Split_77.fasta', 4.806, 11.824, 0.193, 9.965
'PRANK_b0#0077_htT_tree_35_OP_0.23719613041625226_Split_77.fasta', 3.167, 9.971, -1.103, 8.346
'PRANK_b0#0077_htT_tree_79_OP_0.39849921812999034_Split_77.fasta', 2.832, 6.158, -0.956, 1.101
'PRANK_b0#0077_thH_tree_35_OP_0.23719613041625226_Split_77.fasta', 4.088, 11.052, 0.879, 8.516
'PRANK_b0#0077_thH_tree_79_OP_0.39849921812999034_Split_77.fasta', 2.016, 5.075, -1.353, 0.028
'PRANK_b0#0077_thT_tree_79_OP_0.39849921812999034_Split_77.fasta', 3.477, 7.018, -0.297, 0.488
'PRANK_b0#0077_ttT_tree_79_OP_0.39849921812999034_Split_77.fasta', 3.495, 7.038, -0.087, 0.223
'PRANK_b0#0078_hhH_tree_86_OP_0.2347265646541319_Split_78.fasta', -6.007, 0.755, -10.135, -0.461
'PRANK_b0#0078_hhT_tree_53_OP_0.05303947942235687_Split_78.fasta', 11.177, 16.192, 8.188, 11.828
'PRANK_b0#0078_htH_tree_53_OP_0.05303947942235687_Split_78.fasta', 7.853, 12.625, 6.003, 7.579
'PRANK_b0#0078_htH_tree_86_OP_0.2347265646541319_Split_78.fasta', -5.376, 1.278, -9.165, 0.742
'PRANK_b0#0078_thH_tree_86_OP_0.2347265646541319_Split_78.fasta', -5.934, 0.741, -10.005, -0.475
'PRANK_b0#0078_thT_tree_53_OP_0.05303947942235687_Split_78.fasta', 11.177, 16.192, 8.188, 11.828
'PRANK_b0#0078_ttH_tree_53_OP_0.05303947942235687_Split_78.fasta', 7.798, 12.574, 5.394, 8.365
'PRANK_b0#0078_ttT_tree_86_OP_0.2347265646541319_Split_78.fasta', -5.537, 1.008, -9.253, 0.419
'PRANK_b0#0079_hhH_tree_88_OP_0.1810795500099957_Split_79.fasta', 0.929, 6.242, -1.393, 3.474
'PRANK_b0#0079_hhT_tree_88_OP_0.1810795500099957_Split_79.fasta', 2.139, 7.557, -0.248, 4.898
'PRANK_b0#0079_ttH_tree_88_OP_0.1810795500099957_Split_79.fasta', 0.945, 6.256, -1.377, 3.491
'PRANK_b0#0079_ttT_tree_88_OP_0.1810795500099957_Split_79.fasta', 1.919, 7.338, -0.462, 4.649
'PRANK_b0#0080_hhT_tree_3_OP_0.05125309180508808_Split_80.fasta', 25.343, 33.452, 23.941, 25.719
'PRANK_b0#0080_htH_tree_3_OP_0.05125309180508808_Split_80.fasta', 26.137, 34.233, 24.854, 26.659
'PRANK_b0#0080_htT_tree_3_OP_0.05125309180508808_Split_80.fasta', 25.035, 33.199, 23.673, 25.483
'PRANK_b0#0080_ttH_tree_3_OP_0.05125309180508808_Split_80.fasta', 26.049, 34.12, 24.73, 26.514
'PRANK_b0#0081_hhH_tree_5_OP_0.22898839817158656_Split_81.fasta', 15.046, 22.852, 12.084, 16.213
'PRANK_b0#0081_hhT_tree_51_OP_0.3986228120499837_Split_81.fasta', 14.451, 21.174, 10.36, 15.221
'PRANK_b0#0081_hhT_tree_73_OP_0.04516409856856096_Split_81.fasta', 26.481, 34.224, 19.82, 27.681
'PRANK_b0#0081_htH_tree_51_OP_0.3986228120499837_Split_81.fasta', 15.601, 22.838, 11.11, 16.978
'PRANK_b0#0081_htT_tree_5_OP_0.22898839817158656_Split_81.fasta', 15.22, 22.972, 11.553, 16.997
'PRANK_b0#0081_htT_tree_73_OP_0.04516409856856096_Split_81.fasta', 26.481, 34.224, 19.82, 27.681
'PRANK_b0#0081_thH_tree_5_OP_0.22898839817158656_Split_81.fasta', 15.021, 22.832, 12.043, 16.228
'PRANK_b0#0081_thH_tree_73_OP_0.04516409856856096_Split_81.fasta', 25.719, 33.061, 17.998, 27.555
'PRANK_b0#0081_thT_tree_51_OP_0.3986228120499837_Split_81.fasta', 13.481, 20.169, 10.513, 14.467
'PRANK_b0#0081_ttH_tree_51_OP_0.3986228120499837_Split_81.fasta', 16.166, 23.262, 12.932, 17.085
'PRANK_b0#0081_ttH_tree_73_OP_0.04516409856856096_Split_81.fasta', 25.672, 32.88, 17.876, 27.317
'PRANK_b0#0081_ttT_tree_5_OP_0.22898839817158656_Split_81.fasta', 15.216, 22.972, 11.547, 16.988
'PRANK_b0#0085_hhT_tree_59_OP_0.3079281034987719_Split_85.fasta', 1.784, 7.811, -4.232, 3.902
'PRANK_b0#0085_thT_tree_59_OP_0.3079281034987719_Split_85.fasta', 1.442, 7.471, -4.572, 3.458
'PRANK_b0#0085_ttH_tree_59_OP_0.3079281034987719_Split_85.fasta', 1.502, 7.531, -4.515, 3.39
'PRANK_b0#0085_ttT_tree_59_OP_0.3079281034987719_Split_85.fasta', 1.707, 7.746, -4.228, 3.684
'PRANK_b0#0086_hhH_tree_46_OP_0.17943757149806483_Split_86.fasta', 13.919, 20.254, 10.539, 13.741
'PRANK_b0#0086_hhT_tree_46_OP_0.17943757149806483_Split_86.fasta', 14.267, 20.617, 11.814, 13.261
'PRANK_b0#0086_hhT_tree_47_OP_0.4322745197435511_Split_86.fasta', -4.232, 2.181, -8.412, -3.594
'PRANK_b0#0086_htT_tree_47_OP_0.4322745197435511_Split_86.fasta', -4.707, 1.619, -9.198, -4.299
'PRANK_b0#0086_thT_tree_46_OP_0.17943757149806483_Split_86.fasta', 14.225, 20.622, 11.078, 14.124
'PRANK_b0#0086_thT_tree_47_OP_0.4322745197435511_Split_86.fasta', -2.459, 4.215, -7.368, -1.634
'PRANK_b0#0086_ttH_tree_46_OP_0.17943757149806483_Split_86.fasta', 14.625, 20.86, 13.037, 13.599
'PRANK_b0#0086_ttH_tree_47_OP_0.4322745197435511_Split_86.fasta', -3.953, 2.469, -6.132, -4.091
'PRANK_b0#0087_hhT_tree_44_OP_0.200818760412537_Split_87.fasta', 7.858, 12.639, 6.253, 9.455
'PRANK_b0#0087_htT_tree_44_OP_0.200818760412537_Split_87.fasta', 7.869, 12.649, 6.266, 9.464
'PRANK_b0#0087_thT_tree_44_OP_0.200818760412537_Split_87.fasta', 7.909, 12.69, 6.314, 9.505
'PRANK_b0#0087_ttT_tree_44_OP_0.200818760412537_Split_87.fasta', 7.889, 12.682, 5.207, 9.508
'PRANK_b0#0088_hhH_tree_14_OP_0.3064418702671071_Split_88.fasta', -7.187, -3.899, -8.899, -6.844
'PRANK_b0#0088_hhT_tree_92_OP_0.23387605000900108_Split_88.fasta', 14.301, 20.589, 11.442, 16.518
'PRANK_b0#0088_htH_tree_92_OP_0.23387605000900108_Split_88.fasta', 12.26, 18.136, 9.42, 14.477
'PRANK_b0#0088_htT_tree_14_OP_0.3064418702671071_Split_88.fasta', -5.836, -2.511, -6.58, -3.479
'PRANK_b0#0088_thH_tree_92_OP_0.23387605000900108_Split_88.fasta', 12.765, 18.721, 9.795, 14.919
'PRANK_b0#0088_thT_tree_14_OP_0.3064418702671071_Split_88.fasta', -5.81, -2.519, -6.565, -3.529
'PRANK_b0#0088_thT_tree_92_OP_0.23387605000900108_Split_88.fasta', 14.533, 20.492, 11.861, 16.792
'PRANK_b0#0088_ttH_tree_14_OP_0.3064418702671071_Split_88.fasta', -7.187, -3.899, -8.899, -6.844
'PRANK_b0#0089_hhH_tree_21_OP_0.22890592879188038_Split_89.fasta', 11.475, 17.762, 10.174, 9.51
'PRANK_b0#0089_htT_tree_21_OP_0.22890592879188038_Split_89.fasta', 10.301, 16.608, 9.074, 8.137
'PRANK_b0#0089_thH_tree_21_OP_0.22890592879188038_Split_89.fasta', 12.429, 18.977, 10.844, 10.479
'PRANK_b0#0089_ttT_tree_21_OP_0.22890592879188038_Split_89.fasta', 11.114, 17.66, 9.69, 9.024
'PRANK_b0#0090_hhT_tree_95_OP_0.1030307002700046_Split_90.fasta', 25.157, 33.305, 17.178, 24.672
'PRANK_b0#0090_thH_tree_95_OP_0.1030307002700046_Split_90.fasta', 26.82, 35.202, 17.135, 27.161
'PRANK_b0#0090_ttH_tree_95_OP_0.1030307002700046_Split_90.fasta', 27.177, 35.646, 20.148, 27.798
'PRANK_b0#0090_ttT_tree_95_OP_0.1030307002700046_Split_90.fasta', 25.521, 33.764, 17.441, 24.967
'PRANK_b0#0091_hhH_tree_4_OP_0.3917727204478945_Split_91.fasta', 1.503, 6.632, -0.911, 1.242
'PRANK_b0#0091_htT_tree_4_OP_0.3917727204478945_Split_91.fasta', 0.637, 5.48, -0.748, 0.142
'PRANK_b0#0091_thH_tree_4_OP_0.3917727204478945_Split_91.fasta', 1.055, 6.342, -1.72, 0.974
'PRANK_b0#0091_thT_tree_4_OP_0.3917727204478945_Split_91.fasta', -0.28, 4.571, -1.675, -0.539
'PRANK_b0#0096_hhH_tree_77_OP_0.06320220646162977_Split_96.fasta', 14.133, 19.734, 10.324, 17.585
'PRANK_b0#0096_hhT_tree_77_OP_0.06320220646162977_Split_96.fasta', 8.785, 12.845, 6.615, 12.311
'PRANK_b0#0096_htH_tree_77_OP_0.06320220646162977_Split_96.fasta', 14.133, 19.734, 10.324, 17.585
'PRANK_b0#0096_ttT_tree_77_OP_0.06320220646162977_Split_96.fasta', 8.534, 12.665, 6.322, 11.876
'PRANK_b1#0000_hhH_tree_61_OP_0.4330011748014624_Split_0.fasta', -2.852, 2.186, -3.953, -2.374
'PRANK_b1#0000_hhT_tree_61_OP_0.4330011748014624_Split_0.fasta', -2.113, 3.004, -2.577, -1.785
'PRANK_b1#0000_htH_tree_61_OP_0.4330011748014624_Split_0.fasta', -2.84, 2.201, -3.951, -2.36
'PRANK_b1#0000_htT_tree_61_OP_0.4330011748014624_Split_0.fasta', -2.106, 3.02, -2.58, -1.789
'PRANK_b1#0001_hhH_tree_89_OP_0.08315440018559267_Split_1.fasta', 28.147, 36.127, 22.254, 28.02
'PRANK_b1#0001_hhT_tree_89_OP_0.08315440018559267_Split_1.fasta', 28.282, 36.226, 22.384, 28.15
'PRANK_b1#0001_htH_tree_89_OP_0.08315440018559267_Split_1.fasta', 28.149, 36.11, 22.279, 28.028
'PRANK_b1#0001_htT_tree_89_OP_0.08315440018559267_Split_1.fasta', 28.2, 36.136, 22.315, 28.078
'PRANK_b1#0004_hhH_tree_20_OP_0.1825262028599538_Split_4.fasta', 8.946, 15.599, 4.588, 10.519
'PRANK_b1#0004_hhH_tree_2_OP_0.0971126692608415_Split_4.fasta', 5.341, 7.784, 1.7, 2.866
'PRANK_b1#0004_hhT_tree_20_OP_0.1825262028599538_Split_4.fasta', 13.342, 19.382, 9.383, 14.143
'PRANK_b1#0004_hhT_tree_2_OP_0.0971126692608415_Split_4.fasta', 3.495, 9.435, -0.328, 4.083
'PRANK_b1#0004_htH_tree_20_OP_0.1825262028599538_Split_4.fasta', 10.466, 17.182, 6.196, 11.992
'PRANK_b1#0004_htH_tree_2_OP_0.0971126692608415_Split_4.fasta', 5.318, 7.711, 1.98, 2.441
'PRANK_b1#0004_htT_tree_20_OP_0.1825262028599538_Split_4.fasta', 13.228, 19.24, 9.298, 14.037
'PRANK_b1#0004_htT_tree_2_OP_0.0971126692608415_Split_4.fasta', 3.654, 9.72, -0.286, 4.277
'PRANK_b1#0005_hhH_tree_67_OP_0.008476858088944328_Split_5.fasta', 32.176, 39.759, 30.481, 32.077
'PRANK_b1#0005_hhT_tree_67_OP_0.008476858088944328_Split_5.fasta', 28.808, 36.235, 27.602, 28.926
'PRANK_b1#0005_htH_tree_67_OP_0.008476858088944328_Split_5.fasta', 32.161, 39.744, 30.467, 32.064
'PRANK_b1#0005_htT_tree_67_OP_0.008476858088944328_Split_5.fasta', 28.751, 36.173, 27.522, 28.846
'PRANK_b1#0006_hhH_tree_90_OP_0.4673207261707267_Split_6.fasta', -0.602, 5.632, -4.137, 0.031
'PRANK_b1#0006_hhT_tree_90_OP_0.4673207261707267_Split_6.fasta', -1.331, 4.803, -4.084, -1.202
'PRANK_b1#0006_htH_tree_90_OP_0.4673207261707267_Split_6.fasta', -0.365, 5.969, -4.148, 0.027
'PRANK_b1#0006_htT_tree_90_OP_0.4673207261707267_Split_6.fasta', -0.184, 6.164, -3.74, -0.046
'PRANK_b1#0007_hhH_tree_41_OP_0.02098294888047958_Split_7.fasta', 18.357, 24.448, 13.081, 21.176
'PRANK_b1#0007_hhT_tree_41_OP_0.02098294888047958_Split_7.fasta', 16.113, 22.169, 10.883, 18.553
'PRANK_b1#0007_htH_tree_41_OP_0.02098294888047958_Split_7.fasta', 18.357, 24.448, 13.081, 21.176
'PRANK_b1#0007_htT_tree_41_OP_0.02098294888047958_Split_7.fasta', 16.113, 22.169, 10.883, 18.553
'PRANK_b1#0008_hhH_tree_15_OP_0.23700500204391878_Split_8.fasta', -6.475, -4.837, -7.612, -7.062
'PRANK_b1#0008_hhT_tree_15_OP_0.23700500204391878_Split_8.fasta', -13.716, -12.135, -14.694, -13.716
'PRANK_b1#0008_htH_tree_15_OP_0.23700500204391878_Split_8.fasta', -8.77, -7.397, -10.192, -9.633
'PRANK_b1#0008_htT_tree_15_OP_0.23700500204391878_Split_8.fasta', -8.049, -4.783, -8.843, -7.37
'PRANK_b1#0009_hhH_tree_29_OP_0.3263217068805121_Split_9.fasta', -19.283, -18.023, -20.452, -20.74
'PRANK_b1#0009_hhT_tree_29_OP_0.3263217068805121_Split_9.fasta', -18.371, -16.508, -19.955, -18.205
'PRANK_b1#0009_htH_tree_29_OP_0.3263217068805121_Split_9.fasta', -19.36, -18.11, -20.301, -20.852
'PRANK_b1#0009_htT_tree_29_OP_0.3263217068805121_Split_9.fasta', -18.563, -16.636, -20.413, -18.85
'PRANK_b1#0010_hhH_tree_55_OP_0.12131382649812672_Split_10.fasta', 17.089, 23.802, 11.246, 18.231
'PRANK_b1#0010_hhH_tree_78_OP_0.2199134490774199_Split_10.fasta', -8.794, -4.566, -10.781, -6.392
'PRANK_b1#0010_hhH_tree_93_OP_0.22235197408396468_Split_10.fasta', 19.534, 26.375, 18.521, 18.282
'PRANK_b1#0010_hhT_tree_55_OP_0.12131382649812672_Split_10.fasta', 17.131, 23.999, 11.111, 17.885
'PRANK_b1#0010_hhT_tree_78_OP_0.2199134490774199_Split_10.fasta', -10.914, -6.562, -12.657, -8.329
'PRANK_b1#0010_hhT_tree_93_OP_0.22235197408396468_Split_10.fasta', 19.651, 26.582, 18.609, 18.382
'PRANK_b1#0010_htH_tree_55_OP_0.12131382649812672_Split_10.fasta', 17.039, 23.74, 11.215, 18.179
'PRANK_b1#0010_htH_tree_78_OP_0.2199134490774199_Split_10.fasta', -8.764, -4.55, -10.572, -6.368
'PRANK_b1#0010_htH_tree_93_OP_0.22235197408396468_Split_10.fasta', 19.369, 26.186, 18.408, 18.089
'PRANK_b1#0010_htT_tree_55_OP_0.12131382649812672_Split_10.fasta', 17.012, 23.861, 10.987, 17.758
'PRANK_b1#0010_htT_tree_78_OP_0.2199134490774199_Split_10.fasta', -10.918, -6.565, -12.663, -8.331
'PRANK_b1#0010_htT_tree_93_OP_0.22235197408396468_Split_10.fasta', 19.864, 26.757, 18.83, 18.933
'PRANK_b1#0012_hhH_tree_39_OP_0.22687500454657905_Split_12.fasta', 20.618, 27.778, 16.131, 21.954
'PRANK_b1#0012_hhH_tree_42_OP_0.0496315149686164_Split_12.fasta', 21.763, 29.363, 15.791, 25.016
'PRANK_b1#0012_hhT_tree_39_OP_0.22687500454657905_Split_12.fasta', 21.642, 29.077, 15.82, 23.501
'PRANK_b1#0012_hhT_tree_42_OP_0.0496315149686164_Split_12.fasta', 23.559, 30.853, 18.168, 25.971
'PRANK_b1#0012_htH_tree_39_OP_0.22687500454657905_Split_12.fasta', 20.595, 27.761, 16.096, 21.92
'PRANK_b1#0012_htH_tree_42_OP_0.0496315149686164_Split_12.fasta', 21.481, 29.01, 15.555, 24.707
'PRANK_b1#0012_htT_tree_39_OP_0.22687500454657905_Split_12.fasta', 21.647, 29.087, 15.814, 23.515
'PRANK_b1#0012_htT_tree_42_OP_0.0496315149686164_Split_12.fasta', 23.62, 30.943, 18.171, 26.003
'PRANK_b1#0015_hhH_tree_18_OP_0.2024155938605975_Split_15.fasta', 17.575, 25.486, 11.1, 18.576
'PRANK_b1#0015_hhT_tree_18_OP_0.2024155938605975_Split_15.fasta', 19.937, 28.213, 14.799, 20.962
'PRANK_b1#0015_htH_tree_18_OP_0.2024155938605975_Split_15.fasta', 18.128, 26.205, 12.623, 19.564
'PRANK_b1#0015_htT_tree_18_OP_0.2024155938605975_Split_15.fasta', 19.921, 28.186, 14.789, 20.932
'PRANK_b1#0017_hhH_tree_25_OP_0.40331807202508463_Split_17.fasta', 0.985, 4.547, -0.429, -0.123
'PRANK_b1#0017_hhT_tree_25_OP_0.40331807202508463_Split_17.fasta', 0.642, 3.85, -3.057, -0.183
'PRANK_b1#0017_htH_tree_25_OP_0.40331807202508463_Split_17.fasta', 0.502, 4.036, -0.533, -0.005
'PRANK_b1#0017_htT_tree_25_OP_0.40331807202508463_Split_17.fasta', 0.131, 3.13, -3.974, 0.04
'PRANK_b1#0018_hhH_tree_75_OP_0.4799762788828158_Split_18.fasta', -0.276, 3.842, -3.015, 1.007
'PRANK_b1#0018_hhT_tree_75_OP_0.4799762788828158_Split_18.fasta', 1.569, 5.881, -1.872, 2.035
'PRANK_b1#0018_htH_tree_75_OP_0.4799762788828158_Split_18.fasta', -1.22, 3.057, -3.602, 0.367
'PRANK_b1#0018_htT_tree_75_OP_0.4799762788828158_Split_18.fasta', -0.024, 4.279, -3.377, 0.791
'PRANK_b1#0020_hhH_tree_32_OP_0.46510307915842913_Split_20.fasta', -18.686, -16.501, -19.734, -19.806
'PRANK_b1#0020_hhH_tree_45_OP_0.34336798907063576_Split_20.fasta', 18.596, 26.94, 12.141, 22.214
'PRANK_b1#0020_hhT_tree_32_OP_0.46510307915842913_Split_20.fasta', -13.477, -9.473, -16.29, -12.72
'PRANK_b1#0020_hhT_tree_45_OP_0.34336798907063576_Split_20.fasta', 16.13, 24.086, 11.141, 18.522
'PRANK_b1#0020_htH_tree_32_OP_0.46510307915842913_Split_20.fasta', -19.817, -17.439, -20.364, -20.586
'PRANK_b1#0020_htH_tree_45_OP_0.34336798907063576_Split_20.fasta', 18.518, 26.877, 12.091, 22.066
'PRANK_b1#0020_htT_tree_32_OP_0.46510307915842913_Split_20.fasta', -13.216, -9.209, -16.031, -12.564
'PRANK_b1#0020_htT_tree_45_OP_0.34336798907063576_Split_20.fasta', 15.45, 23.581, 10.738, 17.032
'PRANK_b1#0021_hhH_tree_72_OP_0.03379288926432422_Split_21.fasta', 21.405, 26.331, 19.501, 22.873
'PRANK_b1#0021_hhT_tree_72_OP_0.03379288926432422_Split_21.fasta', 19.239, 22.98, 16.222, 16.694
'PRANK_b1#0021_htH_tree_72_OP_0.03379288926432422_Split_21.fasta', 21.443, 26.371, 19.537, 22.917
'PRANK_b1#0021_htT_tree_72_OP_0.03379288926432422_Split_21.fasta', 18.915, 22.644, 16.118, 16.621
'PRANK_b1#0022_hhH_tree_82_OP_0.3028561213552523_Split_22.fasta', 0.62, 3.803, -2.994, -1.634
'PRANK_b1#0022_hhH_tree_83_OP_0.37330283834351374_Split_22.fasta', 21.917, 29.408, 15.489, 22.591
'PRANK_b1#0022_hhT_tree_82_OP_0.3028561213552523_Split_22.fasta', 0.896, 5.564, -0.311, 1.078
'PRANK_b1#0022_hhT_tree_83_OP_0.37330283834351374_Split_22.fasta', 12.194, 17.614, 8.03, 11.153
'PRANK_b1#0022_htH_tree_82_OP_0.3028561213552523_Split_22.fasta', 1.717, 5.239, -1.939, -0.321
'PRANK_b1#0022_htH_tree_83_OP_0.37330283834351374_Split_22.fasta', 22.09, 29.599, 15.657, 22.776
'PRANK_b1#0022_htT_tree_82_OP_0.3028561213552523_Split_22.fasta', 0.991, 5.659, -0.195, 1.183
'PRANK_b1#0022_htT_tree_83_OP_0.37330283834351374_Split_22.fasta', 12.518, 17.981, 8.703, 11.355
'PRANK_b1#0024_hhH_tree_12_OP_0.12503863659849623_Split_24.fasta', 10.968, 16.713, 8.214, 15.678
'PRANK_b1#0024_hhH_tree_28_OP_0.026059464327883253_Split_24.fasta', 23.98, 30.326, 20.677, 26.264
'PRANK_b1#0024_hhH_tree_34_OP_0.3871869419205337_Split_24.fasta', 13.098, 19.67, 11.025, 14.35
'PRANK_b1#0024_hhH_tree_58_OP_0.4060880752132891_Split_24.fasta', 8.026, 13.352, 6.131, 7.606
'PRANK_b1#0024_hhH_tree_65_OP_0.2277419037379937_Split_24.fasta', -1.24, 5.218, -4.762, 1.754
'PRANK_b1#0024_hhT_tree_12_OP_0.12503863659849623_Split_24.fasta', 10.255, 15.935, 7.524, 15.042
'PRANK_b1#0024_hhT_tree_28_OP_0.026059464327883253_Split_24.fasta', 23.325, 29.784, 18.549, 26.663
'PRANK_b1#0024_hhT_tree_34_OP_0.3871869419205337_Split_24.fasta', 8.892, 14.183, 8.512, 9.776
'PRANK_b1#0024_hhT_tree_58_OP_0.4060880752132891_Split_24.fasta', 9.712, 15.442, 6.954, 9.545
'PRANK_b1#0024_hhT_tree_65_OP_0.2277419037379937_Split_24.fasta', 1.505, 7.652, -1.828, 3.981
'PRANK_b1#0024_htH_tree_12_OP_0.12503863659849623_Split_24.fasta', 10.834, 16.55, 8.107, 15.541
'PRANK_b1#0024_htH_tree_28_OP_0.026059464327883253_Split_24.fasta', 23.98, 30.326, 20.677, 26.264
'PRANK_b1#0024_htH_tree_34_OP_0.3871869419205337_Split_24.fasta', 11.713, 17.334, 9.184, 12.663
'PRANK_b1#0024_htH_tree_58_OP_0.4060880752132891_Split_24.fasta', 12.502, 18.983, 8.221, 12.966
'PRANK_b1#0024_htH_tree_65_OP_0.2277419037379937_Split_24.fasta', -0.981, 5.614, -4.654, 2.047
'PRANK_b1#0024_htT_tree_12_OP_0.12503863659849623_Split_24.fasta', 10.255, 15.935, 7.524, 15.042
'PRANK_b1#0024_htT_tree_28_OP_0.026059464327883253_Split_24.fasta', 23.315, 29.772, 18.539, 26.649
'PRANK_b1#0024_htT_tree_34_OP_0.3871869419205337_Split_24.fasta', 11.06, 16.965, 10.272, 11.901
'PRANK_b1#0024_htT_tree_58_OP_0.4060880752132891_Split_24.fasta', 9.765, 15.55, 6.972, 9.645
'PRANK_b1#0024_htT_tree_65_OP_0.2277419037379937_Split_24.fasta', 1.526, 7.668, -1.818, 3.975
'PRANK_b1#0026_hhH_tree_87_OP_0.11403984600375927_Split_26.fasta', 4.811, 7.765, 4.304, 4.894
'PRANK_b1#0026_hhT_tree_87_OP_0.11403984600375927_Split_26.fasta', 14.786, 18.748, 12.742, 15.664
'PRANK_b1#0026_htH_tree_87_OP_0.11403984600375927_Split_26.fasta', 4.919, 7.848, 4.455, 5.054
'PRANK_b1#0026_htT_tree_87_OP_0.11403984600375927_Split_26.fasta', 14.794, 18.751, 12.759, 15.682
'PRANK_b1#0028_hhH_tree_70_OP_0.3490789034502281_Split_28.fasta', -3.473, 2.424, -8.152, -2.105
'PRANK_b1#0028_hhT_tree_70_OP_0.3490789034502281_Split_28.fasta', 0.302, 6.261, -0.015, -1.708
'PRANK_b1#0028_htH_tree_70_OP_0.3490789034502281_Split_28.fasta', 2.728, 9.392, -3.154, 2.528
'PRANK_b1#0028_htT_tree_70_OP_0.3490789034502281_Split_28.fasta', 4.306, 10.923, -1.149, 4.046
'PRANK_b1#0029_hhH_tree_1_OP_0.05363264786522631_Split_29.fasta', 5.708, 11.251, 3.145, 6.79
'PRANK_b1#0029_hhH_tree_62_OP_0.09025347905865139_Split_29.fasta', 9.722, 15.968, 5.723, 15.23
'PRANK_b1#0029_hhT_tree_1_OP_0.05363264786522631_Split_29.fasta', 4.575, 10.019, 0.255, 6.462
'PRANK_b1#0029_hhT_tree_62_OP_0.09025347905865139_Split_29.fasta', 12.729, 18.967, 9.943, 18.177
'PRANK_b1#0029_htH_tree_1_OP_0.05363264786522631_Split_29.fasta', 5.7, 11.212, 1.275, 7.554
'PRANK_b1#0029_htH_tree_62_OP_0.09025347905865139_Split_29.fasta', 9.722, 15.968, 5.723, 15.23
'PRANK_b1#0029_htT_tree_1_OP_0.05363264786522631_Split_29.fasta', 4.637, 10.11, 2.274, 5.699
'PRANK_b1#0029_htT_tree_62_OP_0.09025347905865139_Split_29.fasta', 12.736, 18.976, 9.946, 18.18
'PRANK_b1#0030_hhH_tree_68_OP_0.2161589229083642_Split_30.fasta', 20.228, 27.752, 10.894, 20.144
'PRANK_b1#0030_hhT_tree_68_OP_0.2161589229083642_Split_30.fasta', 20.47, 28.002, 13.089, 20.386
'PRANK_b1#0030_htH_tree_68_OP_0.2161589229083642_Split_30.fasta', 22.145, 29.42, 13.238, 22.03
'PRANK_b1#0030_htT_tree_68_OP_0.2161589229083642_Split_30.fasta', 20.4, 27.929, 13.029, 20.33
'PRANK_b1#0032_hhH_tree_17_OP_0.0883996370966601_Split_32.fasta', 2.367, 7.795, -0.827, 3.237
'PRANK_b1#0032_hhH_tree_31_OP_0.2991272106085847_Split_32.fasta', 26.731, 34.38, 19.869, 27.635
'PRANK_b1#0032_hhH_tree_57_OP_0.01035969654869301_Split_32.fasta', 24.408, 30.602, 20.629, 27.868
'PRANK_b1#0032_hhH_tree_74_OP_0.34003546929790274_Split_32.fasta', 18.387, 26.367, 9.229, 17.943
'PRANK_b1#0032_hhH_tree_76_OP_0.3744455664317578_Split_32.fasta', 0.293, 6.162, -5.198, 1.23
'PRANK_b1#0032_hhT_tree_17_OP_0.0883996370966601_Split_32.fasta', 1.353, 6.184, -2.0, 2.47
'PRANK_b1#0032_hhT_tree_31_OP_0.2991272106085847_Split_32.fasta', 25.443, 33.122, 19.538, 26.472
'PRANK_b1#0032_hhT_tree_57_OP_0.01035969654869301_Split_32.fasta', 24.948, 31.371, 21.456, 28.299
'PRANK_b1#0032_hhT_tree_74_OP_0.34003546929790274_Split_32.fasta', 9.504, 16.253, 3.178, 10.564
'PRANK_b1#0032_hhT_tree_76_OP_0.3744455664317578_Split_32.fasta', -1.092, 4.007, -4.756, -0.75
'PRANK_b1#0032_htH_tree_17_OP_0.0883996370966601_Split_32.fasta', 2.532, 7.953, -0.715, 3.361
'PRANK_b1#0032_htH_tree_31_OP_0.2991272106085847_Split_32.fasta', 26.729, 34.406, 19.842, 27.602
'PRANK_b1#0032_htH_tree_57_OP_0.01035969654869301_Split_32.fasta', 24.408, 30.602, 20.629, 27.868
'PRANK_b1#0032_htH_tree_74_OP_0.34003546929790274_Split_32.fasta', 10.308, 16.685, 4.825, 10.951
'PRANK_b1#0032_htH_tree_76_OP_0.3744455664317578_Split_32.fasta', 0.315, 6.204, -5.186, 1.272
'PRANK_b1#0032_htT_tree_17_OP_0.0883996370966601_Split_32.fasta', 1.53, 6.387, -1.831, 2.638
'PRANK_b1#0032_htT_tree_31_OP_0.2991272106085847_Split_32.fasta', 25.443, 33.122, 19.538, 26.472
'PRANK_b1#0032_htT_tree_57_OP_0.01035969654869301_Split_32.fasta', 24.882, 31.298, 21.351, 28.312
'PRANK_b1#0032_htT_tree_74_OP_0.34003546929790274_Split_32.fasta', 18.324, 26.387, 9.162, 17.658
'PRANK_b1#0032_htT_tree_76_OP_0.3744455664317578_Split_32.fasta', -1.092, 4.007, -4.756, -0.75
'PRANK_b1#0034_hhH_tree_33_OP_0.48048927330141855_Split_34.fasta', -15.983, -10.638, -18.768, -15.127
'PRANK_b1#0034_hhH_tree_52_OP_0.03486385316080837_Split_34.fasta', 15.474, 21.086, 11.42, 19.882
'PRANK_b1#0034_hhT_tree_33_OP_0.48048927330141855_Split_34.fasta', -10.376, -5.71, -12.591, -10.771
'PRANK_b1#0034_hhT_tree_52_OP_0.03486385316080837_Split_34.fasta', 12.979, 18.032, 11.904, 17.781
'PRANK_b1#0034_htH_tree_33_OP_0.48048927330141855_Split_34.fasta', -10.799, -5.691, -13.082, -10.249
'PRANK_b1#0034_htH_tree_52_OP_0.03486385316080837_Split_34.fasta', 15.483, 21.09, 11.433, 19.889
'PRANK_b1#0034_htT_tree_33_OP_0.48048927330141855_Split_34.fasta', -9.83, -5.046, -12.134, -10.174
'PRANK_b1#0034_htT_tree_52_OP_0.03486385316080837_Split_34.fasta', 12.979, 18.032, 11.904, 17.781
'PRANK_b1#0036_hhH_tree_8_OP_0.3698786236358351_Split_36.fasta', 4.975, 13.141, -0.178, 5.967
'PRANK_b1#0036_hhT_tree_8_OP_0.3698786236358351_Split_36.fasta', 4.24, 12.444, -0.789, 5.233
'PRANK_b1#0036_htH_tree_8_OP_0.3698786236358351_Split_36.fasta', 5.525, 13.331, 0.661, 7.156
'PRANK_b1#0036_htT_tree_8_OP_0.3698786236358351_Split_36.fasta', 5.879, 13.904, 2.186, 6.66
'PRANK_b1#0037_hhH_tree_19_OP_0.2601680197593299_Split_37.fasta', 12.599, 17.377, 8.876, 14.393
'PRANK_b1#0037_hhT_tree_19_OP_0.2601680197593299_Split_37.fasta', 13.629, 18.576, 9.769, 15.71
'PRANK_b1#0037_htH_tree_19_OP_0.2601680197593299_Split_37.fasta', 12.527, 17.249, 8.885, 14.308
'PRANK_b1#0037_htT_tree_19_OP_0.2601680197593299_Split_37.fasta', 13.586, 18.534, 9.705, 15.651
'PRANK_b1#0038_hhH_tree_22_OP_0.1313757710015392_Split_38.fasta', 11.937, 17.972, 9.906, 11.551
'PRANK_b1#0038_hhH_tree_38_OP_0.29843463616112814_Split_38.fasta', 20.758, 28.769, 14.797, 22.304
'PRANK_b1#0038_hhH_tree_91_OP_0.31689700001611826_Split_38.fasta', 13.928, 20.183, 10.324, 13.189
'PRANK_b1#0038_hhT_tree_22_OP_0.1313757710015392_Split_38.fasta', 10.909, 17.132, 8.649, 10.902
'PRANK_b1#0038_hhT_tree_38_OP_0.29843463616112814_Split_38.fasta', 20.758, 28.775, 16.771, 21.436
'PRANK_b1#0038_hhT_tree_91_OP_0.31689700001611826_Split_38.fasta', 12.946, 18.986, 9.405, 12.357
'PRANK_b1#0038_htH_tree_22_OP_0.1313757710015392_Split_38.fasta', 12.056, 18.077, 10.041, 11.66
'PRANK_b1#0038_htH_tree_38_OP_0.29843463616112814_Split_38.fasta', 20.771, 28.776, 14.801, 22.283
'PRANK_b1#0038_htH_tree_91_OP_0.31689700001611826_Split_38.fasta', 13.503, 19.879, 9.115, 14.669
'PRANK_b1#0038_htT_tree_22_OP_0.1313757710015392_Split_38.fasta', 10.942, 17.128, 8.703, 10.993
'PRANK_b1#0038_htT_tree_38_OP_0.29843463616112814_Split_38.fasta', 20.758, 28.775, 16.771, 21.436
'PRANK_b1#0038_htT_tree_91_OP_0.31689700001611826_Split_38.fasta', 13.736, 19.704, 9.836, 12.886
'PRANK_b1#0040_hhH_tree_27_OP_0.14896923282821622_Split_40.fasta', 27.309, 35.971, 19.997, 30.124
'PRANK_b1#0040_hhH_tree_9_OP_0.3803136599863731_Split_40.fasta', -8.949, -4.878, -11.987, -11.051
'PRANK_b1#0040_hhT_tree_27_OP_0.14896923282821622_Split_40.fasta', 27.887, 36.593, 20.136, 31.103
'PRANK_b1#0040_hhT_tree_9_OP_0.3803136599863731_Split_40.fasta', -12.311, -8.631, -14.632, -13.836
'PRANK_b1#0040_htH_tree_27_OP_0.14896923282821622_Split_40.fasta', 27.31, 35.972, 20.002, 30.127
'PRANK_b1#0040_htH_tree_9_OP_0.3803136599863731_Split_40.fasta', -9.583, -5.633, -12.406, -11.633
'PRANK_b1#0040_htT_tree_27_OP_0.14896923282821622_Split_40.fasta', 28.183, 36.847, 21.025, 30.968
'PRANK_b1#0040_htT_tree_9_OP_0.3803136599863731_Split_40.fasta', -11.718, -7.892, -14.233, -13.239
'PRANK_b1#0041_hhH_tree_98_OP_0.2156405548443302_Split_41.fasta', -2.67, 2.531, -3.982, -0.376
'PRANK_b1#0041_hhT_tree_98_OP_0.2156405548443302_Split_41.fasta', 0.053, 4.953, -0.57, 1.93
'PRANK_b1#0041_htH_tree_98_OP_0.2156405548443302_Split_41.fasta', -2.651, 2.533, -3.993, -0.57
'PRANK_b1#0041_htT_tree_98_OP_0.2156405548443302_Split_41.fasta', -0.037, 4.875, -0.662, 1.853
'PRANK_b1#0042_hhH_tree_26_OP_0.19458729828343746_Split_42.fasta', 26.336, 34.593, 18.83, 26.673
'PRANK_b1#0042_hhH_tree_50_OP_0.41441335319694456_Split_42.fasta', 1.615, 6.641, 0.634, 1.935
'PRANK_b1#0042_hhT_tree_26_OP_0.19458729828343746_Split_42.fasta', 22.999, 30.463, 22.835, 20.814
'PRANK_b1#0042_hhT_tree_50_OP_0.41441335319694456_Split_42.fasta', 0.472, 4.775, -0.197, 0.409
'PRANK_b1#0042_htH_tree_26_OP_0.19458729828343746_Split_42.fasta', 23.361, 31.142, 16.546, 23.726
'PRANK_b1#0042_htH_tree_50_OP_0.41441335319694456_Split_42.fasta', 0.615, 5.222, -0.093, 0.72
'PRANK_b1#0042_htT_tree_26_OP_0.19458729828343746_Split_42.fasta', 23.057, 30.553, 22.878, 20.865
'PRANK_b1#0042_htT_tree_50_OP_0.41441335319694456_Split_42.fasta', 0.411, 4.714, -0.28, 0.336
'PRANK_b1#0044_hhH_tree_66_OP_0.002445136450722696_Split_44.fasta', 19.906, 25.865, 13.197, 21.08
'PRANK_b1#0044_hhT_tree_66_OP_0.002445136450722696_Split_44.fasta', 16.579, 22.518, 12.396, 16.533
'PRANK_b1#0044_htH_tree_66_OP_0.002445136450722696_Split_44.fasta', 24.615, 31.35, 22.935, 24.497
'PRANK_b1#0044_htT_tree_66_OP_0.002445136450722696_Split_44.fasta', 21.169, 27.759, 19.58, 21.668
'PRANK_b1#0047_hhH_tree_49_OP_0.3808211405032018_Split_47.fasta', 2.966, 8.954, 0.723, 3.975
'PRANK_b1#0047_hhH_tree_54_OP_0.19617966006842125_Split_47.fasta', 10.527, 15.651, 7.085, 11.166
'PRANK_b1#0047_hhH_tree_94_OP_0.02673109171310184_Split_47.fasta', 25.529, 33.1, 25.848, 27.523
'PRANK_b1#0047_hhT_tree_49_OP_0.3808211405032018_Split_47.fasta', 5.425, 11.357, 1.546, 7.635
'PRANK_b1#0047_hhT_tree_54_OP_0.19617966006842125_Split_47.fasta', 22.92, 29.471, 17.647, 24.014
'PRANK_b1#0047_hhT_tree_94_OP_0.02673109171310184_Split_47.fasta', 27.547, 35.928, 25.801, 28.914
'PRANK_b1#0047_htH_tree_49_OP_0.3808211405032018_Split_47.fasta', 5.692, 11.752, 1.547, 7.272
'PRANK_b1#0047_htH_tree_54_OP_0.19617966006842125_Split_47.fasta', 10.54, 15.645, 7.105, 11.182
'PRANK_b1#0047_htH_tree_94_OP_0.02673109171310184_Split_47.fasta', 24.037, 31.284, 24.426, 24.697
'PRANK_b1#0047_htT_tree_49_OP_0.3808211405032018_Split_47.fasta', 5.636, 11.552, 1.764, 7.838
'PRANK_b1#0047_htT_tree_54_OP_0.19617966006842125_Split_47.fasta', 23.355, 29.964, 17.978, 24.615
'PRANK_b1#0047_htT_tree_94_OP_0.02673109171310184_Split_47.fasta', 27.59, 35.973, 25.87, 28.977
'23410', 43.289, 53.112, 36.735, 44.363
