code_BLOSUM62_GO_-10_GE_-0.2,sp_HENIKOFF_with_gaps_BLOSUM62_GO_-10_GE_-0.2,sp_HENIKOFF_without_gaps_BLOSUM62_GO_-10_GE_-0.2,sp_CLUSTAL_WEIGHTS_mid_root_BLOSUM62_GO_-10_GE_-0.2,sp_CLUSTAL_WEIGHTS_diff_sum_BLOSUM62_GO_-10_GE_-0.2
'bali_phy_msa.1.fas', -40.411, -43.142, -36.064, -41.185
'bali_phy_msa.10.fas', 40.409, 49.742, 34.031, 42.623
'bali_phy_msa.100.fas', 41.534, 50.729, 33.693, 43.034
'bali_phy_msa.101.fas', 40.722, 50.042, 35.348, 43.033
'bali_phy_msa.102.fas', 36.381, 44.629, 32.03, 37.973
'bali_phy_msa.103.fas', 39.45, 48.345, 34.567, 41.319
'bali_phy_msa.104.fas', 41.745, 51.433, 36.121, 43.892
'bali_phy_msa.105.fas', 40.668, 49.632, 35.51, 42.745
'bali_phy_msa.106.fas', 40.279, 49.891, 37.393, 41.981
'bali_phy_msa.107.fas', 41.27, 50.291, 34.143, 43.238
'bali_phy_msa.108.fas', 38.955, 47.642, 33.597, 41.031
'bali_phy_msa.109.fas', 41.867, 51.263, 35.409, 44.051
'bali_phy_msa.11.fas', 40.192, 49.046, 33.626, 42.457
'bali_phy_msa.110.fas', 41.405, 50.515, 35.497, 44.046
'bali_phy_msa.111.fas', 38.684, 47.211, 34.033, 40.285
'bali_phy_msa.112.fas', 40.055, 48.785, 36.221, 41.752
'bali_phy_msa.113.fas', 39.11, 47.904, 34.295, 40.704
'bali_phy_msa.114.fas', 40.135, 49.276, 33.394, 42.242
'bali_phy_msa.115.fas', 41.567, 50.927, 33.751, 44.187
'bali_phy_msa.116.fas', 41.32, 50.584, 35.396, 42.886
'bali_phy_msa.117.fas', 36.975, 45.111, 32.109, 38.188
'bali_phy_msa.118.fas', 40.421, 49.424, 33.265, 42.296
'bali_phy_msa.119.fas', 40.663, 49.734, 35.099, 42.544
'bali_phy_msa.12.fas', 41.482, 50.798, 33.968, 43.184
'bali_phy_msa.120.fas', 39.937, 48.653, 34.916, 41.794
'bali_phy_msa.121.fas', 39.929, 48.582, 34.236, 41.244
'bali_phy_msa.122.fas', 41.814, 50.969, 33.982, 44.155
'bali_phy_msa.123.fas', 39.627, 48.38, 32.42, 42.426
'bali_phy_msa.124.fas', 38.491, 46.872, 32.912, 39.935
'bali_phy_msa.125.fas', 40.818, 49.644, 37.958, 42.342
'bali_phy_msa.126.fas', 38.373, 46.841, 34.027, 40.289
'bali_phy_msa.127.fas', 39.73, 48.476, 32.82, 42.175
'bali_phy_msa.128.fas', 41.508, 50.854, 34.289, 42.635
'bali_phy_msa.129.fas', 41.028, 50.065, 33.565, 43.062
'bali_phy_msa.13.fas', 41.341, 50.649, 34.975, 43.573
'bali_phy_msa.130.fas', 39.992, 49.083, 35.019, 42.039
'bali_phy_msa.131.fas', 39.964, 49.092, 33.685, 42.066
'bali_phy_msa.132.fas', 40.831, 49.72, 35.743, 42.883
'bali_phy_msa.133.fas', 39.928, 48.802, 33.981, 41.052
'bali_phy_msa.134.fas', 40.606, 49.864, 35.15, 42.756
'bali_phy_msa.135.fas', 41.382, 50.4, 35.975, 43.185
'bali_phy_msa.136.fas', 40.753, 49.964, 34.082, 43.309
'bali_phy_msa.137.fas', 40.687, 49.682, 34.435, 42.991
'bali_phy_msa.138.fas', 40.24, 49.178, 35.15, 42.356
'bali_phy_msa.139.fas', 39.125, 47.512, 33.954, 41.474
'bali_phy_msa.14.fas', 41.757, 51.286, 34.385, 44.432
'bali_phy_msa.140.fas', 40.752, 49.758, 33.842, 43.6
'bali_phy_msa.141.fas', 40.288, 49.077, 36.504, 41.933
'bali_phy_msa.142.fas', 42.828, 52.372, 35.559, 45.676
'bali_phy_msa.143.fas', 41.615, 51.145, 36.066, 43.68
'bali_phy_msa.144.fas', 39.229, 47.957, 33.568, 40.677
'bali_phy_msa.145.fas', 37.366, 45.355, 33.03, 39.041
'bali_phy_msa.146.fas', 41.408, 50.552, 34.217, 43.389
'bali_phy_msa.147.fas', 39.744, 48.549, 37.331, 41.929
'bali_phy_msa.148.fas', 39.221, 47.981, 34.275, 41.221
'bali_phy_msa.149.fas', 39.345, 48.231, 34.264, 41.673
'bali_phy_msa.15.fas', 40.224, 49.261, 34.316, 42.219
'bali_phy_msa.150.fas', 37.359, 45.898, 30.61, 39.146
'bali_phy_msa.151.fas', 36.554, 44.607, 32.838, 38.642
'bali_phy_msa.152.fas', 40.725, 49.642, 35.354, 42.549
'bali_phy_msa.153.fas', 40.099, 49.392, 32.463, 42.706
'bali_phy_msa.154.fas', 39.445, 48.041, 33.986, 41.051
'bali_phy_msa.155.fas', 40.254, 49.295, 35.576, 42.851
'bali_phy_msa.156.fas', 41.282, 50.264, 36.635, 43.8
'bali_phy_msa.157.fas', 39.362, 48.239, 33.986, 41.685
'bali_phy_msa.158.fas', 38.546, 47.504, 34.33, 40.248
'bali_phy_msa.159.fas', 39.831, 48.627, 34.892, 42.33
'bali_phy_msa.16.fas', 39.261, 47.898, 34.063, 40.903
'bali_phy_msa.160.fas', 41.772, 51.196, 36.302, 43.93
'bali_phy_msa.161.fas', 41.082, 50.355, 36.034, 43.608
'bali_phy_msa.162.fas', 41.51, 50.882, 36.863, 43.677
'bali_phy_msa.163.fas', 38.47, 46.96, 33.399, 40.132
'bali_phy_msa.164.fas', 39.712, 48.631, 34.637, 41.583
'bali_phy_msa.165.fas', 42.194, 51.564, 34.235, 44.374
'bali_phy_msa.166.fas', 38.938, 47.572, 34.027, 40.438
'bali_phy_msa.167.fas', 37.242, 45.392, 32.669, 39.187
'bali_phy_msa.168.fas', 38.962, 47.766, 33.985, 40.625
'bali_phy_msa.169.fas', 37.8, 46.326, 32.042, 39.749
'bali_phy_msa.17.fas', 40.344, 49.477, 33.749, 42.497
'bali_phy_msa.170.fas', 39.656, 48.514, 33.325, 40.48
'bali_phy_msa.171.fas', 41.385, 50.648, 35.996, 43.499
'bali_phy_msa.172.fas', 40.202, 49.346, 34.693, 41.641
'bali_phy_msa.173.fas', 40.623, 49.704, 35.637, 43.191
'bali_phy_msa.174.fas', 41.259, 50.651, 34.897, 42.517
'bali_phy_msa.175.fas', 39.191, 48.279, 31.11, 41.394
'bali_phy_msa.176.fas', 41.048, 50.064, 35.696, 42.743
'bali_phy_msa.177.fas', 38.287, 46.695, 32.293, 39.91
'bali_phy_msa.178.fas', 40.957, 50.08, 34.324, 43.249
'bali_phy_msa.179.fas', 41.567, 50.917, 36.358, 43.957
'bali_phy_msa.18.fas', 41.034, 50.088, 34.268, 43.423
'bali_phy_msa.180.fas', 38.121, 46.607, 31.877, 40.164
'bali_phy_msa.181.fas', 39.752, 48.607, 33.914, 41.605
'bali_phy_msa.182.fas', 40.157, 48.934, 34.836, 42.259
'bali_phy_msa.183.fas', 40.37, 49.722, 32.808, 42.344
'bali_phy_msa.184.fas', 41.758, 51.025, 35.5, 43.119
'bali_phy_msa.185.fas', 39.317, 48.196, 32.337, 41.074
'bali_phy_msa.186.fas', 40.531, 49.518, 34.383, 42.417
'bali_phy_msa.187.fas', 41.435, 50.332, 34.655, 43.321
'bali_phy_msa.188.fas', 40.074, 48.95, 35.031, 42.217
'bali_phy_msa.189.fas', 40.215, 49.084, 32.559, 42.128
'bali_phy_msa.19.fas', 38.301, 47.017, 33.728, 40.051
'bali_phy_msa.190.fas', 38.246, 46.77, 31.242, 40.685
'bali_phy_msa.191.fas', 37.83, 46.153, 31.586, 39.172
'bali_phy_msa.192.fas', 40.567, 50.044, 34.757, 42.676
'bali_phy_msa.193.fas', 40.776, 49.887, 32.469, 42.316
'bali_phy_msa.194.fas', 39.389, 48.054, 33.952, 41.322
'bali_phy_msa.195.fas', 41.148, 50.249, 34.867, 44.146
'bali_phy_msa.196.fas', 40.425, 49.548, 34.45, 42.491
'bali_phy_msa.197.fas', 40.698, 50.37, 35.515, 42.075
'bali_phy_msa.198.fas', 41.999, 51.061, 36.553, 43.976
'bali_phy_msa.199.fas', 37.175, 45.308, 33.407, 38.827
'bali_phy_msa.2.fas', 38.166, 46.603, 34.176, 40.616
'bali_phy_msa.20.fas', 39.444, 48.049, 34.39, 41.827
'bali_phy_msa.200.fas', 39.671, 48.766, 35.209, 41.912
'bali_phy_msa.201.fas', 40.379, 49.435, 35.401, 42.541
'bali_phy_msa.202.fas', 38.447, 47.035, 35.6, 39.621
'bali_phy_msa.203.fas', 40.953, 50.136, 35.726, 43.199
'bali_phy_msa.204.fas', 39.023, 47.781, 31.84, 41.053
'bali_phy_msa.205.fas', 39.406, 48.236, 33.956, 41.826
'bali_phy_msa.206.fas', 38.558, 46.893, 34.524, 40.093
'bali_phy_msa.207.fas', 36.788, 45.339, 31.32, 39.373
'bali_phy_msa.208.fas', 36.018, 44.178, 30.521, 37.826
'bali_phy_msa.209.fas', 40.16, 48.876, 35.588, 42.17
'bali_phy_msa.21.fas', 41.2, 50.21, 36.292, 43.382
'bali_phy_msa.210.fas', 41.341, 50.199, 36.204, 43.102
'bali_phy_msa.211.fas', 38.201, 46.62, 33.726, 39.823
'bali_phy_msa.212.fas', 40.479, 49.543, 32.773, 43.449
'bali_phy_msa.213.fas', 40.616, 49.396, 35.332, 41.926
'bali_phy_msa.214.fas', 40.541, 49.671, 35.357, 42.626
'bali_phy_msa.215.fas', 39.694, 48.414, 34.376, 41.397
'bali_phy_msa.216.fas', 38.907, 47.542, 33.754, 39.916
'bali_phy_msa.217.fas', 42.928, 52.495, 35.094, 44.692
'bali_phy_msa.218.fas', 40.431, 49.422, 33.834, 42.63
'bali_phy_msa.219.fas', 39.586, 48.606, 33.813, 41.785
'bali_phy_msa.22.fas', 41.282, 50.452, 34.907, 43.472
'bali_phy_msa.220.fas', 40.061, 48.85, 32.897, 42.243
'bali_phy_msa.221.fas', 41.164, 50.302, 36.16, 43.748
'bali_phy_msa.222.fas', 40.811, 49.772, 35.86, 43.105
'bali_phy_msa.223.fas', 38.496, 47.31, 33.523, 40.632
'bali_phy_msa.224.fas', 40.044, 48.612, 35.328, 41.819
'bali_phy_msa.225.fas', 37.985, 46.374, 32.666, 39.401
'bali_phy_msa.226.fas', 41.097, 50.221, 35.539, 42.969
'bali_phy_msa.227.fas', 36.047, 44.164, 32.117, 37.393
'bali_phy_msa.228.fas', 39.975, 48.768, 34.925, 42.057
'bali_phy_msa.229.fas', 40.284, 49.179, 35.13, 42.655
'bali_phy_msa.23.fas', 39.825, 48.855, 34.525, 42.522
'bali_phy_msa.230.fas', 41.382, 50.62, 36.194, 43.426
'bali_phy_msa.231.fas', 39.833, 48.886, 34.309, 41.993
'bali_phy_msa.232.fas', 39.854, 48.68, 32.591, 41.55
'bali_phy_msa.233.fas', 40.923, 49.965, 38.216, 40.397
'bali_phy_msa.234.fas', 41.047, 50.208, 34.631, 42.656
'bali_phy_msa.235.fas', 40.74, 49.795, 33.823, 42.247
'bali_phy_msa.236.fas', 39.62, 48.337, 33.088, 41.734
'bali_phy_msa.237.fas', 40.133, 49.052, 32.55, 42.122
'bali_phy_msa.238.fas', 40.995, 50.122, 33.285, 42.852
'bali_phy_msa.239.fas', 40.108, 48.966, 34.826, 42.313
'bali_phy_msa.24.fas', 41.445, 50.92, 35.898, 43.679
'bali_phy_msa.240.fas', 41.018, 50.07, 35.794, 43.174
'bali_phy_msa.241.fas', 39.883, 48.762, 37.997, 41.02
'bali_phy_msa.242.fas', 39.431, 48.201, 33.594, 41.286
'bali_phy_msa.243.fas', 41.279, 50.738, 35.124, 42.751
'bali_phy_msa.244.fas', 40.825, 49.687, 35.981, 42.354
'bali_phy_msa.245.fas', 40.778, 50.121, 33.494, 42.929
'bali_phy_msa.246.fas', 42.117, 51.385, 36.244, 44.107
'bali_phy_msa.247.fas', 39.636, 48.421, 34.078, 42.412
'bali_phy_msa.248.fas', 41.914, 51.327, 35.606, 44.458
'bali_phy_msa.249.fas', 40.349, 49.222, 34.515, 42.558
'bali_phy_msa.25.fas', 41.787, 51.184, 36.232, 43.937
'bali_phy_msa.250.fas', 38.007, 46.326, 33.087, 39.242
'bali_phy_msa.251.fas', 41.123, 50.335, 32.783, 42.607
'bali_phy_msa.252.fas', 40.793, 49.738, 35.8, 42.911
'bali_phy_msa.253.fas', 39.735, 48.848, 34.347, 41.25
'bali_phy_msa.254.fas', 34.273, 41.769, 28.221, 35.953
'bali_phy_msa.255.fas', 37.605, 46.3, 32.828, 39.87
'bali_phy_msa.256.fas', 38.404, 46.792, 33.979, 39.862
'bali_phy_msa.257.fas', 39.981, 48.973, 35.883, 41.45
'bali_phy_msa.258.fas', 39.064, 47.737, 34.597, 40.776
'bali_phy_msa.259.fas', 38.44, 47.248, 33.741, 40.294
'bali_phy_msa.26.fas', 40.869, 49.718, 35.84, 42.884
'bali_phy_msa.260.fas', 40.148, 49.185, 32.685, 42.453
'bali_phy_msa.261.fas', 40.712, 49.468, 35.508, 42.106
'bali_phy_msa.262.fas', 40.463, 49.33, 34.236, 41.793
'bali_phy_msa.263.fas', 41.005, 50.32, 34.293, 42.282
'bali_phy_msa.264.fas', 39.507, 48.485, 33.893, 41.41
'bali_phy_msa.265.fas', 41.113, 50.551, 34.505, 43.11
'bali_phy_msa.266.fas', 41.239, 50.31, 36.379, 43.427
'bali_phy_msa.267.fas', 41.836, 51.486, 36.289, 44.317
'bali_phy_msa.268.fas', 39.355, 48.134, 31.911, 41.294
'bali_phy_msa.269.fas', 39.879, 48.923, 33.322, 41.251
'bali_phy_msa.27.fas', 40.977, 50.08, 35.314, 43.188
'bali_phy_msa.270.fas', 36.779, 44.888, 30.877, 37.573
'bali_phy_msa.271.fas', 33.163, 40.552, 29.084, 35.287
'bali_phy_msa.272.fas', 40.552, 49.577, 35.35, 43.0
'bali_phy_msa.273.fas', 40.231, 49.255, 34.777, 42.059
'bali_phy_msa.274.fas', 39.867, 48.731, 35.345, 41.386
'bali_phy_msa.275.fas', 41.773, 50.976, 35.458, 43.733
'bali_phy_msa.276.fas', 41.56, 50.646, 35.843, 43.409
'bali_phy_msa.277.fas', 37.509, 45.704, 32.197, 39.223
'bali_phy_msa.278.fas', 40.736, 50.017, 35.262, 43.516
'bali_phy_msa.279.fas', 39.958, 48.746, 35.017, 42.375
'bali_phy_msa.28.fas', 40.998, 50.072, 35.769, 43.082
'bali_phy_msa.280.fas', 38.609, 47.134, 36.362, 39.945
'bali_phy_msa.281.fas', 41.527, 50.704, 35.949, 44.368
'bali_phy_msa.282.fas', 39.523, 48.392, 34.392, 41.654
'bali_phy_msa.283.fas', 39.043, 47.72, 33.163, 41.227
'bali_phy_msa.284.fas', 40.447, 49.334, 35.421, 42.469
'bali_phy_msa.285.fas', 39.737, 48.782, 34.058, 41.427
'bali_phy_msa.286.fas', 39.814, 48.697, 33.608, 41.803
'bali_phy_msa.287.fas', 42.203, 51.453, 36.381, 44.293
'bali_phy_msa.288.fas', 39.4, 48.065, 34.019, 41.453
'bali_phy_msa.289.fas', 38.431, 46.955, 33.895, 40.405
'bali_phy_msa.29.fas', 40.931, 50.155, 35.929, 42.847
'bali_phy_msa.290.fas', 40.839, 49.886, 36.061, 43.081
'bali_phy_msa.291.fas', 39.417, 48.412, 31.661, 40.852
'bali_phy_msa.292.fas', 39.372, 47.961, 34.327, 41.641
'bali_phy_msa.293.fas', 39.896, 48.83, 34.218, 41.892
'bali_phy_msa.294.fas', 39.488, 48.325, 34.621, 41.833
'bali_phy_msa.295.fas', 41.171, 50.358, 35.963, 43.423
'bali_phy_msa.296.fas', 40.061, 49.023, 33.973, 41.301
'bali_phy_msa.297.fas', 40.328, 49.387, 35.284, 42.511
'bali_phy_msa.298.fas', 38.82, 47.418, 34.74, 41.193
'bali_phy_msa.299.fas', 39.981, 48.807, 35.183, 41.977
'bali_phy_msa.3.fas', 39.575, 48.73, 34.407, 41.015
'bali_phy_msa.30.fas', 40.937, 49.96, 35.385, 42.308
'bali_phy_msa.300.fas', 39.668, 48.628, 34.711, 41.494
'bali_phy_msa.301.fas', 38.921, 47.489, 33.007, 40.44
'bali_phy_msa.302.fas', 39.83, 48.651, 34.996, 41.926
'bali_phy_msa.303.fas', 39.945, 49.005, 36.375, 40.842
'bali_phy_msa.304.fas', 38.51, 47.289, 33.52, 40.652
'bali_phy_msa.305.fas', 40.582, 49.57, 35.214, 42.131
'bali_phy_msa.306.fas', 40.556, 50.031, 34.776, 42.793
'bali_phy_msa.307.fas', 41.659, 51.025, 36.138, 44.573
'bali_phy_msa.308.fas', 38.717, 47.528, 33.49, 40.788
'bali_phy_msa.309.fas', 41.085, 50.094, 35.635, 42.879
'bali_phy_msa.31.fas', 40.189, 49.344, 33.265, 43.094
'bali_phy_msa.310.fas', 39.856, 48.811, 35.537, 41.576
'bali_phy_msa.311.fas', 40.724, 49.907, 35.312, 42.709
'bali_phy_msa.312.fas', 41.839, 51.048, 35.209, 44.583
'bali_phy_msa.313.fas', 38.953, 47.612, 33.003, 40.583
'bali_phy_msa.314.fas', 41.375, 50.57, 35.569, 43.768
'bali_phy_msa.315.fas', 40.066, 48.997, 35.628, 42.684
'bali_phy_msa.316.fas', 39.679, 48.671, 35.507, 41.69
'bali_phy_msa.317.fas', 39.86, 48.727, 31.88, 41.565
'bali_phy_msa.318.fas', 41.873, 51.349, 38.31, 43.777
'bali_phy_msa.319.fas', 41.816, 51.032, 36.326, 44.332
'bali_phy_msa.32.fas', 41.002, 50.076, 35.304, 42.908
'bali_phy_msa.320.fas', 40.404, 49.425, 35.531, 42.212
'bali_phy_msa.321.fas', 41.276, 50.509, 35.637, 43.397
'bali_phy_msa.322.fas', 40.349, 49.433, 34.651, 42.369
'bali_phy_msa.323.fas', 41.359, 50.563, 34.785, 42.486
'bali_phy_msa.324.fas', 40.865, 49.761, 35.876, 42.816
'bali_phy_msa.325.fas', 42.08, 51.371, 34.901, 44.405
'bali_phy_msa.326.fas', 42.225, 51.302, 36.594, 43.957
'bali_phy_msa.327.fas', 40.76, 50.106, 34.99, 42.436
'bali_phy_msa.328.fas', 40.472, 49.295, 35.924, 42.587
'bali_phy_msa.329.fas', 38.847, 47.456, 33.54, 41.268
'bali_phy_msa.33.fas', 40.052, 49.017, 33.374, 42.671
'bali_phy_msa.330.fas', 39.477, 48.281, 33.634, 40.776
'bali_phy_msa.331.fas', 39.475, 48.632, 34.437, 41.437
'bali_phy_msa.332.fas', 39.186, 47.734, 38.223, 40.931
'bali_phy_msa.333.fas', 41.259, 50.808, 33.446, 44.087
'bali_phy_msa.334.fas', 41.506, 50.751, 34.399, 43.65
'bali_phy_msa.335.fas', 38.371, 46.755, 32.528, 40.084
'bali_phy_msa.336.fas', 40.328, 49.58, 35.058, 42.254
'bali_phy_msa.337.fas', 40.507, 49.493, 35.642, 42.524
'bali_phy_msa.338.fas', 40.69, 49.878, 34.205, 42.291
'bali_phy_msa.339.fas', 41.871, 51.132, 35.26, 43.559
'bali_phy_msa.34.fas', 42.69, 52.695, 34.552, 43.719
'bali_phy_msa.340.fas', 41.477, 50.629, 34.506, 43.734
'bali_phy_msa.341.fas', 41.936, 51.425, 36.294, 43.719
'bali_phy_msa.342.fas', 40.305, 49.078, 37.115, 41.167
'bali_phy_msa.343.fas', 38.75, 47.67, 33.678, 39.959
'bali_phy_msa.344.fas', 40.285, 49.193, 33.984, 42.979
'bali_phy_msa.345.fas', 41.115, 50.272, 34.187, 43.133
'bali_phy_msa.346.fas', 41.257, 50.402, 36.333, 42.239
'bali_phy_msa.347.fas', 41.542, 50.876, 36.106, 43.579
'bali_phy_msa.348.fas', 39.132, 47.711, 34.907, 41.605
'bali_phy_msa.349.fas', 40.866, 49.792, 35.909, 43.361
'bali_phy_msa.35.fas', 39.67, 49.033, 31.333, 41.639
'bali_phy_msa.350.fas', 40.69, 49.708, 36.919, 41.644
'bali_phy_msa.351.fas', 39.414, 48.242, 35.687, 41.828
'bali_phy_msa.352.fas', 39.796, 48.737, 34.564, 42.259
'bali_phy_msa.353.fas', 40.473, 49.737, 34.948, 42.865
'bali_phy_msa.354.fas', 40.058, 48.919, 35.239, 42.319
'bali_phy_msa.355.fas', 39.959, 49.146, 34.675, 42.159
'bali_phy_msa.356.fas', 38.403, 47.012, 33.866, 40.806
'bali_phy_msa.357.fas', 40.96, 50.152, 33.732, 43.971
'bali_phy_msa.358.fas', 38.56, 47.077, 33.541, 40.605
'bali_phy_msa.359.fas', 39.93, 48.611, 34.233, 41.587
'bali_phy_msa.36.fas', 40.516, 49.668, 34.84, 42.872
'bali_phy_msa.360.fas', 42.101, 51.639, 34.35, 43.941
'bali_phy_msa.361.fas', 41.549, 50.626, 35.855, 43.852
'bali_phy_msa.362.fas', 40.626, 49.744, 36.558, 42.751
'bali_phy_msa.363.fas', 42.608, 51.967, 35.854, 44.528
'bali_phy_msa.364.fas', 40.716, 49.437, 35.583, 42.959
'bali_phy_msa.365.fas', 40.956, 49.984, 34.719, 42.743
'bali_phy_msa.366.fas', 40.704, 49.926, 36.16, 41.812
'bali_phy_msa.367.fas', 38.554, 47.136, 33.74, 40.555
'bali_phy_msa.368.fas', 39.557, 48.888, 34.435, 41.654
'bali_phy_msa.369.fas', 41.222, 50.666, 35.825, 43.507
'bali_phy_msa.37.fas', 39.796, 48.544, 35.11, 41.715
'bali_phy_msa.370.fas', 40.026, 48.809, 34.888, 41.987
'bali_phy_msa.371.fas', 40.451, 49.588, 33.794, 43.484
'bali_phy_msa.372.fas', 41.399, 50.914, 35.788, 43.295
'bali_phy_msa.373.fas', 39.447, 48.213, 33.783, 41.239
'bali_phy_msa.374.fas', 41.461, 50.656, 33.38, 43.634
'bali_phy_msa.375.fas', 41.324, 50.419, 38.431, 42.748
'bali_phy_msa.376.fas', 42.018, 51.28, 34.97, 44.103
'bali_phy_msa.377.fas', 37.901, 46.488, 33.519, 39.908
'bali_phy_msa.378.fas', 37.546, 46.203, 31.928, 39.194
'bali_phy_msa.379.fas', 41.788, 51.467, 36.717, 43.784
'bali_phy_msa.38.fas', 40.653, 49.946, 34.236, 42.312
'bali_phy_msa.380.fas', 41.624, 50.956, 34.347, 43.552
'bali_phy_msa.381.fas', 40.82, 50.112, 36.372, 42.108
'bali_phy_msa.382.fas', 40.492, 49.74, 35.216, 42.255
'bali_phy_msa.383.fas', 39.078, 47.733, 34.648, 40.435
'bali_phy_msa.384.fas', 39.228, 48.225, 31.862, 41.16
'bali_phy_msa.385.fas', 37.614, 46.216, 35.552, 39.004
'bali_phy_msa.386.fas', 41.403, 50.673, 33.184, 43.315
'bali_phy_msa.387.fas', 38.207, 46.575, 35.303, 37.81
'bali_phy_msa.388.fas', 38.839, 47.841, 34.236, 40.794
'bali_phy_msa.389.fas', 38.237, 46.729, 31.283, 40.424
'bali_phy_msa.39.fas', 38.798, 47.694, 32.852, 40.22
'bali_phy_msa.390.fas', 41.241, 50.483, 34.351, 43.182
'bali_phy_msa.391.fas', 40.025, 48.944, 32.805, 41.77
'bali_phy_msa.392.fas', 41.075, 50.324, 35.131, 43.766
'bali_phy_msa.393.fas', 40.251, 49.204, 34.699, 41.012
'bali_phy_msa.394.fas', 40.93, 50.137, 35.299, 43.035
'bali_phy_msa.395.fas', 41.577, 50.731, 35.275, 42.796
'bali_phy_msa.396.fas', 41.029, 50.179, 33.419, 43.509
'bali_phy_msa.397.fas', 34.704, 42.711, 28.815, 36.629
'bali_phy_msa.398.fas', 38.778, 47.708, 33.537, 40.303
'bali_phy_msa.399.fas', 39.668, 48.565, 32.882, 41.605
'bali_phy_msa.4.fas', 41.014, 50.116, 35.828, 43.556
'bali_phy_msa.40.fas', 39.182, 47.686, 32.004, 40.981
'bali_phy_msa.400.fas', 41.801, 51.154, 33.3, 43.5
'bali_phy_msa.41.fas', 40.559, 49.535, 35.915, 42.827
'bali_phy_msa.42.fas', 39.578, 48.526, 31.922, 42.204
'bali_phy_msa.43.fas', 40.733, 49.975, 35.477, 42.668
'bali_phy_msa.44.fas', 39.785, 48.669, 34.502, 41.377
'bali_phy_msa.45.fas', 42.094, 51.485, 34.566, 43.886
'bali_phy_msa.46.fas', 40.048, 49.237, 34.929, 41.829
'bali_phy_msa.47.fas', 40.664, 49.765, 35.659, 43.155
'bali_phy_msa.48.fas', 39.474, 48.081, 33.858, 40.393
'bali_phy_msa.49.fas', 41.073, 50.246, 35.578, 42.804
'bali_phy_msa.5.fas', 40.729, 49.85, 34.994, 42.27
'bali_phy_msa.50.fas', 40.135, 48.951, 34.157, 41.406
'bali_phy_msa.51.fas', 40.189, 49.372, 34.732, 42.28
'bali_phy_msa.52.fas', 40.472, 49.275, 33.518, 42.911
'bali_phy_msa.53.fas', 39.514, 48.387, 32.73, 40.918
'bali_phy_msa.54.fas', 39.97, 49.004, 32.233, 41.612
'bali_phy_msa.55.fas', 40.847, 50.028, 35.081, 42.007
'bali_phy_msa.56.fas', 41.906, 51.135, 35.176, 44.678
'bali_phy_msa.57.fas', 40.761, 49.877, 35.383, 42.444
'bali_phy_msa.58.fas', 41.627, 50.943, 36.732, 42.583
'bali_phy_msa.59.fas', 40.117, 48.646, 36.074, 40.87
'bali_phy_msa.6.fas', 40.394, 49.451, 35.239, 42.655
'bali_phy_msa.60.fas', 42.221, 51.588, 34.364, 44.055
'bali_phy_msa.61.fas', 41.285, 50.44, 36.79, 43.515
'bali_phy_msa.62.fas', 39.809, 48.801, 36.981, 41.575
'bali_phy_msa.63.fas', 40.886, 50.251, 37.582, 41.11
'bali_phy_msa.64.fas', 39.591, 48.13, 32.739, 41.149
'bali_phy_msa.65.fas', 39.926, 48.716, 32.119, 41.201
'bali_phy_msa.66.fas', 40.006, 48.738, 35.287, 41.553
'bali_phy_msa.67.fas', 40.657, 49.694, 35.648, 42.816
'bali_phy_msa.68.fas', 41.699, 51.216, 34.215, 43.959
'bali_phy_msa.69.fas', 40.613, 49.655, 34.432, 42.796
'bali_phy_msa.7.fas', 38.845, 47.342, 35.796, 39.111
'bali_phy_msa.70.fas', 40.105, 48.912, 35.814, 40.979
'bali_phy_msa.71.fas', 40.846, 49.84, 34.26, 42.571
'bali_phy_msa.72.fas', 42.097, 51.552, 36.103, 43.924
'bali_phy_msa.73.fas', 40.934, 49.987, 35.035, 42.547
'bali_phy_msa.74.fas', 41.387, 50.479, 34.118, 43.24
'bali_phy_msa.75.fas', 39.717, 48.877, 33.797, 41.705
'bali_phy_msa.76.fas', 39.387, 48.182, 33.992, 41.521
'bali_phy_msa.77.fas', 39.498, 48.335, 32.973, 41.37
'bali_phy_msa.78.fas', 41.494, 50.679, 36.331, 43.985
'bali_phy_msa.79.fas', 40.464, 49.62, 35.271, 42.821
'bali_phy_msa.8.fas', 37.193, 45.329, 32.785, 38.864
'bali_phy_msa.80.fas', 41.153, 50.27, 34.022, 43.803
'bali_phy_msa.81.fas', 41.321, 50.653, 35.686, 43.143
'bali_phy_msa.82.fas', 39.521, 48.767, 34.514, 42.25
'bali_phy_msa.83.fas', 39.741, 48.602, 33.627, 41.57
'bali_phy_msa.84.fas', 40.286, 49.367, 32.581, 41.587
'bali_phy_msa.85.fas', 39.131, 47.97, 33.129, 41.622
'bali_phy_msa.86.fas', 40.789, 49.805, 34.795, 42.546
'bali_phy_msa.87.fas', 40.305, 49.101, 33.586, 42.415
'bali_phy_msa.88.fas', 40.219, 49.155, 34.019, 42.297
'bali_phy_msa.89.fas', 38.97, 47.866, 31.247, 40.538
'bali_phy_msa.9.fas', 36.961, 45.123, 31.751, 38.054
'bali_phy_msa.90.fas', 39.03, 47.634, 34.223, 40.663
'bali_phy_msa.91.fas', 39.425, 47.961, 35.134, 41.495
'bali_phy_msa.92.fas', 37.232, 45.543, 31.811, 37.805
'bali_phy_msa.93.fas', 40.691, 49.808, 33.595, 42.61
'bali_phy_msa.94.fas', 41.563, 50.822, 34.577, 43.931
'bali_phy_msa.95.fas', 40.025, 48.989, 36.772, 39.86
'bali_phy_msa.96.fas', 38.82, 47.465, 32.354, 40.223
'bali_phy_msa.97.fas', 39.702, 48.253, 36.312, 41.64
'bali_phy_msa.98.fas', 40.796, 50.004, 36.832, 42.719
'bali_phy_msa.99.fas', 40.488, 49.418, 37.885, 41.811
'MAFFT_b0#0051_hhH_tree_47_OP_1.2558167082838578_Split_51.fasta', 31.736, 40.069, 23.498, 36.132
'MAFFT_b0#0051_htH_tree_0_OP_1.9201310643830272_Split_51.fasta', 34.203, 40.051, 30.675, 33.501
'MAFFT_b0#0051_htH_tree_57_OP_1.8145645468714477_Split_51.fasta', 34.278, 42.099, 30.044, 35.671
'MAFFT_b0#0051_htH_tree_93_OP_2.2336854992597184_Split_51.fasta', 38.778, 47.303, 27.877, 41.982
'MAFFT_b0#0051_htT_tree_0_OP_1.9201310643830272_Split_51.fasta', 34.203, 40.051, 30.675, 33.501
'MAFFT_b0#0051_htT_tree_57_OP_1.8145645468714477_Split_51.fasta', 34.278, 42.099, 30.044, 35.671
'MAFFT_b0#0051_thH_tree_57_OP_1.8145645468714477_Split_51.fasta', 36.306, 44.413, 32.453, 37.904
'MAFFT_b0#0051_thH_tree_93_OP_2.2336854992597184_Split_51.fasta', 39.41, 47.908, 28.606, 42.471
'MAFFT_b0#0051_thT_tree_0_OP_1.9201310643830272_Split_51.fasta', 34.344, 41.467, 31.51, 34.795
'MAFFT_b0#0051_thT_tree_47_OP_1.2558167082838578_Split_51.fasta', 31.736, 40.069, 23.498, 36.132
'MAFFT_b0#0051_ttH_tree_47_OP_1.2558167082838578_Split_51.fasta', 30.714, 38.682, 22.698, 34.112
'MAFFT_b0#0051_ttH_tree_93_OP_2.2336854992597184_Split_51.fasta', 38.778, 47.303, 27.877, 41.982
'MAFFT_b0#0051_ttT_tree_0_OP_1.9201310643830272_Split_51.fasta', 34.203, 40.051, 30.675, 33.501
'MAFFT_b0#0051_ttT_tree_47_OP_1.2558167082838578_Split_51.fasta', 30.714, 38.682, 22.698, 34.112
'MAFFT_b0#0051_ttT_tree_57_OP_1.8145645468714477_Split_51.fasta', 34.278, 42.099, 30.044, 35.671
'MAFFT_b0#0051_ttT_tree_93_OP_2.2336854992597184_Split_51.fasta', 38.778, 47.303, 27.877, 41.982
'MAFFT_b0#0053_hhH_tree_5_OP_1.3773636194735985_Split_53.fasta', 35.757, 44.366, 28.905, 37.849
'MAFFT_b0#0053_hhH_tree_60_OP_2.2485867324412547_Split_53.fasta', 36.582, 45.03, 31.369, 37.589
'MAFFT_b0#0053_hhT_tree_60_OP_2.2485867324412547_Split_53.fasta', 36.582, 45.03, 31.369, 37.589
'MAFFT_b0#0053_htH_tree_5_OP_1.3773636194735985_Split_53.fasta', 36.903, 45.413, 30.342, 38.559
'MAFFT_b0#0053_htT_tree_5_OP_1.3773636194735985_Split_53.fasta', 36.903, 45.413, 30.342, 38.559
'MAFFT_b0#0053_thH_tree_60_OP_2.2485867324412547_Split_53.fasta', 36.582, 45.03, 31.369, 37.589
'MAFFT_b0#0053_thT_tree_5_OP_1.3773636194735985_Split_53.fasta', 35.706, 44.315, 28.844, 37.779
'MAFFT_b0#0053_ttH_tree_60_OP_2.2485867324412547_Split_53.fasta', 37.001, 45.54, 31.74, 38.014
'MAFFT_b0#0054_hhH_tree_35_OP_2.3157753293540146_Split_54.fasta', 32.858, 40.877, 28.495, 36.837
'MAFFT_b0#0054_htH_tree_35_OP_2.3157753293540146_Split_54.fasta', 33.04, 41.118, 28.766, 36.653
'MAFFT_b0#0054_thH_tree_35_OP_2.3157753293540146_Split_54.fasta', 32.858, 40.877, 28.495, 36.837
'MAFFT_b0#0054_ttT_tree_35_OP_2.3157753293540146_Split_54.fasta', 33.04, 41.118, 28.766, 36.653
'MAFFT_b0#0057_htH_tree_1_OP_1.4037489078147287_Split_57.fasta', 29.212, 36.954, 22.281, 32.663
'MAFFT_b0#0057_htT_tree_1_OP_1.4037489078147287_Split_57.fasta', 29.212, 36.954, 22.281, 32.663
'MAFFT_b0#0057_thT_tree_1_OP_1.4037489078147287_Split_57.fasta', 29.279, 37.036, 22.801, 32.705
'MAFFT_b0#0057_ttT_tree_1_OP_1.4037489078147287_Split_57.fasta', 29.212, 36.954, 22.281, 32.663
'MAFFT_b0#0058_hhH_tree_13_OP_1.7913990869854772_Split_58.fasta', 27.548, 34.378, 22.59, 29.483
'MAFFT_b0#0058_htH_tree_11_OP_1.3146381684889776_Split_58.fasta', 36.306, 45.085, 29.517, 38.735
'MAFFT_b0#0058_htH_tree_13_OP_1.7913990869854772_Split_58.fasta', 28.069, 35.001, 23.852, 29.853
'MAFFT_b0#0058_htT_tree_11_OP_1.3146381684889776_Split_58.fasta', 36.306, 45.085, 29.517, 38.735
'MAFFT_b0#0058_thH_tree_13_OP_1.7913990869854772_Split_58.fasta', 27.548, 34.378, 22.59, 29.483
'MAFFT_b0#0058_ttH_tree_11_OP_1.3146381684889776_Split_58.fasta', 37.454, 46.267, 32.064, 38.489
'MAFFT_b0#0058_ttT_tree_11_OP_1.3146381684889776_Split_58.fasta', 37.454, 46.267, 32.064, 38.489
'MAFFT_b0#0058_ttT_tree_13_OP_1.7913990869854772_Split_58.fasta', 28.069, 35.001, 23.852, 29.853
'MAFFT_b0#0060_hhT_tree_32_OP_1.498379977124041_Split_60.fasta', 35.211, 42.405, 29.09, 35.061
'MAFFT_b0#0060_htH_tree_32_OP_1.498379977124041_Split_60.fasta', 34.992, 42.194, 28.833, 34.85
'MAFFT_b0#0060_htT_tree_32_OP_1.498379977124041_Split_60.fasta', 34.992, 42.194, 28.833, 34.85
'MAFFT_b0#0060_ttH_tree_32_OP_1.498379977124041_Split_60.fasta', 34.992, 42.194, 28.833, 34.85
'MAFFT_b0#0061_hhH_tree_87_OP_1.1834961203615137_Split_61.fasta', 31.994, 40.675, 25.723, 34.223
'MAFFT_b0#0061_hhH_tree_88_OP_2.9570433978664177_Split_61.fasta', 37.04, 44.8, 31.531, 38.441
'MAFFT_b0#0061_hhH_tree_97_OP_2.1094152983091004_Split_61.fasta', 36.302, 44.341, 27.685, 39.395
'MAFFT_b0#0061_hhT_tree_18_OP_1.3304542342131214_Split_61.fasta', 19.091, 24.751, 15.435, 19.38
'MAFFT_b0#0061_hhT_tree_30_OP_2.908145211858187_Split_61.fasta', 39.233, 47.347, 34.778, 41.157
'MAFFT_b0#0061_htH_tree_18_OP_1.3304542342131214_Split_61.fasta', 19.424, 25.128, 15.005, 19.832
'MAFFT_b0#0061_htH_tree_30_OP_2.908145211858187_Split_61.fasta', 38.194, 46.163, 34.432, 39.442
'MAFFT_b0#0061_htH_tree_72_OP_1.8278688995959085_Split_61.fasta', 35.19, 42.266, 28.505, 36.889
'MAFFT_b0#0061_htH_tree_88_OP_2.9570433978664177_Split_61.fasta', 37.603, 45.403, 32.163, 40.412
'MAFFT_b0#0061_htT_tree_87_OP_1.1834961203615137_Split_61.fasta', 31.331, 39.963, 27.61, 34.217
'MAFFT_b0#0061_htT_tree_97_OP_2.1094152983091004_Split_61.fasta', 35.977, 43.795, 27.492, 39.092
'MAFFT_b0#0061_thH_tree_18_OP_1.3304542342131214_Split_61.fasta', 19.091, 24.751, 15.435, 19.38
'MAFFT_b0#0061_thH_tree_72_OP_1.8278688995959085_Split_61.fasta', 35.181, 42.257, 28.498, 36.873
'MAFFT_b0#0061_thT_tree_30_OP_2.908145211858187_Split_61.fasta', 39.233, 47.347, 34.778, 41.157
'MAFFT_b0#0061_thT_tree_72_OP_1.8278688995959085_Split_61.fasta', 35.181, 42.257, 28.498, 36.873
'MAFFT_b0#0061_thT_tree_87_OP_1.1834961203615137_Split_61.fasta', 31.994, 40.675, 25.723, 34.223
'MAFFT_b0#0061_thT_tree_88_OP_2.9570433978664177_Split_61.fasta', 37.04, 44.8, 31.531, 38.441
'MAFFT_b0#0061_thT_tree_97_OP_2.1094152983091004_Split_61.fasta', 36.302, 44.341, 27.685, 39.395
'MAFFT_b0#0061_ttT_tree_18_OP_1.3304542342131214_Split_61.fasta', 19.424, 25.128, 15.005, 19.832
'MAFFT_b0#0061_ttT_tree_30_OP_2.908145211858187_Split_61.fasta', 38.194, 46.163, 34.432, 39.442
'MAFFT_b0#0061_ttT_tree_72_OP_1.8278688995959085_Split_61.fasta', 35.19, 42.266, 28.505, 36.889
'MAFFT_b0#0061_ttT_tree_87_OP_1.1834961203615137_Split_61.fasta', 31.331, 39.963, 27.61, 34.217
'MAFFT_b0#0061_ttT_tree_88_OP_2.9570433978664177_Split_61.fasta', 37.603, 45.403, 32.163, 40.412
'MAFFT_b0#0061_ttT_tree_97_OP_2.1094152983091004_Split_61.fasta', 35.977, 43.795, 27.492, 39.092
'MAFFT_b0#0063_hhH_tree_37_OP_2.065965428692473_Split_63.fasta', 38.35, 46.536, 33.925, 39.335
'MAFFT_b0#0063_hhT_tree_89_OP_2.6540913216611166_Split_63.fasta', 33.58, 41.07, 28.452, 37.925
'MAFFT_b0#0063_htH_tree_37_OP_2.065965428692473_Split_63.fasta', 37.381, 45.334, 32.902, 38.578
'MAFFT_b0#0063_htH_tree_89_OP_2.6540913216611166_Split_63.fasta', 33.014, 40.302, 28.877, 37.71
'MAFFT_b0#0063_thH_tree_37_OP_2.065965428692473_Split_63.fasta', 38.35, 46.536, 33.925, 39.335
'MAFFT_b0#0063_thT_tree_89_OP_2.6540913216611166_Split_63.fasta', 33.585, 41.074, 28.458, 37.931
'MAFFT_b0#0063_ttH_tree_37_OP_2.065965428692473_Split_63.fasta', 37.381, 45.334, 32.902, 38.578
'MAFFT_b0#0063_ttH_tree_89_OP_2.6540913216611166_Split_63.fasta', 33.016, 40.302, 28.886, 37.712
'MAFFT_b0#0065_htH_tree_26_OP_2.2970226808572787_Split_65.fasta', 37.082, 45.209, 31.982, 40.898
'MAFFT_b0#0065_htT_tree_55_OP_1.534121132575311_Split_65.fasta', 24.049, 30.413, 20.767, 27.679
'MAFFT_b0#0065_thH_tree_26_OP_2.2970226808572787_Split_65.fasta', 36.314, 44.298, 31.312, 40.238
'MAFFT_b0#0065_thH_tree_55_OP_1.534121132575311_Split_65.fasta', 23.81, 30.056, 20.968, 27.248
'MAFFT_b0#0065_thT_tree_55_OP_1.534121132575311_Split_65.fasta', 23.81, 30.056, 20.968, 27.248
'MAFFT_b0#0065_ttH_tree_26_OP_2.2970226808572787_Split_65.fasta', 37.025, 45.141, 31.965, 40.801
'MAFFT_b0#0065_ttT_tree_26_OP_2.2970226808572787_Split_65.fasta', 37.025, 45.141, 31.965, 40.801
'MAFFT_b0#0065_ttT_tree_55_OP_1.534121132575311_Split_65.fasta', 24.049, 30.413, 20.767, 27.679
'MAFFT_b0#0066_hhH_tree_77_OP_1.3827668594678542_Split_66.fasta', 28.415, 36.001, 21.192, 32.309
'MAFFT_b0#0066_hhT_tree_99_OP_1.9136688454364907_Split_66.fasta', 34.431, 42.058, 32.656, 36.339
'MAFFT_b0#0066_htT_tree_99_OP_1.9136688454364907_Split_66.fasta', 34.213, 41.855, 32.613, 36.234
'MAFFT_b0#0066_thH_tree_77_OP_1.3827668594678542_Split_66.fasta', 28.415, 36.001, 21.192, 32.309
'MAFFT_b0#0066_thH_tree_99_OP_1.9136688454364907_Split_66.fasta', 34.434, 42.06, 32.659, 36.341
'MAFFT_b0#0066_thT_tree_99_OP_1.9136688454364907_Split_66.fasta', 34.434, 42.06, 32.659, 36.341
'MAFFT_b0#0066_ttH_tree_77_OP_1.3827668594678542_Split_66.fasta', 28.898, 36.609, 20.879, 33.099
'MAFFT_b0#0066_ttT_tree_77_OP_1.3827668594678542_Split_66.fasta', 28.898, 36.609, 20.879, 33.099
'MAFFT_b0#0067_hhT_tree_4_OP_1.1542677766261527_Split_67.fasta', 24.063, 31.459, 17.743, 27.656
'MAFFT_b0#0067_htH_tree_4_OP_1.1542677766261527_Split_67.fasta', 28.374, 36.245, 23.615, 31.151
'MAFFT_b0#0067_htH_tree_76_OP_1.9781210467371317_Split_67.fasta', 37.865, 45.657, 28.46, 40.135
'MAFFT_b0#0067_thH_tree_76_OP_1.9781210467371317_Split_67.fasta', 36.706, 44.488, 27.241, 38.502
'MAFFT_b0#0067_thT_tree_4_OP_1.1542677766261527_Split_67.fasta', 24.063, 31.459, 17.743, 27.656
'MAFFT_b0#0067_ttH_tree_76_OP_1.9781210467371317_Split_67.fasta', 37.865, 45.657, 28.46, 40.135
'MAFFT_b0#0067_ttT_tree_4_OP_1.1542677766261527_Split_67.fasta', 28.374, 36.245, 23.615, 31.151
'MAFFT_b0#0067_ttT_tree_76_OP_1.9781210467371317_Split_67.fasta', 37.865, 45.657, 28.46, 40.135
'MAFFT_b0#0069_htH_tree_20_OP_2.4221981553992458_Split_69.fasta', 26.613, 32.068, 25.889, 30.171
'MAFFT_b0#0069_htH_tree_73_OP_2.973262473304242_Split_69.fasta', 35.568, 43.297, 26.67, 39.882
'MAFFT_b0#0069_htT_tree_20_OP_2.4221981553992458_Split_69.fasta', 26.613, 32.068, 25.889, 30.171
'MAFFT_b0#0069_htT_tree_73_OP_2.973262473304242_Split_69.fasta', 35.568, 43.297, 26.67, 39.882
'MAFFT_b0#0069_thH_tree_20_OP_2.4221981553992458_Split_69.fasta', 27.006, 32.478, 26.208, 30.497
'MAFFT_b0#0069_thH_tree_73_OP_2.973262473304242_Split_69.fasta', 35.112, 42.752, 26.442, 39.712
'MAFFT_b0#0069_thT_tree_20_OP_2.4221981553992458_Split_69.fasta', 27.006, 32.478, 26.208, 30.497
'MAFFT_b0#0069_ttH_tree_73_OP_2.973262473304242_Split_69.fasta', 35.568, 43.297, 26.67, 39.882
'MAFFT_b0#0070_hhH_tree_86_OP_1.7393056698625855_Split_70.fasta', 35.19, 42.975, 28.284, 37.608
'MAFFT_b0#0070_hhT_tree_17_OP_1.818409912056766_Split_70.fasta', 31.559, 38.699, 25.279, 34.063
'MAFFT_b0#0070_htH_tree_86_OP_1.7393056698625855_Split_70.fasta', 34.178, 41.772, 29.894, 36.121
'MAFFT_b0#0070_thH_tree_17_OP_1.818409912056766_Split_70.fasta', 32.027, 39.281, 25.71, 33.95
'MAFFT_b0#0070_thH_tree_86_OP_1.7393056698625855_Split_70.fasta', 35.19, 42.975, 28.284, 37.608
'MAFFT_b0#0070_ttH_tree_17_OP_1.818409912056766_Split_70.fasta', 32.029, 39.282, 25.715, 33.952
'MAFFT_b0#0070_ttT_tree_17_OP_1.818409912056766_Split_70.fasta', 32.029, 39.282, 25.715, 33.952
'MAFFT_b0#0070_ttT_tree_86_OP_1.7393056698625855_Split_70.fasta', 34.178, 41.772, 29.894, 36.121
'MAFFT_b0#0071_thH_tree_83_OP_1.1196527601502904_Split_71.fasta', 37.627, 46.849, 30.362, 41.097
'MAFFT_b0#0071_thT_tree_83_OP_1.1196527601502904_Split_71.fasta', 37.627, 46.849, 30.362, 41.097
'MAFFT_b0#0071_ttH_tree_83_OP_1.1196527601502904_Split_71.fasta', 36.035, 44.867, 30.9, 38.559
'MAFFT_b0#0071_ttT_tree_83_OP_1.1196527601502904_Split_71.fasta', 36.035, 44.867, 30.9, 38.559
'MAFFT_b0#0072_hhH_tree_16_OP_1.904493049197901_Split_72.fasta', 33.21, 41.251, 26.367, 37.027
'MAFFT_b0#0072_hhH_tree_2_OP_2.0780663887168265_Split_72.fasta', 30.799, 36.483, 29.568, 30.969
'MAFFT_b0#0072_htH_tree_2_OP_2.0780663887168265_Split_72.fasta', 29.634, 35.688, 28.999, 30.039
'MAFFT_b0#0072_htT_tree_16_OP_1.904493049197901_Split_72.fasta', 32.109, 40.117, 25.447, 36.038
'MAFFT_b0#0072_htT_tree_2_OP_2.0780663887168265_Split_72.fasta', 29.634, 35.688, 28.999, 30.039
'MAFFT_b0#0072_thH_tree_2_OP_2.0780663887168265_Split_72.fasta', 30.799, 36.483, 29.568, 30.969
'MAFFT_b0#0072_ttH_tree_16_OP_1.904493049197901_Split_72.fasta', 32.109, 40.117, 25.447, 36.038
'MAFFT_b0#0072_ttT_tree_16_OP_1.904493049197901_Split_72.fasta', 32.109, 40.117, 25.447, 36.038
'MAFFT_b0#0073_hhT_tree_96_OP_2.2598618576256135_Split_73.fasta', 39.95, 48.146, 31.532, 42.257
'MAFFT_b0#0073_htH_tree_96_OP_2.2598618576256135_Split_73.fasta', 39.86, 48.048, 31.816, 42.247
'MAFFT_b0#0073_htT_tree_38_OP_1.4036490691810368_Split_73.fasta', 25.43, 31.438, 21.023, 29.484
'MAFFT_b0#0073_htT_tree_96_OP_2.2598618576256135_Split_73.fasta', 39.86, 48.048, 31.816, 42.247
'MAFFT_b0#0073_thT_tree_38_OP_1.4036490691810368_Split_73.fasta', 25.305, 31.333, 21.085, 29.283
'MAFFT_b0#0073_thT_tree_96_OP_2.2598618576256135_Split_73.fasta', 39.95, 48.146, 31.532, 42.257
'MAFFT_b0#0073_ttH_tree_38_OP_1.4036490691810368_Split_73.fasta', 23.868, 29.601, 20.005, 27.468
'MAFFT_b0#0073_ttT_tree_38_OP_1.4036490691810368_Split_73.fasta', 23.868, 29.601, 20.005, 27.468
'MAFFT_b0#0074_hhH_tree_56_OP_1.8151633835449412_Split_74.fasta', 36.775, 45.61, 29.863, 39.762
'MAFFT_b0#0074_hhH_tree_79_OP_1.1319264156945865_Split_74.fasta', 26.444, 33.283, 23.095, 29.024
'MAFFT_b0#0074_htH_tree_56_OP_1.8151633835449412_Split_74.fasta', 36.863, 45.631, 29.778, 40.141
'MAFFT_b0#0074_htT_tree_79_OP_1.1319264156945865_Split_74.fasta', 26.595, 33.526, 23.661, 28.953
'MAFFT_b0#0074_thT_tree_56_OP_1.8151633835449412_Split_74.fasta', 36.775, 45.61, 29.863, 39.762
'MAFFT_b0#0074_ttH_tree_56_OP_1.8151633835449412_Split_74.fasta', 36.863, 45.631, 29.778, 40.141
'MAFFT_b0#0074_ttH_tree_79_OP_1.1319264156945865_Split_74.fasta', 26.595, 33.526, 23.661, 28.953
'MAFFT_b0#0074_ttT_tree_79_OP_1.1319264156945865_Split_74.fasta', 26.595, 33.526, 23.661, 28.953
'MAFFT_b0#0075_hhH_tree_81_OP_1.1314497018902243_Split_75.fasta', 28.727, 36.752, 20.521, 29.615
'MAFFT_b0#0075_hhT_tree_19_OP_1.5848887345678324_Split_75.fasta', 34.403, 42.562, 25.151, 36.659
'MAFFT_b0#0075_htH_tree_19_OP_1.5848887345678324_Split_75.fasta', 34.381, 42.543, 25.127, 36.629
'MAFFT_b0#0075_htH_tree_81_OP_1.1314497018902243_Split_75.fasta', 28.701, 36.726, 20.516, 29.61
'MAFFT_b0#0075_thH_tree_81_OP_1.1314497018902243_Split_75.fasta', 28.92, 36.995, 20.688, 29.808
'MAFFT_b0#0075_thT_tree_19_OP_1.5848887345678324_Split_75.fasta', 34.103, 42.226, 25.922, 35.714
'MAFFT_b0#0075_ttH_tree_19_OP_1.5848887345678324_Split_75.fasta', 34.08, 42.207, 25.897, 35.685
'MAFFT_b0#0075_ttH_tree_81_OP_1.1314497018902243_Split_75.fasta', 28.893, 36.969, 20.683, 29.803
'MAFFT_b0#0077_hhT_tree_15_OP_2.550159221795637_Split_77.fasta', 38.213, 46.558, 30.125, 41.67
'MAFFT_b0#0077_htT_tree_15_OP_2.550159221795637_Split_77.fasta', 36.106, 43.736, 28.379, 39.446
'MAFFT_b0#0077_thH_tree_15_OP_2.550159221795637_Split_77.fasta', 38.213, 46.558, 30.125, 41.67
'MAFFT_b0#0077_thT_tree_15_OP_2.550159221795637_Split_77.fasta', 38.213, 46.558, 30.125, 41.67
'MAFFT_b0#0079_hhH_tree_53_OP_2.8446810696084794_Split_79.fasta', 35.737, 42.959, 31.237, 37.52
'MAFFT_b0#0079_hhT_tree_53_OP_2.8446810696084794_Split_79.fasta', 35.737, 42.959, 31.237, 37.52
'MAFFT_b0#0079_htT_tree_53_OP_2.8446810696084794_Split_79.fasta', 35.685, 42.897, 31.209, 37.455
'MAFFT_b0#0079_ttH_tree_53_OP_2.8446810696084794_Split_79.fasta', 35.626, 42.827, 31.178, 37.345
'MAFFT_b0#0081_hhH_tree_28_OP_2.8015195195451144_Split_81.fasta', 30.797, 38.172, 26.589, 35.428
'MAFFT_b0#0081_hhT_tree_28_OP_2.8015195195451144_Split_81.fasta', 30.797, 38.172, 26.589, 35.428
'MAFFT_b0#0081_htH_tree_70_OP_2.86216121405654_Split_81.fasta', 37.967, 46.206, 33.701, 40.106
'MAFFT_b0#0081_htT_tree_70_OP_2.86216121405654_Split_81.fasta', 37.967, 46.206, 33.701, 40.106
'MAFFT_b0#0081_thH_tree_70_OP_2.86216121405654_Split_81.fasta', 38.635, 46.957, 34.123, 40.507
'MAFFT_b0#0081_thT_tree_28_OP_2.8015195195451144_Split_81.fasta', 30.797, 38.172, 26.589, 35.428
'MAFFT_b0#0081_ttH_tree_28_OP_2.8015195195451144_Split_81.fasta', 31.308, 38.798, 27.276, 35.802
'MAFFT_b0#0081_ttH_tree_70_OP_2.86216121405654_Split_81.fasta', 37.967, 46.206, 33.701, 40.106
'MAFFT_b0#0085_hhH_tree_6_OP_2.614406638642872_Split_85.fasta', 30.209, 36.502, 23.588, 34.619
'MAFFT_b0#0085_htH_tree_6_OP_2.614406638642872_Split_85.fasta', 30.166, 36.452, 23.591, 34.55
'MAFFT_b0#0085_htT_tree_43_OP_1.1593268235540946_Split_85.fasta', 33.588, 42.267, 28.59, 36.111
'MAFFT_b0#0085_htT_tree_6_OP_2.614406638642872_Split_85.fasta', 30.166, 36.452, 23.591, 34.55
'MAFFT_b0#0085_thT_tree_43_OP_1.1593268235540946_Split_85.fasta', 34.062, 42.745, 29.576, 34.364
'MAFFT_b0#0085_thT_tree_6_OP_2.614406638642872_Split_85.fasta', 30.209, 36.502, 23.588, 34.619
'MAFFT_b0#0085_ttH_tree_43_OP_1.1593268235540946_Split_85.fasta', 33.588, 42.267, 28.59, 36.111
'MAFFT_b0#0085_ttT_tree_43_OP_1.1593268235540946_Split_85.fasta', 33.588, 42.267, 28.59, 36.111
'MAFFT_b0#0086_hhH_tree_98_OP_1.0089131553899002_Split_86.fasta', 25.834, 33.916, 21.221, 27.891
'MAFFT_b0#0086_hhT_tree_98_OP_1.0089131553899002_Split_86.fasta', 25.834, 33.916, 21.221, 27.891
'MAFFT_b0#0086_htH_tree_98_OP_1.0089131553899002_Split_86.fasta', 25.855, 33.959, 21.91, 28.442
'MAFFT_b0#0086_thH_tree_98_OP_1.0089131553899002_Split_86.fasta', 25.834, 33.916, 21.221, 27.891
'MAFFT_b0#0088_hhH_tree_24_OP_2.5256879150632905_Split_88.fasta', 33.726, 41.522, 29.68, 35.372
'MAFFT_b0#0088_htH_tree_24_OP_2.5256879150632905_Split_88.fasta', 33.846, 41.736, 29.983, 35.553
'MAFFT_b0#0088_htT_tree_24_OP_2.5256879150632905_Split_88.fasta', 33.846, 41.736, 29.983, 35.553
'MAFFT_b0#0088_thH_tree_24_OP_2.5256879150632905_Split_88.fasta', 33.726, 41.522, 29.68, 35.372
'MAFFT_b0#0089_hhH_tree_3_OP_2.728084439580989_Split_89.fasta', 33.837, 40.7, 30.524, 36.653
'MAFFT_b0#0089_hhT_tree_3_OP_2.728084439580989_Split_89.fasta', 33.837, 40.7, 30.524, 36.653
'MAFFT_b0#0089_htH_tree_3_OP_2.728084439580989_Split_89.fasta', 33.559, 40.298, 31.315, 36.549
'MAFFT_b0#0089_htT_tree_3_OP_2.728084439580989_Split_89.fasta', 33.559, 40.298, 31.315, 36.549
'MAFFT_b0#0091_hhH_tree_58_OP_2.470758940826272_Split_91.fasta', 32.766, 39.162, 24.6, 37.14
'MAFFT_b0#0091_htH_tree_58_OP_2.470758940826272_Split_91.fasta', 32.766, 39.162, 24.6, 37.14
'MAFFT_b0#0091_thH_tree_58_OP_2.470758940826272_Split_91.fasta', 33.837, 40.486, 25.535, 38.407
'MAFFT_b0#0091_thT_tree_58_OP_2.470758940826272_Split_91.fasta', 33.837, 40.486, 25.535, 38.407
'MAFFT_b0#0092_hhH_tree_42_OP_1.3915835484150982_Split_92.fasta', 34.384, 41.27, 30.989, 36.663
'MAFFT_b0#0092_htH_tree_42_OP_1.3915835484150982_Split_92.fasta', 33.733, 40.655, 30.144, 36.438
'MAFFT_b0#0092_thH_tree_42_OP_1.3915835484150982_Split_92.fasta', 34.372, 41.248, 31.006, 36.684
'MAFFT_b0#0092_thT_tree_42_OP_1.3915835484150982_Split_92.fasta', 34.372, 41.248, 31.006, 36.684
'MAFFT_b0#0093_hhH_tree_50_OP_1.9153041649578615_Split_93.fasta', 28.736, 35.499, 23.845, 32.328
'MAFFT_b0#0093_htH_tree_49_OP_1.2895147288295243_Split_93.fasta', 33.407, 42.573, 28.272, 33.839
'MAFFT_b0#0093_htH_tree_50_OP_1.9153041649578615_Split_93.fasta', 31.683, 38.688, 25.445, 35.45
'MAFFT_b0#0093_htT_tree_50_OP_1.9153041649578615_Split_93.fasta', 31.683, 38.688, 25.445, 35.45
'MAFFT_b0#0093_thH_tree_49_OP_1.2895147288295243_Split_93.fasta', 31.948, 40.686, 28.27, 32.386
'MAFFT_b0#0093_thT_tree_49_OP_1.2895147288295243_Split_93.fasta', 31.948, 40.686, 28.27, 32.386
'MAFFT_b0#0093_ttT_tree_49_OP_1.2895147288295243_Split_93.fasta', 31.909, 40.66, 25.797, 33.221
'MAFFT_b0#0093_ttT_tree_50_OP_1.9153041649578615_Split_93.fasta', 30.891, 37.726, 24.675, 34.625
'MAFFT_b0#0094_hhH_tree_61_OP_2.233368308529553_Split_94.fasta', 38.318, 46.373, 29.521, 40.989
'MAFFT_b0#0094_hhT_tree_63_OP_2.7597843575557506_Split_94.fasta', 35.472, 42.877, 29.32, 37.043
'MAFFT_b0#0094_htT_tree_63_OP_2.7597843575557506_Split_94.fasta', 37.409, 44.802, 30.068, 40.454
'MAFFT_b0#0094_thH_tree_61_OP_2.233368308529553_Split_94.fasta', 38.235, 46.271, 29.453, 40.924
'MAFFT_b0#0094_thH_tree_63_OP_2.7597843575557506_Split_94.fasta', 35.959, 43.464, 29.69, 37.536
'MAFFT_b0#0094_thT_tree_61_OP_2.233368308529553_Split_94.fasta', 38.235, 46.271, 29.453, 40.924
'MAFFT_b0#0094_thT_tree_63_OP_2.7597843575557506_Split_94.fasta', 35.959, 43.464, 29.69, 37.536
'MAFFT_b0#0094_ttH_tree_61_OP_2.233368308529553_Split_94.fasta', 37.52, 45.35, 28.246, 40.173
'MAFFT_b0#0095_hhH_tree_36_OP_1.861931102167887_Split_95.fasta', 31.992, 38.47, 26.181, 34.105
'MAFFT_b0#0095_hhT_tree_25_OP_1.0509666088927379_Split_95.fasta', 25.007, 32.364, 19.837, 26.245
'MAFFT_b0#0095_hhT_tree_36_OP_1.861931102167887_Split_95.fasta', 31.992, 38.47, 26.181, 34.105
'MAFFT_b0#0095_htT_tree_25_OP_1.0509666088927379_Split_95.fasta', 25.007, 32.364, 19.837, 26.245
'MAFFT_b0#0095_htT_tree_36_OP_1.861931102167887_Split_95.fasta', 31.992, 38.47, 26.181, 34.105
'MAFFT_b0#0095_thT_tree_25_OP_1.0509666088927379_Split_95.fasta', 24.508, 31.886, 20.913, 24.894
'MAFFT_b0#0095_thT_tree_36_OP_1.861931102167887_Split_95.fasta', 31.949, 38.419, 26.17, 34.045
'MAFFT_b0#0095_ttH_tree_25_OP_1.0509666088927379_Split_95.fasta', 24.508, 31.886, 20.913, 24.894
'MAFFT_b1#0001_hhH_tree_41_OP_1.752396225471006_Split_1.fasta', 19.713, 26.357, 17.135, 21.804
'MAFFT_b1#0001_hhH_tree_68_OP_2.7543395888868245_Split_1.fasta', 25.086, 31.336, 20.787, 27.415
'MAFFT_b1#0001_hhT_tree_41_OP_1.752396225471006_Split_1.fasta', 19.713, 26.357, 17.135, 21.804
'MAFFT_b1#0001_hhT_tree_68_OP_2.7543395888868245_Split_1.fasta', 25.086, 31.336, 20.787, 27.415
'MAFFT_b1#0001_htH_tree_41_OP_1.752396225471006_Split_1.fasta', 20.807, 27.485, 18.578, 22.82
'MAFFT_b1#0001_htH_tree_68_OP_2.7543395888868245_Split_1.fasta', 26.51, 32.786, 22.995, 28.734
'MAFFT_b1#0001_htT_tree_41_OP_1.752396225471006_Split_1.fasta', 20.807, 27.485, 18.578, 22.82
'MAFFT_b1#0001_htT_tree_68_OP_2.7543395888868245_Split_1.fasta', 26.51, 32.786, 22.995, 28.734
'MAFFT_b1#0003_hhH_tree_7_OP_2.423506546963713_Split_3.fasta', 35.448, 42.781, 27.902, 37.785
'MAFFT_b1#0003_hhT_tree_7_OP_2.423506546963713_Split_3.fasta', 35.448, 42.781, 27.902, 37.785
'MAFFT_b1#0003_htH_tree_7_OP_2.423506546963713_Split_3.fasta', 37.177, 44.564, 28.064, 39.066
'MAFFT_b1#0003_htT_tree_7_OP_2.423506546963713_Split_3.fasta', 37.177, 44.564, 28.064, 39.066
'MAFFT_b1#0006_hhH_tree_12_OP_2.973153388725351_Split_6.fasta', 35.308, 42.786, 25.475, 38.84
'MAFFT_b1#0006_hhH_tree_82_OP_2.6007870123262946_Split_6.fasta', 39.846, 48.631, 36.488, 41.059
'MAFFT_b1#0006_hhT_tree_12_OP_2.973153388725351_Split_6.fasta', 35.308, 42.786, 25.475, 38.84
'MAFFT_b1#0006_hhT_tree_82_OP_2.6007870123262946_Split_6.fasta', 39.846, 48.631, 36.488, 41.059
'MAFFT_b1#0006_htH_tree_12_OP_2.973153388725351_Split_6.fasta', 35.723, 43.321, 25.75, 39.236
'MAFFT_b1#0006_htH_tree_82_OP_2.6007870123262946_Split_6.fasta', 38.795, 47.721, 33.79, 41.226
'MAFFT_b1#0006_htT_tree_12_OP_2.973153388725351_Split_6.fasta', 35.723, 43.321, 25.75, 39.236
'MAFFT_b1#0006_htT_tree_82_OP_2.6007870123262946_Split_6.fasta', 38.795, 47.721, 33.79, 41.226
'MAFFT_b1#0007_hhH_tree_40_OP_1.431276692692299_Split_7.fasta', 36.194, 45.009, 26.914, 39.14
'MAFFT_b1#0007_hhT_tree_40_OP_1.431276692692299_Split_7.fasta', 36.194, 45.009, 26.914, 39.14
'MAFFT_b1#0007_htH_tree_40_OP_1.431276692692299_Split_7.fasta', 36.32, 45.212, 27.163, 39.354
'MAFFT_b1#0007_htT_tree_40_OP_1.431276692692299_Split_7.fasta', 36.32, 45.212, 27.163, 39.354
'MAFFT_b1#0008_hhH_tree_29_OP_1.1774471868850718_Split_8.fasta', 27.794, 33.925, 21.327, 29.828
'MAFFT_b1#0008_hhT_tree_29_OP_1.1774471868850718_Split_8.fasta', 27.794, 33.925, 21.327, 29.828
'MAFFT_b1#0008_htH_tree_29_OP_1.1774471868850718_Split_8.fasta', 27.789, 33.919, 21.322, 29.824
'MAFFT_b1#0008_htT_tree_29_OP_1.1774471868850718_Split_8.fasta', 27.789, 33.919, 21.322, 29.824
'MAFFT_b1#0010_hhH_tree_48_OP_1.0349214069593133_Split_10.fasta', 29.152, 37.371, 23.633, 30.404
'MAFFT_b1#0010_hhH_tree_51_OP_1.018044877173671_Split_10.fasta', 30.207, 38.123, 25.351, 33.277
'MAFFT_b1#0010_hhT_tree_48_OP_1.0349214069593133_Split_10.fasta', 29.152, 37.371, 23.633, 30.404
'MAFFT_b1#0010_hhT_tree_51_OP_1.018044877173671_Split_10.fasta', 30.207, 38.123, 25.351, 33.277
'MAFFT_b1#0010_htH_tree_48_OP_1.0349214069593133_Split_10.fasta', 27.758, 35.6, 21.13, 30.312
'MAFFT_b1#0010_htH_tree_51_OP_1.018044877173671_Split_10.fasta', 27.955, 35.771, 23.276, 30.589
'MAFFT_b1#0010_htT_tree_48_OP_1.0349214069593133_Split_10.fasta', 27.758, 35.6, 21.13, 30.312
'MAFFT_b1#0010_htT_tree_51_OP_1.018044877173671_Split_10.fasta', 27.955, 35.771, 23.276, 30.589
'MAFFT_b1#0011_hhH_tree_84_OP_2.680201119072135_Split_11.fasta', 30.719, 37.927, 22.766, 35.94
'MAFFT_b1#0011_hhT_tree_84_OP_2.680201119072135_Split_11.fasta', 30.719, 37.927, 22.766, 35.94
'MAFFT_b1#0011_htH_tree_84_OP_2.680201119072135_Split_11.fasta', 31.544, 38.858, 25.18, 35.282
'MAFFT_b1#0011_htT_tree_84_OP_2.680201119072135_Split_11.fasta', 31.544, 38.858, 25.18, 35.282
'MAFFT_b1#0012_hhH_tree_62_OP_2.4330105528955412_Split_12.fasta', 31.513, 38.051, 24.743, 35.147
'MAFFT_b1#0012_hhT_tree_62_OP_2.4330105528955412_Split_12.fasta', 31.513, 38.051, 24.743, 35.147
'MAFFT_b1#0012_htH_tree_62_OP_2.4330105528955412_Split_12.fasta', 30.537, 36.859, 27.917, 33.613
'MAFFT_b1#0012_htT_tree_62_OP_2.4330105528955412_Split_12.fasta', 30.537, 36.859, 27.917, 33.613
'MAFFT_b1#0014_hhH_tree_44_OP_2.639288724484837_Split_14.fasta', 36.833, 44.747, 30.943, 39.78
'MAFFT_b1#0014_hhH_tree_67_OP_1.9260663748429023_Split_14.fasta', 36.239, 44.215, 26.974, 40.352
'MAFFT_b1#0014_hhT_tree_44_OP_2.639288724484837_Split_14.fasta', 36.833, 44.747, 30.943, 39.78
'MAFFT_b1#0014_hhT_tree_67_OP_1.9260663748429023_Split_14.fasta', 36.239, 44.215, 26.974, 40.352
'MAFFT_b1#0014_htH_tree_44_OP_2.639288724484837_Split_14.fasta', 37.311, 45.331, 31.278, 40.271
'MAFFT_b1#0014_htH_tree_67_OP_1.9260663748429023_Split_14.fasta', 35.145, 42.678, 30.674, 39.491
'MAFFT_b1#0014_htT_tree_44_OP_2.639288724484837_Split_14.fasta', 37.311, 45.331, 31.278, 40.271
'MAFFT_b1#0014_htT_tree_67_OP_1.9260663748429023_Split_14.fasta', 35.145, 42.678, 30.674, 39.491
'MAFFT_b1#0016_hhH_tree_33_OP_2.3139125348148384_Split_16.fasta', 30.899, 38.392, 28.108, 34.288
'MAFFT_b1#0016_hhT_tree_33_OP_2.3139125348148384_Split_16.fasta', 30.899, 38.392, 28.108, 34.288
'MAFFT_b1#0016_htH_tree_33_OP_2.3139125348148384_Split_16.fasta', 31.128, 38.696, 29.283, 35.249
'MAFFT_b1#0016_htT_tree_33_OP_2.3139125348148384_Split_16.fasta', 31.128, 38.696, 29.283, 35.249
'MAFFT_b1#0017_hhH_tree_45_OP_2.295265953595705_Split_17.fasta', 29.388, 35.681, 23.342, 33.581
'MAFFT_b1#0017_hhH_tree_90_OP_2.1610607075340664_Split_17.fasta', 35.942, 43.402, 30.765, 37.438
'MAFFT_b1#0017_hhT_tree_45_OP_2.295265953595705_Split_17.fasta', 29.388, 35.681, 23.342, 33.581
'MAFFT_b1#0017_hhT_tree_90_OP_2.1610607075340664_Split_17.fasta', 35.942, 43.402, 30.765, 37.438
'MAFFT_b1#0017_htH_tree_45_OP_2.295265953595705_Split_17.fasta', 28.141, 34.173, 23.272, 32.07
'MAFFT_b1#0017_htH_tree_90_OP_2.1610607075340664_Split_17.fasta', 35.516, 42.864, 30.701, 36.763
'MAFFT_b1#0017_htT_tree_45_OP_2.295265953595705_Split_17.fasta', 28.141, 34.173, 23.272, 32.07
'MAFFT_b1#0017_htT_tree_90_OP_2.1610607075340664_Split_17.fasta', 35.516, 42.864, 30.701, 36.763
'MAFFT_b1#0019_hhH_tree_54_OP_1.6636194832224898_Split_19.fasta', 31.919, 39.385, 25.441, 34.707
'MAFFT_b1#0019_hhH_tree_94_OP_2.5553791369687318_Split_19.fasta', 33.775, 40.661, 29.881, 34.748
'MAFFT_b1#0019_hhT_tree_54_OP_1.6636194832224898_Split_19.fasta', 31.919, 39.385, 25.441, 34.707
'MAFFT_b1#0019_hhT_tree_94_OP_2.5553791369687318_Split_19.fasta', 33.775, 40.661, 29.881, 34.748
'MAFFT_b1#0019_htH_tree_54_OP_1.6636194832224898_Split_19.fasta', 31.881, 39.367, 25.399, 34.622
'MAFFT_b1#0019_htH_tree_94_OP_2.5553791369687318_Split_19.fasta', 34.092, 41.046, 30.164, 35.051
'MAFFT_b1#0019_htT_tree_54_OP_1.6636194832224898_Split_19.fasta', 31.881, 39.367, 25.399, 34.622
'MAFFT_b1#0019_htT_tree_94_OP_2.5553791369687318_Split_19.fasta', 34.092, 41.046, 30.164, 35.051
'MAFFT_b1#0022_hhH_tree_39_OP_1.522040361295851_Split_22.fasta', 35.753, 44.177, 29.722, 39.994
'MAFFT_b1#0022_hhH_tree_64_OP_2.935413362566628_Split_22.fasta', 36.49, 44.104, 25.664, 39.88
'MAFFT_b1#0022_hhT_tree_39_OP_1.522040361295851_Split_22.fasta', 35.753, 44.177, 29.722, 39.994
'MAFFT_b1#0022_hhT_tree_64_OP_2.935413362566628_Split_22.fasta', 36.49, 44.104, 25.664, 39.88
'MAFFT_b1#0022_htH_tree_39_OP_1.522040361295851_Split_22.fasta', 35.084, 43.499, 31.272, 37.377
'MAFFT_b1#0022_htH_tree_64_OP_2.935413362566628_Split_22.fasta', 36.947, 44.671, 26.007, 40.416
'MAFFT_b1#0022_htT_tree_39_OP_1.522040361295851_Split_22.fasta', 35.084, 43.499, 31.272, 37.377
'MAFFT_b1#0022_htT_tree_64_OP_2.935413362566628_Split_22.fasta', 36.947, 44.671, 26.007, 40.416
'MAFFT_b1#0024_hhH_tree_34_OP_2.407510533391993_Split_24.fasta', 33.091, 40.688, 29.072, 34.747
'MAFFT_b1#0024_hhT_tree_34_OP_2.407510533391993_Split_24.fasta', 33.091, 40.688, 29.072, 34.747
'MAFFT_b1#0024_htH_tree_34_OP_2.407510533391993_Split_24.fasta', 31.815, 38.941, 27.886, 33.203
'MAFFT_b1#0024_htT_tree_34_OP_2.407510533391993_Split_24.fasta', 31.815, 38.941, 27.886, 33.203
'MAFFT_b1#0025_hhH_tree_59_OP_2.170731131311491_Split_25.fasta', 34.973, 43.044, 28.68, 38.941
'MAFFT_b1#0025_hhH_tree_85_OP_2.480824599307775_Split_25.fasta', 33.993, 42.02, 29.712, 37.508
'MAFFT_b1#0025_hhT_tree_59_OP_2.170731131311491_Split_25.fasta', 34.973, 43.044, 28.68, 38.941
'MAFFT_b1#0025_hhT_tree_85_OP_2.480824599307775_Split_25.fasta', 33.993, 42.02, 29.712, 37.508
'MAFFT_b1#0025_htH_tree_59_OP_2.170731131311491_Split_25.fasta', 33.952, 41.753, 27.633, 37.939
'MAFFT_b1#0025_htH_tree_85_OP_2.480824599307775_Split_25.fasta', 34.453, 42.563, 30.1, 37.867
'MAFFT_b1#0025_htT_tree_59_OP_2.170731131311491_Split_25.fasta', 33.952, 41.753, 27.633, 37.939
'MAFFT_b1#0025_htT_tree_85_OP_2.480824599307775_Split_25.fasta', 34.453, 42.563, 30.1, 37.867
'MAFFT_b1#0026_hhH_tree_21_OP_2.1310205653910055_Split_26.fasta', 27.642, 34.041, 25.727, 28.666
'MAFFT_b1#0026_hhH_tree_80_OP_2.5217903856188704_Split_26.fasta', 34.032, 41.807, 30.005, 38.182
'MAFFT_b1#0026_hhT_tree_21_OP_2.1310205653910055_Split_26.fasta', 27.642, 34.041, 25.727, 28.666
'MAFFT_b1#0026_hhT_tree_80_OP_2.5217903856188704_Split_26.fasta', 34.032, 41.807, 30.005, 38.182
'MAFFT_b1#0026_htH_tree_21_OP_2.1310205653910055_Split_26.fasta', 27.94, 34.371, 24.657, 29.312
'MAFFT_b1#0026_htH_tree_80_OP_2.5217903856188704_Split_26.fasta', 34.459, 42.328, 30.322, 38.604
'MAFFT_b1#0026_htT_tree_21_OP_2.1310205653910055_Split_26.fasta', 27.94, 34.371, 24.657, 29.312
'MAFFT_b1#0026_htT_tree_80_OP_2.5217903856188704_Split_26.fasta', 34.459, 42.328, 30.322, 38.604
'MAFFT_b1#0027_hhH_tree_10_OP_1.9679388553310329_Split_27.fasta', 34.546, 42.638, 27.934, 37.145
'MAFFT_b1#0027_hhT_tree_10_OP_1.9679388553310329_Split_27.fasta', 34.546, 42.638, 27.934, 37.145
'MAFFT_b1#0027_htH_tree_10_OP_1.9679388553310329_Split_27.fasta', 34.512, 42.608, 29.946, 34.677
'MAFFT_b1#0027_htT_tree_10_OP_1.9679388553310329_Split_27.fasta', 34.512, 42.608, 29.946, 34.677
'MAFFT_b1#0028_hhH_tree_66_OP_2.9673947251158412_Split_28.fasta', 33.313, 40.462, 28.772, 36.428
'MAFFT_b1#0028_hhT_tree_66_OP_2.9673947251158412_Split_28.fasta', 33.313, 40.462, 28.772, 36.428
'MAFFT_b1#0028_htH_tree_66_OP_2.9673947251158412_Split_28.fasta', 32.231, 39.124, 24.074, 35.989
'MAFFT_b1#0028_htT_tree_66_OP_2.9673947251158412_Split_28.fasta', 32.231, 39.124, 24.074, 35.989
'MAFFT_b1#0029_hhH_tree_27_OP_1.6859321025856457_Split_29.fasta', 31.274, 37.676, 27.886, 33.507
'MAFFT_b1#0029_hhT_tree_27_OP_1.6859321025856457_Split_29.fasta', 31.274, 37.676, 27.886, 33.507
'MAFFT_b1#0029_htH_tree_27_OP_1.6859321025856457_Split_29.fasta', 30.295, 36.495, 27.666, 32.232
'MAFFT_b1#0029_htT_tree_27_OP_1.6859321025856457_Split_29.fasta', 30.295, 36.495, 27.666, 32.232
'MAFFT_b1#0031_hhH_tree_23_OP_2.940403370408288_Split_31.fasta', 30.915, 38.341, 27.411, 36.121
'MAFFT_b1#0031_hhH_tree_78_OP_1.9842214843426838_Split_31.fasta', 24.797, 30.787, 18.569, 25.08
'MAFFT_b1#0031_hhT_tree_23_OP_2.940403370408288_Split_31.fasta', 30.915, 38.341, 27.411, 36.121
'MAFFT_b1#0031_hhT_tree_78_OP_1.9842214843426838_Split_31.fasta', 24.797, 30.787, 18.569, 25.08
'MAFFT_b1#0031_htH_tree_23_OP_2.940403370408288_Split_31.fasta', 32.131, 39.68, 28.313, 37.094
'MAFFT_b1#0031_htH_tree_78_OP_1.9842214843426838_Split_31.fasta', 25.292, 31.347, 18.542, 25.526
'MAFFT_b1#0031_htT_tree_23_OP_2.940403370408288_Split_31.fasta', 32.131, 39.68, 28.313, 37.094
'MAFFT_b1#0031_htT_tree_78_OP_1.9842214843426838_Split_31.fasta', 25.292, 31.347, 18.542, 25.526
'MAFFT_b1#0035_hhH_tree_71_OP_2.3680950705345123_Split_35.fasta', 35.887, 44.116, 28.778, 38.11
'MAFFT_b1#0035_hhH_tree_75_OP_2.4023709813773846_Split_35.fasta', 35.339, 42.719, 32.968, 37.761
'MAFFT_b1#0035_hhH_tree_9_OP_1.5653274151471246_Split_35.fasta', 29.826, 36.899, 22.184, 33.933
'MAFFT_b1#0035_hhT_tree_71_OP_2.3680950705345123_Split_35.fasta', 35.887, 44.116, 28.778, 38.11
'MAFFT_b1#0035_hhT_tree_75_OP_2.4023709813773846_Split_35.fasta', 35.339, 42.719, 32.968, 37.761
'MAFFT_b1#0035_hhT_tree_9_OP_1.5653274151471246_Split_35.fasta', 29.826, 36.899, 22.184, 33.933
'MAFFT_b1#0035_htH_tree_71_OP_2.3680950705345123_Split_35.fasta', 35.858, 44.087, 28.75, 38.078
'MAFFT_b1#0035_htH_tree_75_OP_2.4023709813773846_Split_35.fasta', 35.347, 42.725, 32.978, 37.769
'MAFFT_b1#0035_htH_tree_9_OP_1.5653274151471246_Split_35.fasta', 31.367, 38.091, 26.218, 34.06
'MAFFT_b1#0035_htT_tree_71_OP_2.3680950705345123_Split_35.fasta', 35.858, 44.087, 28.75, 38.078
'MAFFT_b1#0035_htT_tree_75_OP_2.4023709813773846_Split_35.fasta', 35.347, 42.725, 32.978, 37.769
'MAFFT_b1#0035_htT_tree_9_OP_1.5653274151471246_Split_35.fasta', 31.367, 38.091, 26.218, 34.06
'MAFFT_b1#0036_hhH_tree_69_OP_2.9824622002885617_Split_36.fasta', 33.01, 40.556, 24.742, 34.881
'MAFFT_b1#0036_hhH_tree_74_OP_2.943304477827338_Split_36.fasta', 32.433, 39.828, 25.815, 36.304
'MAFFT_b1#0036_hhH_tree_91_OP_2.3523277060939405_Split_36.fasta', 31.782, 38.366, 29.267, 34.661
'MAFFT_b1#0036_hhT_tree_69_OP_2.9824622002885617_Split_36.fasta', 33.01, 40.556, 24.742, 34.881
'MAFFT_b1#0036_hhT_tree_74_OP_2.943304477827338_Split_36.fasta', 32.433, 39.828, 25.815, 36.304
'MAFFT_b1#0036_hhT_tree_91_OP_2.3523277060939405_Split_36.fasta', 31.782, 38.366, 29.267, 34.661
'MAFFT_b1#0036_htH_tree_69_OP_2.9824622002885617_Split_36.fasta', 33.68, 41.375, 26.572, 35.154
'MAFFT_b1#0036_htH_tree_74_OP_2.943304477827338_Split_36.fasta', 32.838, 40.276, 28.254, 35.781
'MAFFT_b1#0036_htH_tree_91_OP_2.3523277060939405_Split_36.fasta', 32.206, 38.922, 29.576, 34.959
'MAFFT_b1#0036_htT_tree_69_OP_2.9824622002885617_Split_36.fasta', 33.68, 41.375, 26.572, 35.154
'MAFFT_b1#0036_htT_tree_74_OP_2.943304477827338_Split_36.fasta', 32.838, 40.276, 28.254, 35.781
'MAFFT_b1#0036_htT_tree_91_OP_2.3523277060939405_Split_36.fasta', 32.206, 38.922, 29.576, 34.959
'MAFFT_b1#0037_hhH_tree_46_OP_2.5904987735791676_Split_37.fasta', 35.336, 42.113, 29.821, 37.427
'MAFFT_b1#0037_hhH_tree_65_OP_1.3986977410996977_Split_37.fasta', 37.337, 46.458, 28.82, 41.981
'MAFFT_b1#0037_hhT_tree_46_OP_2.5904987735791676_Split_37.fasta', 35.336, 42.113, 29.821, 37.427
'MAFFT_b1#0037_hhT_tree_65_OP_1.3986977410996977_Split_37.fasta', 37.337, 46.458, 28.82, 41.981
'MAFFT_b1#0037_htH_tree_46_OP_2.5904987735791676_Split_37.fasta', 34.587, 41.077, 28.153, 37.377
'MAFFT_b1#0037_htH_tree_65_OP_1.3986977410996977_Split_37.fasta', 37.222, 46.336, 28.761, 41.841
'MAFFT_b1#0037_htT_tree_46_OP_2.5904987735791676_Split_37.fasta', 34.587, 41.077, 28.153, 37.377
'MAFFT_b1#0037_htT_tree_65_OP_1.3986977410996977_Split_37.fasta', 37.222, 46.336, 28.761, 41.841
'MAFFT_b1#0039_hhH_tree_22_OP_1.0333726057419617_Split_39.fasta', 37.897, 47.06, 27.912, 41.117
'MAFFT_b1#0039_hhT_tree_22_OP_1.0333726057419617_Split_39.fasta', 37.897, 47.06, 27.912, 41.117
'MAFFT_b1#0039_htH_tree_22_OP_1.0333726057419617_Split_39.fasta', 36.976, 45.881, 33.372, 38.993
'MAFFT_b1#0039_htT_tree_22_OP_1.0333726057419617_Split_39.fasta', 36.976, 45.881, 33.372, 38.993
'MAFFT_b1#0041_hhH_tree_31_OP_2.371648195541206_Split_41.fasta', 33.708, 41.211, 25.559, 37.924
'MAFFT_b1#0041_hhH_tree_8_OP_2.990366431633018_Split_41.fasta', 38.52, 46.302, 33.435, 42.13
'MAFFT_b1#0041_hhT_tree_31_OP_2.371648195541206_Split_41.fasta', 33.708, 41.211, 25.559, 37.924
'MAFFT_b1#0041_hhT_tree_8_OP_2.990366431633018_Split_41.fasta', 38.52, 46.302, 33.435, 42.13
'MAFFT_b1#0041_htH_tree_31_OP_2.371648195541206_Split_41.fasta', 34.361, 41.946, 26.222, 38.575
'MAFFT_b1#0041_htH_tree_8_OP_2.990366431633018_Split_41.fasta', 38.59, 46.357, 33.527, 42.203
'MAFFT_b1#0041_htT_tree_31_OP_2.371648195541206_Split_41.fasta', 34.361, 41.946, 26.222, 38.575
'MAFFT_b1#0041_htT_tree_8_OP_2.990366431633018_Split_41.fasta', 38.59, 46.357, 33.527, 42.203
'MAFFT_b1#0042_hhH_tree_92_OP_1.133352346367843_Split_42.fasta', 28.506, 35.909, 21.1, 30.916
'MAFFT_b1#0042_hhT_tree_92_OP_1.133352346367843_Split_42.fasta', 28.506, 35.909, 21.1, 30.916
'MAFFT_b1#0042_htH_tree_92_OP_1.133352346367843_Split_42.fasta', 28.297, 35.574, 23.977, 28.063
'MAFFT_b1#0042_htT_tree_92_OP_1.133352346367843_Split_42.fasta', 28.297, 35.574, 23.977, 28.063
'MAFFT_b1#0043_hhH_tree_95_OP_2.498402958697362_Split_43.fasta', 41.476, 50.212, 37.123, 43.086
'MAFFT_b1#0043_hhT_tree_95_OP_2.498402958697362_Split_43.fasta', 41.476, 50.212, 37.123, 43.086
'MAFFT_b1#0043_htH_tree_95_OP_2.498402958697362_Split_43.fasta', 40.083, 48.512, 35.657, 41.088
'MAFFT_b1#0043_htT_tree_95_OP_2.498402958697362_Split_43.fasta', 40.083, 48.512, 35.657, 41.088
'MAFFT_b1#0044_hhH_tree_14_OP_1.7440813830902329_Split_44.fasta', 24.415, 30.828, 20.324, 27.066
'MAFFT_b1#0044_hhH_tree_52_OP_2.165361006866358_Split_44.fasta', 34.708, 42.741, 30.158, 37.452
'MAFFT_b1#0044_hhT_tree_14_OP_1.7440813830902329_Split_44.fasta', 24.415, 30.828, 20.324, 27.066
'MAFFT_b1#0044_hhT_tree_52_OP_2.165361006866358_Split_44.fasta', 34.708, 42.741, 30.158, 37.452
'MAFFT_b1#0044_htH_tree_14_OP_1.7440813830902329_Split_44.fasta', 24.395, 30.812, 20.288, 27.032
'MAFFT_b1#0044_htH_tree_52_OP_2.165361006866358_Split_44.fasta', 34.925, 43.137, 30.252, 37.672
'MAFFT_b1#0044_htT_tree_14_OP_1.7440813830902329_Split_44.fasta', 24.395, 30.812, 20.288, 27.032
'MAFFT_b1#0044_htT_tree_52_OP_2.165361006866358_Split_44.fasta', 34.925, 43.137, 30.252, 37.672
'MSA.BALIPHY.aln.best.23410.fas', 40.715, 49.953, 35.301, 42.897
'MSA.MAFFT.aln.With_Names', 42.218, 51.269, 32.96, 46.04
'MSA.MUSCLE.aln.best.23410.fas', 36.859, 42.449, 33.25, 35.541
'MSA.PRANK.aln.With_Names', 25.71, 32.581, 20.078, 27.782
'MUSCLE_diversified_replicate.abc.1.afa', 35.098, 42.454, 28.73, 35.332
'MUSCLE_diversified_replicate.abc.101.afa', 30.18, 37.121, 25.742, 29.62
'MUSCLE_diversified_replicate.abc.105.afa', 33.256, 40.207, 28.551, 34.288
'MUSCLE_diversified_replicate.abc.109.afa', 37.813, 44.686, 34.16, 38.472
'MUSCLE_diversified_replicate.abc.113.afa', 38.215, 45.261, 34.929, 39.151
'MUSCLE_diversified_replicate.abc.117.afa', 32.664, 40.005, 27.334, 32.609
'MUSCLE_diversified_replicate.abc.121.afa', 33.059, 40.411, 29.386, 33.758
'MUSCLE_diversified_replicate.abc.125.afa', 34.556, 41.598, 30.782, 34.208
'MUSCLE_diversified_replicate.abc.129.afa', 33.598, 40.787, 29.294, 33.909
'MUSCLE_diversified_replicate.abc.13.afa', 36.121, 43.059, 31.737, 35.135
'MUSCLE_diversified_replicate.abc.133.afa', 39.556, 46.826, 34.262, 40.874
'MUSCLE_diversified_replicate.abc.137.afa', 31.457, 38.694, 26.814, 30.885
'MUSCLE_diversified_replicate.abc.141.afa', 30.366, 37.215, 27.235, 30.536
'MUSCLE_diversified_replicate.abc.145.afa', 33.82, 40.844, 30.767, 33.948
'MUSCLE_diversified_replicate.abc.149.afa', 37.829, 45.259, 32.804, 39.372
'MUSCLE_diversified_replicate.abc.153.afa', 33.945, 40.983, 28.999, 34.084
'MUSCLE_diversified_replicate.abc.157.afa', 28.926, 35.981, 24.39, 29.624
'MUSCLE_diversified_replicate.abc.161.afa', 36.656, 43.204, 33.471, 37.249
'MUSCLE_diversified_replicate.abc.165.afa', 31.517, 38.568, 27.836, 32.505
'MUSCLE_diversified_replicate.abc.169.afa', 34.584, 41.281, 30.339, 34.935
'MUSCLE_diversified_replicate.abc.17.afa', 35.263, 41.699, 32.91, 35.833
'MUSCLE_diversified_replicate.abc.173.afa', 34.879, 41.786, 30.261, 34.319
'MUSCLE_diversified_replicate.abc.177.afa', 32.374, 39.517, 27.776, 32.876
'MUSCLE_diversified_replicate.abc.181.afa', 34.963, 41.956, 30.816, 35.385
'MUSCLE_diversified_replicate.abc.185.afa', 31.715, 38.684, 27.881, 32.275
'MUSCLE_diversified_replicate.abc.189.afa', 31.83, 39.163, 27.265, 33.617
'MUSCLE_diversified_replicate.abc.193.afa', 31.951, 39.071, 27.04, 32.102
'MUSCLE_diversified_replicate.abc.197.afa', 34.635, 41.513, 30.513, 34.26
'MUSCLE_diversified_replicate.abc.201.afa', 34.686, 41.939, 28.985, 34.773
'MUSCLE_diversified_replicate.abc.205.afa', 35.556, 42.827, 30.19, 35.736
'MUSCLE_diversified_replicate.abc.209.afa', 33.894, 41.047, 29.323, 34.511
'MUSCLE_diversified_replicate.abc.21.afa', 31.658, 38.452, 28.724, 32.467
'MUSCLE_diversified_replicate.abc.213.afa', 33.799, 39.781, 31.195, 34.98
'MUSCLE_diversified_replicate.abc.217.afa', 35.194, 42.502, 30.214, 35.652
'MUSCLE_diversified_replicate.abc.221.afa', 36.051, 42.954, 30.85, 36.401
'MUSCLE_diversified_replicate.abc.225.afa', 31.068, 38.26, 26.974, 31.091
'MUSCLE_diversified_replicate.abc.229.afa', 30.705, 37.261, 26.779, 32.078
'MUSCLE_diversified_replicate.abc.233.afa', 33.792, 40.226, 30.86, 34.59
'MUSCLE_diversified_replicate.abc.237.afa', 30.161, 36.895, 26.821, 31.162
'MUSCLE_diversified_replicate.abc.241.afa', 34.133, 41.095, 29.181, 34.601
'MUSCLE_diversified_replicate.abc.245.afa', 31.415, 38.271, 27.145, 31.35
'MUSCLE_diversified_replicate.abc.249.afa', 33.694, 41.02, 29.02, 34.041
'MUSCLE_diversified_replicate.abc.25.afa', 26.624, 29.296, 23.209, 24.064
'MUSCLE_diversified_replicate.abc.253.afa', 36.218, 42.705, 33.181, 37.327
'MUSCLE_diversified_replicate.abc.257.afa', 35.553, 42.684, 30.006, 35.032
'MUSCLE_diversified_replicate.abc.261.afa', 29.973, 36.706, 25.608, 31.025
'MUSCLE_diversified_replicate.abc.265.afa', 32.13, 39.037, 27.76, 32.628
'MUSCLE_diversified_replicate.abc.269.afa', 35.503, 42.774, 30.841, 35.986
'MUSCLE_diversified_replicate.abc.273.afa', 30.538, 37.211, 27.601, 31.691
'MUSCLE_diversified_replicate.abc.277.afa', 30.805, 37.851, 26.784, 31.204
'MUSCLE_diversified_replicate.abc.281.afa', 32.514, 39.942, 28.225, 32.87
'MUSCLE_diversified_replicate.abc.285.afa', 35.534, 43.34, 28.879, 36.324
'MUSCLE_diversified_replicate.abc.289.afa', 34.981, 42.235, 32.127, 35.035
'MUSCLE_diversified_replicate.abc.29.afa', 30.621, 37.08, 27.268, 31.297
'MUSCLE_diversified_replicate.abc.293.afa', 35.194, 42.231, 30.871, 35.206
'MUSCLE_diversified_replicate.abc.297.afa', 34.195, 41.148, 30.884, 33.962
'MUSCLE_diversified_replicate.abc.301.afa', 28.295, 33.912, 23.813, 26.69
'MUSCLE_diversified_replicate.abc.305.afa', 34.338, 41.404, 29.824, 34.707
'MUSCLE_diversified_replicate.abc.309.afa', 33.804, 41.465, 29.228, 34.906
'MUSCLE_diversified_replicate.abc.313.afa', 29.968, 36.887, 26.31, 31.33
'MUSCLE_diversified_replicate.abc.317.afa', 29.346, 36.1, 24.928, 30.259
'MUSCLE_diversified_replicate.abc.321.afa', 35.961, 43.287, 31.868, 35.073
'MUSCLE_diversified_replicate.abc.325.afa', 32.891, 39.881, 28.824, 33.346
'MUSCLE_diversified_replicate.abc.329.afa', 31.026, 38.145, 27.142, 31.367
'MUSCLE_diversified_replicate.abc.33.afa', 32.253, 39.513, 27.822, 33.0
'MUSCLE_diversified_replicate.abc.333.afa', 39.444, 46.615, 36.211, 40.387
'MUSCLE_diversified_replicate.abc.337.afa', 37.027, 43.921, 33.3, 38.472
'MUSCLE_diversified_replicate.abc.341.afa', 30.441, 37.045, 26.622, 31.065
'MUSCLE_diversified_replicate.abc.345.afa', 38.191, 45.589, 32.931, 40.037
'MUSCLE_diversified_replicate.abc.349.afa', 35.864, 43.264, 31.361, 35.38
'MUSCLE_diversified_replicate.abc.353.afa', 32.272, 39.455, 28.32, 32.934
'MUSCLE_diversified_replicate.abc.357.afa', 34.221, 41.178, 29.241, 34.684
'MUSCLE_diversified_replicate.abc.361.afa', 31.606, 38.165, 28.125, 32.489
'MUSCLE_diversified_replicate.abc.365.afa', 34.522, 42.17, 28.269, 35.414
'MUSCLE_diversified_replicate.abc.369.afa', 33.882, 40.716, 29.582, 34.15
'MUSCLE_diversified_replicate.abc.37.afa', 34.9, 42.173, 29.026, 34.821
'MUSCLE_diversified_replicate.abc.373.afa', 35.649, 43.044, 30.989, 36.356
'MUSCLE_diversified_replicate.abc.377.afa', 33.27, 40.164, 29.336, 33.605
'MUSCLE_diversified_replicate.abc.381.afa', 31.802, 38.536, 27.817, 32.164
'MUSCLE_diversified_replicate.abc.385.afa', 36.805, 44.396, 31.459, 36.865
'MUSCLE_diversified_replicate.abc.389.afa', 30.763, 37.534, 27.271, 30.92
'MUSCLE_diversified_replicate.abc.393.afa', 34.849, 41.708, 30.38, 35.216
'MUSCLE_diversified_replicate.abc.397.afa', 35.379, 42.244, 30.164, 35.253
'MUSCLE_diversified_replicate.abc.41.afa', 30.947, 37.682, 27.92, 31.616
'MUSCLE_diversified_replicate.abc.45.afa', 36.851, 43.779, 34.13, 38.351
'MUSCLE_diversified_replicate.abc.49.afa', 35.537, 42.724, 31.461, 36.006
'MUSCLE_diversified_replicate.abc.5.afa', 35.079, 42.339, 29.699, 35.058
'MUSCLE_diversified_replicate.abc.53.afa', 30.814, 37.453, 27.594, 31.41
'MUSCLE_diversified_replicate.abc.57.afa', 34.354, 41.673, 31.041, 34.968
'MUSCLE_diversified_replicate.abc.61.afa', 38.872, 46.223, 34.708, 40.184
'MUSCLE_diversified_replicate.abc.65.afa', 34.386, 41.453, 30.925, 33.463
'MUSCLE_diversified_replicate.abc.69.afa', 28.023, 34.386, 25.493, 28.84
'MUSCLE_diversified_replicate.abc.73.afa', 32.608, 39.817, 28.845, 33.245
'MUSCLE_diversified_replicate.abc.77.afa', 34.168, 41.088, 29.301, 34.547
'MUSCLE_diversified_replicate.abc.81.afa', 36.117, 43.821, 31.983, 36.115
'MUSCLE_diversified_replicate.abc.85.afa', 34.966, 42.067, 29.706, 34.659
'MUSCLE_diversified_replicate.abc.89.afa', 35.376, 42.733, 30.984, 35.541
'MUSCLE_diversified_replicate.abc.9.afa', 33.221, 40.551, 28.142, 33.253
'MUSCLE_diversified_replicate.abc.93.afa', 32.487, 39.827, 28.162, 33.349
'MUSCLE_diversified_replicate.abc.97.afa', 38.478, 45.74, 33.868, 40.457
'MUSCLE_diversified_replicate.acb.10.afa', 33.332, 40.771, 28.235, 34.296
'MUSCLE_diversified_replicate.acb.102.afa', 28.875, 34.408, 26.743, 30.718
'MUSCLE_diversified_replicate.acb.106.afa', 35.871, 43.154, 31.979, 36.586
'MUSCLE_diversified_replicate.acb.110.afa', 34.593, 41.403, 31.333, 33.831
'MUSCLE_diversified_replicate.acb.114.afa', 33.99, 41.148, 28.798, 34.052
'MUSCLE_diversified_replicate.acb.118.afa', 27.5, 33.385, 24.25, 29.07
'MUSCLE_diversified_replicate.acb.122.afa', 30.871, 38.043, 25.175, 31.172
'MUSCLE_diversified_replicate.acb.126.afa', 32.071, 39.258, 27.908, 32.255
'MUSCLE_diversified_replicate.acb.130.afa', 34.801, 41.94, 29.461, 35.133
'MUSCLE_diversified_replicate.acb.134.afa', 28.917, 34.845, 27.676, 28.858
'MUSCLE_diversified_replicate.acb.138.afa', 36.304, 43.654, 32.323, 35.192
'MUSCLE_diversified_replicate.acb.14.afa', 34.95, 40.991, 32.935, 36.38
'MUSCLE_diversified_replicate.acb.142.afa', 36.947, 43.883, 31.959, 38.864
'MUSCLE_diversified_replicate.acb.146.afa', 34.987, 42.035, 31.58, 34.339
'MUSCLE_diversified_replicate.acb.150.afa', 38.53, 45.947, 33.412, 40.764
'MUSCLE_diversified_replicate.acb.154.afa', 31.778, 38.484, 28.047, 31.931
'MUSCLE_diversified_replicate.acb.158.afa', 33.3, 39.776, 29.02, 33.601
'MUSCLE_diversified_replicate.acb.162.afa', 39.027, 46.387, 35.703, 40.592
'MUSCLE_diversified_replicate.acb.166.afa', 35.055, 42.455, 30.146, 34.612
'MUSCLE_diversified_replicate.acb.170.afa', 35.26, 42.761, 29.409, 35.713
'MUSCLE_diversified_replicate.acb.174.afa', 36.842, 43.312, 32.375, 38.133
'MUSCLE_diversified_replicate.acb.178.afa', 34.943, 41.545, 30.734, 36.624
'MUSCLE_diversified_replicate.acb.18.afa', 35.199, 41.995, 31.034, 35.585
'MUSCLE_diversified_replicate.acb.182.afa', 30.078, 36.469, 27.047, 32.313
'MUSCLE_diversified_replicate.acb.186.afa', 33.986, 41.199, 32.621, 32.495
'MUSCLE_diversified_replicate.acb.190.afa', 36.312, 43.335, 31.149, 36.269
'MUSCLE_diversified_replicate.acb.194.afa', 37.915, 44.821, 35.146, 39.13
'MUSCLE_diversified_replicate.acb.198.afa', 37.371, 43.955, 35.129, 37.11
'MUSCLE_diversified_replicate.acb.2.afa', 36.392, 43.152, 33.25, 35.882
'MUSCLE_diversified_replicate.acb.202.afa', 33.839, 40.831, 28.109, 33.89
'MUSCLE_diversified_replicate.acb.206.afa', 31.123, 37.684, 28.002, 32.107
'MUSCLE_diversified_replicate.acb.210.afa', 30.704, 36.779, 29.871, 30.519
'MUSCLE_diversified_replicate.acb.214.afa', 37.908, 44.943, 32.778, 39.166
'MUSCLE_diversified_replicate.acb.218.afa', 37.707, 44.594, 34.494, 38.797
'MUSCLE_diversified_replicate.acb.22.afa', 33.714, 40.193, 30.188, 34.504
'MUSCLE_diversified_replicate.acb.222.afa', 33.203, 39.774, 29.479, 32.618
'MUSCLE_diversified_replicate.acb.226.afa', 36.704, 43.442, 31.543, 37.906
'MUSCLE_diversified_replicate.acb.230.afa', 30.785, 36.85, 29.011, 32.737
'MUSCLE_diversified_replicate.acb.234.afa', 34.705, 42.173, 29.096, 35.525
'MUSCLE_diversified_replicate.acb.238.afa', 31.664, 38.353, 28.907, 31.687
'MUSCLE_diversified_replicate.acb.242.afa', 33.424, 41.348, 28.179, 34.008
'MUSCLE_diversified_replicate.acb.246.afa', 32.692, 40.075, 27.679, 32.74
'MUSCLE_diversified_replicate.acb.250.afa', 31.837, 38.868, 27.354, 32.08
'MUSCLE_diversified_replicate.acb.254.afa', 35.281, 42.73, 29.321, 35.229
'MUSCLE_diversified_replicate.acb.258.afa', 31.479, 37.697, 28.992, 31.242
'MUSCLE_diversified_replicate.acb.26.afa', 35.921, 43.253, 30.238, 35.993
'MUSCLE_diversified_replicate.acb.262.afa', 37.718, 44.65, 33.281, 39.07
'MUSCLE_diversified_replicate.acb.266.afa', 34.064, 40.695, 30.014, 34.497
'MUSCLE_diversified_replicate.acb.270.afa', 27.615, 30.448, 24.622, 25.284
'MUSCLE_diversified_replicate.acb.274.afa', 34.522, 41.817, 29.929, 34.777
'MUSCLE_diversified_replicate.acb.278.afa', 29.135, 34.625, 28.655, 29.006
'MUSCLE_diversified_replicate.acb.282.afa', 30.688, 37.217, 27.611, 32.031
'MUSCLE_diversified_replicate.acb.286.afa', 38.874, 45.886, 36.059, 39.872
'MUSCLE_diversified_replicate.acb.290.afa', 39.029, 45.928, 34.99, 40.55
'MUSCLE_diversified_replicate.acb.294.afa', 31.467, 38.133, 27.714, 32.282
'MUSCLE_diversified_replicate.acb.298.afa', 34.084, 40.999, 31.057, 34.146
'MUSCLE_diversified_replicate.acb.30.afa', 28.548, 34.278, 26.694, 29.959
'MUSCLE_diversified_replicate.acb.302.afa', 29.306, 35.069, 26.458, 31.579
'MUSCLE_diversified_replicate.acb.306.afa', 35.464, 42.185, 31.498, 36.539
'MUSCLE_diversified_replicate.acb.310.afa', 30.308, 36.297, 29.898, 30.011
'MUSCLE_diversified_replicate.acb.314.afa', 33.628, 39.45, 30.832, 34.252
'MUSCLE_diversified_replicate.acb.318.afa', 38.696, 45.622, 34.373, 39.959
'MUSCLE_diversified_replicate.acb.322.afa', 33.913, 40.135, 30.945, 35.206
'MUSCLE_diversified_replicate.acb.326.afa', 25.085, 26.449, 22.561, 23.463
'MUSCLE_diversified_replicate.acb.330.afa', 36.025, 42.449, 33.167, 37.558
'MUSCLE_diversified_replicate.acb.334.afa', 35.1, 42.355, 29.76, 34.207
'MUSCLE_diversified_replicate.acb.338.afa', 32.096, 38.448, 28.064, 32.689
'MUSCLE_diversified_replicate.acb.34.afa', 37.936, 44.62, 34.879, 39.919
'MUSCLE_diversified_replicate.acb.342.afa', 37.565, 44.337, 35.429, 39.326
'MUSCLE_diversified_replicate.acb.346.afa', 34.774, 42.397, 30.497, 34.237
'MUSCLE_diversified_replicate.acb.350.afa', 28.687, 34.836, 24.602, 30.122
'MUSCLE_diversified_replicate.acb.354.afa', 30.767, 37.182, 28.635, 31.258
'MUSCLE_diversified_replicate.acb.358.afa', 32.931, 39.89, 27.829, 33.008
'MUSCLE_diversified_replicate.acb.362.afa', 37.366, 43.902, 32.838, 39.249
'MUSCLE_diversified_replicate.acb.366.afa', 34.875, 41.17, 31.875, 37.028
'MUSCLE_diversified_replicate.acb.370.afa', 33.254, 39.672, 30.132, 33.435
'MUSCLE_diversified_replicate.acb.374.afa', 31.458, 37.944, 26.921, 31.579
'MUSCLE_diversified_replicate.acb.378.afa', 37.284, 44.154, 32.156, 38.303
'MUSCLE_diversified_replicate.acb.38.afa', 34.633, 41.919, 29.217, 35.159
'MUSCLE_diversified_replicate.acb.382.afa', 32.288, 38.394, 29.651, 34.693
'MUSCLE_diversified_replicate.acb.386.afa', 38.656, 45.89, 33.787, 40.794
'MUSCLE_diversified_replicate.acb.390.afa', 30.1, 36.275, 27.097, 30.772
'MUSCLE_diversified_replicate.acb.394.afa', 28.139, 33.611, 25.999, 30.294
'MUSCLE_diversified_replicate.acb.398.afa', 30.976, 37.088, 29.405, 31.138
'MUSCLE_diversified_replicate.acb.42.afa', 31.15, 37.565, 28.028, 32.858
'MUSCLE_diversified_replicate.acb.46.afa', 30.874, 37.386, 27.587, 31.752
'MUSCLE_diversified_replicate.acb.50.afa', 28.404, 33.848, 28.155, 28.326
'MUSCLE_diversified_replicate.acb.54.afa', 33.56, 39.412, 31.716, 34.929
'MUSCLE_diversified_replicate.acb.58.afa', 34.411, 40.69, 32.198, 35.477
'MUSCLE_diversified_replicate.acb.6.afa', 35.408, 42.734, 30.735, 35.41
'MUSCLE_diversified_replicate.acb.62.afa', 34.611, 41.485, 30.578, 34.785
'MUSCLE_diversified_replicate.acb.66.afa', 34.069, 40.634, 29.711, 33.902
'MUSCLE_diversified_replicate.acb.70.afa', 31.534, 38.175, 26.249, 30.66
'MUSCLE_diversified_replicate.acb.74.afa', 30.65, 36.576, 30.137, 30.239
'MUSCLE_diversified_replicate.acb.78.afa', 29.118, 35.301, 26.845, 30.408
'MUSCLE_diversified_replicate.acb.82.afa', 32.402, 39.15, 27.147, 33.134
'MUSCLE_diversified_replicate.acb.86.afa', 34.268, 41.153, 30.276, 34.804
'MUSCLE_diversified_replicate.acb.90.afa', 34.743, 41.934, 28.968, 35.261
'MUSCLE_diversified_replicate.acb.94.afa', 38.778, 45.861, 35.298, 40.733
'MUSCLE_diversified_replicate.acb.98.afa', 29.803, 35.642, 26.302, 31.482
'MUSCLE_diversified_replicate.bca.103.afa', 32.528, 39.733, 28.845, 32.566
'MUSCLE_diversified_replicate.bca.107.afa', 36.049, 43.634, 31.317, 35.054
'MUSCLE_diversified_replicate.bca.11.afa', 35.388, 42.257, 31.859, 35.909
'MUSCLE_diversified_replicate.bca.111.afa', 31.09, 37.716, 27.729, 31.302
'MUSCLE_diversified_replicate.bca.115.afa', 25.225, 30.411, 20.485, 23.639
'MUSCLE_diversified_replicate.bca.119.afa', 32.857, 40.149, 28.126, 32.567
'MUSCLE_diversified_replicate.bca.123.afa', 36.456, 44.005, 29.925, 36.742
'MUSCLE_diversified_replicate.bca.127.afa', 35.76, 43.569, 30.571, 36.891
'MUSCLE_diversified_replicate.bca.131.afa', 32.863, 40.0, 28.313, 32.379
'MUSCLE_diversified_replicate.bca.135.afa', 32.169, 39.194, 27.933, 32.322
'MUSCLE_diversified_replicate.bca.139.afa', 35.079, 42.221, 30.434, 35.401
'MUSCLE_diversified_replicate.bca.143.afa', 31.81, 38.984, 27.731, 32.341
'MUSCLE_diversified_replicate.bca.147.afa', 32.057, 37.953, 29.566, 32.629
'MUSCLE_diversified_replicate.bca.15.afa', 28.1, 30.166, 26.201, 26.367
'MUSCLE_diversified_replicate.bca.151.afa', 31.414, 38.165, 27.464, 31.694
'MUSCLE_diversified_replicate.bca.155.afa', 36.788, 43.631, 33.666, 37.459
'MUSCLE_diversified_replicate.bca.159.afa', 33.751, 40.728, 29.584, 34.993
'MUSCLE_diversified_replicate.bca.163.afa', 32.509, 39.848, 26.903, 32.749
'MUSCLE_diversified_replicate.bca.167.afa', 28.097, 35.089, 23.204, 28.509
'MUSCLE_diversified_replicate.bca.171.afa', 38.271, 45.284, 35.916, 38.4
'MUSCLE_diversified_replicate.bca.175.afa', 33.466, 39.445, 31.886, 33.266
'MUSCLE_diversified_replicate.bca.179.afa', 33.826, 39.753, 31.711, 35.06
'MUSCLE_diversified_replicate.bca.183.afa', 35.52, 42.866, 30.006, 35.361
'MUSCLE_diversified_replicate.bca.187.afa', 35.052, 42.226, 32.921, 34.295
'MUSCLE_diversified_replicate.bca.19.afa', 33.772, 41.362, 27.721, 34.233
'MUSCLE_diversified_replicate.bca.191.afa', 34.761, 41.905, 29.432, 35.668
'MUSCLE_diversified_replicate.bca.195.afa', 32.455, 39.889, 26.982, 33.569
'MUSCLE_diversified_replicate.bca.199.afa', 33.438, 39.308, 31.0, 34.525
'MUSCLE_diversified_replicate.bca.203.afa', 38.191, 45.126, 33.99, 39.66
'MUSCLE_diversified_replicate.bca.207.afa', 34.597, 41.783, 29.756, 35.116
'MUSCLE_diversified_replicate.bca.211.afa', 32.599, 39.743, 28.675, 33.61
'MUSCLE_diversified_replicate.bca.215.afa', 34.338, 41.6, 28.627, 34.796
'MUSCLE_diversified_replicate.bca.219.afa', 37.585, 44.574, 32.768, 38.896
'MUSCLE_diversified_replicate.bca.223.afa', 34.395, 41.722, 28.782, 34.494
'MUSCLE_diversified_replicate.bca.227.afa', 36.334, 43.827, 31.055, 36.728
'MUSCLE_diversified_replicate.bca.23.afa', 32.836, 39.334, 28.363, 32.944
'MUSCLE_diversified_replicate.bca.231.afa', 28.523, 34.64, 27.243, 30.14
'MUSCLE_diversified_replicate.bca.235.afa', 32.993, 39.64, 29.248, 34.562
'MUSCLE_diversified_replicate.bca.239.afa', 35.831, 43.201, 31.255, 35.315
'MUSCLE_diversified_replicate.bca.243.afa', 37.34, 44.013, 33.393, 38.725
'MUSCLE_diversified_replicate.bca.247.afa', 33.552, 41.033, 29.334, 33.729
'MUSCLE_diversified_replicate.bca.251.afa', 32.237, 39.437, 27.019, 32.861
'MUSCLE_diversified_replicate.bca.255.afa', 35.622, 42.968, 32.074, 34.643
'MUSCLE_diversified_replicate.bca.259.afa', 35.371, 42.815, 32.18, 35.627
'MUSCLE_diversified_replicate.bca.263.afa', 32.644, 39.81, 30.331, 31.922
'MUSCLE_diversified_replicate.bca.267.afa', 32.724, 39.491, 29.421, 32.848
'MUSCLE_diversified_replicate.bca.27.afa', 32.223, 39.391, 28.42, 32.908
'MUSCLE_diversified_replicate.bca.271.afa', 38.395, 45.015, 34.441, 39.887
'MUSCLE_diversified_replicate.bca.275.afa', 27.716, 29.568, 24.799, 25.347
'MUSCLE_diversified_replicate.bca.279.afa', 33.848, 40.876, 30.414, 33.33
'MUSCLE_diversified_replicate.bca.283.afa', 32.478, 39.768, 28.903, 33.088
'MUSCLE_diversified_replicate.bca.287.afa', 34.6, 41.677, 31.22, 34.19
'MUSCLE_diversified_replicate.bca.291.afa', 35.755, 43.286, 30.273, 36.095
'MUSCLE_diversified_replicate.bca.295.afa', 34.531, 41.558, 29.735, 34.795
'MUSCLE_diversified_replicate.bca.299.afa', 30.208, 36.693, 26.891, 30.713
'MUSCLE_diversified_replicate.bca.3.afa', 34.377, 40.873, 29.721, 34.932
'MUSCLE_diversified_replicate.bca.303.afa', 31.152, 38.109, 26.297, 31.091
'MUSCLE_diversified_replicate.bca.307.afa', 32.934, 39.776, 27.969, 33.817
'MUSCLE_diversified_replicate.bca.31.afa', 37.249, 44.074, 33.484, 38.82
'MUSCLE_diversified_replicate.bca.311.afa', 34.182, 41.066, 31.907, 32.585
'MUSCLE_diversified_replicate.bca.315.afa', 33.654, 40.492, 29.624, 34.303
'MUSCLE_diversified_replicate.bca.319.afa', 35.017, 42.408, 30.15, 34.12
'MUSCLE_diversified_replicate.bca.323.afa', 31.818, 38.98, 26.718, 32.932
'MUSCLE_diversified_replicate.bca.327.afa', 35.768, 42.476, 31.684, 38.144
'MUSCLE_diversified_replicate.bca.331.afa', 32.097, 39.27, 27.539, 31.998
'MUSCLE_diversified_replicate.bca.335.afa', 37.602, 44.34, 35.285, 37.855
'MUSCLE_diversified_replicate.bca.339.afa', 30.896, 37.594, 26.652, 30.512
'MUSCLE_diversified_replicate.bca.343.afa', 33.658, 40.416, 28.934, 34.405
'MUSCLE_diversified_replicate.bca.347.afa', 34.795, 41.462, 31.773, 35.714
'MUSCLE_diversified_replicate.bca.35.afa', 37.982, 44.958, 33.485, 39.394
'MUSCLE_diversified_replicate.bca.351.afa', 29.323, 35.792, 25.855, 28.909
'MUSCLE_diversified_replicate.bca.355.afa', 32.402, 38.515, 29.951, 32.628
'MUSCLE_diversified_replicate.bca.359.afa', 32.619, 39.969, 28.664, 33.437
'MUSCLE_diversified_replicate.bca.363.afa', 37.973, 45.009, 33.312, 39.646
'MUSCLE_diversified_replicate.bca.367.afa', 29.859, 36.562, 26.273, 28.981
'MUSCLE_diversified_replicate.bca.371.afa', 36.624, 43.276, 32.527, 38.103
'MUSCLE_diversified_replicate.bca.375.afa', 34.539, 41.564, 30.518, 34.837
'MUSCLE_diversified_replicate.bca.379.afa', 35.198, 42.436, 30.983, 34.867
'MUSCLE_diversified_replicate.bca.383.afa', 36.134, 43.375, 31.158, 36.422
'MUSCLE_diversified_replicate.bca.387.afa', 34.808, 42.277, 32.958, 33.932
'MUSCLE_diversified_replicate.bca.39.afa', 34.777, 41.411, 30.628, 35.279
'MUSCLE_diversified_replicate.bca.391.afa', 32.37, 39.256, 28.181, 32.805
'MUSCLE_diversified_replicate.bca.395.afa', 38.397, 45.564, 34.842, 40.392
'MUSCLE_diversified_replicate.bca.399.afa', 31.739, 38.904, 27.244, 32.435
'MUSCLE_diversified_replicate.bca.43.afa', 33.788, 41.45, 29.538, 34.413
'MUSCLE_diversified_replicate.bca.47.afa', 31.419, 38.562, 27.515, 31.749
'MUSCLE_diversified_replicate.bca.51.afa', 31.656, 38.429, 28.38, 32.685
'MUSCLE_diversified_replicate.bca.55.afa', 33.362, 40.207, 28.386, 33.38
'MUSCLE_diversified_replicate.bca.59.afa', 35.355, 41.918, 31.496, 36.695
'MUSCLE_diversified_replicate.bca.63.afa', 32.089, 38.586, 28.03, 32.521
'MUSCLE_diversified_replicate.bca.67.afa', 29.415, 36.303, 24.627, 30.195
'MUSCLE_diversified_replicate.bca.7.afa', 31.501, 38.485, 27.117, 32.255
'MUSCLE_diversified_replicate.bca.71.afa', 33.034, 40.499, 28.911, 34.108
'MUSCLE_diversified_replicate.bca.75.afa', 30.766, 37.942, 25.06, 31.896
'MUSCLE_diversified_replicate.bca.79.afa', 31.476, 38.219, 28.063, 32.176
'MUSCLE_diversified_replicate.bca.83.afa', 33.59, 41.245, 29.107, 34.877
'MUSCLE_diversified_replicate.bca.87.afa', 31.124, 37.646, 27.543, 31.472
'MUSCLE_diversified_replicate.bca.91.afa', 32.404, 39.716, 27.611, 32.614
'MUSCLE_diversified_replicate.bca.95.afa', 32.244, 39.35, 27.668, 32.316
'MUSCLE_diversified_replicate.bca.99.afa', 30.653, 37.284, 26.57, 30.931
'MUSCLE_diversified_replicate.none.0.afa', 36.859, 42.449, 33.25, 35.541
'MUSCLE_diversified_replicate.none.100.afa', 28.348, 32.563, 24.499, 26.238
'MUSCLE_diversified_replicate.none.104.afa', 27.307, 31.188, 23.492, 25.243
'MUSCLE_diversified_replicate.none.108.afa', 29.191, 33.515, 26.145, 27.036
'MUSCLE_diversified_replicate.none.112.afa', 32.203, 38.355, 29.278, 31.713
'MUSCLE_diversified_replicate.none.116.afa', 27.021, 30.126, 24.023, 24.287
'MUSCLE_diversified_replicate.none.12.afa', 36.181, 41.372, 32.844, 35.216
'MUSCLE_diversified_replicate.none.120.afa', 36.749, 42.296, 33.769, 36.328
'MUSCLE_diversified_replicate.none.124.afa', 36.614, 42.09, 32.984, 35.508
'MUSCLE_diversified_replicate.none.128.afa', 35.75, 40.951, 32.977, 35.295
'MUSCLE_diversified_replicate.none.132.afa', 37.712, 44.31, 34.984, 38.776
'MUSCLE_diversified_replicate.none.136.afa', 35.404, 40.403, 32.182, 33.853
'MUSCLE_diversified_replicate.none.140.afa', 28.55, 33.02, 25.089, 27.181
'MUSCLE_diversified_replicate.none.144.afa', 35.104, 39.854, 31.889, 33.284
'MUSCLE_diversified_replicate.none.148.afa', 29.285, 34.098, 26.109, 27.733
'MUSCLE_diversified_replicate.none.152.afa', 35.647, 40.369, 32.287, 33.827
'MUSCLE_diversified_replicate.none.156.afa', 40.353, 47.387, 37.59, 40.764
'MUSCLE_diversified_replicate.none.16.afa', 36.726, 42.018, 33.524, 35.746
'MUSCLE_diversified_replicate.none.160.afa', 29.39, 33.945, 25.072, 27.242
'MUSCLE_diversified_replicate.none.164.afa', 36.352, 41.915, 32.276, 35.325
'MUSCLE_diversified_replicate.none.168.afa', 29.929, 34.783, 25.773, 28.138
'MUSCLE_diversified_replicate.none.172.afa', 29.778, 34.484, 25.885, 28.068
'MUSCLE_diversified_replicate.none.176.afa', 28.792, 33.115, 24.556, 26.524
'MUSCLE_diversified_replicate.none.180.afa', 36.703, 42.193, 33.079, 35.393
'MUSCLE_diversified_replicate.none.184.afa', 39.529, 46.691, 36.392, 40.62
'MUSCLE_diversified_replicate.none.188.afa', 34.741, 39.057, 31.852, 32.809
'MUSCLE_diversified_replicate.none.192.afa', 29.284, 33.672, 25.759, 28.137
'MUSCLE_diversified_replicate.none.196.afa', 35.779, 41.068, 32.609, 35.385
'MUSCLE_diversified_replicate.none.20.afa', 38.388, 44.864, 34.42, 39.387
'MUSCLE_diversified_replicate.none.200.afa', 34.232, 38.38, 31.187, 32.47
'MUSCLE_diversified_replicate.none.204.afa', 35.95, 41.118, 32.161, 34.48
'MUSCLE_diversified_replicate.none.208.afa', 32.655, 39.16, 28.967, 32.118
'MUSCLE_diversified_replicate.none.212.afa', 28.62, 32.979, 24.625, 26.709
'MUSCLE_diversified_replicate.none.216.afa', 28.204, 32.436, 24.031, 25.982
'MUSCLE_diversified_replicate.none.220.afa', 27.874, 32.2, 23.64, 25.82
'MUSCLE_diversified_replicate.none.224.afa', 33.106, 39.874, 30.846, 32.997
'MUSCLE_diversified_replicate.none.228.afa', 36.727, 42.726, 35.378, 36.971
'MUSCLE_diversified_replicate.none.232.afa', 36.5, 41.96, 33.477, 36.211
'MUSCLE_diversified_replicate.none.236.afa', 29.232, 33.751, 25.117, 27.292
'MUSCLE_diversified_replicate.none.24.afa', 33.837, 38.007, 31.052, 32.37
'MUSCLE_diversified_replicate.none.240.afa', 37.04, 42.651, 33.031, 36.068
'MUSCLE_diversified_replicate.none.244.afa', 28.377, 32.604, 24.562, 26.431
'MUSCLE_diversified_replicate.none.248.afa', 28.732, 32.956, 25.361, 27.229
'MUSCLE_diversified_replicate.none.252.afa', 36.643, 42.159, 33.625, 36.358
'MUSCLE_diversified_replicate.none.256.afa', 36.923, 42.441, 34.006, 36.343
'MUSCLE_diversified_replicate.none.260.afa', 27.81, 31.633, 24.34, 26.416
'MUSCLE_diversified_replicate.none.264.afa', 28.71, 32.691, 25.469, 26.314
'MUSCLE_diversified_replicate.none.268.afa', 26.172, 29.023, 24.111, 23.313
'MUSCLE_diversified_replicate.none.272.afa', 36.694, 42.144, 34.005, 36.521
'MUSCLE_diversified_replicate.none.276.afa', 36.248, 41.482, 33.484, 35.651
'MUSCLE_diversified_replicate.none.28.afa', 36.389, 41.734, 33.214, 35.0
'MUSCLE_diversified_replicate.none.280.afa', 35.584, 40.594, 32.892, 34.887
'MUSCLE_diversified_replicate.none.284.afa', 35.724, 40.694, 32.15, 34.587
'MUSCLE_diversified_replicate.none.288.afa', 36.688, 42.087, 33.894, 36.378
'MUSCLE_diversified_replicate.none.292.afa', 29.797, 34.711, 27.308, 28.255
'MUSCLE_diversified_replicate.none.296.afa', 28.828, 33.346, 25.353, 27.044
'MUSCLE_diversified_replicate.none.300.afa', 29.041, 33.681, 25.595, 27.593
'MUSCLE_diversified_replicate.none.304.afa', 35.114, 39.952, 31.57, 33.502
'MUSCLE_diversified_replicate.none.308.afa', 37.055, 42.713, 33.901, 36.544
'MUSCLE_diversified_replicate.none.312.afa', 35.785, 40.959, 32.347, 34.628
'MUSCLE_diversified_replicate.none.316.afa', 38.244, 44.874, 33.516, 39.483
'MUSCLE_diversified_replicate.none.32.afa', 35.673, 40.816, 32.722, 34.543
'MUSCLE_diversified_replicate.none.320.afa', 36.39, 42.05, 33.581, 36.143
'MUSCLE_diversified_replicate.none.324.afa', 35.434, 40.538, 33.127, 35.083
'MUSCLE_diversified_replicate.none.328.afa', 36.702, 42.022, 33.672, 36.249
'MUSCLE_diversified_replicate.none.332.afa', 36.669, 42.07, 33.04, 35.331
'MUSCLE_diversified_replicate.none.336.afa', 35.418, 40.344, 35.141, 35.436
'MUSCLE_diversified_replicate.none.340.afa', 36.254, 41.521, 32.642, 34.888
'MUSCLE_diversified_replicate.none.344.afa', 32.201, 38.605, 29.648, 31.269
'MUSCLE_diversified_replicate.none.348.afa', 28.07, 32.28, 24.639, 26.262
'MUSCLE_diversified_replicate.none.352.afa', 35.979, 41.43, 31.719, 35.096
'MUSCLE_diversified_replicate.none.356.afa', 35.043, 39.756, 32.244, 33.979
'MUSCLE_diversified_replicate.none.36.afa', 35.142, 40.186, 32.287, 34.173
'MUSCLE_diversified_replicate.none.360.afa', 35.846, 40.969, 31.886, 34.549
'MUSCLE_diversified_replicate.none.364.afa', 27.751, 31.967, 23.928, 25.825
'MUSCLE_diversified_replicate.none.368.afa', 35.705, 41.208, 32.085, 34.473
'MUSCLE_diversified_replicate.none.372.afa', 32.889, 39.507, 28.587, 32.068
'MUSCLE_diversified_replicate.none.376.afa', 36.162, 41.577, 33.432, 35.932
'MUSCLE_diversified_replicate.none.380.afa', 27.805, 31.926, 23.954, 25.97
'MUSCLE_diversified_replicate.none.384.afa', 36.527, 41.754, 35.072, 37.224
'MUSCLE_diversified_replicate.none.388.afa', 28.238, 32.81, 24.399, 26.492
'MUSCLE_diversified_replicate.none.392.afa', 27.753, 32.112, 24.571, 26.283
'MUSCLE_diversified_replicate.none.396.afa', 31.615, 37.958, 28.028, 31.371
'MUSCLE_diversified_replicate.none.4.afa', 36.484, 41.766, 32.679, 35.144
'MUSCLE_diversified_replicate.none.40.afa', 27.54, 31.555, 24.859, 25.086
'MUSCLE_diversified_replicate.none.44.afa', 28.609, 32.831, 24.982, 26.681
'MUSCLE_diversified_replicate.none.48.afa', 36.113, 41.395, 32.847, 34.767
'MUSCLE_diversified_replicate.none.52.afa', 29.122, 33.469, 24.81, 26.968
'MUSCLE_diversified_replicate.none.56.afa', 28.571, 32.499, 24.894, 26.444
'MUSCLE_diversified_replicate.none.60.afa', 35.958, 41.142, 32.31, 34.669
'MUSCLE_diversified_replicate.none.64.afa', 35.684, 40.901, 32.788, 35.081
'MUSCLE_diversified_replicate.none.68.afa', 36.538, 41.991, 33.284, 34.793
'MUSCLE_diversified_replicate.none.72.afa', 36.847, 42.377, 33.739, 36.354
'MUSCLE_diversified_replicate.none.76.afa', 33.506, 38.331, 30.691, 33.003
'MUSCLE_diversified_replicate.none.8.afa', 27.252, 30.885, 24.108, 24.444
'MUSCLE_diversified_replicate.none.80.afa', 28.697, 33.179, 24.61, 26.514
'MUSCLE_diversified_replicate.none.84.afa', 35.747, 40.638, 34.879, 35.726
'MUSCLE_diversified_replicate.none.88.afa', 35.99, 41.39, 32.732, 35.259
'MUSCLE_diversified_replicate.none.92.afa', 36.124, 41.48, 32.573, 35.321
'MUSCLE_diversified_replicate.none.96.afa', 36.31, 41.513, 32.562, 35.047
'PRANK_b0#0050_hhH_tree_63_OP_0.36203966777708846_Split_50.fasta', -13.082, -8.939, -17.753, -11.79
'PRANK_b0#0050_hhT_tree_63_OP_0.36203966777708846_Split_50.fasta', 7.115, 13.671, 2.625, 8.253
'PRANK_b0#0050_htT_tree_63_OP_0.36203966777708846_Split_50.fasta', 5.776, 12.371, 0.446, 6.999
'PRANK_b0#0050_ttH_tree_63_OP_0.36203966777708846_Split_50.fasta', -12.74, -8.765, -16.527, -11.433
'PRANK_b0#0051_hhT_tree_7_OP_0.4287654329803016_Split_51.fasta', -9.733, -6.49, -14.202, -10.77
'PRANK_b0#0051_htH_tree_7_OP_0.4287654329803016_Split_51.fasta', -9.298, -5.581, -14.408, -10.236
'PRANK_b0#0051_htT_tree_7_OP_0.4287654329803016_Split_51.fasta', -12.748, -10.42, -15.833, -14.362
'PRANK_b0#0051_ttT_tree_7_OP_0.4287654329803016_Split_51.fasta', -12.533, -10.202, -15.53, -14.111
'PRANK_b0#0053_hhH_tree_13_OP_0.09692142234876278_Split_53.fasta', -7.616, -5.091, -8.367, -7.794
'PRANK_b0#0053_htT_tree_13_OP_0.09692142234876278_Split_53.fasta', -14.037, -12.201, -16.466, -12.604
'PRANK_b0#0053_htT_tree_69_OP_0.05304651807751681_Split_53.fasta', 12.831, 18.058, 9.662, 15.188
'PRANK_b0#0053_thT_tree_69_OP_0.05304651807751681_Split_53.fasta', 12.342, 17.503, 8.939, 14.784
'PRANK_b0#0053_ttH_tree_13_OP_0.09692142234876278_Split_53.fasta', -7.674, -5.148, -8.444, -7.843
'PRANK_b0#0053_ttH_tree_69_OP_0.05304651807751681_Split_53.fasta', 18.413, 23.579, 14.977, 21.169
'PRANK_b0#0053_ttT_tree_13_OP_0.09692142234876278_Split_53.fasta', -9.54, -7.115, -11.933, -8.034
'PRANK_b0#0053_ttT_tree_69_OP_0.05304651807751681_Split_53.fasta', 12.342, 17.503, 8.939, 14.784
'PRANK_b0#0054_hhT_tree_37_OP_0.3234162682987525_Split_54.fasta', 11.649, 18.152, 7.832, 13.359
'PRANK_b0#0054_htH_tree_11_OP_0.0660385202278223_Split_54.fasta', 5.059, 8.682, 2.454, 6.5
'PRANK_b0#0054_htT_tree_37_OP_0.3234162682987525_Split_54.fasta', 14.536, 21.354, 10.744, 15.847
'PRANK_b0#0054_htT_tree_60_OP_0.2742882468420108_Split_54.fasta', 11.318, 17.569, 9.718, 9.994
'PRANK_b0#0054_thH_tree_11_OP_0.0660385202278223_Split_54.fasta', 5.789, 9.453, 3.165, 7.4
'PRANK_b0#0054_thH_tree_60_OP_0.2742882468420108_Split_54.fasta', 9.971, 15.851, 7.189, 9.406
'PRANK_b0#0054_thT_tree_11_OP_0.0660385202278223_Split_54.fasta', 6.568, 9.981, 3.883, 7.408
'PRANK_b0#0054_thT_tree_60_OP_0.2742882468420108_Split_54.fasta', 11.219, 17.422, 9.511, 9.722
'PRANK_b0#0054_ttH_tree_11_OP_0.0660385202278223_Split_54.fasta', 5.957, 9.609, 3.354, 7.522
'PRANK_b0#0054_ttH_tree_37_OP_0.3234162682987525_Split_54.fasta', 8.021, 14.337, 6.057, 10.193
'PRANK_b0#0054_ttT_tree_37_OP_0.3234162682987525_Split_54.fasta', 9.617, 15.861, 6.138, 11.608
'PRANK_b0#0054_ttT_tree_60_OP_0.2742882468420108_Split_54.fasta', 11.198, 17.39, 9.499, 9.698
'PRANK_b0#0055_hhH_tree_96_OP_0.3899661250904219_Split_55.fasta', -1.98, 2.667, -5.943, -1.051
'PRANK_b0#0055_hhT_tree_23_OP_0.41879358418754387_Split_55.fasta', -2.458, 2.792, -3.628, 0.073
'PRANK_b0#0055_hhT_tree_40_OP_0.08821008325435137_Split_55.fasta', 6.414, 11.444, 2.776, 7.445
'PRANK_b0#0055_hhT_tree_96_OP_0.3899661250904219_Split_55.fasta', -2.839, 1.939, -6.44, -2.256
'PRANK_b0#0055_htH_tree_96_OP_0.3899661250904219_Split_55.fasta', -0.413, 4.649, -4.74, 0.6
'PRANK_b0#0055_thH_tree_23_OP_0.41879358418754387_Split_55.fasta', 1.669, 7.084, 0.021, 3.638
'PRANK_b0#0055_thH_tree_40_OP_0.08821008325435137_Split_55.fasta', 9.764, 14.885, 5.872, 10.114
'PRANK_b0#0055_thT_tree_40_OP_0.08821008325435137_Split_55.fasta', 6.414, 11.444, 2.776, 7.445
'PRANK_b0#0055_ttH_tree_23_OP_0.41879358418754387_Split_55.fasta', 1.317, 6.785, -0.088, 3.648
'PRANK_b0#0055_ttT_tree_23_OP_0.41879358418754387_Split_55.fasta', -2.647, 2.531, -3.93, -0.602
'PRANK_b0#0055_ttT_tree_40_OP_0.08821008325435137_Split_55.fasta', 6.414, 11.444, 2.776, 7.445
'PRANK_b0#0055_ttT_tree_96_OP_0.3899661250904219_Split_55.fasta', -3.675, 1.017, -7.145, -3.166
'PRANK_b0#0056_hhH_tree_56_OP_0.23502932209680477_Split_56.fasta', 2.189, 7.111, -0.129, 3.372
'PRANK_b0#0056_htH_tree_56_OP_0.23502932209680477_Split_56.fasta', 1.677, 6.587, -0.461, 2.939
'PRANK_b0#0056_htT_tree_99_OP_0.18594199344926288_Split_56.fasta', 14.275, 21.282, 10.602, 15.613
'PRANK_b0#0056_thH_tree_99_OP_0.18594199344926288_Split_56.fasta', 15.401, 22.304, 9.214, 16.781
'PRANK_b0#0056_thT_tree_56_OP_0.23502932209680477_Split_56.fasta', 2.352, 7.357, -0.139, 3.763
'PRANK_b0#0056_thT_tree_99_OP_0.18594199344926288_Split_56.fasta', 14.275, 21.282, 10.602, 15.613
'PRANK_b0#0056_ttH_tree_56_OP_0.23502932209680477_Split_56.fasta', 0.98, 5.697, -1.15, 1.95
'PRANK_b0#0056_ttH_tree_99_OP_0.18594199344926288_Split_56.fasta', 15.416, 22.318, 9.195, 16.808
'PRANK_b0#0057_htH_tree_64_OP_0.05970650417263379_Split_57.fasta', 17.311, 24.821, 13.327, 23.77
'PRANK_b0#0057_thH_tree_64_OP_0.05970650417263379_Split_57.fasta', 17.325, 24.828, 13.37, 23.777
'PRANK_b0#0057_thT_tree_64_OP_0.05970650417263379_Split_57.fasta', 17.13, 24.36, 13.373, 23.485
'PRANK_b0#0057_ttH_tree_64_OP_0.05970650417263379_Split_57.fasta', 17.325, 24.828, 13.37, 23.777
'PRANK_b0#0058_hhH_tree_84_OP_0.3564845080908704_Split_58.fasta', -5.095, -1.446, -5.807, -4.579
'PRANK_b0#0058_hhT_tree_84_OP_0.3564845080908704_Split_58.fasta', -2.784, 1.037, -3.579, -2.274
'PRANK_b0#0058_hhT_tree_97_OP_0.1673876920856745_Split_58.fasta', 5.13, 6.675, 3.505, 2.707
'PRANK_b0#0058_htT_tree_84_OP_0.3564845080908704_Split_58.fasta', -2.781, 1.051, -3.581, -2.22
'PRANK_b0#0058_htT_tree_97_OP_0.1673876920856745_Split_58.fasta', 4.991, 6.375, 3.339, 2.472
'PRANK_b0#0058_thH_tree_97_OP_0.1673876920856745_Split_58.fasta', 7.021, 8.078, 5.258, 3.782
'PRANK_b0#0058_thT_tree_97_OP_0.1673876920856745_Split_58.fasta', 4.607, 5.933, 2.85, 2.023
'PRANK_b0#0058_ttT_tree_84_OP_0.3564845080908704_Split_58.fasta', -1.085, 3.27, -3.475, 1.13
'PRANK_b0#0059_hhT_tree_80_OP_0.3860599313375234_Split_59.fasta', 1.894, 7.507, -1.037, 1.116
'PRANK_b0#0059_htH_tree_36_OP_0.21650135794201675_Split_59.fasta', 7.235, 12.762, 4.497, 10.141
'PRANK_b0#0059_htH_tree_80_OP_0.3860599313375234_Split_59.fasta', 2.266, 8.11, -0.759, 2.383
'PRANK_b0#0059_htH_tree_85_OP_0.16592734946943577_Split_59.fasta', 1.817, 7.181, -0.449, 1.903
'PRANK_b0#0059_htT_tree_36_OP_0.21650135794201675_Split_59.fasta', 4.728, 11.056, 0.939, 7.646
'PRANK_b0#0059_htT_tree_80_OP_0.3860599313375234_Split_59.fasta', 0.601, 6.219, -2.482, -0.103
'PRANK_b0#0059_htT_tree_85_OP_0.16592734946943577_Split_59.fasta', 2.684, 7.675, -1.455, 3.592
'PRANK_b0#0059_thH_tree_36_OP_0.21650135794201675_Split_59.fasta', 6.876, 12.34, 3.866, 9.519
'PRANK_b0#0059_thH_tree_85_OP_0.16592734946943577_Split_59.fasta', 1.649, 6.987, -0.645, 1.729
'PRANK_b0#0059_ttH_tree_80_OP_0.3860599313375234_Split_59.fasta', 2.26, 8.152, -0.789, 2.358
'PRANK_b0#0059_ttH_tree_85_OP_0.16592734946943577_Split_59.fasta', 1.671, 7.011, -0.63, 1.753
'PRANK_b0#0059_ttT_tree_36_OP_0.21650135794201675_Split_59.fasta', 4.675, 10.986, 0.909, 7.571
'PRANK_b0#0060_hhH_tree_24_OP_0.35224591752289836_Split_60.fasta', 4.608, 9.823, 0.082, 5.438
'PRANK_b0#0060_hhT_tree_24_OP_0.35224591752289836_Split_60.fasta', 6.158, 11.642, 3.214, 6.33
'PRANK_b0#0060_ttH_tree_24_OP_0.35224591752289836_Split_60.fasta', 4.657, 9.881, 0.117, 5.481
'PRANK_b0#0060_ttT_tree_24_OP_0.35224591752289836_Split_60.fasta', 6.016, 11.531, 3.222, 5.959
'PRANK_b0#0061_hhH_tree_16_OP_0.3566466444359746_Split_61.fasta', -13.003, -7.319, -14.8, -9.331
'PRANK_b0#0061_thT_tree_16_OP_0.3566466444359746_Split_61.fasta', -8.026, -2.901, -10.283, -5.858
'PRANK_b0#0061_ttH_tree_16_OP_0.3566466444359746_Split_61.fasta', -12.802, -7.081, -14.64, -9.056
'PRANK_b0#0061_ttT_tree_16_OP_0.3566466444359746_Split_61.fasta', -7.841, -2.749, -9.761, -5.549
'PRANK_b0#0062_hhH_tree_0_OP_0.4657131574362508_Split_62.fasta', 3.038, 9.366, 1.847, 3.448
'PRANK_b0#0062_hhT_tree_81_OP_0.4058614503238694_Split_62.fasta', -1.251, 4.689, -3.824, 0.407
'PRANK_b0#0062_htH_tree_0_OP_0.4657131574362508_Split_62.fasta', 3.777, 10.446, 2.662, 3.638
'PRANK_b0#0062_htT_tree_81_OP_0.4058614503238694_Split_62.fasta', -0.667, 5.418, -3.33, 0.901
'PRANK_b0#0062_thH_tree_81_OP_0.4058614503238694_Split_62.fasta', 1.094, 6.761, -1.436, 2.255
'PRANK_b0#0062_thT_tree_0_OP_0.4657131574362508_Split_62.fasta', 3.751, 10.508, 2.153, 4.748
'PRANK_b0#0062_thT_tree_81_OP_0.4058614503238694_Split_62.fasta', -0.667, 5.418, -3.33, 0.901
'PRANK_b0#0062_ttT_tree_0_OP_0.4657131574362508_Split_62.fasta', 2.877, 9.463, 1.516, 3.245
'PRANK_b0#0063_htH_tree_71_OP_0.26664288485028304_Split_63.fasta', 10.844, 16.474, 6.821, 12.269
'PRANK_b0#0063_htT_tree_71_OP_0.26664288485028304_Split_63.fasta', 11.111, 17.221, 5.246, 12.919
'PRANK_b0#0063_thH_tree_71_OP_0.26664288485028304_Split_63.fasta', 10.838, 16.467, 6.848, 12.307
'PRANK_b0#0063_thT_tree_71_OP_0.26664288485028304_Split_63.fasta', 11.155, 17.252, 5.308, 12.96
'PRANK_b0#0065_hhH_tree_48_OP_0.33799514808893955_Split_65.fasta', 3.222, 8.986, 2.526, 4.571
'PRANK_b0#0065_htH_tree_48_OP_0.33799514808893955_Split_65.fasta', 4.768, 10.966, 3.694, 6.325
'PRANK_b0#0065_thH_tree_48_OP_0.33799514808893955_Split_65.fasta', 3.298, 9.084, 2.597, 4.683
'PRANK_b0#0065_thT_tree_48_OP_0.33799514808893955_Split_65.fasta', 4.793, 10.644, 3.487, 6.289
'PRANK_b0#0067_hhH_tree_6_OP_0.18497671267226667_Split_67.fasta', 16.841, 23.421, 14.964, 15.899
'PRANK_b0#0067_htH_tree_6_OP_0.18497671267226667_Split_67.fasta', 16.891, 23.47, 15.017, 15.95
'PRANK_b0#0067_thT_tree_6_OP_0.18497671267226667_Split_67.fasta', 17.733, 24.391, 15.993, 17.112
'PRANK_b0#0067_ttT_tree_6_OP_0.18497671267226667_Split_67.fasta', 17.704, 24.356, 15.975, 17.074
'PRANK_b0#0070_htH_tree_30_OP_0.20469024912096356_Split_70.fasta', 11.958, 18.25, 9.404, 14.875
'PRANK_b0#0070_htH_tree_43_OP_0.41666011848334805_Split_70.fasta', 12.439, 19.236, 8.508, 13.497
'PRANK_b0#0070_htT_tree_30_OP_0.20469024912096356_Split_70.fasta', 13.999, 20.197, 9.983, 17.221
'PRANK_b0#0070_thH_tree_30_OP_0.20469024912096356_Split_70.fasta', 10.293, 16.477, 7.635, 13.401
'PRANK_b0#0070_thH_tree_43_OP_0.41666011848334805_Split_70.fasta', 12.421, 19.227, 8.469, 13.447
'PRANK_b0#0070_ttH_tree_43_OP_0.41666011848334805_Split_70.fasta', 11.755, 18.725, 7.34, 13.358
'PRANK_b0#0070_ttT_tree_30_OP_0.20469024912096356_Split_70.fasta', 13.945, 20.107, 9.983, 17.211
'PRANK_b0#0070_ttT_tree_43_OP_0.41666011848334805_Split_70.fasta', 12.337, 19.18, 7.357, 13.422
'PRANK_b0#0073_htT_tree_10_OP_0.17197861239551077_Split_73.fasta', 10.068, 13.987, 10.976, 11.625
'PRANK_b0#0073_thH_tree_10_OP_0.17197861239551077_Split_73.fasta', 12.156, 16.958, 12.106, 15.133
'PRANK_b0#0073_ttH_tree_10_OP_0.17197861239551077_Split_73.fasta', 12.103, 16.926, 12.041, 15.075
'PRANK_b0#0073_ttT_tree_10_OP_0.17197861239551077_Split_73.fasta', 10.068, 13.987, 10.976, 11.625
'PRANK_b0#0077_hhH_tree_35_OP_0.23719613041625226_Split_77.fasta', 4.902, 11.907, 1.554, 9.56
'PRANK_b0#0077_hhT_tree_35_OP_0.23719613041625226_Split_77.fasta', 4.318, 11.533, -0.434, 9.774
'PRANK_b0#0077_htT_tree_35_OP_0.23719613041625226_Split_77.fasta', 2.535, 9.512, -1.856, 7.999
'PRANK_b0#0077_htT_tree_79_OP_0.39849921812999034_Split_77.fasta', 2.557, 5.9, -1.122, 1.11
'PRANK_b0#0077_thH_tree_35_OP_0.23719613041625226_Split_77.fasta', 3.884, 10.939, 0.697, 8.598
'PRANK_b0#0077_thH_tree_79_OP_0.39849921812999034_Split_77.fasta', 1.704, 4.78, -1.563, 0.011
'PRANK_b0#0077_thT_tree_79_OP_0.39849921812999034_Split_77.fasta', 3.026, 6.533, -0.578, 0.256
'PRANK_b0#0077_ttT_tree_79_OP_0.39849921812999034_Split_77.fasta', 3.065, 6.574, -0.341, 0.006
'PRANK_b0#0078_hhH_tree_86_OP_0.2347265646541319_Split_78.fasta', -7.385, -0.649, -11.39, -1.429
'PRANK_b0#0078_hhT_tree_53_OP_0.05303947942235687_Split_78.fasta', 10.723, 15.918, 7.738, 11.748
'PRANK_b0#0078_htH_tree_53_OP_0.05303947942235687_Split_78.fasta', 6.641, 11.553, 4.697, 6.613
'PRANK_b0#0078_htH_tree_86_OP_0.2347265646541319_Split_78.fasta', -6.602, 0.079, -10.34, -0.105
'PRANK_b0#0078_thH_tree_86_OP_0.2347265646541319_Split_78.fasta', -7.284, -0.63, -11.237, -1.422
'PRANK_b0#0078_thT_tree_53_OP_0.05303947942235687_Split_78.fasta', 10.723, 15.918, 7.738, 11.748
'PRANK_b0#0078_ttH_tree_53_OP_0.05303947942235687_Split_78.fasta', 6.581, 11.497, 4.078, 7.393
'PRANK_b0#0078_ttT_tree_86_OP_0.2347265646541319_Split_78.fasta', -6.809, -0.262, -10.447, -0.487
'PRANK_b0#0079_hhH_tree_88_OP_0.1810795500099957_Split_79.fasta', 0.92, 6.384, -1.224, 4.004
'PRANK_b0#0079_hhT_tree_88_OP_0.1810795500099957_Split_79.fasta', 2.396, 7.939, 0.166, 5.64
'PRANK_b0#0079_ttH_tree_88_OP_0.1810795500099957_Split_79.fasta', 0.936, 6.398, -1.208, 4.021
'PRANK_b0#0079_ttT_tree_88_OP_0.1810795500099957_Split_79.fasta', 2.178, 7.721, -0.048, 5.391
'PRANK_b0#0080_hhT_tree_3_OP_0.05125309180508808_Split_80.fasta', 24.249, 32.25, 23.107, 24.863
'PRANK_b0#0080_htH_tree_3_OP_0.05125309180508808_Split_80.fasta', 24.996, 32.994, 23.956, 25.78
'PRANK_b0#0080_htT_tree_3_OP_0.05125309180508808_Split_80.fasta', 23.941, 31.997, 22.839, 24.628
'PRANK_b0#0080_ttH_tree_3_OP_0.05125309180508808_Split_80.fasta', 24.908, 32.882, 23.832, 25.635
'PRANK_b0#0081_hhH_tree_5_OP_0.22898839817158656_Split_81.fasta', 14.127, 21.953, 11.483, 15.71
'PRANK_b0#0081_hhT_tree_51_OP_0.3986228120499837_Split_81.fasta', 13.586, 20.058, 10.061, 14.567
'PRANK_b0#0081_hhT_tree_73_OP_0.04516409856856096_Split_81.fasta', 25.511, 32.987, 19.495, 26.653
'PRANK_b0#0081_htH_tree_51_OP_0.3986228120499837_Split_81.fasta', 14.585, 21.609, 10.661, 16.192
'PRANK_b0#0081_htT_tree_5_OP_0.22898839817158656_Split_81.fasta', 14.487, 22.262, 11.061, 16.587
'PRANK_b0#0081_htT_tree_73_OP_0.04516409856856096_Split_81.fasta', 25.511, 32.987, 19.495, 26.653
'PRANK_b0#0081_thH_tree_5_OP_0.22898839817158656_Split_81.fasta', 14.116, 21.953, 11.451, 15.743
'PRANK_b0#0081_thH_tree_73_OP_0.04516409856856096_Split_81.fasta', 24.791, 31.827, 17.329, 26.734
'PRANK_b0#0081_thT_tree_51_OP_0.3986228120499837_Split_81.fasta', 12.567, 19.029, 10.045, 13.779
'PRANK_b0#0081_ttH_tree_51_OP_0.3986228120499837_Split_81.fasta', 15.267, 22.166, 12.463, 16.417
'PRANK_b0#0081_ttH_tree_73_OP_0.04516409856856096_Split_81.fasta', 24.799, 31.74, 17.225, 26.555
'PRANK_b0#0081_ttT_tree_5_OP_0.22898839817158656_Split_81.fasta', 14.485, 22.264, 11.057, 16.579
'PRANK_b0#0085_hhT_tree_59_OP_0.3079281034987719_Split_85.fasta', 0.834, 6.748, -4.692, 3.148
'PRANK_b0#0085_thT_tree_59_OP_0.3079281034987719_Split_85.fasta', 0.48, 6.402, -5.046, 2.693
'PRANK_b0#0085_ttH_tree_59_OP_0.3079281034987719_Split_85.fasta', 0.555, 6.469, -4.977, 2.63
'PRANK_b0#0085_ttT_tree_59_OP_0.3079281034987719_Split_85.fasta', 0.743, 6.673, -4.723, 2.93
'PRANK_b0#0086_hhH_tree_46_OP_0.17943757149806483_Split_86.fasta', 13.902, 20.351, 10.723, 14.041
'PRANK_b0#0086_hhT_tree_46_OP_0.17943757149806483_Split_86.fasta', 14.304, 20.744, 12.025, 13.678
'PRANK_b0#0086_hhT_tree_47_OP_0.4322745197435511_Split_86.fasta', -3.483, 2.966, -7.599, -2.633
'PRANK_b0#0086_htT_tree_47_OP_0.4322745197435511_Split_86.fasta', -3.955, 2.409, -8.418, -3.326
'PRANK_b0#0086_thT_tree_46_OP_0.17943757149806483_Split_86.fasta', 14.187, 20.688, 11.212, 14.395
'PRANK_b0#0086_thT_tree_47_OP_0.4322745197435511_Split_86.fasta', -1.85, 4.819, -6.691, -0.824
'PRANK_b0#0086_ttH_tree_46_OP_0.17943757149806483_Split_86.fasta', 14.585, 20.938, 12.962, 14.035
'PRANK_b0#0086_ttH_tree_47_OP_0.4322745197435511_Split_86.fasta', -3.501, 2.923, -5.627, -3.492
'PRANK_b0#0087_hhT_tree_44_OP_0.200818760412537_Split_87.fasta', 7.286, 12.442, 5.797, 9.524
'PRANK_b0#0087_htT_tree_44_OP_0.200818760412537_Split_87.fasta', 7.296, 12.452, 5.81, 9.533
'PRANK_b0#0087_thT_tree_44_OP_0.200818760412537_Split_87.fasta', 7.316, 12.476, 5.833, 9.555
'PRANK_b0#0087_ttT_tree_44_OP_0.200818760412537_Split_87.fasta', 7.312, 12.479, 4.795, 9.509
'PRANK_b0#0088_hhH_tree_14_OP_0.3064418702671071_Split_88.fasta', -7.325, -3.912, -9.007, -6.885
'PRANK_b0#0088_hhT_tree_92_OP_0.23387605000900108_Split_88.fasta', 14.154, 20.396, 11.488, 16.518
'PRANK_b0#0088_htH_tree_92_OP_0.23387605000900108_Split_88.fasta', 11.901, 17.733, 9.217, 14.325
'PRANK_b0#0088_htT_tree_14_OP_0.3064418702671071_Split_88.fasta', -6.069, -2.602, -6.773, -3.541
'PRANK_b0#0088_thH_tree_92_OP_0.23387605000900108_Split_88.fasta', 12.46, 18.376, 9.64, 14.826
'PRANK_b0#0088_thT_tree_14_OP_0.3064418702671071_Split_88.fasta', -6.068, -2.631, -6.783, -3.606
'PRANK_b0#0088_thT_tree_92_OP_0.23387605000900108_Split_88.fasta', 14.242, 20.177, 11.678, 16.71
'PRANK_b0#0088_ttH_tree_14_OP_0.3064418702671071_Split_88.fasta', -7.325, -3.912, -9.007, -6.885
'PRANK_b0#0089_hhH_tree_21_OP_0.22890592879188038_Split_89.fasta', 10.281, 16.383, 9.215, 8.741
'PRANK_b0#0089_htT_tree_21_OP_0.22890592879188038_Split_89.fasta', 9.145, 15.26, 8.154, 7.418
'PRANK_b0#0089_thH_tree_21_OP_0.22890592879188038_Split_89.fasta', 11.29, 17.672, 9.931, 9.774
'PRANK_b0#0089_ttT_tree_21_OP_0.22890592879188038_Split_89.fasta', 10.025, 16.392, 8.827, 8.382
'PRANK_b0#0090_hhT_tree_95_OP_0.1030307002700046_Split_90.fasta', 22.136, 29.869, 14.834, 21.703
'PRANK_b0#0090_thH_tree_95_OP_0.1030307002700046_Split_90.fasta', 23.807, 31.746, 14.888, 24.156
'PRANK_b0#0090_ttH_tree_95_OP_0.1030307002700046_Split_90.fasta', 24.418, 32.503, 17.958, 25.051
'PRANK_b0#0090_ttT_tree_95_OP_0.1030307002700046_Split_90.fasta', 22.755, 30.638, 15.278, 22.279
'PRANK_b0#0091_hhH_tree_4_OP_0.3917727204478945_Split_91.fasta', 0.738, 5.766, -1.459, 0.521
'PRANK_b0#0091_htT_tree_4_OP_0.3917727204478945_Split_91.fasta', 0.01, 4.74, -1.128, -0.443
'PRANK_b0#0091_thH_tree_4_OP_0.3917727204478945_Split_91.fasta', 0.284, 5.474, -2.282, 0.237
'PRANK_b0#0091_thT_tree_4_OP_0.3917727204478945_Split_91.fasta', -0.819, 3.926, -1.99, -1.057
'PRANK_b0#0096_hhH_tree_77_OP_0.06320220646162977_Split_96.fasta', 12.613, 18.136, 8.974, 16.163
'PRANK_b0#0096_hhT_tree_77_OP_0.06320220646162977_Split_96.fasta', 7.16, 11.078, 5.196, 10.779
'PRANK_b0#0096_htH_tree_77_OP_0.06320220646162977_Split_96.fasta', 12.613, 18.136, 8.974, 16.163
'PRANK_b0#0096_ttT_tree_77_OP_0.06320220646162977_Split_96.fasta', 6.961, 10.957, 4.931, 10.366
'PRANK_b1#0000_hhH_tree_61_OP_0.4330011748014624_Split_0.fasta', -4.171, 0.674, -4.826, -3.722
'PRANK_b1#0000_hhT_tree_61_OP_0.4330011748014624_Split_0.fasta', -3.446, 1.493, -3.498, -3.058
'PRANK_b1#0000_htH_tree_61_OP_0.4330011748014624_Split_0.fasta', -4.156, 0.695, -4.823, -3.702
'PRANK_b1#0000_htT_tree_61_OP_0.4330011748014624_Split_0.fasta', -3.409, 1.526, -3.467, -3.043
'PRANK_b1#0001_hhH_tree_89_OP_0.08315440018559267_Split_1.fasta', 26.223, 33.758, 21.16, 26.074
'PRANK_b1#0001_hhT_tree_89_OP_0.08315440018559267_Split_1.fasta', 26.375, 33.871, 21.307, 26.222
'PRANK_b1#0001_htH_tree_89_OP_0.08315440018559267_Split_1.fasta', 26.215, 33.734, 21.173, 26.077
'PRANK_b1#0001_htT_tree_89_OP_0.08315440018559267_Split_1.fasta', 26.265, 33.756, 21.2, 26.119
'PRANK_b1#0004_hhH_tree_20_OP_0.1825262028599538_Split_4.fasta', 7.569, 14.199, 3.434, 9.266
'PRANK_b1#0004_hhH_tree_2_OP_0.0971126692608415_Split_4.fasta', 4.346, 6.622, 0.8, 1.99
'PRANK_b1#0004_hhT_tree_20_OP_0.1825262028599538_Split_4.fasta', 11.932, 17.929, 8.234, 12.976
'PRANK_b1#0004_hhT_tree_2_OP_0.0971126692608415_Split_4.fasta', 2.704, 8.466, -0.813, 3.538
'PRANK_b1#0004_htH_tree_20_OP_0.1825262028599538_Split_4.fasta', 8.945, 15.649, 4.896, 10.649
'PRANK_b1#0004_htH_tree_2_OP_0.0971126692608415_Split_4.fasta', 4.246, 6.484, 1.062, 1.53
'PRANK_b1#0004_htT_tree_20_OP_0.1825262028599538_Split_4.fasta', 11.845, 17.812, 8.174, 12.896
'PRANK_b1#0004_htT_tree_2_OP_0.0971126692608415_Split_4.fasta', 2.852, 8.749, -0.784, 3.728
'PRANK_b1#0005_hhH_tree_67_OP_0.008476858088944328_Split_5.fasta', 30.616, 38.001, 29.329, 30.873
'PRANK_b1#0005_hhT_tree_67_OP_0.008476858088944328_Split_5.fasta', 27.43, 34.675, 26.551, 27.829
'PRANK_b1#0005_htH_tree_67_OP_0.008476858088944328_Split_5.fasta', 30.601, 37.985, 29.316, 30.86
'PRANK_b1#0005_htT_tree_67_OP_0.008476858088944328_Split_5.fasta', 27.375, 34.615, 26.473, 27.751
'PRANK_b1#0006_hhH_tree_90_OP_0.4673207261707267_Split_6.fasta', -2.354, 3.803, -5.581, -1.372
'PRANK_b1#0006_hhT_tree_90_OP_0.4673207261707267_Split_6.fasta', -3.233, 2.813, -5.755, -2.754
'PRANK_b1#0006_htH_tree_90_OP_0.4673207261707267_Split_6.fasta', -2.241, 3.973, -5.646, -1.484
'PRANK_b1#0006_htT_tree_90_OP_0.4673207261707267_Split_6.fasta', -2.12, 4.09, -5.401, -1.583
'PRANK_b1#0007_hhH_tree_41_OP_0.02098294888047958_Split_7.fasta', 18.334, 24.474, 13.091, 21.37
'PRANK_b1#0007_hhT_tree_41_OP_0.02098294888047958_Split_7.fasta', 16.346, 22.52, 10.989, 19.069
'PRANK_b1#0007_htH_tree_41_OP_0.02098294888047958_Split_7.fasta', 18.334, 24.474, 13.091, 21.37
'PRANK_b1#0007_htT_tree_41_OP_0.02098294888047958_Split_7.fasta', 16.346, 22.52, 10.989, 19.069
'PRANK_b1#0008_hhH_tree_15_OP_0.23700500204391878_Split_8.fasta', -6.979, -5.489, -7.955, -7.484
'PRANK_b1#0008_hhT_tree_15_OP_0.23700500204391878_Split_8.fasta', -14.212, -12.62, -15.158, -14.028
'PRANK_b1#0008_htH_tree_15_OP_0.23700500204391878_Split_8.fasta', -9.137, -7.883, -10.511, -9.87
'PRANK_b1#0008_htT_tree_15_OP_0.23700500204391878_Split_8.fasta', -9.267, -6.043, -9.986, -8.316
'PRANK_b1#0009_hhH_tree_29_OP_0.3263217068805121_Split_9.fasta', -20.738, -19.618, -21.521, -21.959
'PRANK_b1#0009_hhT_tree_29_OP_0.3263217068805121_Split_9.fasta', -19.362, -17.524, -20.665, -18.964
'PRANK_b1#0009_htH_tree_29_OP_0.3263217068805121_Split_9.fasta', -20.827, -19.715, -21.383, -22.078
'PRANK_b1#0009_htT_tree_29_OP_0.3263217068805121_Split_9.fasta', -19.54, -17.645, -21.135, -19.557
'PRANK_b1#0010_hhH_tree_55_OP_0.12131382649812672_Split_10.fasta', 15.009, 21.447, 9.602, 16.307
'PRANK_b1#0010_hhH_tree_78_OP_0.2199134490774199_Split_10.fasta', -7.918, -3.36, -10.154, -5.197
'PRANK_b1#0010_hhH_tree_93_OP_0.22235197408396468_Split_10.fasta', 18.195, 24.878, 17.331, 17.321
'PRANK_b1#0010_hhT_tree_55_OP_0.12131382649812672_Split_10.fasta', 15.067, 21.607, 9.535, 15.999
'PRANK_b1#0010_hhT_tree_78_OP_0.2199134490774199_Split_10.fasta', -10.074, -5.429, -11.972, -7.126
'PRANK_b1#0010_hhT_tree_93_OP_0.22235197408396468_Split_10.fasta', 18.307, 25.079, 17.414, 17.421
'PRANK_b1#0010_htH_tree_55_OP_0.12131382649812672_Split_10.fasta', 14.959, 21.385, 9.571, 16.255
'PRANK_b1#0010_htH_tree_78_OP_0.2199134490774199_Split_10.fasta', -7.906, -3.361, -9.953, -5.132
'PRANK_b1#0010_htH_tree_93_OP_0.22235197408396468_Split_10.fasta', 18.03, 24.689, 17.218, 17.129
'PRANK_b1#0010_htT_tree_55_OP_0.12131382649812672_Split_10.fasta', 14.937, 21.456, 9.4, 15.862
'PRANK_b1#0010_htT_tree_78_OP_0.2199134490774199_Split_10.fasta', -10.079, -5.431, -11.978, -7.128
'PRANK_b1#0010_htT_tree_93_OP_0.22235197408396468_Split_10.fasta', 18.494, 25.194, 17.857, 17.901
'PRANK_b1#0012_hhH_tree_39_OP_0.22687500454657905_Split_12.fasta', 19.604, 26.652, 15.567, 21.185
'PRANK_b1#0012_hhH_tree_42_OP_0.0496315149686164_Split_12.fasta', 20.982, 28.517, 15.342, 24.572
'PRANK_b1#0012_hhT_tree_39_OP_0.22687500454657905_Split_12.fasta', 20.916, 28.276, 15.289, 23.086
'PRANK_b1#0012_hhT_tree_42_OP_0.0496315149686164_Split_12.fasta', 22.444, 29.682, 17.422, 25.123
'PRANK_b1#0012_htH_tree_39_OP_0.22687500454657905_Split_12.fasta', 19.582, 26.635, 15.531, 21.149
'PRANK_b1#0012_htH_tree_42_OP_0.0496315149686164_Split_12.fasta', 20.7, 28.161, 15.108, 24.266
'PRANK_b1#0012_htT_tree_39_OP_0.22687500454657905_Split_12.fasta', 20.922, 28.287, 15.283, 23.1
'PRANK_b1#0012_htT_tree_42_OP_0.0496315149686164_Split_12.fasta', 22.489, 29.751, 17.415, 25.137
'PRANK_b1#0015_hhH_tree_18_OP_0.2024155938605975_Split_15.fasta', 17.118, 24.971, 10.862, 18.351
'PRANK_b1#0015_hhT_tree_18_OP_0.2024155938605975_Split_15.fasta', 19.478, 27.667, 14.682, 20.687
'PRANK_b1#0015_htH_tree_18_OP_0.2024155938605975_Split_15.fasta', 17.667, 25.677, 12.379, 19.487
'PRANK_b1#0015_htT_tree_18_OP_0.2024155938605975_Split_15.fasta', 19.449, 27.625, 14.658, 20.643
'PRANK_b1#0017_hhH_tree_25_OP_0.40331807202508463_Split_17.fasta', -1.177, 1.978, -2.267, -2.421
'PRANK_b1#0017_hhT_tree_25_OP_0.40331807202508463_Split_17.fasta', -1.478, 1.447, -4.966, -2.342
'PRANK_b1#0017_htH_tree_25_OP_0.40331807202508463_Split_17.fasta', -1.587, 1.596, -2.195, -2.103
'PRANK_b1#0017_htT_tree_25_OP_0.40331807202508463_Split_17.fasta', -1.907, 0.847, -5.798, -1.859
'PRANK_b1#0018_hhH_tree_75_OP_0.4799762788828158_Split_18.fasta', -1.759, 2.214, -4.273, -0.113
'PRANK_b1#0018_hhT_tree_75_OP_0.4799762788828158_Split_18.fasta', 0.003, 4.178, -3.071, 0.803
'PRANK_b1#0018_htH_tree_75_OP_0.4799762788828158_Split_18.fasta', -2.474, 1.61, -4.515, -0.615
'PRANK_b1#0018_htT_tree_75_OP_0.4799762788828158_Split_18.fasta', -1.712, 2.455, -4.689, -0.595
'PRANK_b1#0020_hhH_tree_32_OP_0.46510307915842913_Split_20.fasta', -19.919, -17.626, -20.891, -20.68
'PRANK_b1#0020_hhH_tree_45_OP_0.34336798907063576_Split_20.fasta', 17.521, 25.774, 11.313, 21.389
'PRANK_b1#0020_hhT_tree_32_OP_0.46510307915842913_Split_20.fasta', -14.791, -10.745, -17.498, -13.751
'PRANK_b1#0020_hhT_tree_45_OP_0.34336798907063576_Split_20.fasta', 15.637, 23.546, 10.884, 18.126
'PRANK_b1#0020_htH_tree_32_OP_0.46510307915842913_Split_20.fasta', -20.955, -18.465, -21.445, -21.384
'PRANK_b1#0020_htH_tree_45_OP_0.34336798907063576_Split_20.fasta', 17.476, 25.761, 11.275, 21.28
'PRANK_b1#0020_htT_tree_32_OP_0.46510307915842913_Split_20.fasta', -14.592, -10.537, -17.311, -13.655
'PRANK_b1#0020_htT_tree_45_OP_0.34336798907063576_Split_20.fasta', 14.806, 22.892, 10.262, 16.502
'PRANK_b1#0021_hhH_tree_72_OP_0.03379288926432422_Split_21.fasta', 19.21, 23.764, 17.442, 20.714
'PRANK_b1#0021_hhT_tree_72_OP_0.03379288926432422_Split_21.fasta', 17.256, 20.773, 14.587, 15.1
'PRANK_b1#0021_htH_tree_72_OP_0.03379288926432422_Split_21.fasta', 19.248, 23.804, 17.478, 20.758
'PRANK_b1#0021_htT_tree_72_OP_0.03379288926432422_Split_21.fasta', 16.885, 20.376, 14.444, 14.99
'PRANK_b1#0022_hhH_tree_82_OP_0.3028561213552523_Split_22.fasta', -0.515, 2.825, -3.864, -2.342
'PRANK_b1#0022_hhH_tree_83_OP_0.37330283834351374_Split_22.fasta', 20.708, 28.045, 14.713, 21.727
'PRANK_b1#0022_hhT_tree_82_OP_0.3028561213552523_Split_22.fasta', -0.009, 4.782, -1.171, 0.543
'PRANK_b1#0022_hhT_tree_83_OP_0.37330283834351374_Split_22.fasta', 11.239, 16.605, 7.476, 10.614
'PRANK_b1#0022_htH_tree_82_OP_0.3028561213552523_Split_22.fasta', 0.608, 4.285, -2.783, -1.003
'PRANK_b1#0022_htH_tree_83_OP_0.37330283834351374_Split_22.fasta', 20.864, 28.211, 14.872, 21.893
'PRANK_b1#0022_htT_tree_82_OP_0.3028561213552523_Split_22.fasta', 0.061, 4.855, -1.084, 0.626
'PRANK_b1#0022_htT_tree_83_OP_0.37330283834351374_Split_22.fasta', 11.521, 16.916, 8.02, 10.732
'PRANK_b1#0024_hhH_tree_12_OP_0.12503863659849623_Split_24.fasta', 10.275, 16.017, 7.652, 15.24
'PRANK_b1#0024_hhH_tree_28_OP_0.026059464327883253_Split_24.fasta', 23.099, 29.354, 20.094, 25.541
'PRANK_b1#0024_hhH_tree_34_OP_0.3871869419205337_Split_24.fasta', 12.371, 18.798, 10.566, 13.677
'PRANK_b1#0024_hhH_tree_58_OP_0.4060880752132891_Split_24.fasta', 7.935, 13.325, 6.194, 7.958
'PRANK_b1#0024_hhH_tree_65_OP_0.2277419037379937_Split_24.fasta', -1.577, 4.753, -4.918, 1.859
'PRANK_b1#0024_hhT_tree_12_OP_0.12503863659849623_Split_24.fasta', 9.566, 15.232, 6.957, 14.588
'PRANK_b1#0024_hhT_tree_28_OP_0.026059464327883253_Split_24.fasta', 22.583, 28.921, 18.075, 26.013
'PRANK_b1#0024_hhT_tree_34_OP_0.3871869419205337_Split_24.fasta', 7.295, 12.314, 7.434, 8.498
'PRANK_b1#0024_hhT_tree_58_OP_0.4060880752132891_Split_24.fasta', 8.97, 14.68, 6.457, 9.131
'PRANK_b1#0024_hhT_tree_65_OP_0.2277419037379937_Split_24.fasta', 0.983, 7.036, -2.136, 4.012
'PRANK_b1#0024_htH_tree_12_OP_0.12503863659849623_Split_24.fasta', 10.13, 15.841, 7.536, 15.093
'PRANK_b1#0024_htH_tree_28_OP_0.026059464327883253_Split_24.fasta', 23.099, 29.354, 20.094, 25.541
'PRANK_b1#0024_htH_tree_34_OP_0.3871869419205337_Split_24.fasta', 10.485, 15.879, 8.588, 11.616
'PRANK_b1#0024_htH_tree_58_OP_0.4060880752132891_Split_24.fasta', 11.951, 18.377, 8.018, 12.727
'PRANK_b1#0024_htH_tree_65_OP_0.2277419037379937_Split_24.fasta', -1.358, 5.095, -4.835, 2.114
'PRANK_b1#0024_htT_tree_12_OP_0.12503863659849623_Split_24.fasta', 9.566, 15.232, 6.957, 14.588
'PRANK_b1#0024_htT_tree_28_OP_0.026059464327883253_Split_24.fasta', 22.573, 28.909, 18.065, 26.0
'PRANK_b1#0024_htT_tree_34_OP_0.3871869419205337_Split_24.fasta', 9.614, 15.288, 9.37, 10.8
'PRANK_b1#0024_htT_tree_58_OP_0.4060880752132891_Split_24.fasta', 9.04, 14.806, 6.483, 9.241
'PRANK_b1#0024_htT_tree_65_OP_0.2277419037379937_Split_24.fasta', 1.004, 7.053, -2.124, 4.007
'PRANK_b1#0026_hhH_tree_87_OP_0.11403984600375927_Split_26.fasta', 4.259, 7.133, 4.101, 4.634
'PRANK_b1#0026_hhT_tree_87_OP_0.11403984600375927_Split_26.fasta', 14.225, 18.143, 12.289, 15.159
'PRANK_b1#0026_htH_tree_87_OP_0.11403984600375927_Split_26.fasta', 4.344, 7.194, 4.225, 4.765
'PRANK_b1#0026_htT_tree_87_OP_0.11403984600375927_Split_26.fasta', 14.234, 18.149, 12.305, 15.176
'PRANK_b1#0028_hhH_tree_70_OP_0.3490789034502281_Split_28.fasta', -4.69, 1.397, -9.299, -3.038
'PRANK_b1#0028_hhT_tree_70_OP_0.3490789034502281_Split_28.fasta', -0.158, 5.964, -0.381, -1.651
'PRANK_b1#0028_htH_tree_70_OP_0.3490789034502281_Split_28.fasta', 1.869, 8.762, -3.92, 1.974
'PRANK_b1#0028_htT_tree_70_OP_0.3490789034502281_Split_28.fasta', 3.897, 10.669, -1.378, 3.945
'PRANK_b1#0029_hhH_tree_1_OP_0.05363264786522631_Split_29.fasta', 4.173, 9.833, 1.707, 5.459
'PRANK_b1#0029_hhH_tree_62_OP_0.09025347905865139_Split_29.fasta', 9.592, 15.99, 5.616, 15.521
'PRANK_b1#0029_hhT_tree_1_OP_0.05363264786522631_Split_29.fasta', 3.02, 8.584, -1.256, 5.095
'PRANK_b1#0029_hhT_tree_62_OP_0.09025347905865139_Split_29.fasta', 12.692, 19.081, 9.963, 18.52
'PRANK_b1#0029_htH_tree_1_OP_0.05363264786522631_Split_29.fasta', 4.161, 9.792, -0.205, 6.217
'PRANK_b1#0029_htH_tree_62_OP_0.09025347905865139_Split_29.fasta', 9.592, 15.99, 5.616, 15.521
'PRANK_b1#0029_htT_tree_1_OP_0.05363264786522631_Split_29.fasta', 3.075, 8.669, 0.8, 4.33
'PRANK_b1#0029_htT_tree_62_OP_0.09025347905865139_Split_29.fasta', 12.699, 19.09, 9.965, 18.524
'PRANK_b1#0030_hhH_tree_68_OP_0.2161589229083642_Split_30.fasta', 18.833, 26.173, 9.93, 19.112
'PRANK_b1#0030_hhT_tree_68_OP_0.2161589229083642_Split_30.fasta', 18.928, 26.224, 12.099, 19.209
'PRANK_b1#0030_htH_tree_68_OP_0.2161589229083642_Split_30.fasta', 20.457, 27.5, 12.047, 20.687
'PRANK_b1#0030_htT_tree_68_OP_0.2161589229083642_Split_30.fasta', 18.837, 26.129, 12.018, 19.132
'PRANK_b1#0032_hhH_tree_17_OP_0.0883996370966601_Split_32.fasta', 0.742, 6.145, -2.191, 1.832
'PRANK_b1#0032_hhH_tree_31_OP_0.2991272106085847_Split_32.fasta', 26.4, 33.99, 19.932, 27.634
'PRANK_b1#0032_hhH_tree_57_OP_0.01035969654869301_Split_32.fasta', 22.955, 29.014, 19.465, 26.545
'PRANK_b1#0032_hhH_tree_74_OP_0.34003546929790274_Split_32.fasta', 17.716, 25.578, 8.892, 17.636
'PRANK_b1#0032_hhH_tree_76_OP_0.3744455664317578_Split_32.fasta', -0.629, 5.108, -5.87, 0.528
'PRANK_b1#0032_hhT_tree_17_OP_0.0883996370966601_Split_32.fasta', -0.376, 4.441, -3.526, 0.968
'PRANK_b1#0032_hhT_tree_31_OP_0.2991272106085847_Split_32.fasta', 25.101, 32.734, 19.566, 26.431
'PRANK_b1#0032_hhT_tree_57_OP_0.01035969654869301_Split_32.fasta', 23.436, 29.697, 20.275, 26.835
'PRANK_b1#0032_hhT_tree_74_OP_0.34003546929790274_Split_32.fasta', 9.559, 16.25, 3.499, 10.862
'PRANK_b1#0032_hhT_tree_76_OP_0.3744455664317578_Split_32.fasta', -1.865, 3.187, -5.403, -1.413
'PRANK_b1#0032_htH_tree_17_OP_0.0883996370966601_Split_32.fasta', 0.907, 6.303, -2.078, 1.956
'PRANK_b1#0032_htH_tree_31_OP_0.2991272106085847_Split_32.fasta', 26.396, 34.014, 19.898, 27.594
'PRANK_b1#0032_htH_tree_57_OP_0.01035969654869301_Split_32.fasta', 22.955, 29.014, 19.465, 26.545
'PRANK_b1#0032_htH_tree_74_OP_0.34003546929790274_Split_32.fasta', 10.352, 16.797, 4.983, 11.404
'PRANK_b1#0032_htH_tree_76_OP_0.3744455664317578_Split_32.fasta', -0.611, 5.149, -5.865, 0.566
'PRANK_b1#0032_htT_tree_17_OP_0.0883996370966601_Split_32.fasta', -0.199, 4.644, -3.357, 1.135
'PRANK_b1#0032_htT_tree_31_OP_0.2991272106085847_Split_32.fasta', 25.101, 32.734, 19.566, 26.431
'PRANK_b1#0032_htT_tree_57_OP_0.01035969654869301_Split_32.fasta', 23.366, 29.621, 20.169, 26.845
'PRANK_b1#0032_htT_tree_74_OP_0.34003546929790274_Split_32.fasta', 17.757, 25.71, 8.913, 17.431
'PRANK_b1#0032_htT_tree_76_OP_0.3744455664317578_Split_32.fasta', -1.865, 3.187, -5.403, -1.413
'PRANK_b1#0034_hhH_tree_33_OP_0.48048927330141855_Split_34.fasta', -16.925, -11.588, -19.701, -16.093
'PRANK_b1#0034_hhH_tree_52_OP_0.03486385316080837_Split_34.fasta', 15.228, 21.11, 11.081, 20.077
'PRANK_b1#0034_hhT_tree_33_OP_0.48048927330141855_Split_34.fasta', -10.396, -5.794, -12.413, -10.843
'PRANK_b1#0034_hhT_tree_52_OP_0.03486385316080837_Split_34.fasta', 12.493, 17.717, 11.341, 17.693
'PRANK_b1#0034_htH_tree_33_OP_0.48048927330141855_Split_34.fasta', -10.598, -5.557, -12.93, -10.157
'PRANK_b1#0034_htH_tree_52_OP_0.03486385316080837_Split_34.fasta', 15.232, 21.111, 11.085, 20.079
'PRANK_b1#0034_htT_tree_33_OP_0.48048927330141855_Split_34.fasta', -9.85, -5.13, -11.955, -10.246
'PRANK_b1#0034_htT_tree_52_OP_0.03486385316080837_Split_34.fasta', 12.493, 17.717, 11.341, 17.693
'PRANK_b1#0036_hhH_tree_8_OP_0.3698786236358351_Split_36.fasta', 4.403, 12.524, -0.365, 5.817
'PRANK_b1#0036_hhT_tree_8_OP_0.3698786236358351_Split_36.fasta', 3.546, 11.704, -1.067, 4.966
'PRANK_b1#0036_htH_tree_8_OP_0.3698786236358351_Split_36.fasta', 4.673, 12.466, -0.017, 6.678
'PRANK_b1#0036_htT_tree_8_OP_0.3698786236358351_Split_36.fasta', 5.057, 13.108, 1.652, 6.257
'PRANK_b1#0037_hhH_tree_19_OP_0.2601680197593299_Split_37.fasta', 11.328, 15.837, 8.091, 13.161
'PRANK_b1#0037_hhT_tree_19_OP_0.2601680197593299_Split_37.fasta', 12.515, 17.25, 9.062, 14.614
'PRANK_b1#0037_htH_tree_19_OP_0.2601680197593299_Split_37.fasta', 11.259, 15.719, 8.091, 13.075
'PRANK_b1#0037_htT_tree_19_OP_0.2601680197593299_Split_37.fasta', 12.482, 17.218, 9.01, 14.565
'PRANK_b1#0038_hhH_tree_22_OP_0.1313757710015392_Split_38.fasta', 11.206, 17.211, 9.267, 10.993
'PRANK_b1#0038_hhH_tree_38_OP_0.29843463616112814_Split_38.fasta', 20.327, 28.209, 14.828, 21.953
'PRANK_b1#0038_hhH_tree_91_OP_0.31689700001611826_Split_38.fasta', 12.378, 18.502, 9.13, 11.862
'PRANK_b1#0038_hhT_tree_22_OP_0.1313757710015392_Split_38.fasta', 10.238, 16.402, 8.098, 10.391
'PRANK_b1#0038_hhT_tree_38_OP_0.29843463616112814_Split_38.fasta', 20.324, 28.16, 16.842, 21.153
'PRANK_b1#0038_hhT_tree_91_OP_0.31689700001611826_Split_38.fasta', 11.99, 17.937, 8.831, 11.602
'PRANK_b1#0038_htH_tree_22_OP_0.1313757710015392_Split_38.fasta', 11.354, 17.339, 9.436, 11.126
'PRANK_b1#0038_htH_tree_38_OP_0.29843463616112814_Split_38.fasta', 20.357, 28.233, 14.847, 21.944
'PRANK_b1#0038_htH_tree_91_OP_0.31689700001611826_Split_38.fasta', 12.405, 18.683, 8.163, 13.695
'PRANK_b1#0038_htT_tree_22_OP_0.1313757710015392_Split_38.fasta', 10.265, 16.391, 8.149, 10.479
'PRANK_b1#0038_htT_tree_38_OP_0.29843463616112814_Split_38.fasta', 20.324, 28.16, 16.842, 21.153
'PRANK_b1#0038_htT_tree_91_OP_0.31689700001611826_Split_38.fasta', 12.518, 18.408, 9.011, 12.007
'PRANK_b1#0040_hhH_tree_27_OP_0.14896923282821622_Split_40.fasta', 25.814, 34.264, 18.868, 28.771
'PRANK_b1#0040_hhH_tree_9_OP_0.3803136599863731_Split_40.fasta', -9.037, -4.797, -11.804, -10.614
'PRANK_b1#0040_hhT_tree_27_OP_0.14896923282821622_Split_40.fasta', 26.242, 34.735, 18.863, 29.613
'PRANK_b1#0040_hhT_tree_9_OP_0.3803136599863731_Split_40.fasta', -12.255, -8.511, -14.324, -13.417
'PRANK_b1#0040_htH_tree_27_OP_0.14896923282821622_Split_40.fasta', 25.817, 34.266, 18.874, 28.776
'PRANK_b1#0040_htH_tree_9_OP_0.3803136599863731_Split_40.fasta', -9.725, -5.612, -12.264, -11.244
'PRANK_b1#0040_htT_tree_27_OP_0.14896923282821622_Split_40.fasta', 26.655, 35.1, 19.867, 29.591
'PRANK_b1#0040_htT_tree_9_OP_0.3803136599863731_Split_40.fasta', -11.598, -7.693, -13.881, -12.755
'PRANK_b1#0041_hhH_tree_98_OP_0.2156405548443302_Split_41.fasta', -4.564, 0.59, -5.685, -1.986
'PRANK_b1#0041_hhT_tree_98_OP_0.2156405548443302_Split_41.fasta', -1.829, 3.038, -2.294, 0.257
'PRANK_b1#0041_htH_tree_98_OP_0.2156405548443302_Split_41.fasta', -4.617, 0.505, -5.771, -2.246
'PRANK_b1#0041_htT_tree_98_OP_0.2156405548443302_Split_41.fasta', -1.975, 2.914, -2.451, 0.125
'PRANK_b1#0042_hhH_tree_26_OP_0.19458729828343746_Split_42.fasta', 24.562, 32.588, 17.408, 25.306
'PRANK_b1#0042_hhH_tree_50_OP_0.41441335319694456_Split_42.fasta', 2.429, 7.51, 1.584, 2.945
'PRANK_b1#0042_hhT_tree_26_OP_0.19458729828343746_Split_42.fasta', 21.132, 28.336, 21.509, 19.305
'PRANK_b1#0042_hhT_tree_50_OP_0.41441335319694456_Split_42.fasta', 1.38, 5.693, 0.864, 1.494
'PRANK_b1#0042_htH_tree_26_OP_0.19458729828343746_Split_42.fasta', 21.588, 29.113, 14.97, 22.431
'PRANK_b1#0042_htH_tree_50_OP_0.41441335319694456_Split_42.fasta', 1.448, 6.081, 0.933, 1.766
'PRANK_b1#0042_htT_tree_26_OP_0.19458729828343746_Split_42.fasta', 21.203, 28.439, 21.57, 19.375
'PRANK_b1#0042_htT_tree_50_OP_0.41441335319694456_Split_42.fasta', 1.31, 5.627, 0.77, 1.417
'PRANK_b1#0044_hhH_tree_66_OP_0.002445136450722696_Split_44.fasta', 19.594, 25.744, 12.91, 21.139
'PRANK_b1#0044_hhT_tree_66_OP_0.002445136450722696_Split_44.fasta', 16.292, 22.305, 12.246, 16.624
'PRANK_b1#0044_htH_tree_66_OP_0.002445136450722696_Split_44.fasta', 24.079, 30.965, 22.583, 24.446
'PRANK_b1#0044_htT_tree_66_OP_0.002445136450722696_Split_44.fasta', 21.209, 27.9, 19.853, 22.172
'PRANK_b1#0047_hhH_tree_49_OP_0.3808211405032018_Split_47.fasta', 1.048, 6.687, -0.669, 2.162
'PRANK_b1#0047_hhH_tree_54_OP_0.19617966006842125_Split_47.fasta', 9.856, 15.057, 6.482, 10.797
'PRANK_b1#0047_hhH_tree_94_OP_0.02673109171310184_Split_47.fasta', 23.946, 31.605, 24.533, 26.382
'PRANK_b1#0047_hhT_tree_49_OP_0.3808211405032018_Split_47.fasta', 3.816, 9.489, 0.224, 6.106
'PRANK_b1#0047_hhT_tree_54_OP_0.19617966006842125_Split_47.fasta', 21.986, 28.528, 16.803, 23.382
'PRANK_b1#0047_hhT_tree_94_OP_0.02673109171310184_Split_47.fasta', 25.722, 34.259, 24.014, 27.516
'PRANK_b1#0047_htH_tree_49_OP_0.3808211405032018_Split_47.fasta', 3.885, 9.644, 0.114, 5.585
'PRANK_b1#0047_htH_tree_54_OP_0.19617966006842125_Split_47.fasta', 9.865, 15.054, 6.492, 10.806
'PRANK_b1#0047_htH_tree_94_OP_0.02673109171310184_Split_47.fasta', 22.453, 29.788, 23.111, 23.509
'PRANK_b1#0047_htT_tree_49_OP_0.3808211405032018_Split_47.fasta', 4.041, 9.681, 0.46, 6.328
'PRANK_b1#0047_htT_tree_54_OP_0.19617966006842125_Split_47.fasta', 22.363, 28.962, 17.062, 23.916
'PRANK_b1#0047_htT_tree_94_OP_0.02673109171310184_Split_47.fasta', 25.764, 34.303, 24.081, 27.578
'23410', 42.777, 52.492, 36.853, 44.126
