code_K5,k_mer_max_K5,k_mer_average_K5,k_mer_95_pct_K5,k_mer_90_pct_K5,kmer_sum_of_top_10_K5
'bali_phy_msa.1.fas', 9275, 3.975, 3, 2, 9422
'bali_phy_msa.10.fas', 16031, 6.266, 4, 3, 16467
'bali_phy_msa.100.fas', 16417, 6.209, 4, 3, 16779
'bali_phy_msa.101.fas', 16237, 6.163, 4, 3, 16619
'bali_phy_msa.102.fas', 16618, 6.492, 4, 3, 17069
'bali_phy_msa.103.fas', 16752, 6.493, 4, 3, 17278
'bali_phy_msa.104.fas', 16560, 6.367, 4, 3, 16945
'bali_phy_msa.105.fas', 16979, 6.516, 4, 3, 17455
'bali_phy_msa.106.fas', 17329, 6.733, 5, 3, 17877
'bali_phy_msa.107.fas', 16685, 6.361, 4, 3, 17065
'bali_phy_msa.108.fas', 16085, 6.437, 5, 3, 16516
'bali_phy_msa.109.fas', 16515, 6.331, 4, 3, 16959
'bali_phy_msa.11.fas', 16636, 6.385, 4, 3, 17068
'bali_phy_msa.110.fas', 16403, 6.212, 4, 3, 16764
'bali_phy_msa.111.fas', 17177, 6.701, 5, 3, 17626
'bali_phy_msa.112.fas', 16391, 6.272, 4, 3, 16814
'bali_phy_msa.113.fas', 16752, 6.5, 4, 3, 17144
'bali_phy_msa.114.fas', 16430, 6.18, 4, 3, 16822
'bali_phy_msa.115.fas', 16225, 6.144, 4, 3, 16623
'bali_phy_msa.116.fas', 16565, 6.295, 4, 3, 16953
'bali_phy_msa.117.fas', 16608, 6.45, 4, 3, 17020
'bali_phy_msa.118.fas', 16318, 6.231, 4, 3, 16721
'bali_phy_msa.119.fas', 16373, 6.234, 4, 3, 16747
'bali_phy_msa.12.fas', 16277, 6.353, 4, 3, 16680
'bali_phy_msa.120.fas', 16829, 6.451, 4, 3, 17281
'bali_phy_msa.121.fas', 16607, 6.362, 4, 3, 17006
'bali_phy_msa.122.fas', 16174, 6.329, 4, 3, 16626
'bali_phy_msa.123.fas', 16121, 6.243, 4, 3, 16525
'bali_phy_msa.124.fas', 16986, 6.416, 4, 3, 17383
'bali_phy_msa.125.fas', 16062, 6.124, 4, 3, 16494
'bali_phy_msa.126.fas', 17408, 6.848, 5, 3, 17924
'bali_phy_msa.127.fas', 16164, 6.433, 5, 3, 16611
'bali_phy_msa.128.fas', 16748, 6.394, 4, 3, 17190
'bali_phy_msa.129.fas', 16263, 6.341, 5, 3, 16724
'bali_phy_msa.13.fas', 16210, 6.313, 4, 3, 16636
'bali_phy_msa.130.fas', 16870, 6.808, 5, 3, 17281
'bali_phy_msa.131.fas', 16486, 6.199, 4, 3, 16849
'bali_phy_msa.132.fas', 16486, 6.383, 4, 3, 16966
'bali_phy_msa.133.fas', 16424, 6.383, 5, 3, 16816
'bali_phy_msa.134.fas', 16669, 6.425, 5, 3, 17091
'bali_phy_msa.135.fas', 16237, 6.295, 4, 3, 16644
'bali_phy_msa.136.fas', 16136, 6.171, 4, 3, 16568
'bali_phy_msa.137.fas', 15914, 6.349, 4, 3, 16404
'bali_phy_msa.138.fas', 17437, 6.687, 4, 3, 17833
'bali_phy_msa.139.fas', 16175, 6.171, 4, 3, 16583
'bali_phy_msa.14.fas', 15976, 6.17, 4, 3, 16373
'bali_phy_msa.140.fas', 16539, 6.352, 4, 3, 17030
'bali_phy_msa.141.fas', 17056, 6.677, 4, 3, 17564
'bali_phy_msa.142.fas', 16116, 6.142, 4, 3, 16501
'bali_phy_msa.143.fas', 16454, 6.451, 4, 3, 16980
'bali_phy_msa.144.fas', 16411, 6.442, 4, 3, 16840
'bali_phy_msa.145.fas', 16860, 6.734, 5, 3, 17336
'bali_phy_msa.146.fas', 16068, 6.331, 4, 3, 16481
'bali_phy_msa.147.fas', 16572, 6.454, 5, 3, 16994
'bali_phy_msa.148.fas', 16832, 6.612, 4, 3, 17296
'bali_phy_msa.149.fas', 16509, 6.485, 5, 3, 16967
'bali_phy_msa.15.fas', 18174, 6.903, 4, 3, 18649
'bali_phy_msa.150.fas', 16482, 6.532, 4, 3, 16949
'bali_phy_msa.151.fas', 16445, 6.372, 4, 3, 16874
'bali_phy_msa.152.fas', 16348, 6.347, 4, 3, 16789
'bali_phy_msa.153.fas', 16413, 6.326, 4, 3, 16831
'bali_phy_msa.154.fas', 16241, 6.376, 4, 3, 16710
'bali_phy_msa.155.fas', 16370, 6.348, 4, 3, 16743
'bali_phy_msa.156.fas', 16427, 6.388, 4, 3, 16921
'bali_phy_msa.157.fas', 16494, 6.354, 4, 3, 16983
'bali_phy_msa.158.fas', 17401, 6.892, 5, 3, 17844
'bali_phy_msa.159.fas', 16738, 6.364, 4, 3, 17134
'bali_phy_msa.16.fas', 16701, 6.707, 5, 3, 17240
'bali_phy_msa.160.fas', 16111, 6.195, 4, 3, 16557
'bali_phy_msa.161.fas', 16501, 6.191, 4, 3, 16902
'bali_phy_msa.162.fas', 16256, 6.262, 4, 3, 16717
'bali_phy_msa.163.fas', 16780, 6.496, 4, 3, 17223
'bali_phy_msa.164.fas', 16984, 6.516, 4, 3, 17394
'bali_phy_msa.165.fas', 16137, 6.245, 4, 3, 16548
'bali_phy_msa.166.fas', 16626, 6.326, 4, 3, 17008
'bali_phy_msa.167.fas', 16792, 6.624, 5, 3, 17190
'bali_phy_msa.168.fas', 17546, 7.056, 5, 3, 18019
'bali_phy_msa.169.fas', 16981, 6.503, 4, 3, 17387
'bali_phy_msa.17.fas', 17034, 6.548, 4, 3, 17453
'bali_phy_msa.170.fas', 16731, 6.665, 5, 3, 17251
'bali_phy_msa.171.fas', 16184, 6.323, 4, 3, 16603
'bali_phy_msa.172.fas', 17012, 6.601, 4, 3, 17491
'bali_phy_msa.173.fas', 16700, 6.496, 4, 3, 17110
'bali_phy_msa.174.fas', 16666, 6.562, 4, 3, 17127
'bali_phy_msa.175.fas', 16319, 6.272, 4, 3, 16695
'bali_phy_msa.176.fas', 16641, 6.3, 4, 3, 17056
'bali_phy_msa.177.fas', 16561, 6.563, 5, 3, 17076
'bali_phy_msa.178.fas', 16609, 6.224, 4, 3, 17009
'bali_phy_msa.179.fas', 16117, 6.205, 4, 3, 16557
'bali_phy_msa.18.fas', 16065, 6.306, 4, 3, 16525
'bali_phy_msa.180.fas', 16898, 6.628, 5, 3, 17420
'bali_phy_msa.181.fas', 16215, 6.306, 4, 3, 16595
'bali_phy_msa.182.fas', 16678, 6.368, 4, 3, 17066
'bali_phy_msa.183.fas', 16029, 6.253, 4, 3, 16429
'bali_phy_msa.184.fas', 16539, 6.286, 4, 3, 17017
'bali_phy_msa.185.fas', 16885, 6.551, 4, 3, 17311
'bali_phy_msa.186.fas', 16466, 6.347, 4, 3, 16901
'bali_phy_msa.187.fas', 16097, 6.313, 4, 3, 16554
'bali_phy_msa.188.fas', 16678, 6.431, 4, 3, 17135
'bali_phy_msa.189.fas', 16218, 6.274, 4, 3, 16588
'bali_phy_msa.19.fas', 16621, 6.604, 5, 3, 17143
'bali_phy_msa.190.fas', 15999, 6.269, 4, 3, 16434
'bali_phy_msa.191.fas', 16507, 6.335, 4, 3, 16882
'bali_phy_msa.192.fas', 16184, 6.36, 4, 3, 16618
'bali_phy_msa.193.fas', 16655, 6.253, 4, 3, 17043
'bali_phy_msa.194.fas', 16205, 6.329, 4, 3, 16649
'bali_phy_msa.195.fas', 15875, 6.271, 4, 3, 16288
'bali_phy_msa.196.fas', 16521, 6.314, 4, 3, 16975
'bali_phy_msa.197.fas', 18564, 7.105, 5, 3, 19014
'bali_phy_msa.198.fas', 16525, 6.297, 4, 3, 16955
'bali_phy_msa.199.fas', 16530, 6.754, 5, 3, 17127
'bali_phy_msa.2.fas', 17218, 6.858, 5, 3, 17797
'bali_phy_msa.20.fas', 17203, 6.43, 4, 3, 17628
'bali_phy_msa.200.fas', 16357, 6.483, 4, 3, 16853
'bali_phy_msa.201.fas', 16628, 6.396, 4, 3, 16979
'bali_phy_msa.202.fas', 17046, 6.675, 4, 3, 17536
'bali_phy_msa.203.fas', 16485, 6.403, 4, 3, 16894
'bali_phy_msa.204.fas', 16894, 6.738, 5, 3, 17456
'bali_phy_msa.205.fas', 16166, 6.163, 4, 3, 16600
'bali_phy_msa.206.fas', 16525, 6.392, 4, 3, 16916
'bali_phy_msa.207.fas', 16910, 6.602, 5, 3, 17369
'bali_phy_msa.208.fas', 17462, 6.643, 4, 3, 17870
'bali_phy_msa.209.fas', 16589, 6.457, 4, 3, 17030
'bali_phy_msa.21.fas', 16428, 6.405, 4, 3, 16883
'bali_phy_msa.210.fas', 17256, 6.547, 4, 3, 17695
'bali_phy_msa.211.fas', 17274, 6.616, 4, 3, 17710
'bali_phy_msa.212.fas', 16187, 6.202, 4, 3, 16597
'bali_phy_msa.213.fas', 16930, 6.38, 4, 3, 17365
'bali_phy_msa.214.fas', 16229, 6.561, 5, 3, 16809
'bali_phy_msa.215.fas', 16798, 6.517, 4, 3, 17251
'bali_phy_msa.216.fas', 16668, 6.562, 4, 3, 17149
'bali_phy_msa.217.fas', 16182, 6.181, 4, 3, 16563
'bali_phy_msa.218.fas', 16442, 6.326, 4, 3, 16868
'bali_phy_msa.219.fas', 16884, 6.463, 4, 3, 17308
'bali_phy_msa.22.fas', 16261, 6.112, 4, 3, 16632
'bali_phy_msa.220.fas', 16844, 6.513, 4, 3, 17244
'bali_phy_msa.221.fas', 16822, 6.377, 4, 3, 17207
'bali_phy_msa.222.fas', 16622, 6.483, 4, 3, 17017
'bali_phy_msa.223.fas', 16651, 6.457, 4, 3, 17076
'bali_phy_msa.224.fas', 16429, 6.65, 5, 3, 16901
'bali_phy_msa.225.fas', 17148, 6.682, 5, 3, 17619
'bali_phy_msa.226.fas', 16624, 6.453, 4, 3, 17058
'bali_phy_msa.227.fas', 17261, 6.858, 5, 3, 17782
'bali_phy_msa.228.fas', 16640, 6.598, 5, 3, 17077
'bali_phy_msa.229.fas', 16906, 6.474, 4, 3, 17346
'bali_phy_msa.23.fas', 16284, 6.3, 4, 3, 16688
'bali_phy_msa.230.fas', 16809, 6.426, 4, 3, 17198
'bali_phy_msa.231.fas', 17079, 6.599, 4, 3, 17497
'bali_phy_msa.232.fas', 16589, 6.39, 4, 3, 17052
'bali_phy_msa.233.fas', 16751, 6.573, 4, 3, 17233
'bali_phy_msa.234.fas', 16626, 6.419, 4, 3, 17044
'bali_phy_msa.235.fas', 16517, 6.344, 4, 3, 16935
'bali_phy_msa.236.fas', 16415, 6.29, 4, 3, 16896
'bali_phy_msa.237.fas', 16644, 6.409, 4, 3, 17105
'bali_phy_msa.238.fas', 16251, 6.35, 4, 3, 16659
'bali_phy_msa.239.fas', 16198, 6.158, 4, 3, 16589
'bali_phy_msa.24.fas', 16420, 6.359, 4, 3, 16864
'bali_phy_msa.240.fas', 16198, 6.295, 4, 3, 16593
'bali_phy_msa.241.fas', 17617, 6.789, 4, 3, 18026
'bali_phy_msa.242.fas', 16458, 6.46, 4, 3, 16910
'bali_phy_msa.243.fas', 16575, 6.42, 4, 3, 16960
'bali_phy_msa.244.fas', 16973, 6.595, 4, 3, 17421
'bali_phy_msa.245.fas', 15786, 6.303, 5, 3, 16272
'bali_phy_msa.246.fas', 16234, 6.205, 4, 3, 16588
'bali_phy_msa.247.fas', 16522, 6.298, 4, 3, 16959
'bali_phy_msa.248.fas', 16013, 6.128, 4, 3, 16376
'bali_phy_msa.249.fas', 15935, 6.143, 4, 3, 16389
'bali_phy_msa.25.fas', 16439, 6.351, 4, 3, 16839
'bali_phy_msa.250.fas', 16356, 6.495, 4, 3, 16812
'bali_phy_msa.251.fas', 16283, 6.183, 4, 3, 16655
'bali_phy_msa.252.fas', 16617, 6.456, 4, 3, 17016
'bali_phy_msa.253.fas', 17226, 6.677, 4, 3, 17691
'bali_phy_msa.254.fas', 16765, 6.687, 5, 3, 17247
'bali_phy_msa.255.fas', 16431, 6.594, 5, 3, 16937
'bali_phy_msa.256.fas', 16602, 6.49, 5, 3, 17088
'bali_phy_msa.257.fas', 17162, 6.563, 4, 3, 17632
'bali_phy_msa.258.fas', 16321, 6.407, 4, 3, 16793
'bali_phy_msa.259.fas', 17239, 6.883, 5, 3, 17778
'bali_phy_msa.26.fas', 16279, 6.339, 4, 3, 16750
'bali_phy_msa.260.fas', 15941, 6.162, 4, 3, 16325
'bali_phy_msa.261.fas', 17129, 6.538, 4, 3, 17617
'bali_phy_msa.262.fas', 16619, 6.539, 4, 3, 17113
'bali_phy_msa.263.fas', 16218, 6.313, 4, 3, 16605
'bali_phy_msa.264.fas', 16196, 6.144, 4, 3, 16588
'bali_phy_msa.265.fas', 16437, 6.43, 4, 3, 16833
'bali_phy_msa.266.fas', 16005, 6.306, 4, 3, 16432
'bali_phy_msa.267.fas', 16318, 6.241, 4, 3, 16696
'bali_phy_msa.268.fas', 16518, 6.524, 5, 3, 17023
'bali_phy_msa.269.fas', 16639, 6.509, 4, 3, 17070
'bali_phy_msa.27.fas', 16325, 6.29, 4, 3, 16746
'bali_phy_msa.270.fas', 16735, 6.252, 4, 3, 17077
'bali_phy_msa.271.fas', 17200, 6.82, 5, 3, 17670
'bali_phy_msa.272.fas', 16846, 6.559, 4, 3, 17313
'bali_phy_msa.273.fas', 16927, 6.779, 5, 3, 17430
'bali_phy_msa.274.fas', 18047, 6.824, 4, 3, 18489
'bali_phy_msa.275.fas', 16405, 6.382, 4, 3, 16839
'bali_phy_msa.276.fas', 16540, 6.422, 4, 3, 17001
'bali_phy_msa.277.fas', 17381, 6.658, 4, 3, 17802
'bali_phy_msa.278.fas', 16192, 6.238, 4, 3, 16600
'bali_phy_msa.279.fas', 16716, 6.813, 5, 3, 17238
'bali_phy_msa.28.fas', 16762, 6.436, 4, 3, 17219
'bali_phy_msa.280.fas', 16300, 6.133, 4, 3, 16680
'bali_phy_msa.281.fas', 16254, 6.253, 4, 3, 16608
'bali_phy_msa.282.fas', 16991, 6.398, 4, 3, 17441
'bali_phy_msa.283.fas', 17467, 6.758, 4, 3, 17965
'bali_phy_msa.284.fas', 16994, 6.391, 4, 3, 17371
'bali_phy_msa.285.fas', 16835, 6.524, 5, 3, 17271
'bali_phy_msa.286.fas', 16122, 6.507, 5, 3, 16600
'bali_phy_msa.287.fas', 16547, 6.382, 4, 3, 16973
'bali_phy_msa.288.fas', 16729, 6.502, 5, 3, 17189
'bali_phy_msa.289.fas', 17317, 6.573, 4, 3, 17691
'bali_phy_msa.29.fas', 16704, 6.574, 5, 3, 17101
'bali_phy_msa.290.fas', 17327, 6.7, 4, 3, 17722
'bali_phy_msa.291.fas', 16260, 6.25, 4, 3, 16632
'bali_phy_msa.292.fas', 17126, 6.601, 4, 3, 17510
'bali_phy_msa.293.fas', 16737, 6.487, 4, 3, 17179
'bali_phy_msa.294.fas', 16114, 6.346, 5, 3, 16555
'bali_phy_msa.295.fas', 16418, 6.391, 4, 3, 16847
'bali_phy_msa.296.fas', 16855, 6.563, 5, 3, 17239
'bali_phy_msa.297.fas', 16664, 6.533, 4, 3, 17124
'bali_phy_msa.298.fas', 16250, 6.326, 4, 3, 16629
'bali_phy_msa.299.fas', 16285, 6.19, 4, 3, 16635
'bali_phy_msa.3.fas', 19037, 7.179, 4, 3, 19488
'bali_phy_msa.30.fas', 16490, 6.347, 4, 3, 16900
'bali_phy_msa.300.fas', 17329, 6.668, 4, 3, 17812
'bali_phy_msa.301.fas', 16842, 6.516, 4, 3, 17244
'bali_phy_msa.302.fas', 16455, 6.284, 4, 3, 16842
'bali_phy_msa.303.fas', 16614, 6.446, 4, 3, 17093
'bali_phy_msa.304.fas', 16344, 6.471, 5, 3, 16812
'bali_phy_msa.305.fas', 16460, 6.274, 4, 3, 16860
'bali_phy_msa.306.fas', 16426, 6.35, 4, 3, 16823
'bali_phy_msa.307.fas', 16194, 6.178, 4, 3, 16542
'bali_phy_msa.308.fas', 16355, 6.418, 5, 3, 16754
'bali_phy_msa.309.fas', 16391, 6.363, 4, 3, 16835
'bali_phy_msa.31.fas', 16301, 6.332, 4, 3, 16723
'bali_phy_msa.310.fas', 16659, 6.497, 4, 3, 17153
'bali_phy_msa.311.fas', 16718, 6.31, 4, 3, 17145
'bali_phy_msa.312.fas', 16347, 6.288, 4, 3, 16839
'bali_phy_msa.313.fas', 16971, 6.564, 4, 3, 17437
'bali_phy_msa.314.fas', 16510, 6.389, 4, 3, 16896
'bali_phy_msa.315.fas', 16592, 6.484, 4, 3, 17061
'bali_phy_msa.316.fas', 17462, 6.729, 5, 3, 17953
'bali_phy_msa.317.fas', 16350, 6.409, 4, 3, 16826
'bali_phy_msa.318.fas', 16415, 6.397, 4, 3, 16940
'bali_phy_msa.319.fas', 16102, 6.195, 4, 3, 16482
'bali_phy_msa.32.fas', 16770, 6.589, 5, 3, 17249
'bali_phy_msa.320.fas', 16991, 6.608, 5, 3, 17428
'bali_phy_msa.321.fas', 16732, 6.374, 4, 3, 17145
'bali_phy_msa.322.fas', 16586, 6.384, 4, 3, 17011
'bali_phy_msa.323.fas', 16573, 6.51, 4, 3, 17015
'bali_phy_msa.324.fas', 16841, 6.524, 4, 3, 17214
'bali_phy_msa.325.fas', 16202, 6.152, 4, 3, 16616
'bali_phy_msa.326.fas', 16348, 6.32, 4, 3, 16828
'bali_phy_msa.327.fas', 16969, 6.646, 5, 3, 17379
'bali_phy_msa.328.fas', 16733, 6.494, 4, 3, 17244
'bali_phy_msa.329.fas', 16915, 6.384, 4, 3, 17379
'bali_phy_msa.33.fas', 17185, 6.594, 4, 3, 17608
'bali_phy_msa.330.fas', 16876, 6.572, 4, 3, 17277
'bali_phy_msa.331.fas', 17389, 6.509, 4, 3, 17843
'bali_phy_msa.332.fas', 16721, 6.549, 5, 3, 17180
'bali_phy_msa.333.fas', 16165, 6.28, 4, 3, 16589
'bali_phy_msa.334.fas', 16253, 6.313, 4, 3, 16636
'bali_phy_msa.335.fas', 17314, 6.535, 4, 3, 17690
'bali_phy_msa.336.fas', 16760, 6.377, 4, 3, 17205
'bali_phy_msa.337.fas', 16885, 6.468, 4, 3, 17284
'bali_phy_msa.338.fas', 16576, 6.361, 4, 3, 17001
'bali_phy_msa.339.fas', 16480, 6.355, 4, 3, 16894
'bali_phy_msa.34.fas', 18354, 6.816, 4, 3, 18795
'bali_phy_msa.340.fas', 16539, 6.356, 4, 3, 16974
'bali_phy_msa.341.fas', 17240, 6.48, 4, 3, 17702
'bali_phy_msa.342.fas', 16771, 6.491, 4, 3, 17279
'bali_phy_msa.343.fas', 17066, 6.834, 5, 3, 17581
'bali_phy_msa.344.fas', 16252, 6.216, 4, 3, 16625
'bali_phy_msa.345.fas', 16094, 6.394, 5, 3, 16546
'bali_phy_msa.346.fas', 16334, 6.356, 4, 3, 16793
'bali_phy_msa.347.fas', 16217, 6.342, 4, 3, 16656
'bali_phy_msa.348.fas', 16589, 6.322, 4, 3, 16979
'bali_phy_msa.349.fas', 16206, 6.233, 4, 3, 16593
'bali_phy_msa.35.fas', 15992, 6.217, 4, 3, 16461
'bali_phy_msa.350.fas', 16655, 6.338, 4, 3, 17123
'bali_phy_msa.351.fas', 16980, 6.333, 4, 3, 17431
'bali_phy_msa.352.fas', 16419, 6.404, 4, 3, 16834
'bali_phy_msa.353.fas', 16936, 6.707, 5, 3, 17397
'bali_phy_msa.354.fas', 16543, 6.495, 5, 3, 16967
'bali_phy_msa.355.fas', 16622, 6.593, 5, 3, 17039
'bali_phy_msa.356.fas', 16829, 6.702, 5, 3, 17301
'bali_phy_msa.357.fas', 16010, 6.181, 4, 3, 16488
'bali_phy_msa.358.fas', 16417, 6.331, 4, 3, 16788
'bali_phy_msa.359.fas', 16407, 6.362, 4, 3, 16856
'bali_phy_msa.36.fas', 16654, 6.414, 4, 3, 17120
'bali_phy_msa.360.fas', 16071, 6.247, 4, 3, 16495
'bali_phy_msa.361.fas', 16336, 6.314, 4, 3, 16772
'bali_phy_msa.362.fas', 16308, 6.451, 4, 3, 16800
'bali_phy_msa.363.fas', 16071, 6.171, 4, 3, 16489
'bali_phy_msa.364.fas', 17041, 6.445, 4, 3, 17406
'bali_phy_msa.365.fas', 16384, 6.421, 4, 3, 16839
'bali_phy_msa.366.fas', 16352, 6.492, 4, 3, 16807
'bali_phy_msa.367.fas', 16794, 6.585, 4, 3, 17310
'bali_phy_msa.368.fas', 17480, 6.84, 5, 3, 17910
'bali_phy_msa.369.fas', 16798, 6.367, 4, 3, 17184
'bali_phy_msa.37.fas', 17229, 6.609, 4, 3, 17738
'bali_phy_msa.370.fas', 15945, 6.341, 4, 3, 16391
'bali_phy_msa.371.fas', 16496, 6.525, 4, 3, 16975
'bali_phy_msa.372.fas', 16379, 6.354, 5, 3, 16805
'bali_phy_msa.373.fas', 17652, 6.621, 4, 3, 18048
'bali_phy_msa.374.fas', 15913, 6.231, 4, 3, 16277
'bali_phy_msa.375.fas', 16317, 6.401, 5, 3, 16758
'bali_phy_msa.376.fas', 16012, 6.257, 4, 3, 16419
'bali_phy_msa.377.fas', 17185, 6.607, 4, 3, 17638
'bali_phy_msa.378.fas', 16949, 6.457, 4, 3, 17380
'bali_phy_msa.379.fas', 16194, 6.247, 4, 3, 16577
'bali_phy_msa.38.fas', 16629, 6.541, 4, 3, 17108
'bali_phy_msa.380.fas', 16418, 6.349, 4, 3, 16830
'bali_phy_msa.381.fas', 16260, 6.18, 4, 3, 16637
'bali_phy_msa.382.fas', 16626, 6.481, 4, 3, 17098
'bali_phy_msa.383.fas', 17377, 6.643, 4, 3, 17942
'bali_phy_msa.384.fas', 16704, 6.422, 4, 3, 17147
'bali_phy_msa.385.fas', 16235, 6.417, 4, 3, 16690
'bali_phy_msa.386.fas', 16333, 6.274, 4, 3, 16758
'bali_phy_msa.387.fas', 16560, 6.561, 5, 3, 17006
'bali_phy_msa.388.fas', 16582, 6.487, 4, 3, 17033
'bali_phy_msa.389.fas', 16557, 6.373, 4, 3, 16973
'bali_phy_msa.39.fas', 16602, 6.457, 4, 3, 17042
'bali_phy_msa.390.fas', 16838, 6.516, 4, 3, 17227
'bali_phy_msa.391.fas', 16255, 6.412, 5, 3, 16733
'bali_phy_msa.392.fas', 16391, 6.366, 4, 3, 16815
'bali_phy_msa.393.fas', 17249, 6.896, 5, 3, 17819
'bali_phy_msa.394.fas', 17451, 6.679, 4, 3, 17898
'bali_phy_msa.395.fas', 16528, 6.324, 4, 3, 16941
'bali_phy_msa.396.fas', 16520, 6.182, 4, 3, 16905
'bali_phy_msa.397.fas', 16703, 6.555, 4, 3, 17168
'bali_phy_msa.398.fas', 16856, 6.761, 5, 3, 17320
'bali_phy_msa.399.fas', 16173, 6.231, 4, 3, 16569
'bali_phy_msa.4.fas', 16694, 6.501, 4, 3, 17137
'bali_phy_msa.40.fas', 16276, 6.442, 5, 3, 16728
'bali_phy_msa.400.fas', 16303, 6.312, 4, 3, 16746
'bali_phy_msa.41.fas', 16466, 6.351, 4, 3, 16898
'bali_phy_msa.42.fas', 16379, 6.363, 4, 3, 16796
'bali_phy_msa.43.fas', 16272, 6.421, 4, 3, 16758
'bali_phy_msa.44.fas', 16673, 6.409, 4, 3, 17060
'bali_phy_msa.45.fas', 16219, 6.224, 4, 3, 16636
'bali_phy_msa.46.fas', 16642, 6.357, 4, 3, 17058
'bali_phy_msa.47.fas', 16679, 6.542, 4, 3, 17153
'bali_phy_msa.48.fas', 16202, 6.413, 5, 3, 16641
'bali_phy_msa.49.fas', 16489, 6.382, 4, 3, 16878
'bali_phy_msa.5.fas', 16739, 6.528, 4, 3, 17179
'bali_phy_msa.50.fas', 16787, 6.399, 4, 3, 17184
'bali_phy_msa.51.fas', 17522, 6.725, 4, 3, 17973
'bali_phy_msa.52.fas', 16337, 6.269, 4, 3, 16720
'bali_phy_msa.53.fas', 17163, 6.477, 4, 3, 17533
'bali_phy_msa.54.fas', 16299, 6.406, 4, 3, 16722
'bali_phy_msa.55.fas', 17438, 6.584, 4, 3, 17872
'bali_phy_msa.56.fas', 16452, 6.24, 4, 3, 16868
'bali_phy_msa.57.fas', 16902, 6.486, 4, 3, 17350
'bali_phy_msa.58.fas', 16431, 6.646, 5, 3, 16908
'bali_phy_msa.59.fas', 16481, 6.751, 5, 3, 16974
'bali_phy_msa.6.fas', 16414, 6.399, 4, 3, 16841
'bali_phy_msa.60.fas', 16029, 6.106, 4, 3, 16384
'bali_phy_msa.61.fas', 16789, 6.388, 4, 3, 17188
'bali_phy_msa.62.fas', 16429, 6.381, 4, 3, 16930
'bali_phy_msa.63.fas', 16545, 6.286, 4, 3, 16982
'bali_phy_msa.64.fas', 16244, 6.177, 4, 3, 16670
'bali_phy_msa.65.fas', 16170, 6.226, 4, 3, 16591
'bali_phy_msa.66.fas', 16946, 6.51, 4, 3, 17380
'bali_phy_msa.67.fas', 16600, 6.548, 5, 3, 17050
'bali_phy_msa.68.fas', 16279, 6.281, 4, 3, 16680
'bali_phy_msa.69.fas', 16598, 6.345, 4, 3, 17007
'bali_phy_msa.7.fas', 17403, 6.635, 4, 3, 17824
'bali_phy_msa.70.fas', 16796, 6.397, 4, 3, 17198
'bali_phy_msa.71.fas', 16400, 6.528, 5, 3, 16892
'bali_phy_msa.72.fas', 16272, 6.241, 4, 3, 16619
'bali_phy_msa.73.fas', 16374, 6.429, 4, 3, 16855
'bali_phy_msa.74.fas', 16331, 6.304, 4, 3, 16761
'bali_phy_msa.75.fas', 16134, 6.428, 5, 3, 16586
'bali_phy_msa.76.fas', 16391, 6.365, 4, 3, 16850
'bali_phy_msa.77.fas', 16020, 6.135, 4, 3, 16446
'bali_phy_msa.78.fas', 16831, 6.478, 4, 3, 17244
'bali_phy_msa.79.fas', 16458, 6.337, 4, 3, 16854
'bali_phy_msa.8.fas', 16546, 6.508, 4, 3, 16986
'bali_phy_msa.80.fas', 16413, 6.383, 4, 3, 16892
'bali_phy_msa.81.fas', 16109, 6.391, 5, 3, 16550
'bali_phy_msa.82.fas', 16693, 6.532, 5, 3, 17154
'bali_phy_msa.83.fas', 17480, 6.761, 4, 3, 17948
'bali_phy_msa.84.fas', 16799, 6.495, 4, 3, 17278
'bali_phy_msa.85.fas', 16509, 6.538, 4, 3, 17004
'bali_phy_msa.86.fas', 16666, 6.579, 4, 3, 17119
'bali_phy_msa.87.fas', 16349, 6.259, 4, 3, 16717
'bali_phy_msa.88.fas', 16794, 6.465, 4, 3, 17196
'bali_phy_msa.89.fas', 16483, 6.325, 4, 3, 16896
'bali_phy_msa.9.fas', 16418, 6.645, 4, 3, 17039
'bali_phy_msa.90.fas', 16608, 6.393, 4, 3, 17024
'bali_phy_msa.91.fas', 16836, 6.473, 4, 3, 17277
'bali_phy_msa.92.fas', 17070, 6.641, 5, 3, 17555
'bali_phy_msa.93.fas', 15993, 6.113, 4, 3, 16389
'bali_phy_msa.94.fas', 15985, 6.138, 4, 3, 16358
'bali_phy_msa.95.fas', 16836, 6.55, 4, 3, 17288
'bali_phy_msa.96.fas', 16813, 6.428, 4, 3, 17188
'bali_phy_msa.97.fas', 17404, 6.564, 4, 3, 17816
'bali_phy_msa.98.fas', 16611, 6.527, 4, 3, 17106
'bali_phy_msa.99.fas', 16632, 6.422, 4, 3, 17111
'MAFFT_b0#0051_hhH_tree_47_OP_1.2558167082838578_Split_51.fasta', 14021, 5.477, 4, 3, 14383
'MAFFT_b0#0051_htH_tree_0_OP_1.9201310643830272_Split_51.fasta', 16291, 6.113, 4, 3, 16717
'MAFFT_b0#0051_htH_tree_57_OP_1.8145645468714477_Split_51.fasta', 13414, 5.247, 4, 2, 13722
'MAFFT_b0#0051_htH_tree_93_OP_2.2336854992597184_Split_51.fasta', 13429, 5.208, 3, 2, 13759
'MAFFT_b0#0051_htT_tree_0_OP_1.9201310643830272_Split_51.fasta', 16291, 6.113, 4, 3, 16717
'MAFFT_b0#0051_htT_tree_57_OP_1.8145645468714477_Split_51.fasta', 13414, 5.247, 4, 2, 13722
'MAFFT_b0#0051_thH_tree_57_OP_1.8145645468714477_Split_51.fasta', 13578, 5.296, 4, 2, 13894
'MAFFT_b0#0051_thH_tree_93_OP_2.2336854992597184_Split_51.fasta', 13421, 5.227, 3, 2, 13750
'MAFFT_b0#0051_thT_tree_0_OP_1.9201310643830272_Split_51.fasta', 15168, 5.695, 4, 2, 15556
'MAFFT_b0#0051_thT_tree_47_OP_1.2558167082838578_Split_51.fasta', 14021, 5.477, 4, 3, 14383
'MAFFT_b0#0051_ttH_tree_47_OP_1.2558167082838578_Split_51.fasta', 14027, 5.544, 4, 3, 14395
'MAFFT_b0#0051_ttH_tree_93_OP_2.2336854992597184_Split_51.fasta', 13429, 5.208, 3, 2, 13759
'MAFFT_b0#0051_ttT_tree_0_OP_1.9201310643830272_Split_51.fasta', 16291, 6.113, 4, 3, 16717
'MAFFT_b0#0051_ttT_tree_47_OP_1.2558167082838578_Split_51.fasta', 14027, 5.544, 4, 3, 14395
'MAFFT_b0#0051_ttT_tree_57_OP_1.8145645468714477_Split_51.fasta', 13414, 5.247, 4, 2, 13722
'MAFFT_b0#0051_ttT_tree_93_OP_2.2336854992597184_Split_51.fasta', 13429, 5.208, 3, 2, 13759
'MAFFT_b0#0053_hhH_tree_5_OP_1.3773636194735985_Split_53.fasta', 13732, 5.349, 4, 3, 14084
'MAFFT_b0#0053_hhH_tree_60_OP_2.2485867324412547_Split_53.fasta', 13240, 5.122, 3, 2, 13559
'MAFFT_b0#0053_hhT_tree_60_OP_2.2485867324412547_Split_53.fasta', 13240, 5.122, 3, 2, 13559
'MAFFT_b0#0053_htH_tree_5_OP_1.3773636194735985_Split_53.fasta', 13654, 5.427, 4, 3, 14022
'MAFFT_b0#0053_htT_tree_5_OP_1.3773636194735985_Split_53.fasta', 13654, 5.427, 4, 3, 14022
'MAFFT_b0#0053_thH_tree_60_OP_2.2485867324412547_Split_53.fasta', 13240, 5.122, 3, 2, 13559
'MAFFT_b0#0053_thT_tree_5_OP_1.3773636194735985_Split_53.fasta', 13732, 5.349, 4, 3, 14084
'MAFFT_b0#0053_ttH_tree_60_OP_2.2485867324412547_Split_53.fasta', 13240, 5.119, 3, 2, 13558
'MAFFT_b0#0054_hhH_tree_35_OP_2.3157753293540146_Split_54.fasta', 14169, 5.443, 3, 2, 14502
'MAFFT_b0#0054_htH_tree_35_OP_2.3157753293540146_Split_54.fasta', 14173, 5.452, 4, 2, 14515
'MAFFT_b0#0054_thH_tree_35_OP_2.3157753293540146_Split_54.fasta', 14169, 5.443, 3, 2, 14502
'MAFFT_b0#0054_ttT_tree_35_OP_2.3157753293540146_Split_54.fasta', 14173, 5.452, 4, 2, 14515
'MAFFT_b0#0057_htH_tree_1_OP_1.4037489078147287_Split_57.fasta', 14066, 5.378, 4, 2, 14369
'MAFFT_b0#0057_htT_tree_1_OP_1.4037489078147287_Split_57.fasta', 14066, 5.378, 4, 2, 14369
'MAFFT_b0#0057_thT_tree_1_OP_1.4037489078147287_Split_57.fasta', 14062, 5.355, 4, 2, 14364
'MAFFT_b0#0057_ttT_tree_1_OP_1.4037489078147287_Split_57.fasta', 14066, 5.378, 4, 2, 14369
'MAFFT_b0#0058_hhH_tree_13_OP_1.7913990869854772_Split_58.fasta', 13306, 5.247, 4, 2, 13672
'MAFFT_b0#0058_htH_tree_11_OP_1.3146381684889776_Split_58.fasta', 13636, 5.246, 3, 2, 13971
'MAFFT_b0#0058_htH_tree_13_OP_1.7913990869854772_Split_58.fasta', 13247, 5.262, 4, 2, 13584
'MAFFT_b0#0058_htT_tree_11_OP_1.3146381684889776_Split_58.fasta', 13636, 5.246, 3, 2, 13971
'MAFFT_b0#0058_thH_tree_13_OP_1.7913990869854772_Split_58.fasta', 13306, 5.247, 4, 2, 13672
'MAFFT_b0#0058_ttH_tree_11_OP_1.3146381684889776_Split_58.fasta', 13660, 5.275, 3, 2, 14002
'MAFFT_b0#0058_ttT_tree_11_OP_1.3146381684889776_Split_58.fasta', 13660, 5.275, 3, 2, 14002
'MAFFT_b0#0058_ttT_tree_13_OP_1.7913990869854772_Split_58.fasta', 13247, 5.262, 4, 2, 13584
'MAFFT_b0#0060_hhT_tree_32_OP_1.498379977124041_Split_60.fasta', 14853, 5.748, 4, 3, 15234
'MAFFT_b0#0060_htH_tree_32_OP_1.498379977124041_Split_60.fasta', 14851, 5.751, 4, 3, 15230
'MAFFT_b0#0060_htT_tree_32_OP_1.498379977124041_Split_60.fasta', 14851, 5.751, 4, 3, 15230
'MAFFT_b0#0060_ttH_tree_32_OP_1.498379977124041_Split_60.fasta', 14851, 5.751, 4, 3, 15230
'MAFFT_b0#0061_hhH_tree_87_OP_1.1834961203615137_Split_61.fasta', 14411, 5.599, 4, 3, 14784
'MAFFT_b0#0061_hhH_tree_88_OP_2.9570433978664177_Split_61.fasta', 13249, 5.137, 3, 2, 13551
'MAFFT_b0#0061_hhH_tree_97_OP_2.1094152983091004_Split_61.fasta', 13479, 5.296, 4, 2, 13790
'MAFFT_b0#0061_hhT_tree_18_OP_1.3304542342131214_Split_61.fasta', 14511, 5.551, 4, 2, 14908
'MAFFT_b0#0061_hhT_tree_30_OP_2.908145211858187_Split_61.fasta', 13268, 5.155, 3, 2, 13589
'MAFFT_b0#0061_htH_tree_18_OP_1.3304542342131214_Split_61.fasta', 14747, 5.572, 4, 2, 15057
'MAFFT_b0#0061_htH_tree_30_OP_2.908145211858187_Split_61.fasta', 13274, 5.155, 3, 2, 13597
'MAFFT_b0#0061_htH_tree_72_OP_1.8278688995959085_Split_61.fasta', 15900, 5.985, 4, 2, 16276
'MAFFT_b0#0061_htH_tree_88_OP_2.9570433978664177_Split_61.fasta', 13246, 5.141, 3, 2, 13549
'MAFFT_b0#0061_htT_tree_87_OP_1.1834961203615137_Split_61.fasta', 14234, 5.577, 4, 3, 14599
'MAFFT_b0#0061_htT_tree_97_OP_2.1094152983091004_Split_61.fasta', 13162, 5.167, 3, 2, 13451
'MAFFT_b0#0061_thH_tree_18_OP_1.3304542342131214_Split_61.fasta', 14511, 5.551, 4, 2, 14908
'MAFFT_b0#0061_thH_tree_72_OP_1.8278688995959085_Split_61.fasta', 15896, 5.94, 4, 2, 16267
'MAFFT_b0#0061_thT_tree_30_OP_2.908145211858187_Split_61.fasta', 13268, 5.155, 3, 2, 13589
'MAFFT_b0#0061_thT_tree_72_OP_1.8278688995959085_Split_61.fasta', 15896, 5.94, 4, 2, 16267
'MAFFT_b0#0061_thT_tree_87_OP_1.1834961203615137_Split_61.fasta', 14411, 5.599, 4, 3, 14784
'MAFFT_b0#0061_thT_tree_88_OP_2.9570433978664177_Split_61.fasta', 13249, 5.137, 3, 2, 13551
'MAFFT_b0#0061_thT_tree_97_OP_2.1094152983091004_Split_61.fasta', 13479, 5.296, 4, 2, 13790
'MAFFT_b0#0061_ttT_tree_18_OP_1.3304542342131214_Split_61.fasta', 14747, 5.572, 4, 2, 15057
'MAFFT_b0#0061_ttT_tree_30_OP_2.908145211858187_Split_61.fasta', 13274, 5.155, 3, 2, 13597
'MAFFT_b0#0061_ttT_tree_72_OP_1.8278688995959085_Split_61.fasta', 15900, 5.985, 4, 2, 16276
'MAFFT_b0#0061_ttT_tree_87_OP_1.1834961203615137_Split_61.fasta', 14234, 5.577, 4, 3, 14599
'MAFFT_b0#0061_ttT_tree_88_OP_2.9570433978664177_Split_61.fasta', 13246, 5.141, 3, 2, 13549
'MAFFT_b0#0061_ttT_tree_97_OP_2.1094152983091004_Split_61.fasta', 13162, 5.167, 3, 2, 13451
'MAFFT_b0#0063_hhH_tree_37_OP_2.065965428692473_Split_63.fasta', 12975, 5.117, 3, 2, 13323
'MAFFT_b0#0063_hhT_tree_89_OP_2.6540913216611166_Split_63.fasta', 13873, 5.374, 4, 2, 14211
'MAFFT_b0#0063_htH_tree_37_OP_2.065965428692473_Split_63.fasta', 12613, 4.953, 3, 2, 12945
'MAFFT_b0#0063_htH_tree_89_OP_2.6540913216611166_Split_63.fasta', 13588, 5.196, 3, 2, 13891
'MAFFT_b0#0063_thH_tree_37_OP_2.065965428692473_Split_63.fasta', 12975, 5.117, 3, 2, 13323
'MAFFT_b0#0063_thT_tree_89_OP_2.6540913216611166_Split_63.fasta', 13873, 5.373, 4, 2, 14211
'MAFFT_b0#0063_ttH_tree_37_OP_2.065965428692473_Split_63.fasta', 12613, 4.953, 3, 2, 12945
'MAFFT_b0#0063_ttH_tree_89_OP_2.6540913216611166_Split_63.fasta', 13588, 5.195, 3, 2, 13891
'MAFFT_b0#0065_htH_tree_26_OP_2.2970226808572787_Split_65.fasta', 13555, 5.368, 4, 3, 13918
'MAFFT_b0#0065_htT_tree_55_OP_1.534121132575311_Split_65.fasta', 15963, 6.029, 4, 3, 16420
'MAFFT_b0#0065_thH_tree_26_OP_2.2970226808572787_Split_65.fasta', 13538, 5.338, 4, 3, 13906
'MAFFT_b0#0065_thH_tree_55_OP_1.534121132575311_Split_65.fasta', 16032, 6.019, 4, 3, 16500
'MAFFT_b0#0065_thT_tree_55_OP_1.534121132575311_Split_65.fasta', 16032, 6.019, 4, 3, 16500
'MAFFT_b0#0065_ttH_tree_26_OP_2.2970226808572787_Split_65.fasta', 13567, 5.368, 4, 3, 13917
'MAFFT_b0#0065_ttT_tree_26_OP_2.2970226808572787_Split_65.fasta', 13567, 5.368, 4, 3, 13917
'MAFFT_b0#0065_ttT_tree_55_OP_1.534121132575311_Split_65.fasta', 15963, 6.029, 4, 3, 16420
'MAFFT_b0#0066_hhH_tree_77_OP_1.3827668594678542_Split_66.fasta', 13574, 5.244, 4, 3, 13878
'MAFFT_b0#0066_hhT_tree_99_OP_1.9136688454364907_Split_66.fasta', 13523, 5.325, 4, 2, 13872
'MAFFT_b0#0066_htT_tree_99_OP_1.9136688454364907_Split_66.fasta', 13506, 5.322, 4, 2, 13856
'MAFFT_b0#0066_thH_tree_77_OP_1.3827668594678542_Split_66.fasta', 13574, 5.244, 4, 3, 13878
'MAFFT_b0#0066_thH_tree_99_OP_1.9136688454364907_Split_66.fasta', 13525, 5.329, 4, 2, 13874
'MAFFT_b0#0066_thT_tree_99_OP_1.9136688454364907_Split_66.fasta', 13525, 5.329, 4, 2, 13874
'MAFFT_b0#0066_ttH_tree_77_OP_1.3827668594678542_Split_66.fasta', 13587, 5.256, 4, 2, 13889
'MAFFT_b0#0066_ttT_tree_77_OP_1.3827668594678542_Split_66.fasta', 13587, 5.256, 4, 2, 13889
'MAFFT_b0#0067_hhT_tree_4_OP_1.1542677766261527_Split_67.fasta', 13948, 5.632, 4, 3, 14459
'MAFFT_b0#0067_htH_tree_4_OP_1.1542677766261527_Split_67.fasta', 13842, 5.547, 4, 3, 14341
'MAFFT_b0#0067_htH_tree_76_OP_1.9781210467371317_Split_67.fasta', 13442, 5.256, 3, 2, 13748
'MAFFT_b0#0067_thH_tree_76_OP_1.9781210467371317_Split_67.fasta', 13406, 5.178, 3, 2, 13694
'MAFFT_b0#0067_thT_tree_4_OP_1.1542677766261527_Split_67.fasta', 13948, 5.632, 4, 3, 14459
'MAFFT_b0#0067_ttH_tree_76_OP_1.9781210467371317_Split_67.fasta', 13442, 5.256, 3, 2, 13748
'MAFFT_b0#0067_ttT_tree_4_OP_1.1542677766261527_Split_67.fasta', 13842, 5.547, 4, 3, 14341
'MAFFT_b0#0067_ttT_tree_76_OP_1.9781210467371317_Split_67.fasta', 13442, 5.256, 3, 2, 13748
'MAFFT_b0#0069_htH_tree_20_OP_2.4221981553992458_Split_69.fasta', 14649, 5.515, 3, 2, 15019
'MAFFT_b0#0069_htH_tree_73_OP_2.973262473304242_Split_69.fasta', 13350, 5.228, 3, 2, 13669
'MAFFT_b0#0069_htT_tree_20_OP_2.4221981553992458_Split_69.fasta', 14649, 5.515, 3, 2, 15019
'MAFFT_b0#0069_htT_tree_73_OP_2.973262473304242_Split_69.fasta', 13350, 5.228, 3, 2, 13669
'MAFFT_b0#0069_thH_tree_20_OP_2.4221981553992458_Split_69.fasta', 14649, 5.521, 3, 2, 15020
'MAFFT_b0#0069_thH_tree_73_OP_2.973262473304242_Split_69.fasta', 13361, 5.201, 3, 2, 13676
'MAFFT_b0#0069_thT_tree_20_OP_2.4221981553992458_Split_69.fasta', 14649, 5.521, 3, 2, 15020
'MAFFT_b0#0069_ttH_tree_73_OP_2.973262473304242_Split_69.fasta', 13350, 5.228, 3, 2, 13669
'MAFFT_b0#0070_hhH_tree_86_OP_1.7393056698625855_Split_70.fasta', 14265, 5.534, 4, 3, 14617
'MAFFT_b0#0070_hhT_tree_17_OP_1.818409912056766_Split_70.fasta', 14232, 5.433, 4, 2, 14581
'MAFFT_b0#0070_htH_tree_86_OP_1.7393056698625855_Split_70.fasta', 13978, 5.396, 4, 2, 14315
'MAFFT_b0#0070_thH_tree_17_OP_1.818409912056766_Split_70.fasta', 14232, 5.466, 4, 2, 14585
'MAFFT_b0#0070_thH_tree_86_OP_1.7393056698625855_Split_70.fasta', 14265, 5.534, 4, 3, 14617
'MAFFT_b0#0070_ttH_tree_17_OP_1.818409912056766_Split_70.fasta', 14234, 5.463, 4, 2, 14587
'MAFFT_b0#0070_ttT_tree_17_OP_1.818409912056766_Split_70.fasta', 14234, 5.463, 4, 2, 14587
'MAFFT_b0#0070_ttT_tree_86_OP_1.7393056698625855_Split_70.fasta', 13978, 5.396, 4, 2, 14315
'MAFFT_b0#0071_thH_tree_83_OP_1.1196527601502904_Split_71.fasta', 13664, 5.454, 4, 3, 14079
'MAFFT_b0#0071_thT_tree_83_OP_1.1196527601502904_Split_71.fasta', 13664, 5.454, 4, 3, 14079
'MAFFT_b0#0071_ttH_tree_83_OP_1.1196527601502904_Split_71.fasta', 13522, 5.44, 4, 3, 13933
'MAFFT_b0#0071_ttT_tree_83_OP_1.1196527601502904_Split_71.fasta', 13522, 5.44, 4, 3, 13933
'MAFFT_b0#0072_hhH_tree_16_OP_1.904493049197901_Split_72.fasta', 14622, 5.655, 4, 3, 15024
'MAFFT_b0#0072_hhH_tree_2_OP_2.0780663887168265_Split_72.fasta', 15019, 5.716, 4, 2, 15483
'MAFFT_b0#0072_htH_tree_2_OP_2.0780663887168265_Split_72.fasta', 15670, 5.775, 4, 2, 16082
'MAFFT_b0#0072_htT_tree_16_OP_1.904493049197901_Split_72.fasta', 14606, 5.672, 4, 3, 15019
'MAFFT_b0#0072_htT_tree_2_OP_2.0780663887168265_Split_72.fasta', 15670, 5.775, 4, 2, 16082
'MAFFT_b0#0072_thH_tree_2_OP_2.0780663887168265_Split_72.fasta', 15019, 5.743, 4, 2, 15494
'MAFFT_b0#0072_ttH_tree_16_OP_1.904493049197901_Split_72.fasta', 14606, 5.672, 4, 3, 15019
'MAFFT_b0#0072_ttT_tree_16_OP_1.904493049197901_Split_72.fasta', 14606, 5.672, 4, 3, 15019
'MAFFT_b0#0073_hhT_tree_96_OP_2.2598618576256135_Split_73.fasta', 13388, 5.243, 3, 2, 13725
'MAFFT_b0#0073_htH_tree_96_OP_2.2598618576256135_Split_73.fasta', 13388, 5.243, 3, 2, 13726
'MAFFT_b0#0073_htT_tree_38_OP_1.4036490691810368_Split_73.fasta', 16724, 6.188, 4, 3, 17133
'MAFFT_b0#0073_htT_tree_96_OP_2.2598618576256135_Split_73.fasta', 13388, 5.243, 3, 2, 13726
'MAFFT_b0#0073_thT_tree_38_OP_1.4036490691810368_Split_73.fasta', 16624, 6.2, 4, 3, 16992
'MAFFT_b0#0073_thT_tree_96_OP_2.2598618576256135_Split_73.fasta', 13388, 5.243, 3, 2, 13725
'MAFFT_b0#0073_ttH_tree_38_OP_1.4036490691810368_Split_73.fasta', 16603, 6.158, 4, 3, 17008
'MAFFT_b0#0073_ttT_tree_38_OP_1.4036490691810368_Split_73.fasta', 16603, 6.158, 4, 3, 17008
'MAFFT_b0#0074_hhH_tree_56_OP_1.8151633835449412_Split_74.fasta', 13688, 5.319, 3, 2, 14066
'MAFFT_b0#0074_hhH_tree_79_OP_1.1319264156945865_Split_74.fasta', 14757, 5.743, 4, 3, 15165
'MAFFT_b0#0074_htH_tree_56_OP_1.8151633835449412_Split_74.fasta', 13695, 5.36, 3, 2, 14074
'MAFFT_b0#0074_htT_tree_79_OP_1.1319264156945865_Split_74.fasta', 14755, 5.759, 4, 3, 15169
'MAFFT_b0#0074_thT_tree_56_OP_1.8151633835449412_Split_74.fasta', 13688, 5.319, 3, 2, 14066
'MAFFT_b0#0074_ttH_tree_56_OP_1.8151633835449412_Split_74.fasta', 13695, 5.36, 3, 2, 14074
'MAFFT_b0#0074_ttH_tree_79_OP_1.1319264156945865_Split_74.fasta', 14755, 5.759, 4, 3, 15169
'MAFFT_b0#0074_ttT_tree_79_OP_1.1319264156945865_Split_74.fasta', 14755, 5.759, 4, 3, 15169
'MAFFT_b0#0075_hhH_tree_81_OP_1.1314497018902243_Split_75.fasta', 15584, 5.93, 4, 3, 15913
'MAFFT_b0#0075_hhT_tree_19_OP_1.5848887345678324_Split_75.fasta', 12793, 4.991, 3, 2, 13072
'MAFFT_b0#0075_htH_tree_19_OP_1.5848887345678324_Split_75.fasta', 12793, 4.989, 3, 2, 13072
'MAFFT_b0#0075_htH_tree_81_OP_1.1314497018902243_Split_75.fasta', 15594, 5.954, 4, 3, 15932
'MAFFT_b0#0075_thH_tree_81_OP_1.1314497018902243_Split_75.fasta', 15584, 5.93, 4, 3, 15913
'MAFFT_b0#0075_thT_tree_19_OP_1.5848887345678324_Split_75.fasta', 12732, 5.0, 3, 2, 13013
'MAFFT_b0#0075_ttH_tree_19_OP_1.5848887345678324_Split_75.fasta', 12732, 4.997, 3, 2, 13012
'MAFFT_b0#0075_ttH_tree_81_OP_1.1314497018902243_Split_75.fasta', 15594, 5.954, 4, 3, 15932
'MAFFT_b0#0077_hhT_tree_15_OP_2.550159221795637_Split_77.fasta', 13265, 5.177, 3, 2, 13576
'MAFFT_b0#0077_htT_tree_15_OP_2.550159221795637_Split_77.fasta', 13227, 5.129, 3, 2, 13559
'MAFFT_b0#0077_thH_tree_15_OP_2.550159221795637_Split_77.fasta', 13265, 5.177, 3, 2, 13576
'MAFFT_b0#0077_thT_tree_15_OP_2.550159221795637_Split_77.fasta', 13265, 5.177, 3, 2, 13576
'MAFFT_b0#0079_hhH_tree_53_OP_2.8446810696084794_Split_79.fasta', 12473, 4.988, 4, 2, 12834
'MAFFT_b0#0079_hhT_tree_53_OP_2.8446810696084794_Split_79.fasta', 12473, 4.988, 4, 2, 12834
'MAFFT_b0#0079_htT_tree_53_OP_2.8446810696084794_Split_79.fasta', 12473, 4.988, 4, 2, 12834
'MAFFT_b0#0079_ttH_tree_53_OP_2.8446810696084794_Split_79.fasta', 12481, 4.978, 4, 2, 12837
'MAFFT_b0#0081_hhH_tree_28_OP_2.8015195195451144_Split_81.fasta', 13002, 5.08, 3, 2, 13301
'MAFFT_b0#0081_hhT_tree_28_OP_2.8015195195451144_Split_81.fasta', 13002, 5.08, 3, 2, 13301
'MAFFT_b0#0081_htH_tree_70_OP_2.86216121405654_Split_81.fasta', 13493, 5.317, 4, 2, 13865
'MAFFT_b0#0081_htT_tree_70_OP_2.86216121405654_Split_81.fasta', 13493, 5.317, 4, 2, 13865
'MAFFT_b0#0081_thH_tree_70_OP_2.86216121405654_Split_81.fasta', 13493, 5.319, 4, 2, 13836
'MAFFT_b0#0081_thT_tree_28_OP_2.8015195195451144_Split_81.fasta', 13002, 5.08, 3, 2, 13301
'MAFFT_b0#0081_ttH_tree_28_OP_2.8015195195451144_Split_81.fasta', 13002, 5.082, 3, 2, 13304
'MAFFT_b0#0081_ttH_tree_70_OP_2.86216121405654_Split_81.fasta', 13493, 5.317, 4, 2, 13865
'MAFFT_b0#0085_hhH_tree_6_OP_2.614406638642872_Split_85.fasta', 13864, 5.279, 3, 2, 14213
'MAFFT_b0#0085_htH_tree_6_OP_2.614406638642872_Split_85.fasta', 13882, 5.284, 3, 2, 14235
'MAFFT_b0#0085_htT_tree_43_OP_1.1593268235540946_Split_85.fasta', 14383, 5.757, 4, 3, 14800
'MAFFT_b0#0085_htT_tree_6_OP_2.614406638642872_Split_85.fasta', 13882, 5.284, 3, 2, 14235
'MAFFT_b0#0085_thT_tree_43_OP_1.1593268235540946_Split_85.fasta', 14459, 5.652, 4, 3, 14811
'MAFFT_b0#0085_thT_tree_6_OP_2.614406638642872_Split_85.fasta', 13864, 5.279, 3, 2, 14213
'MAFFT_b0#0085_ttH_tree_43_OP_1.1593268235540946_Split_85.fasta', 14383, 5.757, 4, 3, 14800
'MAFFT_b0#0085_ttT_tree_43_OP_1.1593268235540946_Split_85.fasta', 14383, 5.757, 4, 3, 14800
'MAFFT_b0#0086_hhH_tree_98_OP_1.0089131553899002_Split_86.fasta', 14361, 5.895, 5, 3, 14871
'MAFFT_b0#0086_hhT_tree_98_OP_1.0089131553899002_Split_86.fasta', 14361, 5.898, 5, 3, 14874
'MAFFT_b0#0086_htH_tree_98_OP_1.0089131553899002_Split_86.fasta', 14118, 5.799, 4, 3, 14612
'MAFFT_b0#0086_thH_tree_98_OP_1.0089131553899002_Split_86.fasta', 14361, 5.895, 5, 3, 14871
'MAFFT_b0#0088_hhH_tree_24_OP_2.5256879150632905_Split_88.fasta', 13218, 5.097, 3, 2, 13548
'MAFFT_b0#0088_htH_tree_24_OP_2.5256879150632905_Split_88.fasta', 13212, 5.089, 3, 2, 13540
'MAFFT_b0#0088_htT_tree_24_OP_2.5256879150632905_Split_88.fasta', 13212, 5.089, 3, 2, 13540
'MAFFT_b0#0088_thH_tree_24_OP_2.5256879150632905_Split_88.fasta', 13218, 5.097, 3, 2, 13548
'MAFFT_b0#0089_hhH_tree_3_OP_2.728084439580989_Split_89.fasta', 13988, 5.344, 3, 2, 14285
'MAFFT_b0#0089_hhT_tree_3_OP_2.728084439580989_Split_89.fasta', 13988, 5.344, 3, 2, 14285
'MAFFT_b0#0089_htH_tree_3_OP_2.728084439580989_Split_89.fasta', 13988, 5.335, 3, 2, 14295
'MAFFT_b0#0089_htT_tree_3_OP_2.728084439580989_Split_89.fasta', 13988, 5.335, 3, 2, 14295
'MAFFT_b0#0091_hhH_tree_58_OP_2.470758940826272_Split_91.fasta', 13063, 5.042, 3, 2, 13361
'MAFFT_b0#0091_htH_tree_58_OP_2.470758940826272_Split_91.fasta', 13063, 5.042, 3, 2, 13361
'MAFFT_b0#0091_thH_tree_58_OP_2.470758940826272_Split_91.fasta', 13015, 5.028, 3, 2, 13321
'MAFFT_b0#0091_thT_tree_58_OP_2.470758940826272_Split_91.fasta', 13015, 5.028, 3, 2, 13321
'MAFFT_b0#0092_hhH_tree_42_OP_1.3915835484150982_Split_92.fasta', 13409, 5.218, 3, 2, 13781
'MAFFT_b0#0092_htH_tree_42_OP_1.3915835484150982_Split_92.fasta', 13424, 5.205, 3, 2, 13797
'MAFFT_b0#0092_thH_tree_42_OP_1.3915835484150982_Split_92.fasta', 13409, 5.217, 3, 2, 13780
'MAFFT_b0#0092_thT_tree_42_OP_1.3915835484150982_Split_92.fasta', 13409, 5.217, 3, 2, 13780
'MAFFT_b0#0093_hhH_tree_50_OP_1.9153041649578615_Split_93.fasta', 14594, 5.471, 3, 2, 14934
'MAFFT_b0#0093_htH_tree_49_OP_1.2895147288295243_Split_93.fasta', 13519, 5.22, 4, 2, 13887
'MAFFT_b0#0093_htH_tree_50_OP_1.9153041649578615_Split_93.fasta', 14307, 5.395, 3, 2, 14609
'MAFFT_b0#0093_htT_tree_50_OP_1.9153041649578615_Split_93.fasta', 14307, 5.395, 3, 2, 14609
'MAFFT_b0#0093_thH_tree_49_OP_1.2895147288295243_Split_93.fasta', 13389, 5.217, 4, 2, 13743
'MAFFT_b0#0093_thT_tree_49_OP_1.2895147288295243_Split_93.fasta', 13389, 5.217, 4, 2, 13743
'MAFFT_b0#0093_ttT_tree_49_OP_1.2895147288295243_Split_93.fasta', 13389, 5.218, 4, 2, 13742
'MAFFT_b0#0093_ttT_tree_50_OP_1.9153041649578615_Split_93.fasta', 13999, 5.251, 3, 2, 14279
'MAFFT_b0#0094_hhH_tree_61_OP_2.233368308529553_Split_94.fasta', 13772, 5.335, 3, 2, 14111
'MAFFT_b0#0094_hhT_tree_63_OP_2.7597843575557506_Split_94.fasta', 13265, 5.137, 3, 2, 13540
'MAFFT_b0#0094_htT_tree_63_OP_2.7597843575557506_Split_94.fasta', 13292, 5.163, 3, 2, 13586
'MAFFT_b0#0094_thH_tree_61_OP_2.233368308529553_Split_94.fasta', 13772, 5.341, 3, 2, 14111
'MAFFT_b0#0094_thH_tree_63_OP_2.7597843575557506_Split_94.fasta', 13265, 5.134, 3, 2, 13539
'MAFFT_b0#0094_thT_tree_61_OP_2.233368308529553_Split_94.fasta', 13772, 5.341, 3, 2, 14111
'MAFFT_b0#0094_thT_tree_63_OP_2.7597843575557506_Split_94.fasta', 13265, 5.134, 3, 2, 13539
'MAFFT_b0#0094_ttH_tree_61_OP_2.233368308529553_Split_94.fasta', 13468, 5.199, 3, 2, 13785
'MAFFT_b0#0095_hhH_tree_36_OP_1.861931102167887_Split_95.fasta', 15220, 5.777, 4, 2, 15581
'MAFFT_b0#0095_hhT_tree_25_OP_1.0509666088927379_Split_95.fasta', 14703, 5.695, 4, 3, 15041
'MAFFT_b0#0095_hhT_tree_36_OP_1.861931102167887_Split_95.fasta', 15220, 5.777, 4, 2, 15581
'MAFFT_b0#0095_htT_tree_25_OP_1.0509666088927379_Split_95.fasta', 14703, 5.695, 4, 3, 15041
'MAFFT_b0#0095_htT_tree_36_OP_1.861931102167887_Split_95.fasta', 15220, 5.777, 4, 2, 15581
'MAFFT_b0#0095_thT_tree_25_OP_1.0509666088927379_Split_95.fasta', 14690, 5.672, 4, 3, 15038
'MAFFT_b0#0095_thT_tree_36_OP_1.861931102167887_Split_95.fasta', 15234, 5.777, 4, 2, 15581
'MAFFT_b0#0095_ttH_tree_25_OP_1.0509666088927379_Split_95.fasta', 14690, 5.672, 4, 3, 15038
'MAFFT_b1#0001_hhH_tree_41_OP_1.752396225471006_Split_1.fasta', 14252, 5.424, 4, 2, 14580
'MAFFT_b1#0001_hhH_tree_68_OP_2.7543395888868245_Split_1.fasta', 13022, 5.012, 3, 2, 13289
'MAFFT_b1#0001_hhT_tree_41_OP_1.752396225471006_Split_1.fasta', 14252, 5.424, 4, 2, 14580
'MAFFT_b1#0001_hhT_tree_68_OP_2.7543395888868245_Split_1.fasta', 13022, 5.012, 3, 2, 13289
'MAFFT_b1#0001_htH_tree_41_OP_1.752396225471006_Split_1.fasta', 14297, 5.429, 4, 2, 14612
'MAFFT_b1#0001_htH_tree_68_OP_2.7543395888868245_Split_1.fasta', 13044, 5.064, 3, 2, 13322
'MAFFT_b1#0001_htT_tree_41_OP_1.752396225471006_Split_1.fasta', 14297, 5.429, 4, 2, 14612
'MAFFT_b1#0001_htT_tree_68_OP_2.7543395888868245_Split_1.fasta', 13044, 5.064, 3, 2, 13322
'MAFFT_b1#0003_hhH_tree_7_OP_2.423506546963713_Split_3.fasta', 12295, 4.941, 3, 2, 12616
'MAFFT_b1#0003_hhT_tree_7_OP_2.423506546963713_Split_3.fasta', 12295, 4.941, 3, 2, 12616
'MAFFT_b1#0003_htH_tree_7_OP_2.423506546963713_Split_3.fasta', 12315, 4.966, 3, 2, 12663
'MAFFT_b1#0003_htT_tree_7_OP_2.423506546963713_Split_3.fasta', 12315, 4.966, 3, 2, 12663
'MAFFT_b1#0006_hhH_tree_12_OP_2.973153388725351_Split_6.fasta', 13228, 5.123, 3, 2, 13585
'MAFFT_b1#0006_hhH_tree_82_OP_2.6007870123262946_Split_6.fasta', 13211, 5.164, 3, 2, 13572
'MAFFT_b1#0006_hhT_tree_12_OP_2.973153388725351_Split_6.fasta', 13228, 5.123, 3, 2, 13585
'MAFFT_b1#0006_hhT_tree_82_OP_2.6007870123262946_Split_6.fasta', 13211, 5.164, 3, 2, 13572
'MAFFT_b1#0006_htH_tree_12_OP_2.973153388725351_Split_6.fasta', 13226, 5.129, 3, 2, 13583
'MAFFT_b1#0006_htH_tree_82_OP_2.6007870123262946_Split_6.fasta', 13279, 5.129, 3, 2, 13646
'MAFFT_b1#0006_htT_tree_12_OP_2.973153388725351_Split_6.fasta', 13226, 5.129, 3, 2, 13583
'MAFFT_b1#0006_htT_tree_82_OP_2.6007870123262946_Split_6.fasta', 13279, 5.129, 3, 2, 13646
'MAFFT_b1#0007_hhH_tree_40_OP_1.431276692692299_Split_7.fasta', 13833, 5.337, 4, 2, 14148
'MAFFT_b1#0007_hhT_tree_40_OP_1.431276692692299_Split_7.fasta', 13833, 5.337, 4, 2, 14148
'MAFFT_b1#0007_htH_tree_40_OP_1.431276692692299_Split_7.fasta', 13846, 5.337, 4, 2, 14165
'MAFFT_b1#0007_htT_tree_40_OP_1.431276692692299_Split_7.fasta', 13846, 5.337, 4, 2, 14165
'MAFFT_b1#0008_hhH_tree_29_OP_1.1774471868850718_Split_8.fasta', 13921, 5.459, 4, 3, 14316
'MAFFT_b1#0008_hhT_tree_29_OP_1.1774471868850718_Split_8.fasta', 13921, 5.459, 4, 3, 14316
'MAFFT_b1#0008_htH_tree_29_OP_1.1774471868850718_Split_8.fasta', 13921, 5.456, 4, 3, 14323
'MAFFT_b1#0008_htT_tree_29_OP_1.1774471868850718_Split_8.fasta', 13921, 5.456, 4, 3, 14323
'MAFFT_b1#0010_hhH_tree_48_OP_1.0349214069593133_Split_10.fasta', 13554, 5.225, 4, 3, 13874
'MAFFT_b1#0010_hhH_tree_51_OP_1.018044877173671_Split_10.fasta', 14345, 5.619, 4, 3, 14743
'MAFFT_b1#0010_hhT_tree_48_OP_1.0349214069593133_Split_10.fasta', 13554, 5.225, 4, 3, 13874
'MAFFT_b1#0010_hhT_tree_51_OP_1.018044877173671_Split_10.fasta', 14345, 5.619, 4, 3, 14743
'MAFFT_b1#0010_htH_tree_48_OP_1.0349214069593133_Split_10.fasta', 14172, 5.513, 4, 3, 14552
'MAFFT_b1#0010_htH_tree_51_OP_1.018044877173671_Split_10.fasta', 14169, 5.584, 4, 3, 14578
'MAFFT_b1#0010_htT_tree_48_OP_1.0349214069593133_Split_10.fasta', 14172, 5.513, 4, 3, 14552
'MAFFT_b1#0010_htT_tree_51_OP_1.018044877173671_Split_10.fasta', 14169, 5.584, 4, 3, 14578
'MAFFT_b1#0011_hhH_tree_84_OP_2.680201119072135_Split_11.fasta', 13500, 5.182, 3, 2, 13813
'MAFFT_b1#0011_hhT_tree_84_OP_2.680201119072135_Split_11.fasta', 13500, 5.182, 3, 2, 13813
'MAFFT_b1#0011_htH_tree_84_OP_2.680201119072135_Split_11.fasta', 13189, 5.061, 3, 2, 13490
'MAFFT_b1#0011_htT_tree_84_OP_2.680201119072135_Split_11.fasta', 13189, 5.061, 3, 2, 13490
'MAFFT_b1#0012_hhH_tree_62_OP_2.4330105528955412_Split_12.fasta', 15128, 5.75, 4, 2, 15485
'MAFFT_b1#0012_hhT_tree_62_OP_2.4330105528955412_Split_12.fasta', 15128, 5.75, 4, 2, 15485
'MAFFT_b1#0012_htH_tree_62_OP_2.4330105528955412_Split_12.fasta', 15105, 5.713, 4, 2, 15458
'MAFFT_b1#0012_htT_tree_62_OP_2.4330105528955412_Split_12.fasta', 15105, 5.713, 4, 2, 15458
'MAFFT_b1#0014_hhH_tree_44_OP_2.639288724484837_Split_14.fasta', 12709, 4.985, 3, 2, 13039
'MAFFT_b1#0014_hhH_tree_67_OP_1.9260663748429023_Split_14.fasta', 13578, 5.308, 3, 2, 13960
'MAFFT_b1#0014_hhT_tree_44_OP_2.639288724484837_Split_14.fasta', 12709, 4.985, 3, 2, 13039
'MAFFT_b1#0014_hhT_tree_67_OP_1.9260663748429023_Split_14.fasta', 13578, 5.308, 3, 2, 13960
'MAFFT_b1#0014_htH_tree_44_OP_2.639288724484837_Split_14.fasta', 12709, 4.981, 3, 2, 13039
'MAFFT_b1#0014_htH_tree_67_OP_1.9260663748429023_Split_14.fasta', 13338, 5.153, 3, 2, 13709
'MAFFT_b1#0014_htT_tree_44_OP_2.639288724484837_Split_14.fasta', 12709, 4.981, 3, 2, 13039
'MAFFT_b1#0014_htT_tree_67_OP_1.9260663748429023_Split_14.fasta', 13338, 5.153, 3, 2, 13709
'MAFFT_b1#0016_hhH_tree_33_OP_2.3139125348148384_Split_16.fasta', 13108, 5.18, 4, 2, 13461
'MAFFT_b1#0016_hhT_tree_33_OP_2.3139125348148384_Split_16.fasta', 13108, 5.18, 4, 2, 13461
'MAFFT_b1#0016_htH_tree_33_OP_2.3139125348148384_Split_16.fasta', 13099, 5.175, 4, 2, 13463
'MAFFT_b1#0016_htT_tree_33_OP_2.3139125348148384_Split_16.fasta', 13099, 5.175, 4, 2, 13463
'MAFFT_b1#0017_hhH_tree_45_OP_2.295265953595705_Split_17.fasta', 15024, 5.712, 4, 2, 15395
'MAFFT_b1#0017_hhH_tree_90_OP_2.1610607075340664_Split_17.fasta', 14730, 5.642, 4, 2, 15102
'MAFFT_b1#0017_hhT_tree_45_OP_2.295265953595705_Split_17.fasta', 15024, 5.712, 4, 2, 15395
'MAFFT_b1#0017_hhT_tree_90_OP_2.1610607075340664_Split_17.fasta', 14730, 5.642, 4, 2, 15102
'MAFFT_b1#0017_htH_tree_45_OP_2.295265953595705_Split_17.fasta', 14994, 5.684, 3, 2, 15378
'MAFFT_b1#0017_htH_tree_90_OP_2.1610607075340664_Split_17.fasta', 14206, 5.457, 4, 2, 14536
'MAFFT_b1#0017_htT_tree_45_OP_2.295265953595705_Split_17.fasta', 14994, 5.684, 3, 2, 15378
'MAFFT_b1#0017_htT_tree_90_OP_2.1610607075340664_Split_17.fasta', 14206, 5.457, 4, 2, 14536
'MAFFT_b1#0019_hhH_tree_54_OP_1.6636194832224898_Split_19.fasta', 13546, 5.269, 4, 2, 13865
'MAFFT_b1#0019_hhH_tree_94_OP_2.5553791369687318_Split_19.fasta', 14631, 5.537, 3, 2, 14963
'MAFFT_b1#0019_hhT_tree_54_OP_1.6636194832224898_Split_19.fasta', 13546, 5.269, 4, 2, 13865
'MAFFT_b1#0019_hhT_tree_94_OP_2.5553791369687318_Split_19.fasta', 14631, 5.537, 3, 2, 14963
'MAFFT_b1#0019_htH_tree_54_OP_1.6636194832224898_Split_19.fasta', 13550, 5.3, 4, 2, 13874
'MAFFT_b1#0019_htH_tree_94_OP_2.5553791369687318_Split_19.fasta', 14628, 5.536, 3, 2, 14960
'MAFFT_b1#0019_htT_tree_54_OP_1.6636194832224898_Split_19.fasta', 13550, 5.3, 4, 2, 13874
'MAFFT_b1#0019_htT_tree_94_OP_2.5553791369687318_Split_19.fasta', 14628, 5.536, 3, 2, 14960
'MAFFT_b1#0022_hhH_tree_39_OP_1.522040361295851_Split_22.fasta', 13577, 5.294, 4, 2, 13920
'MAFFT_b1#0022_hhH_tree_64_OP_2.935413362566628_Split_22.fasta', 12677, 4.912, 3, 2, 12954
'MAFFT_b1#0022_hhT_tree_39_OP_1.522040361295851_Split_22.fasta', 13577, 5.294, 4, 2, 13920
'MAFFT_b1#0022_hhT_tree_64_OP_2.935413362566628_Split_22.fasta', 12677, 4.912, 3, 2, 12954
'MAFFT_b1#0022_htH_tree_39_OP_1.522040361295851_Split_22.fasta', 13573, 5.324, 4, 2, 13925
'MAFFT_b1#0022_htH_tree_64_OP_2.935413362566628_Split_22.fasta', 12677, 4.909, 3, 2, 12953
'MAFFT_b1#0022_htT_tree_39_OP_1.522040361295851_Split_22.fasta', 13573, 5.324, 4, 2, 13925
'MAFFT_b1#0022_htT_tree_64_OP_2.935413362566628_Split_22.fasta', 12677, 4.909, 3, 2, 12953
'MAFFT_b1#0024_hhH_tree_34_OP_2.407510533391993_Split_24.fasta', 14946, 5.749, 4, 2, 15319
'MAFFT_b1#0024_hhT_tree_34_OP_2.407510533391993_Split_24.fasta', 14946, 5.749, 4, 2, 15319
'MAFFT_b1#0024_htH_tree_34_OP_2.407510533391993_Split_24.fasta', 14601, 5.607, 3, 2, 14993
'MAFFT_b1#0024_htT_tree_34_OP_2.407510533391993_Split_24.fasta', 14601, 5.607, 3, 2, 14993
'MAFFT_b1#0025_hhH_tree_59_OP_2.170731131311491_Split_25.fasta', 13417, 5.204, 3, 2, 13731
'MAFFT_b1#0025_hhH_tree_85_OP_2.480824599307775_Split_25.fasta', 14093, 5.335, 3, 2, 14402
'MAFFT_b1#0025_hhT_tree_59_OP_2.170731131311491_Split_25.fasta', 13417, 5.204, 3, 2, 13731
'MAFFT_b1#0025_hhT_tree_85_OP_2.480824599307775_Split_25.fasta', 14093, 5.335, 3, 2, 14402
'MAFFT_b1#0025_htH_tree_59_OP_2.170731131311491_Split_25.fasta', 13088, 5.053, 3, 2, 13399
'MAFFT_b1#0025_htH_tree_85_OP_2.480824599307775_Split_25.fasta', 14131, 5.349, 3, 2, 14454
'MAFFT_b1#0025_htT_tree_59_OP_2.170731131311491_Split_25.fasta', 13088, 5.053, 3, 2, 13399
'MAFFT_b1#0025_htT_tree_85_OP_2.480824599307775_Split_25.fasta', 14131, 5.349, 3, 2, 14454
'MAFFT_b1#0026_hhH_tree_21_OP_2.1310205653910055_Split_26.fasta', 13493, 5.216, 3, 2, 13861
'MAFFT_b1#0026_hhH_tree_80_OP_2.5217903856188704_Split_26.fasta', 13355, 5.155, 3, 2, 13636
'MAFFT_b1#0026_hhT_tree_21_OP_2.1310205653910055_Split_26.fasta', 13493, 5.216, 3, 2, 13861
'MAFFT_b1#0026_hhT_tree_80_OP_2.5217903856188704_Split_26.fasta', 13355, 5.155, 3, 2, 13636
'MAFFT_b1#0026_htH_tree_21_OP_2.1310205653910055_Split_26.fasta', 13527, 5.289, 3, 2, 13894
'MAFFT_b1#0026_htH_tree_80_OP_2.5217903856188704_Split_26.fasta', 13355, 5.151, 3, 2, 13635
'MAFFT_b1#0026_htT_tree_21_OP_2.1310205653910055_Split_26.fasta', 13527, 5.289, 3, 2, 13894
'MAFFT_b1#0026_htT_tree_80_OP_2.5217903856188704_Split_26.fasta', 13355, 5.151, 3, 2, 13635
'MAFFT_b1#0027_hhH_tree_10_OP_1.9679388553310329_Split_27.fasta', 13310, 5.156, 3, 2, 13635
'MAFFT_b1#0027_hhT_tree_10_OP_1.9679388553310329_Split_27.fasta', 13310, 5.156, 3, 2, 13635
'MAFFT_b1#0027_htH_tree_10_OP_1.9679388553310329_Split_27.fasta', 13302, 5.18, 4, 2, 13628
'MAFFT_b1#0027_htT_tree_10_OP_1.9679388553310329_Split_27.fasta', 13302, 5.18, 4, 2, 13628
'MAFFT_b1#0028_hhH_tree_66_OP_2.9673947251158412_Split_28.fasta', 13368, 5.251, 3, 2, 13774
'MAFFT_b1#0028_hhT_tree_66_OP_2.9673947251158412_Split_28.fasta', 13368, 5.251, 3, 2, 13774
'MAFFT_b1#0028_htH_tree_66_OP_2.9673947251158412_Split_28.fasta', 13336, 5.214, 3, 2, 13766
'MAFFT_b1#0028_htT_tree_66_OP_2.9673947251158412_Split_28.fasta', 13336, 5.214, 3, 2, 13766
'MAFFT_b1#0029_hhH_tree_27_OP_1.6859321025856457_Split_29.fasta', 13172, 5.073, 3, 2, 13518
'MAFFT_b1#0029_hhT_tree_27_OP_1.6859321025856457_Split_29.fasta', 13172, 5.073, 3, 2, 13518
'MAFFT_b1#0029_htH_tree_27_OP_1.6859321025856457_Split_29.fasta', 14332, 5.481, 4, 2, 14771
'MAFFT_b1#0029_htT_tree_27_OP_1.6859321025856457_Split_29.fasta', 14332, 5.481, 4, 2, 14771
'MAFFT_b1#0031_hhH_tree_23_OP_2.940403370408288_Split_31.fasta', 13246, 5.13, 3, 2, 13542
'MAFFT_b1#0031_hhH_tree_78_OP_1.9842214843426838_Split_31.fasta', 15779, 5.821, 4, 2, 16127
'MAFFT_b1#0031_hhT_tree_23_OP_2.940403370408288_Split_31.fasta', 13246, 5.13, 3, 2, 13542
'MAFFT_b1#0031_hhT_tree_78_OP_1.9842214843426838_Split_31.fasta', 15779, 5.821, 4, 2, 16127
'MAFFT_b1#0031_htH_tree_23_OP_2.940403370408288_Split_31.fasta', 13252, 5.146, 3, 2, 13550
'MAFFT_b1#0031_htH_tree_78_OP_1.9842214843426838_Split_31.fasta', 15786, 5.868, 4, 2, 16127
'MAFFT_b1#0031_htT_tree_23_OP_2.940403370408288_Split_31.fasta', 13252, 5.146, 3, 2, 13550
'MAFFT_b1#0031_htT_tree_78_OP_1.9842214843426838_Split_31.fasta', 15786, 5.868, 4, 2, 16127
'MAFFT_b1#0035_hhH_tree_71_OP_2.3680950705345123_Split_35.fasta', 15186, 5.733, 4, 2, 15531
'MAFFT_b1#0035_hhH_tree_75_OP_2.4023709813773846_Split_35.fasta', 14250, 5.453, 3, 2, 14585
'MAFFT_b1#0035_hhH_tree_9_OP_1.5653274151471246_Split_35.fasta', 13705, 5.254, 3, 2, 14008
'MAFFT_b1#0035_hhT_tree_71_OP_2.3680950705345123_Split_35.fasta', 15186, 5.733, 4, 2, 15531
'MAFFT_b1#0035_hhT_tree_75_OP_2.4023709813773846_Split_35.fasta', 14250, 5.453, 3, 2, 14585
'MAFFT_b1#0035_hhT_tree_9_OP_1.5653274151471246_Split_35.fasta', 13705, 5.254, 3, 2, 14008
'MAFFT_b1#0035_htH_tree_71_OP_2.3680950705345123_Split_35.fasta', 15186, 5.766, 4, 2, 15526
'MAFFT_b1#0035_htH_tree_75_OP_2.4023709813773846_Split_35.fasta', 14254, 5.458, 3, 2, 14597
'MAFFT_b1#0035_htH_tree_9_OP_1.5653274151471246_Split_35.fasta', 14571, 5.49, 3, 2, 14902
'MAFFT_b1#0035_htT_tree_71_OP_2.3680950705345123_Split_35.fasta', 15186, 5.766, 4, 2, 15526
'MAFFT_b1#0035_htT_tree_75_OP_2.4023709813773846_Split_35.fasta', 14254, 5.458, 3, 2, 14597
'MAFFT_b1#0035_htT_tree_9_OP_1.5653274151471246_Split_35.fasta', 14571, 5.49, 3, 2, 14902
'MAFFT_b1#0036_hhH_tree_69_OP_2.9824622002885617_Split_36.fasta', 13259, 5.103, 3, 2, 13543
'MAFFT_b1#0036_hhH_tree_74_OP_2.943304477827338_Split_36.fasta', 12925, 4.985, 3, 2, 13192
'MAFFT_b1#0036_hhH_tree_91_OP_2.3523277060939405_Split_36.fasta', 14578, 5.566, 3, 2, 14963
'MAFFT_b1#0036_hhT_tree_69_OP_2.9824622002885617_Split_36.fasta', 13259, 5.103, 3, 2, 13543
'MAFFT_b1#0036_hhT_tree_74_OP_2.943304477827338_Split_36.fasta', 12925, 4.985, 3, 2, 13192
'MAFFT_b1#0036_hhT_tree_91_OP_2.3523277060939405_Split_36.fasta', 14578, 5.566, 3, 2, 14963
'MAFFT_b1#0036_htH_tree_69_OP_2.9824622002885617_Split_36.fasta', 13285, 5.166, 3, 2, 13580
'MAFFT_b1#0036_htH_tree_74_OP_2.943304477827338_Split_36.fasta', 12875, 4.985, 3, 2, 13145
'MAFFT_b1#0036_htH_tree_91_OP_2.3523277060939405_Split_36.fasta', 14577, 5.554, 3, 2, 14986
'MAFFT_b1#0036_htT_tree_69_OP_2.9824622002885617_Split_36.fasta', 13285, 5.166, 3, 2, 13580
'MAFFT_b1#0036_htT_tree_74_OP_2.943304477827338_Split_36.fasta', 12875, 4.985, 3, 2, 13145
'MAFFT_b1#0036_htT_tree_91_OP_2.3523277060939405_Split_36.fasta', 14577, 5.554, 3, 2, 14986
'MAFFT_b1#0037_hhH_tree_46_OP_2.5904987735791676_Split_37.fasta', 13497, 5.211, 3, 2, 13837
'MAFFT_b1#0037_hhH_tree_65_OP_1.3986977410996977_Split_37.fasta', 13799, 5.467, 4, 3, 14149
'MAFFT_b1#0037_hhT_tree_46_OP_2.5904987735791676_Split_37.fasta', 13497, 5.211, 3, 2, 13837
'MAFFT_b1#0037_hhT_tree_65_OP_1.3986977410996977_Split_37.fasta', 13799, 5.467, 4, 3, 14149
'MAFFT_b1#0037_htH_tree_46_OP_2.5904987735791676_Split_37.fasta', 13550, 5.222, 3, 2, 13916
'MAFFT_b1#0037_htH_tree_65_OP_1.3986977410996977_Split_37.fasta', 13809, 5.464, 4, 2, 14155
'MAFFT_b1#0037_htT_tree_46_OP_2.5904987735791676_Split_37.fasta', 13550, 5.222, 3, 2, 13916
'MAFFT_b1#0037_htT_tree_65_OP_1.3986977410996977_Split_37.fasta', 13809, 5.464, 4, 2, 14155
'MAFFT_b1#0039_hhH_tree_22_OP_1.0333726057419617_Split_39.fasta', 13554, 5.369, 4, 2, 13948
'MAFFT_b1#0039_hhT_tree_22_OP_1.0333726057419617_Split_39.fasta', 13554, 5.369, 4, 2, 13948
'MAFFT_b1#0039_htH_tree_22_OP_1.0333726057419617_Split_39.fasta', 13410, 5.34, 4, 2, 13799
'MAFFT_b1#0039_htT_tree_22_OP_1.0333726057419617_Split_39.fasta', 13410, 5.34, 4, 2, 13799
'MAFFT_b1#0041_hhH_tree_31_OP_2.371648195541206_Split_41.fasta', 13192, 5.079, 3, 2, 13475
'MAFFT_b1#0041_hhH_tree_8_OP_2.990366431633018_Split_41.fasta', 13320, 5.155, 3, 2, 13616
'MAFFT_b1#0041_hhT_tree_31_OP_2.371648195541206_Split_41.fasta', 13192, 5.079, 3, 2, 13475
'MAFFT_b1#0041_hhT_tree_8_OP_2.990366431633018_Split_41.fasta', 13320, 5.155, 3, 2, 13616
'MAFFT_b1#0041_htH_tree_31_OP_2.371648195541206_Split_41.fasta', 13196, 5.105, 3, 2, 13489
'MAFFT_b1#0041_htH_tree_8_OP_2.990366431633018_Split_41.fasta', 13320, 5.19, 3, 2, 13621
'MAFFT_b1#0041_htT_tree_31_OP_2.371648195541206_Split_41.fasta', 13196, 5.105, 3, 2, 13489
'MAFFT_b1#0041_htT_tree_8_OP_2.990366431633018_Split_41.fasta', 13320, 5.19, 3, 2, 13621
'MAFFT_b1#0042_hhH_tree_92_OP_1.133352346367843_Split_42.fasta', 13309, 5.137, 4, 2, 13671
'MAFFT_b1#0042_hhT_tree_92_OP_1.133352346367843_Split_42.fasta', 13309, 5.137, 4, 2, 13671
'MAFFT_b1#0042_htH_tree_92_OP_1.133352346367843_Split_42.fasta', 13306, 5.129, 4, 2, 13686
'MAFFT_b1#0042_htT_tree_92_OP_1.133352346367843_Split_42.fasta', 13306, 5.129, 4, 2, 13686
'MAFFT_b1#0043_hhH_tree_95_OP_2.498402958697362_Split_43.fasta', 13583, 5.353, 4, 2, 13972
'MAFFT_b1#0043_hhT_tree_95_OP_2.498402958697362_Split_43.fasta', 13583, 5.353, 4, 2, 13972
'MAFFT_b1#0043_htH_tree_95_OP_2.498402958697362_Split_43.fasta', 13290, 5.192, 3, 2, 13669
'MAFFT_b1#0043_htT_tree_95_OP_2.498402958697362_Split_43.fasta', 13290, 5.192, 3, 2, 13669
'MAFFT_b1#0044_hhH_tree_14_OP_1.7440813830902329_Split_44.fasta', 14053, 5.451, 4, 2, 14431
'MAFFT_b1#0044_hhH_tree_52_OP_2.165361006866358_Split_44.fasta', 13544, 5.181, 3, 2, 13861
'MAFFT_b1#0044_hhT_tree_14_OP_1.7440813830902329_Split_44.fasta', 14053, 5.451, 4, 2, 14431
'MAFFT_b1#0044_hhT_tree_52_OP_2.165361006866358_Split_44.fasta', 13544, 5.181, 3, 2, 13861
'MAFFT_b1#0044_htH_tree_14_OP_1.7440813830902329_Split_44.fasta', 14053, 5.488, 4, 2, 14462
'MAFFT_b1#0044_htH_tree_52_OP_2.165361006866358_Split_44.fasta', 13539, 5.175, 3, 2, 13855
'MAFFT_b1#0044_htT_tree_14_OP_1.7440813830902329_Split_44.fasta', 14053, 5.488, 4, 2, 14462
'MAFFT_b1#0044_htT_tree_52_OP_2.165361006866358_Split_44.fasta', 13539, 5.175, 3, 2, 13855
'MSA.BALIPHY.aln.best.23410.fas', 16759, 6.351, 4, 3, 17154
'MSA.MAFFT.aln.With_Names', 13772, 5.4, 4, 2, 14121
'MSA.MUSCLE.aln.best.23410.fas', 17923, 6.605, 4, 3, 18278
'MSA.PRANK.aln.With_Names', 19318, 6.975, 4, 2, 19693
'MUSCLE_diversified_replicate.abc.1.afa', 14188, 5.714, 4, 3, 14581
'MUSCLE_diversified_replicate.abc.101.afa', 14785, 5.786, 4, 3, 15160
'MUSCLE_diversified_replicate.abc.105.afa', 14881, 5.903, 4, 3, 15284
'MUSCLE_diversified_replicate.abc.109.afa', 15074, 5.949, 4, 3, 15485
'MUSCLE_diversified_replicate.abc.113.afa', 13866, 5.502, 4, 2, 14247
'MUSCLE_diversified_replicate.abc.117.afa', 15081, 5.971, 4, 3, 15450
'MUSCLE_diversified_replicate.abc.121.afa', 14383, 5.548, 4, 2, 14803
'MUSCLE_diversified_replicate.abc.125.afa', 14248, 5.618, 4, 3, 14693
'MUSCLE_diversified_replicate.abc.129.afa', 13998, 5.51, 4, 3, 14345
'MUSCLE_diversified_replicate.abc.13.afa', 13933, 5.53, 4, 3, 14277
'MUSCLE_diversified_replicate.abc.133.afa', 14856, 5.9, 4, 3, 15261
'MUSCLE_diversified_replicate.abc.137.afa', 14289, 5.577, 4, 2, 14669
'MUSCLE_diversified_replicate.abc.141.afa', 14236, 5.55, 4, 2, 14668
'MUSCLE_diversified_replicate.abc.145.afa', 14292, 5.652, 4, 3, 14719
'MUSCLE_diversified_replicate.abc.149.afa', 15161, 6.08, 4, 3, 15571
'MUSCLE_diversified_replicate.abc.153.afa', 14966, 5.908, 4, 3, 15389
'MUSCLE_diversified_replicate.abc.157.afa', 14848, 5.882, 4, 3, 15233
'MUSCLE_diversified_replicate.abc.161.afa', 14607, 5.746, 4, 3, 14986
'MUSCLE_diversified_replicate.abc.165.afa', 14022, 5.503, 4, 3, 14385
'MUSCLE_diversified_replicate.abc.169.afa', 14056, 5.508, 4, 2, 14416
'MUSCLE_diversified_replicate.abc.17.afa', 14836, 5.829, 4, 3, 15188
'MUSCLE_diversified_replicate.abc.173.afa', 15059, 5.925, 4, 3, 15480
'MUSCLE_diversified_replicate.abc.177.afa', 15235, 5.907, 4, 3, 15624
'MUSCLE_diversified_replicate.abc.181.afa', 13987, 5.436, 4, 3, 14350
'MUSCLE_diversified_replicate.abc.185.afa', 14007, 5.483, 4, 3, 14392
'MUSCLE_diversified_replicate.abc.189.afa', 13993, 5.538, 4, 3, 14351
'MUSCLE_diversified_replicate.abc.193.afa', 15136, 5.902, 4, 3, 15553
'MUSCLE_diversified_replicate.abc.197.afa', 14786, 5.806, 4, 3, 15188
'MUSCLE_diversified_replicate.abc.201.afa', 14812, 5.945, 4, 3, 15243
'MUSCLE_diversified_replicate.abc.205.afa', 15163, 5.879, 4, 3, 15557
'MUSCLE_diversified_replicate.abc.209.afa', 14946, 5.966, 4, 3, 15403
'MUSCLE_diversified_replicate.abc.21.afa', 14367, 5.647, 4, 2, 14825
'MUSCLE_diversified_replicate.abc.213.afa', 15116, 5.81, 4, 2, 15550
'MUSCLE_diversified_replicate.abc.217.afa', 13866, 5.417, 4, 3, 14209
'MUSCLE_diversified_replicate.abc.221.afa', 14318, 5.652, 4, 2, 14715
'MUSCLE_diversified_replicate.abc.225.afa', 15119, 6.016, 4, 3, 15564
'MUSCLE_diversified_replicate.abc.229.afa', 15103, 5.848, 4, 2, 15480
'MUSCLE_diversified_replicate.abc.233.afa', 14049, 5.565, 4, 3, 14388
'MUSCLE_diversified_replicate.abc.237.afa', 13885, 5.575, 4, 3, 14278
'MUSCLE_diversified_replicate.abc.241.afa', 14404, 5.577, 4, 2, 14799
'MUSCLE_diversified_replicate.abc.245.afa', 14659, 5.682, 4, 3, 15035
'MUSCLE_diversified_replicate.abc.249.afa', 14792, 5.777, 4, 3, 15166
'MUSCLE_diversified_replicate.abc.25.afa', 19218, 7.086, 5, 3, 19623
'MUSCLE_diversified_replicate.abc.253.afa', 15195, 6.002, 4, 3, 15617
'MUSCLE_diversified_replicate.abc.257.afa', 14736, 5.744, 4, 3, 15157
'MUSCLE_diversified_replicate.abc.261.afa', 14380, 5.605, 4, 3, 14794
'MUSCLE_diversified_replicate.abc.265.afa', 14656, 5.673, 4, 2, 15008
'MUSCLE_diversified_replicate.abc.269.afa', 14322, 5.575, 4, 2, 14734
'MUSCLE_diversified_replicate.abc.273.afa', 13829, 5.519, 4, 3, 14197
'MUSCLE_diversified_replicate.abc.277.afa', 14221, 5.518, 4, 3, 14598
'MUSCLE_diversified_replicate.abc.281.afa', 14604, 5.71, 4, 2, 14993
'MUSCLE_diversified_replicate.abc.285.afa', 14077, 5.578, 4, 3, 14458
'MUSCLE_diversified_replicate.abc.289.afa', 14715, 5.753, 4, 3, 15110
'MUSCLE_diversified_replicate.abc.29.afa', 14353, 5.559, 4, 2, 14743
'MUSCLE_diversified_replicate.abc.293.afa', 13976, 5.527, 4, 3, 14340
'MUSCLE_diversified_replicate.abc.297.afa', 14317, 5.575, 4, 2, 14729
'MUSCLE_diversified_replicate.abc.301.afa', 17582, 6.456, 4, 2, 18012
'MUSCLE_diversified_replicate.abc.305.afa', 14464, 5.575, 4, 2, 14880
'MUSCLE_diversified_replicate.abc.309.afa', 14119, 5.484, 4, 2, 14508
'MUSCLE_diversified_replicate.abc.313.afa', 15118, 6.091, 4, 3, 15628
'MUSCLE_diversified_replicate.abc.317.afa', 15060, 6.054, 4, 3, 15528
'MUSCLE_diversified_replicate.abc.321.afa', 14076, 5.533, 4, 3, 14441
'MUSCLE_diversified_replicate.abc.325.afa', 14060, 5.472, 4, 2, 14413
'MUSCLE_diversified_replicate.abc.329.afa', 14950, 5.87, 4, 3, 15406
'MUSCLE_diversified_replicate.abc.33.afa', 14945, 5.792, 4, 3, 15318
'MUSCLE_diversified_replicate.abc.333.afa', 14347, 5.727, 4, 3, 14733
'MUSCLE_diversified_replicate.abc.337.afa', 14871, 5.921, 4, 3, 15299
'MUSCLE_diversified_replicate.abc.341.afa', 14135, 5.543, 4, 2, 14534
'MUSCLE_diversified_replicate.abc.345.afa', 14974, 5.975, 4, 3, 15375
'MUSCLE_diversified_replicate.abc.349.afa', 14978, 5.908, 4, 3, 15392
'MUSCLE_diversified_replicate.abc.353.afa', 14046, 5.475, 4, 2, 14392
'MUSCLE_diversified_replicate.abc.357.afa', 14213, 5.728, 4, 3, 14615
'MUSCLE_diversified_replicate.abc.361.afa', 14059, 5.556, 4, 3, 14414
'MUSCLE_diversified_replicate.abc.365.afa', 14177, 5.675, 4, 3, 14599
'MUSCLE_diversified_replicate.abc.369.afa', 14027, 5.554, 4, 3, 14400
'MUSCLE_diversified_replicate.abc.37.afa', 14834, 5.834, 4, 3, 15206
'MUSCLE_diversified_replicate.abc.373.afa', 14717, 5.814, 4, 3, 15082
'MUSCLE_diversified_replicate.abc.377.afa', 14831, 5.818, 4, 3, 15243
'MUSCLE_diversified_replicate.abc.381.afa', 14052, 5.483, 4, 3, 14428
'MUSCLE_diversified_replicate.abc.385.afa', 13916, 5.492, 4, 2, 14334
'MUSCLE_diversified_replicate.abc.389.afa', 14656, 5.781, 4, 3, 15045
'MUSCLE_diversified_replicate.abc.393.afa', 14055, 5.491, 4, 2, 14399
'MUSCLE_diversified_replicate.abc.397.afa', 14202, 5.571, 4, 2, 14585
'MUSCLE_diversified_replicate.abc.41.afa', 14464, 5.672, 4, 3, 14851
'MUSCLE_diversified_replicate.abc.45.afa', 14229, 5.641, 4, 2, 14698
'MUSCLE_diversified_replicate.abc.49.afa', 14343, 5.704, 4, 3, 14743
'MUSCLE_diversified_replicate.abc.5.afa', 14199, 5.613, 4, 3, 14583
'MUSCLE_diversified_replicate.abc.53.afa', 14794, 5.814, 4, 3, 15192
'MUSCLE_diversified_replicate.abc.57.afa', 14709, 5.77, 4, 3, 15090
'MUSCLE_diversified_replicate.abc.61.afa', 14408, 5.769, 4, 2, 14809
'MUSCLE_diversified_replicate.abc.65.afa', 14775, 5.855, 4, 3, 15158
'MUSCLE_diversified_replicate.abc.69.afa', 15003, 5.791, 4, 3, 15421
'MUSCLE_diversified_replicate.abc.73.afa', 14749, 5.737, 4, 3, 15139
'MUSCLE_diversified_replicate.abc.77.afa', 14779, 5.882, 4, 3, 15191
'MUSCLE_diversified_replicate.abc.81.afa', 14340, 5.672, 4, 3, 14721
'MUSCLE_diversified_replicate.abc.85.afa', 14981, 5.892, 4, 3, 15383
'MUSCLE_diversified_replicate.abc.89.afa', 14890, 5.837, 4, 3, 15302
'MUSCLE_diversified_replicate.abc.9.afa', 15061, 5.94, 4, 3, 15441
'MUSCLE_diversified_replicate.abc.93.afa', 13925, 5.484, 4, 3, 14299
'MUSCLE_diversified_replicate.abc.97.afa', 14758, 5.798, 4, 2, 15157
'MUSCLE_diversified_replicate.acb.10.afa', 14723, 5.866, 4, 3, 15107
'MUSCLE_diversified_replicate.acb.102.afa', 14587, 5.623, 4, 2, 14990
'MUSCLE_diversified_replicate.acb.106.afa', 14349, 5.665, 4, 3, 14792
'MUSCLE_diversified_replicate.acb.110.afa', 15009, 5.943, 4, 3, 15442
'MUSCLE_diversified_replicate.acb.114.afa', 15091, 6.004, 4, 3, 15522
'MUSCLE_diversified_replicate.acb.118.afa', 14999, 6.01, 5, 3, 15445
'MUSCLE_diversified_replicate.acb.122.afa', 14352, 5.529, 4, 2, 14698
'MUSCLE_diversified_replicate.acb.126.afa', 14244, 5.526, 4, 2, 14614
'MUSCLE_diversified_replicate.acb.130.afa', 14673, 5.857, 4, 3, 15068
'MUSCLE_diversified_replicate.acb.134.afa', 15012, 5.967, 4, 3, 15412
'MUSCLE_diversified_replicate.acb.138.afa', 14704, 5.834, 4, 3, 15088
'MUSCLE_diversified_replicate.acb.14.afa', 14598, 5.787, 4, 3, 14976
'MUSCLE_diversified_replicate.acb.142.afa', 14227, 5.688, 4, 3, 14670
'MUSCLE_diversified_replicate.acb.146.afa', 14354, 5.698, 4, 3, 14788
'MUSCLE_diversified_replicate.acb.150.afa', 14147, 5.666, 4, 3, 14522
'MUSCLE_diversified_replicate.acb.154.afa', 14969, 5.93, 4, 3, 15400
'MUSCLE_diversified_replicate.acb.158.afa', 15151, 5.947, 4, 3, 15595
'MUSCLE_diversified_replicate.acb.162.afa', 14898, 5.836, 4, 2, 15334
'MUSCLE_diversified_replicate.acb.166.afa', 14333, 5.616, 4, 3, 14722
'MUSCLE_diversified_replicate.acb.170.afa', 14496, 5.66, 4, 2, 14911
'MUSCLE_diversified_replicate.acb.174.afa', 14289, 5.658, 4, 2, 14687
'MUSCLE_diversified_replicate.acb.178.afa', 14275, 5.572, 4, 2, 14677
'MUSCLE_diversified_replicate.acb.18.afa', 14073, 5.521, 4, 3, 14403
'MUSCLE_diversified_replicate.acb.182.afa', 14974, 5.834, 4, 2, 15453
'MUSCLE_diversified_replicate.acb.186.afa', 14815, 5.835, 4, 3, 15225
'MUSCLE_diversified_replicate.acb.190.afa', 13829, 5.528, 4, 2, 14173
'MUSCLE_diversified_replicate.acb.194.afa', 13693, 5.479, 4, 3, 14022
'MUSCLE_diversified_replicate.acb.198.afa', 14126, 5.626, 4, 2, 14531
'MUSCLE_diversified_replicate.acb.2.afa', 15065, 5.921, 4, 3, 15492
'MUSCLE_diversified_replicate.acb.202.afa', 13681, 5.452, 4, 2, 14012
'MUSCLE_diversified_replicate.acb.206.afa', 14781, 5.81, 4, 3, 15155
'MUSCLE_diversified_replicate.acb.210.afa', 14814, 5.851, 4, 3, 15251
'MUSCLE_diversified_replicate.acb.214.afa', 15133, 5.888, 4, 2, 15531
'MUSCLE_diversified_replicate.acb.218.afa', 14326, 5.641, 4, 2, 14735
'MUSCLE_diversified_replicate.acb.22.afa', 14987, 5.899, 4, 3, 15415
'MUSCLE_diversified_replicate.acb.222.afa', 14739, 5.719, 4, 2, 15089
'MUSCLE_diversified_replicate.acb.226.afa', 14663, 5.811, 4, 2, 15069
'MUSCLE_diversified_replicate.acb.230.afa', 14755, 5.861, 4, 3, 15208
'MUSCLE_diversified_replicate.acb.234.afa', 14229, 5.73, 4, 3, 14644
'MUSCLE_diversified_replicate.acb.238.afa', 14647, 5.747, 4, 3, 15019
'MUSCLE_diversified_replicate.acb.242.afa', 14080, 5.592, 4, 3, 14471
'MUSCLE_diversified_replicate.acb.246.afa', 14952, 5.901, 4, 3, 15356
'MUSCLE_diversified_replicate.acb.250.afa', 14032, 5.393, 4, 2, 14426
'MUSCLE_diversified_replicate.acb.254.afa', 15137, 6.116, 4, 3, 15590
'MUSCLE_diversified_replicate.acb.258.afa', 14941, 5.804, 4, 2, 15356
'MUSCLE_diversified_replicate.acb.26.afa', 14937, 5.936, 4, 3, 15343
'MUSCLE_diversified_replicate.acb.262.afa', 14935, 6.025, 4, 3, 15381
'MUSCLE_diversified_replicate.acb.266.afa', 14296, 5.612, 4, 3, 14658
'MUSCLE_diversified_replicate.acb.270.afa', 18269, 6.598, 4, 2, 18659
'MUSCLE_diversified_replicate.acb.274.afa', 13889, 5.443, 4, 3, 14243
'MUSCLE_diversified_replicate.acb.278.afa', 15087, 5.944, 4, 3, 15526
'MUSCLE_diversified_replicate.acb.282.afa', 15037, 5.958, 4, 2, 15524
'MUSCLE_diversified_replicate.acb.286.afa', 14047, 5.551, 4, 2, 14416
'MUSCLE_diversified_replicate.acb.290.afa', 13850, 5.463, 4, 3, 14193
'MUSCLE_diversified_replicate.acb.294.afa', 14147, 5.621, 4, 3, 14521
'MUSCLE_diversified_replicate.acb.298.afa', 14787, 5.779, 4, 3, 15193
'MUSCLE_diversified_replicate.acb.30.afa', 14549, 5.696, 4, 3, 14932
'MUSCLE_diversified_replicate.acb.302.afa', 14592, 5.797, 4, 3, 15029
'MUSCLE_diversified_replicate.acb.306.afa', 14467, 5.735, 4, 3, 14858
'MUSCLE_diversified_replicate.acb.310.afa', 15087, 5.924, 4, 3, 15506
'MUSCLE_diversified_replicate.acb.314.afa', 14965, 5.886, 4, 3, 15370
'MUSCLE_diversified_replicate.acb.318.afa', 13832, 5.472, 4, 2, 14143
'MUSCLE_diversified_replicate.acb.322.afa', 15171, 6.008, 4, 3, 15559
'MUSCLE_diversified_replicate.acb.326.afa', 18696, 6.799, 4, 3, 19135
'MUSCLE_diversified_replicate.acb.330.afa', 14756, 5.892, 4, 3, 15160
'MUSCLE_diversified_replicate.acb.334.afa', 15032, 5.994, 4, 3, 15442
'MUSCLE_diversified_replicate.acb.338.afa', 15000, 5.85, 4, 2, 15430
'MUSCLE_diversified_replicate.acb.34.afa', 13941, 5.516, 4, 2, 14305
'MUSCLE_diversified_replicate.acb.342.afa', 14068, 5.56, 4, 2, 14467
'MUSCLE_diversified_replicate.acb.346.afa', 15160, 6.036, 4, 3, 15567
'MUSCLE_diversified_replicate.acb.350.afa', 14936, 5.907, 4, 3, 15381
'MUSCLE_diversified_replicate.acb.354.afa', 14933, 5.903, 4, 3, 15289
'MUSCLE_diversified_replicate.acb.358.afa', 14836, 5.924, 4, 3, 15266
'MUSCLE_diversified_replicate.acb.362.afa', 14352, 5.675, 4, 3, 14760
'MUSCLE_diversified_replicate.acb.366.afa', 14373, 5.753, 4, 3, 14799
'MUSCLE_diversified_replicate.acb.370.afa', 14901, 5.863, 4, 3, 15276
'MUSCLE_diversified_replicate.acb.374.afa', 14441, 5.696, 4, 3, 14854
'MUSCLE_diversified_replicate.acb.378.afa', 15040, 5.891, 4, 3, 15448
'MUSCLE_diversified_replicate.acb.38.afa', 14208, 5.601, 4, 2, 14619
'MUSCLE_diversified_replicate.acb.382.afa', 14907, 5.872, 4, 3, 15362
'MUSCLE_diversified_replicate.acb.386.afa', 14207, 5.681, 4, 3, 14569
'MUSCLE_diversified_replicate.acb.390.afa', 14863, 5.772, 4, 3, 15318
'MUSCLE_diversified_replicate.acb.394.afa', 14780, 5.82, 4, 2, 15246
'MUSCLE_diversified_replicate.acb.398.afa', 14668, 5.717, 4, 3, 15057
'MUSCLE_diversified_replicate.acb.42.afa', 14788, 5.859, 4, 3, 15225
'MUSCLE_diversified_replicate.acb.46.afa', 14486, 5.601, 4, 2, 14853
'MUSCLE_diversified_replicate.acb.50.afa', 14413, 5.673, 4, 2, 14815
'MUSCLE_diversified_replicate.acb.54.afa', 14785, 5.731, 4, 3, 15171
'MUSCLE_diversified_replicate.acb.58.afa', 14717, 5.752, 4, 3, 15068
'MUSCLE_diversified_replicate.acb.6.afa', 14647, 5.799, 4, 3, 15114
'MUSCLE_diversified_replicate.acb.62.afa', 13958, 5.515, 4, 2, 14341
'MUSCLE_diversified_replicate.acb.66.afa', 14748, 5.827, 4, 3, 15149
'MUSCLE_diversified_replicate.acb.70.afa', 14312, 5.694, 4, 3, 14661
'MUSCLE_diversified_replicate.acb.74.afa', 14955, 5.89, 4, 3, 15414
'MUSCLE_diversified_replicate.acb.78.afa', 14871, 5.778, 4, 3, 15277
'MUSCLE_diversified_replicate.acb.82.afa', 14905, 5.882, 4, 3, 15326
'MUSCLE_diversified_replicate.acb.86.afa', 14699, 5.821, 4, 3, 15063
'MUSCLE_diversified_replicate.acb.90.afa', 14413, 5.595, 4, 2, 14793
'MUSCLE_diversified_replicate.acb.94.afa', 13873, 5.47, 4, 2, 14257
'MUSCLE_diversified_replicate.acb.98.afa', 14688, 5.918, 4, 2, 15245
'MUSCLE_diversified_replicate.bca.103.afa', 14793, 5.812, 4, 3, 15152
'MUSCLE_diversified_replicate.bca.107.afa', 14908, 5.962, 4, 3, 15353
'MUSCLE_diversified_replicate.bca.11.afa', 14890, 5.769, 4, 3, 15258
'MUSCLE_diversified_replicate.bca.111.afa', 15150, 5.924, 4, 3, 15585
'MUSCLE_diversified_replicate.bca.115.afa', 17669, 6.616, 4, 3, 18118
'MUSCLE_diversified_replicate.bca.119.afa', 14740, 5.884, 4, 3, 15165
'MUSCLE_diversified_replicate.bca.123.afa', 14217, 5.669, 4, 3, 14652
'MUSCLE_diversified_replicate.bca.127.afa', 13929, 5.452, 4, 2, 14326
'MUSCLE_diversified_replicate.bca.131.afa', 14683, 5.77, 4, 3, 15102
'MUSCLE_diversified_replicate.bca.135.afa', 14437, 5.602, 4, 2, 14827
'MUSCLE_diversified_replicate.bca.139.afa', 14892, 5.835, 4, 3, 15314
'MUSCLE_diversified_replicate.bca.143.afa', 14182, 5.559, 4, 3, 14556
'MUSCLE_diversified_replicate.bca.147.afa', 14815, 5.785, 4, 3, 15218
'MUSCLE_diversified_replicate.bca.15.afa', 19269, 7.155, 5, 3, 19769
'MUSCLE_diversified_replicate.bca.151.afa', 14824, 5.846, 4, 3, 15182
'MUSCLE_diversified_replicate.bca.155.afa', 14934, 5.964, 4, 3, 15346
'MUSCLE_diversified_replicate.bca.159.afa', 14886, 5.885, 4, 3, 15251
'MUSCLE_diversified_replicate.bca.163.afa', 14979, 5.833, 4, 3, 15443
'MUSCLE_diversified_replicate.bca.167.afa', 15403, 6.006, 4, 3, 15865
'MUSCLE_diversified_replicate.bca.171.afa', 14576, 5.712, 4, 2, 14954
'MUSCLE_diversified_replicate.bca.175.afa', 15035, 5.919, 4, 3, 15478
'MUSCLE_diversified_replicate.bca.179.afa', 14926, 5.816, 4, 2, 15364
'MUSCLE_diversified_replicate.bca.183.afa', 15059, 5.95, 4, 3, 15437
'MUSCLE_diversified_replicate.bca.187.afa', 14186, 5.635, 4, 3, 14620
'MUSCLE_diversified_replicate.bca.19.afa', 14609, 5.818, 4, 3, 14998
'MUSCLE_diversified_replicate.bca.191.afa', 13891, 5.487, 4, 2, 14261
'MUSCLE_diversified_replicate.bca.195.afa', 14351, 5.568, 4, 3, 14738
'MUSCLE_diversified_replicate.bca.199.afa', 15095, 5.899, 4, 3, 15485
'MUSCLE_diversified_replicate.bca.203.afa', 13794, 5.473, 4, 3, 14146
'MUSCLE_diversified_replicate.bca.207.afa', 15043, 5.976, 4, 3, 15486
'MUSCLE_diversified_replicate.bca.211.afa', 14426, 5.633, 4, 3, 14840
'MUSCLE_diversified_replicate.bca.215.afa', 14878, 5.908, 4, 3, 15360
'MUSCLE_diversified_replicate.bca.219.afa', 14870, 5.917, 4, 3, 15226
'MUSCLE_diversified_replicate.bca.223.afa', 15136, 6.008, 4, 3, 15556
'MUSCLE_diversified_replicate.bca.227.afa', 13717, 5.454, 4, 3, 14098
'MUSCLE_diversified_replicate.bca.23.afa', 13848, 5.416, 4, 2, 14221
'MUSCLE_diversified_replicate.bca.231.afa', 14830, 5.842, 4, 3, 15226
'MUSCLE_diversified_replicate.bca.235.afa', 14150, 5.566, 4, 3, 14505
'MUSCLE_diversified_replicate.bca.239.afa', 14658, 5.738, 4, 3, 15057
'MUSCLE_diversified_replicate.bca.243.afa', 13814, 5.43, 4, 3, 14152
'MUSCLE_diversified_replicate.bca.247.afa', 14739, 5.816, 4, 3, 15125
'MUSCLE_diversified_replicate.bca.251.afa', 13801, 5.543, 4, 3, 14140
'MUSCLE_diversified_replicate.bca.255.afa', 14685, 5.728, 4, 3, 15061
'MUSCLE_diversified_replicate.bca.259.afa', 14101, 5.571, 4, 3, 14518
'MUSCLE_diversified_replicate.bca.263.afa', 14953, 5.844, 4, 3, 15362
'MUSCLE_diversified_replicate.bca.267.afa', 14848, 5.803, 4, 3, 15239
'MUSCLE_diversified_replicate.bca.27.afa', 14319, 5.705, 4, 3, 14742
'MUSCLE_diversified_replicate.bca.271.afa', 13812, 5.464, 4, 2, 14170
'MUSCLE_diversified_replicate.bca.275.afa', 19123, 7.037, 4, 3, 19568
'MUSCLE_diversified_replicate.bca.279.afa', 14708, 5.723, 4, 3, 15098
'MUSCLE_diversified_replicate.bca.283.afa', 15014, 5.967, 4, 3, 15517
'MUSCLE_diversified_replicate.bca.287.afa', 14718, 5.81, 4, 3, 15121
'MUSCLE_diversified_replicate.bca.291.afa', 14640, 5.857, 4, 3, 15040
'MUSCLE_diversified_replicate.bca.295.afa', 14226, 5.599, 4, 3, 14600
'MUSCLE_diversified_replicate.bca.299.afa', 14858, 5.787, 4, 3, 15249
'MUSCLE_diversified_replicate.bca.3.afa', 15095, 5.775, 4, 2, 15514
'MUSCLE_diversified_replicate.bca.303.afa', 14885, 5.93, 4, 3, 15268
'MUSCLE_diversified_replicate.bca.307.afa', 14231, 5.647, 4, 3, 14601
'MUSCLE_diversified_replicate.bca.31.afa', 14276, 5.637, 4, 2, 14696
'MUSCLE_diversified_replicate.bca.311.afa', 14775, 5.789, 4, 3, 15170
'MUSCLE_diversified_replicate.bca.315.afa', 13755, 5.416, 4, 2, 14094
'MUSCLE_diversified_replicate.bca.319.afa', 14671, 5.804, 4, 3, 15012
'MUSCLE_diversified_replicate.bca.323.afa', 14078, 5.526, 4, 2, 14491
'MUSCLE_diversified_replicate.bca.327.afa', 14001, 5.54, 4, 3, 14381
'MUSCLE_diversified_replicate.bca.331.afa', 14723, 5.734, 4, 3, 15077
'MUSCLE_diversified_replicate.bca.335.afa', 14787, 5.831, 4, 3, 15162
'MUSCLE_diversified_replicate.bca.339.afa', 14556, 5.6, 4, 2, 14927
'MUSCLE_diversified_replicate.bca.343.afa', 14014, 5.622, 4, 3, 14380
'MUSCLE_diversified_replicate.bca.347.afa', 13819, 5.475, 4, 3, 14178
'MUSCLE_diversified_replicate.bca.35.afa', 15030, 5.908, 4, 3, 15466
'MUSCLE_diversified_replicate.bca.351.afa', 14879, 5.82, 4, 3, 15274
'MUSCLE_diversified_replicate.bca.355.afa', 14712, 5.755, 4, 3, 15100
'MUSCLE_diversified_replicate.bca.359.afa', 15000, 5.902, 4, 3, 15435
'MUSCLE_diversified_replicate.bca.363.afa', 14969, 5.935, 4, 3, 15375
'MUSCLE_diversified_replicate.bca.367.afa', 14595, 5.579, 4, 2, 14973
'MUSCLE_diversified_replicate.bca.371.afa', 15072, 5.972, 4, 3, 15462
'MUSCLE_diversified_replicate.bca.375.afa', 14330, 5.65, 4, 2, 14792
'MUSCLE_diversified_replicate.bca.379.afa', 14718, 5.779, 4, 3, 15094
'MUSCLE_diversified_replicate.bca.383.afa', 14334, 5.66, 4, 3, 14728
'MUSCLE_diversified_replicate.bca.387.afa', 14782, 5.784, 4, 3, 15182
'MUSCLE_diversified_replicate.bca.39.afa', 14251, 5.654, 4, 3, 14698
'MUSCLE_diversified_replicate.bca.391.afa', 13940, 5.463, 4, 3, 14311
'MUSCLE_diversified_replicate.bca.395.afa', 13815, 5.47, 4, 2, 14166
'MUSCLE_diversified_replicate.bca.399.afa', 14442, 5.726, 4, 3, 14904
'MUSCLE_diversified_replicate.bca.43.afa', 14789, 5.767, 4, 3, 15166
'MUSCLE_diversified_replicate.bca.47.afa', 15068, 5.932, 4, 3, 15540
'MUSCLE_diversified_replicate.bca.51.afa', 13937, 5.462, 4, 3, 14346
'MUSCLE_diversified_replicate.bca.55.afa', 15103, 5.963, 4, 3, 15646
'MUSCLE_diversified_replicate.bca.59.afa', 13955, 5.703, 4, 3, 14387
'MUSCLE_diversified_replicate.bca.63.afa', 14991, 5.834, 4, 3, 15399
'MUSCLE_diversified_replicate.bca.67.afa', 14464, 5.579, 4, 2, 14908
'MUSCLE_diversified_replicate.bca.7.afa', 14270, 5.526, 4, 2, 14635
'MUSCLE_diversified_replicate.bca.71.afa', 14385, 5.657, 4, 2, 14771
'MUSCLE_diversified_replicate.bca.75.afa', 14098, 5.392, 4, 2, 14462
'MUSCLE_diversified_replicate.bca.79.afa', 14824, 5.928, 5, 3, 15180
'MUSCLE_diversified_replicate.bca.83.afa', 14181, 5.5, 4, 2, 14575
'MUSCLE_diversified_replicate.bca.87.afa', 14144, 5.536, 4, 2, 14591
'MUSCLE_diversified_replicate.bca.91.afa', 14357, 5.686, 4, 2, 14769
'MUSCLE_diversified_replicate.bca.95.afa', 14980, 5.865, 4, 3, 15428
'MUSCLE_diversified_replicate.bca.99.afa', 14393, 5.593, 4, 2, 14801
'MUSCLE_diversified_replicate.none.0.afa', 17923, 6.605, 4, 3, 18278
'MUSCLE_diversified_replicate.none.100.afa', 17363, 6.391, 4, 3, 17747
'MUSCLE_diversified_replicate.none.104.afa', 17964, 6.51, 4, 3, 18353
'MUSCLE_diversified_replicate.none.108.afa', 17319, 6.406, 4, 2, 17720
'MUSCLE_diversified_replicate.none.112.afa', 14475, 5.732, 4, 2, 14872
'MUSCLE_diversified_replicate.none.116.afa', 18972, 7.195, 5, 3, 19428
'MUSCLE_diversified_replicate.none.12.afa', 18223, 6.848, 5, 3, 18618
'MUSCLE_diversified_replicate.none.120.afa', 18115, 6.676, 4, 3, 18505
'MUSCLE_diversified_replicate.none.124.afa', 17159, 6.308, 4, 3, 17501
'MUSCLE_diversified_replicate.none.128.afa', 17828, 6.601, 4, 3, 18197
'MUSCLE_diversified_replicate.none.132.afa', 14077, 5.484, 4, 2, 14432
'MUSCLE_diversified_replicate.none.136.afa', 18178, 6.766, 4, 3, 18583
'MUSCLE_diversified_replicate.none.140.afa', 17932, 6.852, 5, 3, 18365
'MUSCLE_diversified_replicate.none.144.afa', 19071, 7.308, 5, 3, 19490
'MUSCLE_diversified_replicate.none.148.afa', 17565, 6.573, 4, 3, 18014
'MUSCLE_diversified_replicate.none.152.afa', 19208, 7.225, 4, 3, 19626
'MUSCLE_diversified_replicate.none.156.afa', 13877, 5.401, 4, 2, 14245
'MUSCLE_diversified_replicate.none.16.afa', 18125, 6.69, 4, 3, 18523
'MUSCLE_diversified_replicate.none.160.afa', 17252, 6.423, 4, 3, 17668
'MUSCLE_diversified_replicate.none.164.afa', 17278, 6.507, 4, 3, 17640
'MUSCLE_diversified_replicate.none.168.afa', 17309, 6.329, 4, 3, 17693
'MUSCLE_diversified_replicate.none.172.afa', 17200, 6.289, 4, 2, 17567
'MUSCLE_diversified_replicate.none.176.afa', 17400, 6.373, 4, 2, 17784
'MUSCLE_diversified_replicate.none.180.afa', 18104, 6.748, 4, 3, 18498
'MUSCLE_diversified_replicate.none.184.afa', 14070, 5.474, 4, 2, 14458
'MUSCLE_diversified_replicate.none.188.afa', 18390, 6.838, 4, 3, 18806
'MUSCLE_diversified_replicate.none.192.afa', 17920, 6.668, 4, 3, 18350
'MUSCLE_diversified_replicate.none.196.afa', 17000, 6.342, 4, 3, 17361
'MUSCLE_diversified_replicate.none.20.afa', 13941, 5.516, 4, 3, 14307
'MUSCLE_diversified_replicate.none.200.afa', 19052, 7.145, 5, 3, 19496
'MUSCLE_diversified_replicate.none.204.afa', 17841, 6.621, 4, 3, 18210
'MUSCLE_diversified_replicate.none.208.afa', 13916, 5.394, 4, 2, 14275
'MUSCLE_diversified_replicate.none.212.afa', 18405, 6.987, 4, 3, 18827
'MUSCLE_diversified_replicate.none.216.afa', 17993, 6.631, 4, 3, 18402
'MUSCLE_diversified_replicate.none.220.afa', 17316, 6.322, 4, 3, 17693
'MUSCLE_diversified_replicate.none.224.afa', 14607, 5.68, 4, 2, 14973
'MUSCLE_diversified_replicate.none.228.afa', 15862, 6.236, 4, 3, 16296
'MUSCLE_diversified_replicate.none.232.afa', 17280, 6.429, 4, 3, 17635
'MUSCLE_diversified_replicate.none.236.afa', 17950, 6.704, 4, 3, 18348
'MUSCLE_diversified_replicate.none.24.afa', 18508, 6.987, 4, 3, 18917
'MUSCLE_diversified_replicate.none.240.afa', 17385, 6.334, 4, 2, 17741
'MUSCLE_diversified_replicate.none.244.afa', 17404, 6.357, 4, 3, 17815
'MUSCLE_diversified_replicate.none.248.afa', 17643, 6.544, 4, 3, 18045
'MUSCLE_diversified_replicate.none.252.afa', 17358, 6.343, 4, 2, 17731
'MUSCLE_diversified_replicate.none.256.afa', 17127, 6.287, 4, 2, 17491
'MUSCLE_diversified_replicate.none.260.afa', 17577, 6.55, 4, 3, 17950
'MUSCLE_diversified_replicate.none.264.afa', 17732, 6.535, 4, 3, 18115
'MUSCLE_diversified_replicate.none.268.afa', 19029, 6.965, 4, 2, 19445
'MUSCLE_diversified_replicate.none.272.afa', 17533, 6.495, 4, 3, 17906
'MUSCLE_diversified_replicate.none.276.afa', 17270, 6.336, 4, 3, 17637
'MUSCLE_diversified_replicate.none.28.afa', 17927, 6.59, 4, 3, 18281
'MUSCLE_diversified_replicate.none.280.afa', 18234, 6.909, 5, 3, 18637
'MUSCLE_diversified_replicate.none.284.afa', 18101, 6.797, 4, 3, 18466
'MUSCLE_diversified_replicate.none.288.afa', 17964, 6.746, 5, 3, 18354
'MUSCLE_diversified_replicate.none.292.afa', 16864, 6.388, 4, 3, 17272
'MUSCLE_diversified_replicate.none.296.afa', 17240, 6.272, 4, 2, 17611
'MUSCLE_diversified_replicate.none.300.afa', 17935, 6.756, 4, 3, 18383
'MUSCLE_diversified_replicate.none.304.afa', 19076, 7.274, 5, 3, 19582
'MUSCLE_diversified_replicate.none.308.afa', 17083, 6.346, 4, 3, 17439
'MUSCLE_diversified_replicate.none.312.afa', 17229, 6.442, 4, 3, 17607
'MUSCLE_diversified_replicate.none.316.afa', 14823, 5.859, 4, 3, 15164
'MUSCLE_diversified_replicate.none.32.afa', 17101, 6.289, 4, 3, 17457
'MUSCLE_diversified_replicate.none.320.afa', 18180, 6.948, 5, 3, 18642
'MUSCLE_diversified_replicate.none.324.afa', 18306, 6.907, 4, 3, 18780
'MUSCLE_diversified_replicate.none.328.afa', 17048, 6.286, 4, 3, 17420
'MUSCLE_diversified_replicate.none.332.afa', 17284, 6.344, 4, 2, 17664
'MUSCLE_diversified_replicate.none.336.afa', 17433, 6.653, 4, 3, 17795
'MUSCLE_diversified_replicate.none.340.afa', 18204, 6.644, 4, 3, 18580
'MUSCLE_diversified_replicate.none.344.afa', 14809, 5.747, 4, 3, 15191
'MUSCLE_diversified_replicate.none.348.afa', 18018, 6.669, 4, 3, 18440
'MUSCLE_diversified_replicate.none.352.afa', 17362, 6.418, 4, 3, 17711
'MUSCLE_diversified_replicate.none.356.afa', 19232, 7.203, 4, 3, 19597
'MUSCLE_diversified_replicate.none.36.afa', 17123, 6.44, 4, 3, 17542
'MUSCLE_diversified_replicate.none.360.afa', 18091, 6.749, 4, 3, 18511
'MUSCLE_diversified_replicate.none.364.afa', 17407, 6.468, 4, 3, 17810
'MUSCLE_diversified_replicate.none.368.afa', 17320, 6.442, 4, 3, 17701
'MUSCLE_diversified_replicate.none.372.afa', 14905, 5.908, 4, 3, 15335
'MUSCLE_diversified_replicate.none.376.afa', 17345, 6.61, 4, 3, 17782
'MUSCLE_diversified_replicate.none.380.afa', 17234, 6.242, 4, 3, 17626
'MUSCLE_diversified_replicate.none.384.afa', 18158, 6.686, 4, 3, 18524
'MUSCLE_diversified_replicate.none.388.afa', 17299, 6.427, 4, 3, 17707
'MUSCLE_diversified_replicate.none.392.afa', 17362, 6.439, 4, 3, 17825
'MUSCLE_diversified_replicate.none.396.afa', 15880, 6.304, 4, 3, 16288
'MUSCLE_diversified_replicate.none.4.afa', 17273, 6.341, 4, 3, 17638
'MUSCLE_diversified_replicate.none.40.afa', 16938, 6.27, 4, 2, 17329
'MUSCLE_diversified_replicate.none.44.afa', 18043, 6.663, 4, 3, 18452
'MUSCLE_diversified_replicate.none.48.afa', 17132, 6.483, 4, 3, 17543
'MUSCLE_diversified_replicate.none.52.afa', 17236, 6.315, 4, 3, 17649
'MUSCLE_diversified_replicate.none.56.afa', 18358, 6.921, 4, 3, 18805
'MUSCLE_diversified_replicate.none.60.afa', 17296, 6.41, 4, 3, 17655
'MUSCLE_diversified_replicate.none.64.afa', 17934, 6.739, 4, 3, 18336
'MUSCLE_diversified_replicate.none.68.afa', 18019, 6.831, 4, 3, 18400
'MUSCLE_diversified_replicate.none.72.afa', 17319, 6.463, 4, 3, 17663
'MUSCLE_diversified_replicate.none.76.afa', 18077, 6.816, 4, 3, 18500
'MUSCLE_diversified_replicate.none.8.afa', 18026, 6.643, 4, 3, 18399
'MUSCLE_diversified_replicate.none.80.afa', 18118, 6.713, 4, 3, 18501
'MUSCLE_diversified_replicate.none.84.afa', 16954, 6.387, 4, 3, 17374
'MUSCLE_diversified_replicate.none.88.afa', 16968, 6.33, 4, 3, 17316
'MUSCLE_diversified_replicate.none.92.afa', 18092, 6.72, 4, 3, 18470
'MUSCLE_diversified_replicate.none.96.afa', 17301, 6.422, 4, 3, 17663
'PRANK_b0#0050_hhH_tree_63_OP_0.36203966777708846_Split_50.fasta', 19858, 7.637, 6, 3, 20417
'PRANK_b0#0050_hhT_tree_63_OP_0.36203966777708846_Split_50.fasta', 16915, 6.657, 5, 3, 17521
'PRANK_b0#0050_htT_tree_63_OP_0.36203966777708846_Split_50.fasta', 17190, 6.75, 5, 3, 17805
'PRANK_b0#0050_ttH_tree_63_OP_0.36203966777708846_Split_50.fasta', 19907, 7.637, 6, 3, 20467
'PRANK_b0#0051_hhT_tree_7_OP_0.4287654329803016_Split_51.fasta', 16740, 6.606, 6, 3, 17197
'PRANK_b0#0051_htH_tree_7_OP_0.4287654329803016_Split_51.fasta', 15852, 6.708, 6, 3, 16376
'PRANK_b0#0051_htT_tree_7_OP_0.4287654329803016_Split_51.fasta', 18178, 7.456, 7, 3, 18763
'PRANK_b0#0051_ttT_tree_7_OP_0.4287654329803016_Split_51.fasta', 18177, 7.454, 7, 3, 18763
'PRANK_b0#0053_hhH_tree_13_OP_0.09692142234876278_Split_53.fasta', 21988, 7.785, 5, 3, 22452
'PRANK_b0#0053_htT_tree_13_OP_0.09692142234876278_Split_53.fasta', 20566, 7.634, 5, 3, 21097
'PRANK_b0#0053_htT_tree_69_OP_0.05304651807751681_Split_53.fasta', 19426, 7.207, 5, 3, 19962
'PRANK_b0#0053_thT_tree_69_OP_0.05304651807751681_Split_53.fasta', 19396, 7.172, 5, 3, 19924
'PRANK_b0#0053_ttH_tree_13_OP_0.09692142234876278_Split_53.fasta', 22051, 7.781, 5, 3, 22517
'PRANK_b0#0053_ttH_tree_69_OP_0.05304651807751681_Split_53.fasta', 18508, 7.185, 5, 3, 19037
'PRANK_b0#0053_ttT_tree_13_OP_0.09692142234876278_Split_53.fasta', 20069, 7.617, 5, 3, 20636
'PRANK_b0#0053_ttT_tree_69_OP_0.05304651807751681_Split_53.fasta', 19396, 7.178, 5, 3, 19925
'PRANK_b0#0054_hhT_tree_37_OP_0.3234162682987525_Split_54.fasta', 15141, 6.052, 5, 3, 15602
'PRANK_b0#0054_htH_tree_11_OP_0.0660385202278223_Split_54.fasta', 21200, 7.565, 4, 3, 21608
'PRANK_b0#0054_htT_tree_37_OP_0.3234162682987525_Split_54.fasta', 15141, 6.02, 5, 3, 15588
'PRANK_b0#0054_htT_tree_60_OP_0.2742882468420108_Split_54.fasta', 16833, 6.765, 6, 3, 17286
'PRANK_b0#0054_thH_tree_11_OP_0.0660385202278223_Split_54.fasta', 21092, 7.536, 4, 3, 21521
'PRANK_b0#0054_thH_tree_60_OP_0.2742882468420108_Split_54.fasta', 15945, 6.641, 6, 3, 16432
'PRANK_b0#0054_thT_tree_11_OP_0.0660385202278223_Split_54.fasta', 22428, 7.838, 4, 3, 22843
'PRANK_b0#0054_thT_tree_60_OP_0.2742882468420108_Split_54.fasta', 16848, 6.781, 6, 3, 17300
'PRANK_b0#0054_ttH_tree_11_OP_0.0660385202278223_Split_54.fasta', 21184, 7.476, 4, 3, 21593
'PRANK_b0#0054_ttH_tree_37_OP_0.3234162682987525_Split_54.fasta', 15184, 6.063, 5, 3, 15649
'PRANK_b0#0054_ttT_tree_37_OP_0.3234162682987525_Split_54.fasta', 15277, 6.075, 5, 3, 15775
'PRANK_b0#0054_ttT_tree_60_OP_0.2742882468420108_Split_54.fasta', 16844, 6.779, 6, 3, 17299
'PRANK_b0#0055_hhH_tree_96_OP_0.3899661250904219_Split_55.fasta', 17603, 6.927, 6, 3, 18084
'PRANK_b0#0055_hhT_tree_23_OP_0.41879358418754387_Split_55.fasta', 19807, 7.717, 6, 3, 20533
'PRANK_b0#0055_hhT_tree_40_OP_0.08821008325435137_Split_55.fasta', 21031, 7.83, 5, 3, 21485
'PRANK_b0#0055_hhT_tree_96_OP_0.3899661250904219_Split_55.fasta', 17447, 6.779, 5, 3, 17936
'PRANK_b0#0055_htH_tree_96_OP_0.3899661250904219_Split_55.fasta', 18044, 7.127, 6, 3, 18547
'PRANK_b0#0055_thH_tree_23_OP_0.41879358418754387_Split_55.fasta', 19222, 7.508, 6, 3, 19811
'PRANK_b0#0055_thH_tree_40_OP_0.08821008325435137_Split_55.fasta', 20849, 7.687, 5, 3, 21289
'PRANK_b0#0055_thT_tree_40_OP_0.08821008325435137_Split_55.fasta', 21031, 7.83, 5, 3, 21485
'PRANK_b0#0055_ttH_tree_23_OP_0.41879358418754387_Split_55.fasta', 19144, 7.525, 6, 3, 19754
'PRANK_b0#0055_ttT_tree_23_OP_0.41879358418754387_Split_55.fasta', 19789, 7.712, 6, 3, 20516
'PRANK_b0#0055_ttT_tree_40_OP_0.08821008325435137_Split_55.fasta', 21031, 7.83, 5, 3, 21485
'PRANK_b0#0055_ttT_tree_96_OP_0.3899661250904219_Split_55.fasta', 17390, 6.769, 5, 3, 17879
'PRANK_b0#0056_hhH_tree_56_OP_0.23502932209680477_Split_56.fasta', 17299, 6.853, 5, 3, 17764
'PRANK_b0#0056_htH_tree_56_OP_0.23502932209680477_Split_56.fasta', 17309, 6.828, 5, 3, 17781
'PRANK_b0#0056_htT_tree_99_OP_0.18594199344926288_Split_56.fasta', 17564, 6.733, 5, 3, 18021
'PRANK_b0#0056_thH_tree_99_OP_0.18594199344926288_Split_56.fasta', 17254, 6.838, 5, 3, 17710
'PRANK_b0#0056_thT_tree_56_OP_0.23502932209680477_Split_56.fasta', 16492, 6.46, 5, 3, 16926
'PRANK_b0#0056_thT_tree_99_OP_0.18594199344926288_Split_56.fasta', 17564, 6.733, 5, 3, 18021
'PRANK_b0#0056_ttH_tree_56_OP_0.23502932209680477_Split_56.fasta', 17293, 6.838, 5, 3, 17766
'PRANK_b0#0056_ttH_tree_99_OP_0.18594199344926288_Split_56.fasta', 17313, 6.833, 5, 3, 17761
'PRANK_b0#0057_htH_tree_64_OP_0.05970650417263379_Split_57.fasta', 20417, 7.007, 3, 2, 20696
'PRANK_b0#0057_thH_tree_64_OP_0.05970650417263379_Split_57.fasta', 20417, 7.007, 3, 2, 20696
'PRANK_b0#0057_thT_tree_64_OP_0.05970650417263379_Split_57.fasta', 20525, 7.104, 3, 2, 20844
'PRANK_b0#0057_ttH_tree_64_OP_0.05970650417263379_Split_57.fasta', 20417, 7.007, 3, 2, 20696
'PRANK_b0#0058_hhH_tree_84_OP_0.3564845080908704_Split_58.fasta', 19005, 7.31, 6, 3, 19625
'PRANK_b0#0058_hhT_tree_84_OP_0.3564845080908704_Split_58.fasta', 18811, 7.355, 5, 3, 19485
'PRANK_b0#0058_hhT_tree_97_OP_0.1673876920856745_Split_58.fasta', 19319, 7.381, 5, 3, 19822
'PRANK_b0#0058_htT_tree_84_OP_0.3564845080908704_Split_58.fasta', 18544, 7.284, 5, 3, 19215
'PRANK_b0#0058_htT_tree_97_OP_0.1673876920856745_Split_58.fasta', 19316, 7.369, 5, 3, 19816
'PRANK_b0#0058_thH_tree_97_OP_0.1673876920856745_Split_58.fasta', 19248, 7.444, 5, 3, 19780
'PRANK_b0#0058_thT_tree_97_OP_0.1673876920856745_Split_58.fasta', 19307, 7.385, 5, 3, 19810
'PRANK_b0#0058_ttT_tree_84_OP_0.3564845080908704_Split_58.fasta', 19062, 7.512, 6, 3, 19772
'PRANK_b0#0059_hhT_tree_80_OP_0.3860599313375234_Split_59.fasta', 17743, 7.125, 6, 3, 18397
'PRANK_b0#0059_htH_tree_36_OP_0.21650135794201675_Split_59.fasta', 19672, 7.399, 5, 3, 20153
'PRANK_b0#0059_htH_tree_80_OP_0.3860599313375234_Split_59.fasta', 17717, 7.321, 6, 3, 18476
'PRANK_b0#0059_htH_tree_85_OP_0.16592734946943577_Split_59.fasta', 19087, 7.249, 5, 3, 19612
'PRANK_b0#0059_htT_tree_36_OP_0.21650135794201675_Split_59.fasta', 18495, 7.053, 5, 3, 18983
'PRANK_b0#0059_htT_tree_80_OP_0.3860599313375234_Split_59.fasta', 17599, 7.166, 6, 3, 18355
'PRANK_b0#0059_htT_tree_85_OP_0.16592734946943577_Split_59.fasta', 16953, 6.598, 5, 3, 17467
'PRANK_b0#0059_thH_tree_36_OP_0.21650135794201675_Split_59.fasta', 19656, 7.373, 5, 3, 20145
'PRANK_b0#0059_thH_tree_85_OP_0.16592734946943577_Split_59.fasta', 18659, 7.157, 5, 3, 19195
'PRANK_b0#0059_ttH_tree_80_OP_0.3860599313375234_Split_59.fasta', 17715, 7.296, 6, 3, 18474
'PRANK_b0#0059_ttH_tree_85_OP_0.16592734946943577_Split_59.fasta', 18659, 7.157, 5, 3, 19195
'PRANK_b0#0059_ttT_tree_36_OP_0.21650135794201675_Split_59.fasta', 18479, 7.088, 5, 3, 18963
'PRANK_b0#0060_hhH_tree_24_OP_0.35224591752289836_Split_60.fasta', 16189, 6.593, 6, 3, 16732
'PRANK_b0#0060_hhT_tree_24_OP_0.35224591752289836_Split_60.fasta', 16541, 6.579, 5, 3, 17055
'PRANK_b0#0060_ttH_tree_24_OP_0.35224591752289836_Split_60.fasta', 16189, 6.593, 6, 3, 16732
'PRANK_b0#0060_ttT_tree_24_OP_0.35224591752289836_Split_60.fasta', 16542, 6.574, 5, 3, 17057
'PRANK_b0#0061_hhH_tree_16_OP_0.3566466444359746_Split_61.fasta', 19134, 7.656, 6, 3, 19765
'PRANK_b0#0061_thT_tree_16_OP_0.3566466444359746_Split_61.fasta', 16707, 6.927, 6, 3, 17324
'PRANK_b0#0061_ttH_tree_16_OP_0.3566466444359746_Split_61.fasta', 19201, 7.63, 6, 3, 19827
'PRANK_b0#0061_ttT_tree_16_OP_0.3566466444359746_Split_61.fasta', 16707, 6.927, 6, 3, 17324
'PRANK_b0#0062_hhH_tree_0_OP_0.4657131574362508_Split_62.fasta', 21213, 8.308, 7, 3, 21841
'PRANK_b0#0062_hhT_tree_81_OP_0.4058614503238694_Split_62.fasta', 16183, 6.774, 6, 3, 16814
'PRANK_b0#0062_htH_tree_0_OP_0.4657131574362508_Split_62.fasta', 20512, 8.097, 7, 3, 21116
'PRANK_b0#0062_htT_tree_81_OP_0.4058614503238694_Split_62.fasta', 16275, 6.893, 7, 4, 16912
'PRANK_b0#0062_thH_tree_81_OP_0.4058614503238694_Split_62.fasta', 16142, 6.708, 6, 3, 16744
'PRANK_b0#0062_thT_tree_0_OP_0.4657131574362508_Split_62.fasta', 20362, 8.144, 6, 3, 21009
'PRANK_b0#0062_thT_tree_81_OP_0.4058614503238694_Split_62.fasta', 16275, 6.91, 7, 4, 16911
'PRANK_b0#0062_ttT_tree_0_OP_0.4657131574362508_Split_62.fasta', 20670, 8.261, 6, 3, 21350
'PRANK_b0#0063_htH_tree_71_OP_0.26664288485028304_Split_63.fasta', 16400, 6.427, 5, 3, 16884
'PRANK_b0#0063_htT_tree_71_OP_0.26664288485028304_Split_63.fasta', 15983, 6.386, 5, 3, 16513
'PRANK_b0#0063_thH_tree_71_OP_0.26664288485028304_Split_63.fasta', 16413, 6.419, 5, 3, 16891
'PRANK_b0#0063_thT_tree_71_OP_0.26664288485028304_Split_63.fasta', 15959, 6.344, 5, 3, 16471
'PRANK_b0#0065_hhH_tree_48_OP_0.33799514808893955_Split_65.fasta', 18195, 6.749, 5, 3, 18644
'PRANK_b0#0065_htH_tree_48_OP_0.33799514808893955_Split_65.fasta', 18234, 6.763, 5, 3, 18673
'PRANK_b0#0065_thH_tree_48_OP_0.33799514808893955_Split_65.fasta', 18193, 6.743, 5, 3, 18648
'PRANK_b0#0065_thT_tree_48_OP_0.33799514808893955_Split_65.fasta', 17420, 6.557, 5, 3, 17851
'PRANK_b0#0067_hhH_tree_6_OP_0.18497671267226667_Split_67.fasta', 19478, 7.432, 5, 3, 19943
'PRANK_b0#0067_htH_tree_6_OP_0.18497671267226667_Split_67.fasta', 19478, 7.432, 5, 3, 19943
'PRANK_b0#0067_thT_tree_6_OP_0.18497671267226667_Split_67.fasta', 19009, 7.445, 5, 3, 19536
'PRANK_b0#0067_ttT_tree_6_OP_0.18497671267226667_Split_67.fasta', 18977, 7.387, 5, 3, 19500
'PRANK_b0#0070_htH_tree_30_OP_0.20469024912096356_Split_70.fasta', 17378, 6.98, 5, 3, 18052
'PRANK_b0#0070_htH_tree_43_OP_0.41666011848334805_Split_70.fasta', 15452, 6.414, 6, 3, 15987
'PRANK_b0#0070_htT_tree_30_OP_0.20469024912096356_Split_70.fasta', 17287, 6.861, 5, 3, 17931
'PRANK_b0#0070_thH_tree_30_OP_0.20469024912096356_Split_70.fasta', 17337, 6.966, 5, 3, 18010
'PRANK_b0#0070_thH_tree_43_OP_0.41666011848334805_Split_70.fasta', 15452, 6.405, 6, 3, 15989
'PRANK_b0#0070_ttH_tree_43_OP_0.41666011848334805_Split_70.fasta', 15567, 6.412, 6, 3, 16094
'PRANK_b0#0070_ttT_tree_30_OP_0.20469024912096356_Split_70.fasta', 17287, 6.88, 5, 3, 17933
'PRANK_b0#0070_ttT_tree_43_OP_0.41666011848334805_Split_70.fasta', 15362, 6.316, 6, 3, 15912
'PRANK_b0#0073_htT_tree_10_OP_0.17197861239551077_Split_73.fasta', 23388, 8.377, 5, 3, 23927
'PRANK_b0#0073_thH_tree_10_OP_0.17197861239551077_Split_73.fasta', 20170, 7.523, 5, 3, 20639
'PRANK_b0#0073_ttH_tree_10_OP_0.17197861239551077_Split_73.fasta', 20175, 7.534, 5, 3, 20628
'PRANK_b0#0073_ttT_tree_10_OP_0.17197861239551077_Split_73.fasta', 23292, 8.4, 5, 3, 23819
'PRANK_b0#0077_hhH_tree_35_OP_0.23719613041625226_Split_77.fasta', 21709, 7.802, 5, 3, 22189
'PRANK_b0#0077_hhT_tree_35_OP_0.23719613041625226_Split_77.fasta', 21776, 7.733, 5, 3, 22192
'PRANK_b0#0077_htT_tree_35_OP_0.23719613041625226_Split_77.fasta', 21770, 7.726, 5, 3, 22185
'PRANK_b0#0077_htT_tree_79_OP_0.39849921812999034_Split_77.fasta', 19617, 8.314, 7, 4, 20459
'PRANK_b0#0077_thH_tree_35_OP_0.23719613041625226_Split_77.fasta', 21809, 7.749, 5, 3, 22261
'PRANK_b0#0077_thH_tree_79_OP_0.39849921812999034_Split_77.fasta', 20223, 8.245, 7, 3, 21033
'PRANK_b0#0077_thT_tree_79_OP_0.39849921812999034_Split_77.fasta', 19647, 8.292, 7, 4, 20468
'PRANK_b0#0077_ttT_tree_79_OP_0.39849921812999034_Split_77.fasta', 19625, 8.333, 7, 4, 20466
'PRANK_b0#0078_hhH_tree_86_OP_0.2347265646541319_Split_78.fasta', 14489, 6.161, 6, 3, 15032
'PRANK_b0#0078_hhT_tree_53_OP_0.05303947942235687_Split_78.fasta', 17413, 6.398, 4, 3, 17828
'PRANK_b0#0078_htH_tree_53_OP_0.05303947942235687_Split_78.fasta', 18919, 6.772, 4, 3, 19314
'PRANK_b0#0078_htH_tree_86_OP_0.2347265646541319_Split_78.fasta', 14465, 6.152, 6, 3, 14979
'PRANK_b0#0078_thH_tree_86_OP_0.2347265646541319_Split_78.fasta', 14581, 6.24, 6, 3, 15135
'PRANK_b0#0078_thT_tree_53_OP_0.05303947942235687_Split_78.fasta', 17413, 6.402, 4, 3, 17828
'PRANK_b0#0078_ttH_tree_53_OP_0.05303947942235687_Split_78.fasta', 18922, 6.779, 4, 3, 19317
'PRANK_b0#0078_ttT_tree_86_OP_0.2347265646541319_Split_78.fasta', 14473, 6.233, 6, 3, 14995
'PRANK_b0#0079_hhH_tree_88_OP_0.1810795500099957_Split_79.fasta', 20183, 7.29, 4, 3, 20646
'PRANK_b0#0079_hhT_tree_88_OP_0.1810795500099957_Split_79.fasta', 20587, 7.539, 5, 3, 21085
'PRANK_b0#0079_ttH_tree_88_OP_0.1810795500099957_Split_79.fasta', 20189, 7.327, 5, 3, 20660
'PRANK_b0#0079_ttT_tree_88_OP_0.1810795500099957_Split_79.fasta', 20587, 7.418, 5, 3, 21069
'PRANK_b0#0080_hhT_tree_3_OP_0.05125309180508808_Split_80.fasta', 15424, 5.986, 4, 3, 15854
'PRANK_b0#0080_htH_tree_3_OP_0.05125309180508808_Split_80.fasta', 15091, 5.909, 4, 3, 15504
'PRANK_b0#0080_htT_tree_3_OP_0.05125309180508808_Split_80.fasta', 15390, 5.981, 4, 3, 15827
'PRANK_b0#0080_ttH_tree_3_OP_0.05125309180508808_Split_80.fasta', 15118, 5.919, 4, 3, 15527
'PRANK_b0#0081_hhH_tree_5_OP_0.22898839817158656_Split_81.fasta', 16843, 6.507, 5, 3, 17272
'PRANK_b0#0081_hhT_tree_51_OP_0.3986228120499837_Split_81.fasta', 17556, 6.963, 5, 3, 18192
'PRANK_b0#0081_hhT_tree_73_OP_0.04516409856856096_Split_81.fasta', 16706, 6.236, 4, 3, 17018
'PRANK_b0#0081_htH_tree_51_OP_0.3986228120499837_Split_81.fasta', 17823, 7.011, 5, 3, 18387
'PRANK_b0#0081_htT_tree_5_OP_0.22898839817158656_Split_81.fasta', 16809, 6.594, 5, 3, 17241
'PRANK_b0#0081_htT_tree_73_OP_0.04516409856856096_Split_81.fasta', 16706, 6.238, 4, 3, 17016
'PRANK_b0#0081_thH_tree_5_OP_0.22898839817158656_Split_81.fasta', 16848, 6.509, 5, 3, 17278
'PRANK_b0#0081_thH_tree_73_OP_0.04516409856856096_Split_81.fasta', 16586, 6.118, 4, 3, 16984
'PRANK_b0#0081_thT_tree_51_OP_0.3986228120499837_Split_81.fasta', 17587, 6.971, 5, 3, 18227
'PRANK_b0#0081_ttH_tree_51_OP_0.3986228120499837_Split_81.fasta', 17699, 7.109, 6, 3, 18295
'PRANK_b0#0081_ttH_tree_73_OP_0.04516409856856096_Split_81.fasta', 16650, 6.115, 4, 3, 17026
'PRANK_b0#0081_ttT_tree_5_OP_0.22898839817158656_Split_81.fasta', 16809, 6.594, 5, 3, 17241
'PRANK_b0#0085_hhT_tree_59_OP_0.3079281034987719_Split_85.fasta', 18704, 7.333, 5, 3, 19256
'PRANK_b0#0085_thT_tree_59_OP_0.3079281034987719_Split_85.fasta', 18658, 7.325, 5, 3, 19222
'PRANK_b0#0085_ttH_tree_59_OP_0.3079281034987719_Split_85.fasta', 18578, 7.68, 6, 3, 19191
'PRANK_b0#0085_ttT_tree_59_OP_0.3079281034987719_Split_85.fasta', 18706, 7.304, 5, 3, 19286
'PRANK_b0#0086_hhH_tree_46_OP_0.17943757149806483_Split_86.fasta', 16744, 6.784, 5, 3, 17247
'PRANK_b0#0086_hhT_tree_46_OP_0.17943757149806483_Split_86.fasta', 16778, 6.669, 5, 3, 17261
'PRANK_b0#0086_hhT_tree_47_OP_0.4322745197435511_Split_86.fasta', 17694, 7.368, 6, 3, 18327
'PRANK_b0#0086_htT_tree_47_OP_0.4322745197435511_Split_86.fasta', 17763, 7.33, 6, 3, 18379
'PRANK_b0#0086_thT_tree_46_OP_0.17943757149806483_Split_86.fasta', 16802, 6.677, 5, 3, 17291
'PRANK_b0#0086_thT_tree_47_OP_0.4322745197435511_Split_86.fasta', 17750, 7.287, 6, 3, 18395
'PRANK_b0#0086_ttH_tree_46_OP_0.17943757149806483_Split_86.fasta', 16634, 6.781, 5, 3, 17143
'PRANK_b0#0086_ttH_tree_47_OP_0.4322745197435511_Split_86.fasta', 17620, 7.105, 5, 3, 18243
'PRANK_b0#0087_hhT_tree_44_OP_0.200818760412537_Split_87.fasta', 21026, 8.039, 5, 3, 21549
'PRANK_b0#0087_htT_tree_44_OP_0.200818760412537_Split_87.fasta', 21023, 8.035, 5, 3, 21543
'PRANK_b0#0087_thT_tree_44_OP_0.200818760412537_Split_87.fasta', 21041, 8.055, 5, 3, 21549
'PRANK_b0#0087_ttT_tree_44_OP_0.200818760412537_Split_87.fasta', 21027, 8.035, 5, 3, 21550
'PRANK_b0#0088_hhH_tree_14_OP_0.3064418702671071_Split_88.fasta', 21197, 7.835, 5, 3, 21718
'PRANK_b0#0088_hhT_tree_92_OP_0.23387605000900108_Split_88.fasta', 16299, 7.028, 6, 3, 16948
'PRANK_b0#0088_htH_tree_92_OP_0.23387605000900108_Split_88.fasta', 15856, 6.807, 6, 3, 16410
'PRANK_b0#0088_htT_tree_14_OP_0.3064418702671071_Split_88.fasta', 19531, 7.339, 5, 3, 20060
'PRANK_b0#0088_thH_tree_92_OP_0.23387605000900108_Split_88.fasta', 15891, 6.787, 6, 3, 16445
'PRANK_b0#0088_thT_tree_14_OP_0.3064418702671071_Split_88.fasta', 19585, 7.311, 5, 3, 20099
'PRANK_b0#0088_thT_tree_92_OP_0.23387605000900108_Split_88.fasta', 16336, 6.916, 6, 3, 16901
'PRANK_b0#0088_ttH_tree_14_OP_0.3064418702671071_Split_88.fasta', 21281, 7.82, 5, 3, 21790
'PRANK_b0#0089_hhH_tree_21_OP_0.22890592879188038_Split_89.fasta', 15672, 6.766, 6, 3, 16230
'PRANK_b0#0089_htT_tree_21_OP_0.22890592879188038_Split_89.fasta', 15535, 6.758, 6, 3, 16120
'PRANK_b0#0089_thH_tree_21_OP_0.22890592879188038_Split_89.fasta', 15604, 6.757, 6, 3, 16155
'PRANK_b0#0089_ttT_tree_21_OP_0.22890592879188038_Split_89.fasta', 15600, 6.758, 6, 3, 16168
'PRANK_b0#0090_hhT_tree_95_OP_0.1030307002700046_Split_90.fasta', 15797, 6.3, 5, 3, 16296
'PRANK_b0#0090_thH_tree_95_OP_0.1030307002700046_Split_90.fasta', 15000, 6.08, 5, 3, 15484
'PRANK_b0#0090_ttH_tree_95_OP_0.1030307002700046_Split_90.fasta', 15035, 6.119, 5, 3, 15505
'PRANK_b0#0090_ttT_tree_95_OP_0.1030307002700046_Split_90.fasta', 15832, 6.334, 5, 3, 16319
'PRANK_b0#0091_hhH_tree_4_OP_0.3917727204478945_Split_91.fasta', 18160, 7.467, 6, 4, 18689
'PRANK_b0#0091_htT_tree_4_OP_0.3917727204478945_Split_91.fasta', 17643, 7.477, 6, 4, 18200
'PRANK_b0#0091_thH_tree_4_OP_0.3917727204478945_Split_91.fasta', 18178, 7.453, 6, 4, 18711
'PRANK_b0#0091_thT_tree_4_OP_0.3917727204478945_Split_91.fasta', 17757, 7.461, 6, 4, 18287
'PRANK_b0#0096_hhH_tree_77_OP_0.06320220646162977_Split_96.fasta', 19720, 7.154, 4, 3, 20185
'PRANK_b0#0096_hhT_tree_77_OP_0.06320220646162977_Split_96.fasta', 23100, 8.041, 5, 3, 23602
'PRANK_b0#0096_htH_tree_77_OP_0.06320220646162977_Split_96.fasta', 19720, 7.154, 4, 3, 20185
'PRANK_b0#0096_ttT_tree_77_OP_0.06320220646162977_Split_96.fasta', 23115, 8.005, 4, 3, 23614
'PRANK_b1#0000_hhH_tree_61_OP_0.4330011748014624_Split_0.fasta', 17300, 7.111, 6, 3, 17908
'PRANK_b1#0000_hhT_tree_61_OP_0.4330011748014624_Split_0.fasta', 17637, 7.221, 6, 3, 18253
'PRANK_b1#0000_htH_tree_61_OP_0.4330011748014624_Split_0.fasta', 17303, 7.107, 6, 3, 17911
'PRANK_b1#0000_htT_tree_61_OP_0.4330011748014624_Split_0.fasta', 17634, 7.209, 7, 3, 18221
'PRANK_b1#0001_hhH_tree_89_OP_0.08315440018559267_Split_1.fasta', 15780, 6.279, 5, 3, 16304
'PRANK_b1#0001_hhT_tree_89_OP_0.08315440018559267_Split_1.fasta', 15807, 6.288, 5, 3, 16338
'PRANK_b1#0001_htH_tree_89_OP_0.08315440018559267_Split_1.fasta', 15780, 6.279, 5, 3, 16304
'PRANK_b1#0001_htT_tree_89_OP_0.08315440018559267_Split_1.fasta', 15810, 6.284, 5, 3, 16339
'PRANK_b1#0004_hhH_tree_20_OP_0.1825262028599538_Split_4.fasta', 18185, 7.085, 5, 3, 18622
'PRANK_b1#0004_hhH_tree_2_OP_0.0971126692608415_Split_4.fasta', 19567, 7.497, 5, 3, 20197
'PRANK_b1#0004_hhT_tree_20_OP_0.1825262028599538_Split_4.fasta', 18045, 7.299, 6, 3, 18517
'PRANK_b1#0004_hhT_tree_2_OP_0.0971126692608415_Split_4.fasta', 18357, 6.864, 5, 3, 18873
'PRANK_b1#0004_htH_tree_20_OP_0.1825262028599538_Split_4.fasta', 18231, 7.089, 5, 3, 18665
'PRANK_b1#0004_htH_tree_2_OP_0.0971126692608415_Split_4.fasta', 19464, 7.503, 5, 3, 20118
'PRANK_b1#0004_htT_tree_20_OP_0.1825262028599538_Split_4.fasta', 18038, 7.299, 6, 3, 18514
'PRANK_b1#0004_htT_tree_2_OP_0.0971126692608415_Split_4.fasta', 18358, 6.862, 5, 3, 18874
'PRANK_b1#0005_hhH_tree_67_OP_0.008476858088944328_Split_5.fasta', 15719, 6.058, 4, 3, 16134
'PRANK_b1#0005_hhT_tree_67_OP_0.008476858088944328_Split_5.fasta', 17126, 6.4, 4, 3, 17533
'PRANK_b1#0005_htH_tree_67_OP_0.008476858088944328_Split_5.fasta', 15725, 6.081, 4, 3, 16141
'PRANK_b1#0005_htT_tree_67_OP_0.008476858088944328_Split_5.fasta', 17122, 6.395, 4, 3, 17532
'PRANK_b1#0006_hhH_tree_90_OP_0.4673207261707267_Split_6.fasta', 18030, 7.444, 6, 3, 18676
'PRANK_b1#0006_hhT_tree_90_OP_0.4673207261707267_Split_6.fasta', 18054, 7.427, 6, 3, 18698
'PRANK_b1#0006_htH_tree_90_OP_0.4673207261707267_Split_6.fasta', 18038, 7.435, 6, 3, 18683
'PRANK_b1#0006_htT_tree_90_OP_0.4673207261707267_Split_6.fasta', 18044, 7.446, 6, 3, 18687
'PRANK_b1#0007_hhH_tree_41_OP_0.02098294888047958_Split_7.fasta', 19128, 6.747, 3, 2, 19423
'PRANK_b1#0007_hhT_tree_41_OP_0.02098294888047958_Split_7.fasta', 18724, 6.596, 4, 2, 19010
'PRANK_b1#0007_htH_tree_41_OP_0.02098294888047958_Split_7.fasta', 19128, 6.747, 3, 2, 19423
'PRANK_b1#0007_htT_tree_41_OP_0.02098294888047958_Split_7.fasta', 18724, 6.596, 4, 2, 19010
'PRANK_b1#0008_hhH_tree_15_OP_0.23700500204391878_Split_8.fasta', 18583, 7.618, 6, 3, 19268
'PRANK_b1#0008_hhT_tree_15_OP_0.23700500204391878_Split_8.fasta', 18273, 7.297, 6, 3, 18887
'PRANK_b1#0008_htH_tree_15_OP_0.23700500204391878_Split_8.fasta', 18270, 7.653, 6, 3, 18967
'PRANK_b1#0008_htT_tree_15_OP_0.23700500204391878_Split_8.fasta', 17085, 7.111, 6, 3, 17713
'PRANK_b1#0009_hhH_tree_29_OP_0.3263217068805121_Split_9.fasta', 17793, 7.657, 8, 4, 18406
'PRANK_b1#0009_hhT_tree_29_OP_0.3263217068805121_Split_9.fasta', 19019, 7.934, 7, 4, 19623
'PRANK_b1#0009_htH_tree_29_OP_0.3263217068805121_Split_9.fasta', 17784, 7.65, 8, 4, 18397
'PRANK_b1#0009_htT_tree_29_OP_0.3263217068805121_Split_9.fasta', 19044, 7.898, 7, 4, 19651
'PRANK_b1#0010_hhH_tree_55_OP_0.12131382649812672_Split_10.fasta', 16035, 6.314, 5, 3, 16513
'PRANK_b1#0010_hhH_tree_78_OP_0.2199134490774199_Split_10.fasta', 21787, 7.578, 5, 3, 22269
'PRANK_b1#0010_hhH_tree_93_OP_0.22235197408396468_Split_10.fasta', 15992, 6.67, 6, 3, 16553
'PRANK_b1#0010_hhT_tree_55_OP_0.12131382649812672_Split_10.fasta', 16143, 6.277, 5, 3, 16599
'PRANK_b1#0010_hhT_tree_78_OP_0.2199134490774199_Split_10.fasta', 21722, 7.618, 5, 3, 22165
'PRANK_b1#0010_hhT_tree_93_OP_0.22235197408396468_Split_10.fasta', 15917, 6.567, 5, 3, 16410
'PRANK_b1#0010_htH_tree_55_OP_0.12131382649812672_Split_10.fasta', 16030, 6.306, 5, 3, 16501
'PRANK_b1#0010_htH_tree_78_OP_0.2199134490774199_Split_10.fasta', 21786, 7.606, 4, 3, 22275
'PRANK_b1#0010_htH_tree_93_OP_0.22235197408396468_Split_10.fasta', 16026, 6.594, 5, 3, 16568
'PRANK_b1#0010_htT_tree_55_OP_0.12131382649812672_Split_10.fasta', 16143, 6.273, 5, 3, 16599
'PRANK_b1#0010_htT_tree_78_OP_0.2199134490774199_Split_10.fasta', 21697, 7.626, 5, 3, 22172
'PRANK_b1#0010_htT_tree_93_OP_0.22235197408396468_Split_10.fasta', 15817, 6.537, 5, 3, 16317
'PRANK_b1#0012_hhH_tree_39_OP_0.22687500454657905_Split_12.fasta', 15571, 6.226, 5, 3, 16055
'PRANK_b1#0012_hhH_tree_42_OP_0.0496315149686164_Split_12.fasta', 17618, 6.374, 4, 2, 17999
'PRANK_b1#0012_hhT_tree_39_OP_0.22687500454657905_Split_12.fasta', 16012, 6.336, 5, 3, 16526
'PRANK_b1#0012_hhT_tree_42_OP_0.0496315149686164_Split_12.fasta', 17697, 6.557, 4, 3, 18097
'PRANK_b1#0012_htH_tree_39_OP_0.22687500454657905_Split_12.fasta', 15571, 6.221, 5, 3, 16056
'PRANK_b1#0012_htH_tree_42_OP_0.0496315149686164_Split_12.fasta', 17605, 6.436, 4, 3, 17991
'PRANK_b1#0012_htT_tree_39_OP_0.22687500454657905_Split_12.fasta', 16002, 6.331, 5, 3, 16516
'PRANK_b1#0012_htT_tree_42_OP_0.0496315149686164_Split_12.fasta', 17691, 6.564, 4, 3, 18090
'PRANK_b1#0015_hhH_tree_18_OP_0.2024155938605975_Split_15.fasta', 15462, 6.192, 5, 3, 15974
'PRANK_b1#0015_hhT_tree_18_OP_0.2024155938605975_Split_15.fasta', 15315, 6.047, 5, 3, 15814
'PRANK_b1#0015_htH_tree_18_OP_0.2024155938605975_Split_15.fasta', 15514, 6.119, 5, 3, 16016
'PRANK_b1#0015_htT_tree_18_OP_0.2024155938605975_Split_15.fasta', 15315, 6.042, 5, 3, 15816
'PRANK_b1#0017_hhH_tree_25_OP_0.40331807202508463_Split_17.fasta', 16962, 7.04, 6, 3, 17713
'PRANK_b1#0017_hhT_tree_25_OP_0.40331807202508463_Split_17.fasta', 17441, 7.384, 7, 4, 18153
'PRANK_b1#0017_htH_tree_25_OP_0.40331807202508463_Split_17.fasta', 17622, 7.299, 6, 3, 18367
'PRANK_b1#0017_htT_tree_25_OP_0.40331807202508463_Split_17.fasta', 18633, 7.727, 7, 4, 19341
'PRANK_b1#0018_hhH_tree_75_OP_0.4799762788828158_Split_18.fasta', 18515, 7.969, 7, 3, 19233
'PRANK_b1#0018_hhT_tree_75_OP_0.4799762788828158_Split_18.fasta', 18850, 8.065, 6, 3, 19550
'PRANK_b1#0018_htH_tree_75_OP_0.4799762788828158_Split_18.fasta', 18592, 8.034, 7, 3, 19320
'PRANK_b1#0018_htT_tree_75_OP_0.4799762788828158_Split_18.fasta', 19100, 8.264, 7, 4, 19806
'PRANK_b1#0020_hhH_tree_32_OP_0.46510307915842913_Split_20.fasta', 20448, 7.929, 5, 3, 21132
'PRANK_b1#0020_hhH_tree_45_OP_0.34336798907063576_Split_20.fasta', 15604, 6.542, 5, 3, 16135
'PRANK_b1#0020_hhT_tree_32_OP_0.46510307915842913_Split_20.fasta', 20567, 7.724, 5, 3, 21150
'PRANK_b1#0020_hhT_tree_45_OP_0.34336798907063576_Split_20.fasta', 15692, 6.66, 5, 3, 16244
'PRANK_b1#0020_htH_tree_32_OP_0.46510307915842913_Split_20.fasta', 20599, 8.043, 5, 3, 21287
'PRANK_b1#0020_htH_tree_45_OP_0.34336798907063576_Split_20.fasta', 15609, 6.54, 5, 3, 16138
'PRANK_b1#0020_htT_tree_32_OP_0.46510307915842913_Split_20.fasta', 20556, 7.692, 5, 3, 21140
'PRANK_b1#0020_htT_tree_45_OP_0.34336798907063576_Split_20.fasta', 15696, 6.6, 5, 3, 16234
'PRANK_b1#0021_hhH_tree_72_OP_0.03379288926432422_Split_21.fasta', 18349, 6.985, 5, 3, 18848
'PRANK_b1#0021_hhT_tree_72_OP_0.03379288926432422_Split_21.fasta', 20567, 7.48, 5, 3, 21065
'PRANK_b1#0021_htH_tree_72_OP_0.03379288926432422_Split_21.fasta', 18345, 6.987, 5, 3, 18844
'PRANK_b1#0021_htT_tree_72_OP_0.03379288926432422_Split_21.fasta', 20501, 7.501, 5, 3, 20998
'PRANK_b1#0022_hhH_tree_82_OP_0.3028561213552523_Split_22.fasta', 21433, 8.708, 7, 3, 22146
'PRANK_b1#0022_hhH_tree_83_OP_0.37330283834351374_Split_22.fasta', 15453, 6.542, 6, 3, 15957
'PRANK_b1#0022_hhT_tree_82_OP_0.3028561213552523_Split_22.fasta', 19270, 7.94, 7, 3, 20015
'PRANK_b1#0022_hhT_tree_83_OP_0.37330283834351374_Split_22.fasta', 16709, 7.072, 6, 3, 17238
'PRANK_b1#0022_htH_tree_82_OP_0.3028561213552523_Split_22.fasta', 21367, 8.703, 7, 3, 22095
'PRANK_b1#0022_htH_tree_83_OP_0.37330283834351374_Split_22.fasta', 15460, 6.54, 6, 3, 15958
'PRANK_b1#0022_htT_tree_82_OP_0.3028561213552523_Split_22.fasta', 19282, 7.929, 7, 3, 20024
'PRANK_b1#0022_htT_tree_83_OP_0.37330283834351374_Split_22.fasta', 16511, 6.919, 6, 3, 17010
'PRANK_b1#0024_hhH_tree_12_OP_0.12503863659849623_Split_24.fasta', 16203, 6.32, 5, 3, 16592
'PRANK_b1#0024_hhH_tree_28_OP_0.026059464327883253_Split_24.fasta', 16431, 6.235, 4, 3, 16841
'PRANK_b1#0024_hhH_tree_34_OP_0.3871869419205337_Split_24.fasta', 16454, 7.075, 6, 3, 17072
'PRANK_b1#0024_hhH_tree_58_OP_0.4060880752132891_Split_24.fasta', 15471, 6.384, 5, 3, 16002
'PRANK_b1#0024_hhH_tree_65_OP_0.2277419037379937_Split_24.fasta', 14173, 6.097, 6, 3, 14753
'PRANK_b1#0024_hhT_tree_12_OP_0.12503863659849623_Split_24.fasta', 16176, 6.252, 5, 3, 16571
'PRANK_b1#0024_hhT_tree_28_OP_0.026059464327883253_Split_24.fasta', 15951, 6.214, 5, 3, 16391
'PRANK_b1#0024_hhT_tree_34_OP_0.3871869419205337_Split_24.fasta', 17349, 7.418, 7, 3, 17923
'PRANK_b1#0024_hhT_tree_58_OP_0.4060880752132891_Split_24.fasta', 15841, 6.519, 5, 3, 16365
'PRANK_b1#0024_hhT_tree_65_OP_0.2277419037379937_Split_24.fasta', 15558, 6.858, 7, 3, 16208
'PRANK_b1#0024_htH_tree_12_OP_0.12503863659849623_Split_24.fasta', 16203, 6.321, 5, 3, 16592
'PRANK_b1#0024_htH_tree_28_OP_0.026059464327883253_Split_24.fasta', 16431, 6.238, 4, 3, 16840
'PRANK_b1#0024_htH_tree_34_OP_0.3871869419205337_Split_24.fasta', 16607, 7.209, 7, 3, 17213
'PRANK_b1#0024_htH_tree_58_OP_0.4060880752132891_Split_24.fasta', 15548, 6.338, 5, 3, 16075
'PRANK_b1#0024_htH_tree_65_OP_0.2277419037379937_Split_24.fasta', 14193, 6.077, 6, 3, 14771
'PRANK_b1#0024_htT_tree_12_OP_0.12503863659849623_Split_24.fasta', 16176, 6.252, 5, 3, 16571
'PRANK_b1#0024_htT_tree_28_OP_0.026059464327883253_Split_24.fasta', 15811, 6.247, 5, 3, 16288
'PRANK_b1#0024_htT_tree_34_OP_0.3871869419205337_Split_24.fasta', 17191, 7.392, 7, 3, 17753
'PRANK_b1#0024_htT_tree_58_OP_0.4060880752132891_Split_24.fasta', 15849, 6.521, 5, 3, 16380
'PRANK_b1#0024_htT_tree_65_OP_0.2277419037379937_Split_24.fasta', 15558, 6.862, 7, 3, 16208
'PRANK_b1#0026_hhH_tree_87_OP_0.11403984600375927_Split_26.fasta', 18312, 7.137, 5, 3, 18756
'PRANK_b1#0026_hhT_tree_87_OP_0.11403984600375927_Split_26.fasta', 21860, 8.02, 5, 3, 22321
'PRANK_b1#0026_htH_tree_87_OP_0.11403984600375927_Split_26.fasta', 18312, 7.137, 5, 3, 18756
'PRANK_b1#0026_htT_tree_87_OP_0.11403984600375927_Split_26.fasta', 21858, 8.024, 5, 3, 22319
'PRANK_b1#0028_hhH_tree_70_OP_0.3490789034502281_Split_28.fasta', 20555, 8.204, 6, 3, 21195
'PRANK_b1#0028_hhT_tree_70_OP_0.3490789034502281_Split_28.fasta', 20200, 8.184, 6, 3, 20820
'PRANK_b1#0028_htH_tree_70_OP_0.3490789034502281_Split_28.fasta', 19660, 7.941, 6, 3, 20281
'PRANK_b1#0028_htT_tree_70_OP_0.3490789034502281_Split_28.fasta', 20157, 8.078, 6, 3, 20740
'PRANK_b1#0029_hhH_tree_1_OP_0.05363264786522631_Split_29.fasta', 20453, 7.31, 4, 3, 20899
'PRANK_b1#0029_hhH_tree_62_OP_0.09025347905865139_Split_29.fasta', 22795, 7.865, 4, 3, 23155
'PRANK_b1#0029_hhT_tree_1_OP_0.05363264786522631_Split_29.fasta', 20903, 7.425, 5, 3, 21382
'PRANK_b1#0029_hhT_tree_62_OP_0.09025347905865139_Split_29.fasta', 22122, 7.56, 4, 3, 22432
'PRANK_b1#0029_htH_tree_1_OP_0.05363264786522631_Split_29.fasta', 20454, 7.312, 4, 3, 20900
'PRANK_b1#0029_htH_tree_62_OP_0.09025347905865139_Split_29.fasta', 22803, 7.858, 4, 3, 23151
'PRANK_b1#0029_htT_tree_1_OP_0.05363264786522631_Split_29.fasta', 20902, 7.423, 5, 3, 21381
'PRANK_b1#0029_htT_tree_62_OP_0.09025347905865139_Split_29.fasta', 22124, 7.554, 4, 3, 22436
'PRANK_b1#0030_hhH_tree_68_OP_0.2161589229083642_Split_30.fasta', 16635, 6.873, 6, 3, 17228
'PRANK_b1#0030_hhT_tree_68_OP_0.2161589229083642_Split_30.fasta', 16488, 6.817, 6, 3, 17035
'PRANK_b1#0030_htH_tree_68_OP_0.2161589229083642_Split_30.fasta', 16515, 6.847, 6, 3, 17130
'PRANK_b1#0030_htT_tree_68_OP_0.2161589229083642_Split_30.fasta', 16488, 6.819, 6, 3, 17035
'PRANK_b1#0032_hhH_tree_17_OP_0.0883996370966601_Split_32.fasta', 19057, 7.176, 5, 3, 19547
'PRANK_b1#0032_hhH_tree_31_OP_0.2991272106085847_Split_32.fasta', 16451, 6.449, 5, 3, 16929
'PRANK_b1#0032_hhH_tree_57_OP_0.01035969654869301_Split_32.fasta', 16508, 6.116, 4, 3, 16882
'PRANK_b1#0032_hhH_tree_74_OP_0.34003546929790274_Split_32.fasta', 16950, 6.799, 5, 3, 17423
'PRANK_b1#0032_hhH_tree_76_OP_0.3744455664317578_Split_32.fasta', 17647, 6.654, 5, 3, 18129
'PRANK_b1#0032_hhT_tree_17_OP_0.0883996370966601_Split_32.fasta', 21197, 7.737, 5, 3, 21633
'PRANK_b1#0032_hhT_tree_31_OP_0.2991272106085847_Split_32.fasta', 16652, 6.579, 5, 3, 17164
'PRANK_b1#0032_hhT_tree_57_OP_0.01035969654869301_Split_32.fasta', 16416, 6.202, 4, 3, 16840
'PRANK_b1#0032_hhT_tree_74_OP_0.34003546929790274_Split_32.fasta', 19461, 7.363, 5, 3, 19926
'PRANK_b1#0032_hhT_tree_76_OP_0.3744455664317578_Split_32.fasta', 18636, 6.991, 5, 3, 19063
'PRANK_b1#0032_htH_tree_17_OP_0.0883996370966601_Split_32.fasta', 19005, 7.194, 5, 3, 19551
'PRANK_b1#0032_htH_tree_31_OP_0.2991272106085847_Split_32.fasta', 16439, 6.444, 5, 3, 16920
'PRANK_b1#0032_htH_tree_57_OP_0.01035969654869301_Split_32.fasta', 16508, 6.116, 4, 3, 16880
'PRANK_b1#0032_htH_tree_74_OP_0.34003546929790274_Split_32.fasta', 18963, 7.242, 5, 3, 19448
'PRANK_b1#0032_htH_tree_76_OP_0.3744455664317578_Split_32.fasta', 17651, 6.661, 5, 3, 18130
'PRANK_b1#0032_htT_tree_17_OP_0.0883996370966601_Split_32.fasta', 21225, 7.775, 5, 3, 21656
'PRANK_b1#0032_htT_tree_31_OP_0.2991272106085847_Split_32.fasta', 16619, 6.573, 5, 3, 17110
'PRANK_b1#0032_htT_tree_57_OP_0.01035969654869301_Split_32.fasta', 16245, 6.123, 4, 3, 16663
'PRANK_b1#0032_htT_tree_74_OP_0.34003546929790274_Split_32.fasta', 17459, 6.87, 5, 3, 17956
'PRANK_b1#0032_htT_tree_76_OP_0.3744455664317578_Split_32.fasta', 18636, 6.991, 5, 3, 19063
'PRANK_b1#0034_hhH_tree_33_OP_0.48048927330141855_Split_34.fasta', 21003, 7.92, 6, 3, 21589
'PRANK_b1#0034_hhH_tree_52_OP_0.03486385316080837_Split_34.fasta', 21562, 7.314, 3, 2, 21833
'PRANK_b1#0034_hhT_tree_33_OP_0.48048927330141855_Split_34.fasta', 19439, 8.083, 7, 4, 20096
'PRANK_b1#0034_hhT_tree_52_OP_0.03486385316080837_Split_34.fasta', 22571, 7.475, 3, 2, 22827
'PRANK_b1#0034_htH_tree_33_OP_0.48048927330141855_Split_34.fasta', 19220, 7.739, 7, 3, 19884
'PRANK_b1#0034_htH_tree_52_OP_0.03486385316080837_Split_34.fasta', 21562, 7.314, 3, 2, 21835
'PRANK_b1#0034_htT_tree_33_OP_0.48048927330141855_Split_34.fasta', 19459, 8.087, 7, 4, 20110
'PRANK_b1#0034_htT_tree_52_OP_0.03486385316080837_Split_34.fasta', 22571, 7.475, 3, 2, 22827
'PRANK_b1#0036_hhH_tree_8_OP_0.3698786236358351_Split_36.fasta', 15772, 6.623, 6, 3, 16353
'PRANK_b1#0036_hhT_tree_8_OP_0.3698786236358351_Split_36.fasta', 15642, 6.657, 6, 3, 16223
'PRANK_b1#0036_htH_tree_8_OP_0.3698786236358351_Split_36.fasta', 15848, 6.655, 6, 3, 16422
'PRANK_b1#0036_htT_tree_8_OP_0.3698786236358351_Split_36.fasta', 15681, 6.674, 6, 3, 16261
'PRANK_b1#0037_hhH_tree_19_OP_0.2601680197593299_Split_37.fasta', 15680, 6.536, 6, 3, 16154
'PRANK_b1#0037_hhT_tree_19_OP_0.2601680197593299_Split_37.fasta', 16012, 6.568, 5, 3, 16470
'PRANK_b1#0037_htH_tree_19_OP_0.2601680197593299_Split_37.fasta', 15827, 6.583, 6, 3, 16301
'PRANK_b1#0037_htT_tree_19_OP_0.2601680197593299_Split_37.fasta', 16010, 6.57, 5, 3, 16468
'PRANK_b1#0038_hhH_tree_22_OP_0.1313757710015392_Split_38.fasta', 17997, 6.796, 5, 3, 18408
'PRANK_b1#0038_hhH_tree_38_OP_0.29843463616112814_Split_38.fasta', 15462, 6.703, 6, 3, 16046
'PRANK_b1#0038_hhH_tree_91_OP_0.31689700001611826_Split_38.fasta', 16401, 6.994, 7, 3, 16965
'PRANK_b1#0038_hhT_tree_22_OP_0.1313757710015392_Split_38.fasta', 18021, 6.759, 5, 3, 18438
'PRANK_b1#0038_hhT_tree_38_OP_0.29843463616112814_Split_38.fasta', 15625, 6.793, 6, 3, 16228
'PRANK_b1#0038_hhT_tree_91_OP_0.31689700001611826_Split_38.fasta', 15931, 7.085, 7, 3, 16600
'PRANK_b1#0038_htH_tree_22_OP_0.1313757710015392_Split_38.fasta', 17999, 6.824, 5, 3, 18412
'PRANK_b1#0038_htH_tree_38_OP_0.29843463616112814_Split_38.fasta', 15421, 6.674, 6, 3, 16001
'PRANK_b1#0038_htH_tree_91_OP_0.31689700001611826_Split_38.fasta', 15744, 6.937, 7, 3, 16376
'PRANK_b1#0038_htT_tree_22_OP_0.1313757710015392_Split_38.fasta', 17978, 6.759, 5, 3, 18395
'PRANK_b1#0038_htT_tree_38_OP_0.29843463616112814_Split_38.fasta', 15624, 6.787, 6, 3, 16227
'PRANK_b1#0038_htT_tree_91_OP_0.31689700001611826_Split_38.fasta', 16566, 7.178, 7, 3, 17140
'PRANK_b1#0040_hhH_tree_27_OP_0.14896923282821622_Split_40.fasta', 14708, 5.811, 5, 3, 15121
'PRANK_b1#0040_hhH_tree_9_OP_0.3803136599863731_Split_40.fasta', 18569, 7.193, 5, 3, 19136
'PRANK_b1#0040_hhT_tree_27_OP_0.14896923282821622_Split_40.fasta', 14752, 5.855, 5, 3, 15159
'PRANK_b1#0040_hhT_tree_9_OP_0.3803136599863731_Split_40.fasta', 19424, 7.349, 5, 3, 20012
'PRANK_b1#0040_htH_tree_27_OP_0.14896923282821622_Split_40.fasta', 14708, 5.811, 5, 3, 15122
'PRANK_b1#0040_htH_tree_9_OP_0.3803136599863731_Split_40.fasta', 18569, 7.183, 5, 3, 19136
'PRANK_b1#0040_htT_tree_27_OP_0.14896923282821622_Split_40.fasta', 14779, 5.841, 5, 3, 15184
'PRANK_b1#0040_htT_tree_9_OP_0.3803136599863731_Split_40.fasta', 19423, 7.347, 5, 3, 20011
'PRANK_b1#0041_hhH_tree_98_OP_0.2156405548443302_Split_41.fasta', 18758, 7.416, 6, 3, 19274
'PRANK_b1#0041_hhT_tree_98_OP_0.2156405548443302_Split_41.fasta', 18817, 7.201, 5, 3, 19299
'PRANK_b1#0041_htH_tree_98_OP_0.2156405548443302_Split_41.fasta', 18736, 7.47, 6, 3, 19262
'PRANK_b1#0041_htT_tree_98_OP_0.2156405548443302_Split_41.fasta', 18817, 7.214, 5, 3, 19299
'PRANK_b1#0042_hhH_tree_26_OP_0.19458729828343746_Split_42.fasta', 15916, 6.367, 5, 3, 16375
'PRANK_b1#0042_hhH_tree_50_OP_0.41441335319694456_Split_42.fasta', 15220, 6.122, 5, 3, 15818
'PRANK_b1#0042_hhT_tree_26_OP_0.19458729828343746_Split_42.fasta', 16632, 6.604, 5, 3, 17111
'PRANK_b1#0042_hhT_tree_50_OP_0.41441335319694456_Split_42.fasta', 15270, 6.242, 5, 3, 15859
'PRANK_b1#0042_htH_tree_26_OP_0.19458729828343746_Split_42.fasta', 16468, 6.387, 5, 3, 16908
'PRANK_b1#0042_htH_tree_50_OP_0.41441335319694456_Split_42.fasta', 15150, 6.142, 5, 3, 15752
'PRANK_b1#0042_htT_tree_26_OP_0.19458729828343746_Split_42.fasta', 16629, 6.622, 5, 3, 17094
'PRANK_b1#0042_htT_tree_50_OP_0.41441335319694456_Split_42.fasta', 15306, 6.228, 5, 3, 15896
'PRANK_b1#0044_hhH_tree_66_OP_0.002445136450722696_Split_44.fasta', 18351, 6.557, 4, 2, 18732
'PRANK_b1#0044_hhT_tree_66_OP_0.002445136450722696_Split_44.fasta', 19397, 7.007, 4, 3, 19814
'PRANK_b1#0044_htH_tree_66_OP_0.002445136450722696_Split_44.fasta', 17199, 6.263, 3, 2, 17594
'PRANK_b1#0044_htT_tree_66_OP_0.002445136450722696_Split_44.fasta', 16921, 6.358, 4, 3, 17353
'PRANK_b1#0047_hhH_tree_49_OP_0.3808211405032018_Split_47.fasta', 17032, 7.093, 6, 3, 17656
'PRANK_b1#0047_hhH_tree_54_OP_0.19617966006842125_Split_47.fasta', 17675, 6.665, 5, 3, 18099
'PRANK_b1#0047_hhH_tree_94_OP_0.02673109171310184_Split_47.fasta', 16895, 6.412, 4, 3, 17339
'PRANK_b1#0047_hhT_tree_49_OP_0.3808211405032018_Split_47.fasta', 16714, 7.137, 7, 3, 17382
'PRANK_b1#0047_hhT_tree_54_OP_0.19617966006842125_Split_47.fasta', 16719, 6.802, 5, 3, 17238
'PRANK_b1#0047_hhT_tree_94_OP_0.02673109171310184_Split_47.fasta', 16792, 6.455, 4, 3, 17276
'PRANK_b1#0047_htH_tree_49_OP_0.3808211405032018_Split_47.fasta', 16238, 6.97, 7, 3, 16862
'PRANK_b1#0047_htH_tree_54_OP_0.19617966006842125_Split_47.fasta', 17675, 6.665, 5, 3, 18099
'PRANK_b1#0047_htH_tree_94_OP_0.02673109171310184_Split_47.fasta', 16793, 6.522, 5, 3, 17249
'PRANK_b1#0047_htT_tree_49_OP_0.3808211405032018_Split_47.fasta', 16717, 7.133, 7, 3, 17388
'PRANK_b1#0047_htT_tree_54_OP_0.19617966006842125_Split_47.fasta', 16389, 6.69, 5, 3, 16899
'PRANK_b1#0047_htT_tree_94_OP_0.02673109171310184_Split_47.fasta', 16792, 6.457, 4, 3, 17276
'23410', 17751, 6.764, 4, 3, 18191
