code_BLOSUM62_GO_-6_GE_-0.5,sp_match_count,sp_match_count_norm,sp_mismatch_count,sp_mismatch_count_norm,sp_go,sp_go_norm,sp_ge,sp_ge_norm,sp_match_BLOSUM62,sp_match_norm_BLOSUM62,sp_mismatch_BLOSUM62,sp_mismatch_norm_BLOSUM62,sp_BLOSUM62_GO_-6_GE_-0.5,sp_norm_BLOSUM62_GO_-6_GE_-0.5
'bali_phy_msa.1.fas', 8943.0, 0.026, 71201, 0.208, 1217, 0.004, 61633, 0.18, 46402.0, 0.135, -86409, -0.252, -78125.5, -0.228
'bali_phy_msa.10.fas', 33947.0, 0.061, 25032, 0.045, 5444, 0.01, 103963, 0.186, 183706.0, 0.329, -11791, -0.021, 87269.5, 0.156
'bali_phy_msa.100.fas', 33882.0, 0.061, 25155, 0.045, 5086, 0.009, 103847, 0.185, 183879.0, 0.328, -11680, -0.021, 89759.5, 0.16
'bali_phy_msa.101.fas', 33718.0, 0.06, 25575, 0.046, 5148, 0.009, 103335, 0.185, 182880.0, 0.327, -12493, -0.022, 87831.5, 0.157
'bali_phy_msa.102.fas', 33337.0, 0.058, 24802, 0.043, 5452, 0.009, 105643, 0.183, 181318.0, 0.315, -11840, -0.021, 83944.5, 0.146
'bali_phy_msa.103.fas', 33566.0, 0.058, 25194, 0.044, 5260, 0.009, 104401, 0.181, 181965.0, 0.315, -11684, -0.02, 86520.5, 0.15
'bali_phy_msa.104.fas', 33686.0, 0.059, 25492, 0.045, 5043, 0.009, 103565, 0.182, 182490.0, 0.32, -11931, -0.021, 88518.5, 0.155
'bali_phy_msa.105.fas', 33575.0, 0.058, 24616, 0.042, 5130, 0.009, 105539, 0.182, 181488.0, 0.313, -10821, -0.019, 87117.5, 0.15
'bali_phy_msa.106.fas', 33704.0, 0.056, 25132, 0.042, 5326, 0.009, 104249, 0.174, 182683.0, 0.306, -11863, -0.02, 86739.5, 0.145
'bali_phy_msa.107.fas', 33916.0, 0.06, 25006, 0.044, 5142, 0.009, 104077, 0.184, 184058.0, 0.325, -11300, -0.02, 89867.5, 0.158
'bali_phy_msa.108.fas', 34011.0, 0.061, 25056, 0.045, 5454, 0.01, 103787, 0.186, 184458.0, 0.33, -11622, -0.021, 88218.5, 0.158
'bali_phy_msa.109.fas', 34000.0, 0.06, 25308, 0.045, 5123, 0.009, 103305, 0.183, 184246.0, 0.326, -11876, -0.021, 89979.5, 0.159
'bali_phy_msa.11.fas', 33689.0, 0.059, 24912, 0.044, 5178, 0.009, 104719, 0.184, 183002.0, 0.321, -11446, -0.02, 88128.5, 0.155
'bali_phy_msa.110.fas', 33966.0, 0.06, 25370, 0.045, 5125, 0.009, 103249, 0.184, 184124.0, 0.327, -12292, -0.022, 89457.5, 0.159
'bali_phy_msa.111.fas', 33469.0, 0.057, 24336, 0.041, 5294, 0.009, 106311, 0.18, 180953.0, 0.306, -11201, -0.019, 84832.5, 0.143
'bali_phy_msa.112.fas', 33749.0, 0.06, 25094, 0.045, 5259, 0.009, 104235, 0.185, 182541.0, 0.324, -11552, -0.021, 87317.5, 0.155
'bali_phy_msa.113.fas', 33766.0, 0.059, 25138, 0.044, 5306, 0.009, 104113, 0.181, 183093.0, 0.319, -11535, -0.02, 87665.5, 0.153
'bali_phy_msa.114.fas', 33578.0, 0.06, 24795, 0.044, 5196, 0.009, 105175, 0.188, 181727.0, 0.325, -11725, -0.021, 86238.5, 0.154
'bali_phy_msa.115.fas', 33857.0, 0.061, 25605, 0.046, 5019, 0.009, 102997, 0.186, 183689.0, 0.332, -12727, -0.023, 89349.5, 0.161
'bali_phy_msa.116.fas', 33829.0, 0.06, 24433, 0.043, 5306, 0.009, 105397, 0.187, 183283.0, 0.325, -11164, -0.02, 87584.5, 0.155
'bali_phy_msa.117.fas', 33677.0, 0.059, 25067, 0.044, 5377, 0.009, 104433, 0.183, 182783.0, 0.32, -12347, -0.022, 85957.5, 0.15
'bali_phy_msa.118.fas', 33834.0, 0.061, 25194, 0.046, 5204, 0.009, 103865, 0.188, 183636.0, 0.332, -12710, -0.023, 87769.5, 0.159
'bali_phy_msa.119.fas', 33696.0, 0.06, 24765, 0.044, 5248, 0.009, 104999, 0.188, 182419.0, 0.327, -11427, -0.021, 87004.5, 0.156
'bali_phy_msa.12.fas', 33824.0, 0.06, 25453, 0.045, 5109, 0.009, 103367, 0.185, 183443.0, 0.328, -11509, -0.021, 89596.5, 0.16
'bali_phy_msa.120.fas', 33608.0, 0.058, 24493, 0.043, 5213, 0.009, 105719, 0.184, 181968.0, 0.317, -11237, -0.02, 86593.5, 0.151
'bali_phy_msa.121.fas', 33731.0, 0.059, 25008, 0.044, 5227, 0.009, 104443, 0.184, 183126.0, 0.322, -11477, -0.02, 88065.5, 0.155
'bali_phy_msa.122.fas', 33892.0, 0.061, 25478, 0.046, 4959, 0.009, 103181, 0.186, 183801.0, 0.331, -12130, -0.022, 90326.5, 0.163
'bali_phy_msa.123.fas', 33743.0, 0.06, 25570, 0.046, 5206, 0.009, 103295, 0.185, 182905.0, 0.327, -12140, -0.022, 87881.5, 0.157
'bali_phy_msa.124.fas', 33746.0, 0.058, 24043, 0.042, 5523, 0.01, 106343, 0.184, 182610.0, 0.316, -10209, -0.018, 86091.5, 0.149
'bali_phy_msa.125.fas', 33852.0, 0.061, 25539, 0.046, 5173, 0.009, 103139, 0.186, 183603.0, 0.331, -12109, -0.022, 88886.5, 0.16
'bali_phy_msa.126.fas', 33592.0, 0.056, 24753, 0.041, 5386, 0.009, 105231, 0.176, 182012.0, 0.304, -11412, -0.019, 85668.5, 0.143
'bali_phy_msa.127.fas', 33748.0, 0.06, 25134, 0.045, 5254, 0.009, 104157, 0.186, 183182.0, 0.327, -11904, -0.021, 87675.5, 0.157
'bali_phy_msa.128.fas', 33842.0, 0.059, 25299, 0.044, 5109, 0.009, 103639, 0.182, 183538.0, 0.322, -11676, -0.02, 89388.5, 0.157
'bali_phy_msa.129.fas', 33851.0, 0.06, 25376, 0.045, 5084, 0.009, 103467, 0.184, 183505.0, 0.327, -11989, -0.021, 89278.5, 0.159
'bali_phy_msa.13.fas', 33717.0, 0.06, 24750, 0.044, 5182, 0.009, 104987, 0.188, 182610.0, 0.327, -11275, -0.02, 87749.5, 0.157
'bali_phy_msa.130.fas', 33329.0, 0.058, 24555, 0.042, 5182, 0.009, 106153, 0.184, 180232.0, 0.312, -11314, -0.02, 84749.5, 0.147
'bali_phy_msa.131.fas', 33703.0, 0.06, 24522, 0.044, 5484, 0.01, 105471, 0.188, 182461.0, 0.325, -11815, -0.021, 85006.5, 0.151
'bali_phy_msa.132.fas', 33720.0, 0.059, 24952, 0.044, 5080, 0.009, 104577, 0.184, 182805.0, 0.321, -11662, -0.02, 88374.5, 0.155
'bali_phy_msa.133.fas', 33895.0, 0.06, 25037, 0.044, 5350, 0.009, 104057, 0.184, 183871.0, 0.326, -11415, -0.02, 88327.5, 0.156
'bali_phy_msa.134.fas', 33800.0, 0.059, 24820, 0.043, 5352, 0.009, 104681, 0.181, 182764.0, 0.317, -11062, -0.019, 87249.5, 0.151
'bali_phy_msa.135.fas', 33812.0, 0.06, 25429, 0.045, 4989, 0.009, 103439, 0.185, 183265.0, 0.327, -12857, -0.023, 88754.5, 0.159
'bali_phy_msa.136.fas', 33865.0, 0.061, 25522, 0.046, 5185, 0.009, 103147, 0.186, 183755.0, 0.331, -12597, -0.023, 88474.5, 0.159
'bali_phy_msa.137.fas', 33696.0, 0.061, 25735, 0.046, 5138, 0.009, 103059, 0.186, 182775.0, 0.329, -11595, -0.021, 88822.5, 0.16
'bali_phy_msa.138.fas', 33709.0, 0.057, 24327, 0.041, 5225, 0.009, 105849, 0.179, 182306.0, 0.307, -10789, -0.018, 87242.5, 0.147
'bali_phy_msa.139.fas', 33588.0, 0.06, 25180, 0.045, 5233, 0.009, 104385, 0.188, 181692.0, 0.327, -11127, -0.02, 86974.5, 0.156
'bali_phy_msa.14.fas', 33871.0, 0.061, 25597, 0.046, 5146, 0.009, 102985, 0.187, 183839.0, 0.333, -12374, -0.022, 89096.5, 0.162
'bali_phy_msa.140.fas', 33576.0, 0.059, 25085, 0.044, 5022, 0.009, 104599, 0.184, 182027.0, 0.32, -11736, -0.021, 87859.5, 0.154
'bali_phy_msa.141.fas', 33541.0, 0.057, 24111, 0.041, 5184, 0.009, 106617, 0.182, 181436.0, 0.309, -10966, -0.019, 86057.5, 0.147
'bali_phy_msa.142.fas', 33955.0, 0.062, 25520, 0.046, 4979, 0.009, 102971, 0.187, 184095.0, 0.334, -12091, -0.022, 90644.5, 0.164
'bali_phy_msa.143.fas', 33738.0, 0.059, 25600, 0.045, 5057, 0.009, 103245, 0.181, 182876.0, 0.321, -12471, -0.022, 88440.5, 0.155
'bali_phy_msa.144.fas', 33671.0, 0.059, 24767, 0.044, 5325, 0.009, 105045, 0.186, 182070.0, 0.322, -11901, -0.021, 85696.5, 0.151
'bali_phy_msa.145.fas', 33439.0, 0.058, 24366, 0.042, 5392, 0.009, 106311, 0.183, 180682.0, 0.311, -10928, -0.019, 84246.5, 0.145
'bali_phy_msa.146.fas', 33781.0, 0.061, 25273, 0.046, 5158, 0.009, 103813, 0.187, 182725.0, 0.329, -11461, -0.021, 88409.5, 0.159
'bali_phy_msa.147.fas', 33791.0, 0.059, 25053, 0.044, 5274, 0.009, 104233, 0.182, 183300.0, 0.32, -11568, -0.02, 87971.5, 0.154
'bali_phy_msa.148.fas', 33459.0, 0.058, 24601, 0.043, 5206, 0.009, 105801, 0.184, 181138.0, 0.315, -11517, -0.02, 85484.5, 0.148
'bali_phy_msa.149.fas', 33604.0, 0.059, 25039, 0.044, 5265, 0.009, 104635, 0.183, 181791.0, 0.318, -11422, -0.02, 86461.5, 0.151
'bali_phy_msa.15.fas', 33459.0, 0.055, 24753, 0.041, 4968, 0.008, 105497, 0.173, 181504.0, 0.298, -11408, -0.019, 87539.5, 0.144
'bali_phy_msa.150.fas', 33537.0, 0.058, 25020, 0.044, 5534, 0.01, 104807, 0.183, 182250.0, 0.318, -11258, -0.02, 85384.5, 0.149
'bali_phy_msa.151.fas', 33372.0, 0.059, 25228, 0.045, 5057, 0.009, 104721, 0.185, 180030.0, 0.318, -12100, -0.021, 85227.5, 0.151
'bali_phy_msa.152.fas', 33759.0, 0.06, 25233, 0.045, 5120, 0.009, 103937, 0.184, 183035.0, 0.325, -11637, -0.021, 88709.5, 0.157
'bali_phy_msa.153.fas', 33708.0, 0.06, 25325, 0.045, 5369, 0.01, 103855, 0.184, 182688.0, 0.323, -11658, -0.021, 86888.5, 0.154
'bali_phy_msa.154.fas', 33683.0, 0.06, 24501, 0.043, 5377, 0.01, 105553, 0.187, 181997.0, 0.322, -11224, -0.02, 85734.5, 0.152
'bali_phy_msa.155.fas', 33851.0, 0.06, 25258, 0.045, 5346, 0.01, 103703, 0.185, 183265.0, 0.327, -11530, -0.021, 87807.5, 0.157
'bali_phy_msa.156.fas', 33829.0, 0.06, 25287, 0.045, 4980, 0.009, 103689, 0.184, 183275.0, 0.325, -12150, -0.022, 89400.5, 0.158
'bali_phy_msa.157.fas', 33637.0, 0.06, 24708, 0.044, 5301, 0.009, 105231, 0.186, 181938.0, 0.322, -11494, -0.02, 86022.5, 0.152
'bali_phy_msa.158.fas', 33567.0, 0.056, 24359, 0.041, 5491, 0.009, 106069, 0.177, 181419.0, 0.302, -11180, -0.019, 84258.5, 0.14
'bali_phy_msa.159.fas', 33859.0, 0.06, 25177, 0.044, 5229, 0.009, 103849, 0.183, 183748.0, 0.323, -11519, -0.02, 88930.5, 0.156
'bali_phy_msa.16.fas', 33675.0, 0.058, 24479, 0.042, 5335, 0.009, 105613, 0.182, 182172.0, 0.314, -10775, -0.019, 86580.5, 0.149
'bali_phy_msa.160.fas', 33873.0, 0.061, 25511, 0.046, 5131, 0.009, 103153, 0.185, 183697.0, 0.33, -12519, -0.022, 88815.5, 0.159
'bali_phy_msa.161.fas', 33693.0, 0.06, 25423, 0.045, 5054, 0.009, 103689, 0.184, 182739.0, 0.324, -12040, -0.021, 88530.5, 0.157
'bali_phy_msa.162.fas', 33903.0, 0.061, 25309, 0.045, 5176, 0.009, 103497, 0.185, 183934.0, 0.329, -12245, -0.022, 88884.5, 0.159
'bali_phy_msa.163.fas', 33903.0, 0.059, 24812, 0.043, 5452, 0.009, 104491, 0.181, 183975.0, 0.318, -11114, -0.019, 87903.5, 0.152
'bali_phy_msa.164.fas', 33617.0, 0.058, 25095, 0.043, 5234, 0.009, 104497, 0.18, 182333.0, 0.315, -11803, -0.02, 86877.5, 0.15
'bali_phy_msa.165.fas', 33966.0, 0.061, 25397, 0.046, 5044, 0.009, 103195, 0.186, 184205.0, 0.331, -12025, -0.022, 90318.5, 0.162
'bali_phy_msa.166.fas', 33908.0, 0.059, 24626, 0.043, 5485, 0.01, 104853, 0.182, 183902.0, 0.319, -11729, -0.02, 86836.5, 0.151
'bali_phy_msa.167.fas', 33771.0, 0.059, 24829, 0.043, 5523, 0.01, 104721, 0.182, 183453.0, 0.318, -11372, -0.02, 86582.5, 0.15
'bali_phy_msa.168.fas', 33483.0, 0.056, 24357, 0.041, 5342, 0.009, 106241, 0.177, 181246.0, 0.303, -10358, -0.017, 85715.5, 0.143
'bali_phy_msa.169.fas', 33102.0, 0.057, 25135, 0.044, 4959, 0.009, 105447, 0.183, 178737.0, 0.31, -11755, -0.02, 84504.5, 0.147
'bali_phy_msa.17.fas', 33537.0, 0.058, 24750, 0.042, 5168, 0.009, 105347, 0.181, 182041.0, 0.312, -10964, -0.019, 87395.5, 0.15
'bali_phy_msa.170.fas', 33531.0, 0.058, 24626, 0.042, 5239, 0.009, 105607, 0.182, 181310.0, 0.312, -11340, -0.02, 85732.5, 0.148
'bali_phy_msa.171.fas', 33794.0, 0.06, 25478, 0.045, 5045, 0.009, 103377, 0.184, 183279.0, 0.326, -12218, -0.022, 89102.5, 0.158
'bali_phy_msa.172.fas', 33545.0, 0.057, 24958, 0.043, 5161, 0.009, 104915, 0.18, 182093.0, 0.312, -11746, -0.02, 86923.5, 0.149
'bali_phy_msa.173.fas', 33674.0, 0.059, 25181, 0.044, 5017, 0.009, 104211, 0.183, 182600.0, 0.32, -12507, -0.022, 87885.5, 0.154
'bali_phy_msa.174.fas', 33827.0, 0.059, 25244, 0.044, 5135, 0.009, 103779, 0.181, 183502.0, 0.319, -12012, -0.021, 88790.5, 0.155
'bali_phy_msa.175.fas', 33722.0, 0.06, 24959, 0.044, 5577, 0.01, 104559, 0.186, 182969.0, 0.326, -11434, -0.02, 85793.5, 0.153
'bali_phy_msa.176.fas', 33715.0, 0.059, 25215, 0.044, 5062, 0.009, 104061, 0.183, 182852.0, 0.322, -11691, -0.021, 88758.5, 0.156
'bali_phy_msa.177.fas', 33506.0, 0.058, 24572, 0.043, 5297, 0.009, 105765, 0.183, 181167.0, 0.314, -11051, -0.019, 85451.5, 0.148
'bali_phy_msa.178.fas', 33938.0, 0.06, 25233, 0.045, 5237, 0.009, 103579, 0.183, 184133.0, 0.326, -12199, -0.022, 88722.5, 0.157
'bali_phy_msa.179.fas', 33774.0, 0.061, 25694, 0.046, 5051, 0.009, 102985, 0.185, 183117.0, 0.329, -12180, -0.022, 89138.5, 0.16
'bali_phy_msa.18.fas', 33718.0, 0.06, 25430, 0.046, 5171, 0.009, 103625, 0.186, 183007.0, 0.328, -11559, -0.021, 88609.5, 0.159
'bali_phy_msa.180.fas', 33634.0, 0.057, 24439, 0.042, 5507, 0.009, 105775, 0.181, 181968.0, 0.311, -10562, -0.018, 85476.5, 0.146
'bali_phy_msa.181.fas', 33814.0, 0.061, 24892, 0.045, 5345, 0.01, 104509, 0.188, 182868.0, 0.329, -11378, -0.02, 87165.5, 0.157
'bali_phy_msa.182.fas', 33745.0, 0.059, 25123, 0.044, 5157, 0.009, 104185, 0.183, 183118.0, 0.322, -11448, -0.02, 88635.5, 0.156
'bali_phy_msa.183.fas', 33671.0, 0.061, 25637, 0.046, 5254, 0.009, 103305, 0.186, 182842.0, 0.329, -12416, -0.022, 87249.5, 0.157
'bali_phy_msa.184.fas', 33955.0, 0.06, 25047, 0.044, 5163, 0.009, 103917, 0.183, 184163.0, 0.325, -12071, -0.021, 89155.5, 0.157
'bali_phy_msa.185.fas', 33379.0, 0.057, 24445, 0.042, 5141, 0.009, 106273, 0.183, 180405.0, 0.31, -11382, -0.02, 85040.5, 0.146
'bali_phy_msa.186.fas', 33662.0, 0.06, 25256, 0.045, 5166, 0.009, 104085, 0.185, 182659.0, 0.324, -11834, -0.021, 87786.5, 0.156
'bali_phy_msa.187.fas', 33899.0, 0.061, 25097, 0.045, 5031, 0.009, 103929, 0.187, 183687.0, 0.331, -11875, -0.021, 89661.5, 0.162
'bali_phy_msa.188.fas', 33791.0, 0.059, 24480, 0.043, 5361, 0.009, 105379, 0.184, 182798.0, 0.32, -11130, -0.019, 86812.5, 0.152
'bali_phy_msa.189.fas', 33820.0, 0.061, 25326, 0.045, 5210, 0.009, 103629, 0.186, 183428.0, 0.329, -11740, -0.021, 88613.5, 0.159
'bali_phy_msa.19.fas', 33606.0, 0.058, 24560, 0.042, 5504, 0.009, 105589, 0.182, 181759.0, 0.314, -10907, -0.019, 85033.5, 0.147
'bali_phy_msa.190.fas', 33741.0, 0.06, 25456, 0.045, 5409, 0.01, 103527, 0.185, 183223.0, 0.327, -11950, -0.021, 87055.5, 0.156
'bali_phy_msa.191.fas', 33613.0, 0.06, 25230, 0.045, 5351, 0.009, 104235, 0.185, 182470.0, 0.323, -11698, -0.021, 86548.5, 0.153
'bali_phy_msa.192.fas', 33811.0, 0.06, 25485, 0.045, 5326, 0.009, 103329, 0.183, 182719.0, 0.324, -12014, -0.021, 87084.5, 0.155
'bali_phy_msa.193.fas', 33616.0, 0.059, 25275, 0.045, 5057, 0.009, 104139, 0.184, 182322.0, 0.322, -11395, -0.02, 88515.5, 0.156
'bali_phy_msa.194.fas', 33703.0, 0.06, 25539, 0.046, 5250, 0.009, 103437, 0.185, 182626.0, 0.326, -11865, -0.021, 87542.5, 0.156
'bali_phy_msa.195.fas', 33759.0, 0.062, 25341, 0.046, 5116, 0.009, 103721, 0.189, 182421.0, 0.333, -12452, -0.023, 87412.5, 0.16
'bali_phy_msa.196.fas', 33706.0, 0.059, 24800, 0.044, 5223, 0.009, 104909, 0.185, 182126.0, 0.321, -11674, -0.021, 86659.5, 0.153
'bali_phy_msa.197.fas', 33959.0, 0.054, 24931, 0.04, 5385, 0.009, 104141, 0.166, 183663.0, 0.293, -11283, -0.018, 87999.5, 0.141
'bali_phy_msa.198.fas', 33817.0, 0.06, 25352, 0.045, 4904, 0.009, 103583, 0.183, 183180.0, 0.324, -12053, -0.021, 89911.5, 0.159
'bali_phy_msa.199.fas', 33668.0, 0.058, 24119, 0.042, 5594, 0.01, 106347, 0.184, 182330.0, 0.315, -10563, -0.018, 85029.5, 0.147
'bali_phy_msa.2.fas', 33408.0, 0.056, 25124, 0.042, 5123, 0.009, 104857, 0.176, 180975.0, 0.304, -11703, -0.02, 86105.5, 0.145
'bali_phy_msa.20.fas', 33606.0, 0.058, 25019, 0.043, 5161, 0.009, 104671, 0.18, 182161.0, 0.314, -11951, -0.021, 86908.5, 0.15
'bali_phy_msa.200.fas', 33743.0, 0.059, 25137, 0.044, 5290, 0.009, 104161, 0.183, 182317.0, 0.321, -11488, -0.02, 87008.5, 0.153
'bali_phy_msa.201.fas', 33789.0, 0.06, 25401, 0.045, 5177, 0.009, 103541, 0.183, 182892.0, 0.322, -12287, -0.022, 87772.5, 0.155
'bali_phy_msa.202.fas', 33549.0, 0.057, 24736, 0.042, 5387, 0.009, 105351, 0.18, 181543.0, 0.309, -11376, -0.019, 85169.5, 0.145
'bali_phy_msa.203.fas', 33726.0, 0.059, 25411, 0.045, 5167, 0.009, 103647, 0.182, 183004.0, 0.322, -11785, -0.021, 88393.5, 0.156
'bali_phy_msa.204.fas', 33565.0, 0.057, 24829, 0.042, 5247, 0.009, 105133, 0.18, 182101.0, 0.312, -11618, -0.02, 86434.5, 0.148
'bali_phy_msa.205.fas', 33509.0, 0.06, 25834, 0.046, 5142, 0.009, 103235, 0.185, 181865.0, 0.326, -12867, -0.023, 86528.5, 0.155
'bali_phy_msa.206.fas', 33746.0, 0.059, 24622, 0.043, 5507, 0.01, 105185, 0.185, 182607.0, 0.321, -11283, -0.02, 85689.5, 0.151
'bali_phy_msa.207.fas', 33221.0, 0.057, 24111, 0.042, 5332, 0.009, 107257, 0.185, 179176.0, 0.309, -11081, -0.019, 82474.5, 0.142
'bali_phy_msa.208.fas', 32904.0, 0.056, 23698, 0.04, 5269, 0.009, 108717, 0.185, 177464.0, 0.302, -10476, -0.018, 81015.5, 0.138
'bali_phy_msa.209.fas', 33765.0, 0.059, 24438, 0.043, 5270, 0.009, 105515, 0.184, 182659.0, 0.319, -11694, -0.02, 86587.5, 0.151
'bali_phy_msa.21.fas', 33775.0, 0.06, 25472, 0.045, 4991, 0.009, 103427, 0.184, 183206.0, 0.327, -12341, -0.022, 89205.5, 0.159
'bali_phy_msa.210.fas', 33731.0, 0.058, 24866, 0.042, 5013, 0.009, 104727, 0.179, 182852.0, 0.312, -11337, -0.019, 89073.5, 0.152
'bali_phy_msa.211.fas', 33658.0, 0.057, 24755, 0.042, 5393, 0.009, 105095, 0.179, 182638.0, 0.311, -11865, -0.02, 85867.5, 0.146
'bali_phy_msa.212.fas', 33600.0, 0.06, 25499, 0.045, 5144, 0.009, 103723, 0.185, 182371.0, 0.325, -11639, -0.021, 88006.5, 0.157
'bali_phy_msa.213.fas', 33772.0, 0.059, 24566, 0.043, 5179, 0.009, 105245, 0.183, 182462.0, 0.317, -11145, -0.019, 87620.5, 0.152
'bali_phy_msa.214.fas', 33782.0, 0.06, 25301, 0.045, 5167, 0.009, 103755, 0.183, 183206.0, 0.323, -11784, -0.021, 88542.5, 0.156
'bali_phy_msa.215.fas', 33582.0, 0.058, 24650, 0.043, 5171, 0.009, 105457, 0.183, 181665.0, 0.315, -11130, -0.019, 86780.5, 0.15
'bali_phy_msa.216.fas', 33674.0, 0.059, 24371, 0.042, 5351, 0.009, 105831, 0.184, 182391.0, 0.317, -11390, -0.02, 85979.5, 0.15
'bali_phy_msa.217.fas', 33973.0, 0.061, 25409, 0.046, 5009, 0.009, 103157, 0.186, 184282.0, 0.333, -11907, -0.022, 90742.5, 0.164
'bali_phy_msa.218.fas', 33612.0, 0.06, 25447, 0.045, 5148, 0.009, 103803, 0.185, 182321.0, 0.324, -11992, -0.021, 87539.5, 0.156
'bali_phy_msa.219.fas', 33455.0, 0.058, 24695, 0.043, 5319, 0.009, 105621, 0.183, 180958.0, 0.314, -11292, -0.02, 84941.5, 0.147
'bali_phy_msa.22.fas', 33812.0, 0.061, 25725, 0.046, 5107, 0.009, 102847, 0.186, 183265.0, 0.331, -12115, -0.022, 89084.5, 0.161
'bali_phy_msa.220.fas', 33629.0, 0.059, 24979, 0.044, 5083, 0.009, 104705, 0.183, 182365.0, 0.319, -11622, -0.02, 87892.5, 0.154
'bali_phy_msa.221.fas', 33654.0, 0.059, 25477, 0.045, 4936, 0.009, 103659, 0.181, 182456.0, 0.319, -12278, -0.021, 88732.5, 0.155
'bali_phy_msa.222.fas', 33807.0, 0.059, 25150, 0.044, 5142, 0.009, 104007, 0.183, 183306.0, 0.322, -11525, -0.02, 88925.5, 0.156
'bali_phy_msa.223.fas', 33520.0, 0.058, 24476, 0.043, 5592, 0.01, 105929, 0.185, 181810.0, 0.317, -11063, -0.019, 84230.5, 0.147
'bali_phy_msa.224.fas', 33744.0, 0.059, 24373, 0.042, 5229, 0.009, 105687, 0.184, 182430.0, 0.317, -10976, -0.019, 87236.5, 0.152
'bali_phy_msa.225.fas', 33524.0, 0.057, 23807, 0.04, 5533, 0.009, 107259, 0.182, 181242.0, 0.307, -10559, -0.018, 83855.5, 0.142
'bali_phy_msa.226.fas', 33765.0, 0.059, 24831, 0.043, 5084, 0.009, 104729, 0.183, 182952.0, 0.319, -11712, -0.02, 88371.5, 0.154
'bali_phy_msa.227.fas', 33344.0, 0.056, 24232, 0.041, 5601, 0.009, 106769, 0.18, 180416.0, 0.304, -10883, -0.018, 82542.5, 0.139
'bali_phy_msa.228.fas', 33542.0, 0.059, 24393, 0.043, 5191, 0.009, 106051, 0.185, 181292.0, 0.316, -10825, -0.019, 86295.5, 0.151
'bali_phy_msa.229.fas', 33605.0, 0.058, 25213, 0.044, 5134, 0.009, 104285, 0.181, 182077.0, 0.316, -11771, -0.02, 87359.5, 0.152
'bali_phy_msa.23.fas', 33726.0, 0.06, 24992, 0.044, 5382, 0.01, 104485, 0.185, 182478.0, 0.324, -11359, -0.02, 86584.5, 0.154
'bali_phy_msa.230.fas', 33699.0, 0.059, 25311, 0.044, 5041, 0.009, 103901, 0.182, 182787.0, 0.32, -12241, -0.021, 88349.5, 0.155
'bali_phy_msa.231.fas', 33662.0, 0.058, 24764, 0.042, 5311, 0.009, 105069, 0.18, 182613.0, 0.313, -11730, -0.02, 86482.5, 0.148
'bali_phy_msa.232.fas', 33682.0, 0.059, 25335, 0.044, 5091, 0.009, 103887, 0.182, 182686.0, 0.32, -11879, -0.021, 88317.5, 0.155
'bali_phy_msa.233.fas', 33513.0, 0.058, 25313, 0.044, 4907, 0.009, 104269, 0.181, 181793.0, 0.316, -11919, -0.021, 88297.5, 0.154
'bali_phy_msa.234.fas', 33734.0, 0.059, 24859, 0.044, 5161, 0.009, 104735, 0.184, 182491.0, 0.32, -11371, -0.02, 87786.5, 0.154
'bali_phy_msa.235.fas', 33910.0, 0.06, 25213, 0.045, 5165, 0.009, 103675, 0.184, 183708.0, 0.325, -12058, -0.021, 88822.5, 0.157
'bali_phy_msa.236.fas', 33830.0, 0.06, 24664, 0.044, 5450, 0.01, 104933, 0.186, 183576.0, 0.325, -11037, -0.02, 87372.5, 0.155
'bali_phy_msa.237.fas', 33811.0, 0.059, 25049, 0.044, 5317, 0.009, 104201, 0.182, 183639.0, 0.321, -11297, -0.02, 88339.5, 0.154
'bali_phy_msa.238.fas', 33707.0, 0.06, 25505, 0.045, 4965, 0.009, 103497, 0.184, 182817.0, 0.326, -12156, -0.022, 89122.5, 0.159
'bali_phy_msa.239.fas', 33673.0, 0.06, 24946, 0.045, 5177, 0.009, 104683, 0.188, 182118.0, 0.327, -11525, -0.021, 87189.5, 0.156
'bali_phy_msa.24.fas', 33695.0, 0.06, 25490, 0.045, 5096, 0.009, 103551, 0.183, 182655.0, 0.323, -11887, -0.021, 88416.5, 0.156
'bali_phy_msa.240.fas', 33756.0, 0.06, 25629, 0.046, 5084, 0.009, 103151, 0.184, 182707.0, 0.326, -12010, -0.021, 88617.5, 0.158
'bali_phy_msa.241.fas', 33788.0, 0.057, 24290, 0.041, 5316, 0.009, 105765, 0.177, 182990.0, 0.307, -11125, -0.019, 87086.5, 0.146
'bali_phy_msa.242.fas', 33858.0, 0.059, 25002, 0.044, 5286, 0.009, 104201, 0.183, 183641.0, 0.322, -12231, -0.021, 87593.5, 0.154
'bali_phy_msa.243.fas', 33799.0, 0.059, 25082, 0.044, 5204, 0.009, 104159, 0.182, 183424.0, 0.321, -12077, -0.021, 88043.5, 0.154
'bali_phy_msa.244.fas', 33902.0, 0.058, 25090, 0.043, 5078, 0.009, 103937, 0.178, 183846.0, 0.315, -11369, -0.019, 90040.5, 0.154
'bali_phy_msa.245.fas', 34024.0, 0.061, 25521, 0.046, 5361, 0.01, 102831, 0.186, 184448.0, 0.333, -12272, -0.022, 88594.5, 0.16
'bali_phy_msa.246.fas', 33902.0, 0.061, 25406, 0.046, 5022, 0.009, 103305, 0.185, 183704.0, 0.33, -11996, -0.022, 89923.5, 0.161
'bali_phy_msa.247.fas', 33609.0, 0.059, 25255, 0.045, 5164, 0.009, 104193, 0.184, 182216.0, 0.322, -11698, -0.021, 87437.5, 0.154
'bali_phy_msa.248.fas', 33910.0, 0.062, 25575, 0.046, 5066, 0.009, 102951, 0.187, 183852.0, 0.334, -12546, -0.023, 89434.5, 0.162
'bali_phy_msa.249.fas', 33862.0, 0.062, 25716, 0.047, 5197, 0.009, 102765, 0.187, 183636.0, 0.334, -12340, -0.022, 88731.5, 0.161
'bali_phy_msa.25.fas', 33891.0, 0.06, 25252, 0.045, 5045, 0.009, 103635, 0.183, 183721.0, 0.325, -12222, -0.022, 89411.5, 0.158
'bali_phy_msa.250.fas', 33725.0, 0.06, 25353, 0.045, 5200, 0.009, 103765, 0.185, 183057.0, 0.326, -12432, -0.022, 87542.5, 0.156
'bali_phy_msa.251.fas', 33860.0, 0.061, 25746, 0.046, 5097, 0.009, 102709, 0.184, 183696.0, 0.329, -12424, -0.022, 89335.5, 0.16
'bali_phy_msa.252.fas', 33653.0, 0.059, 25196, 0.044, 5031, 0.009, 104223, 0.183, 182539.0, 0.32, -11946, -0.021, 88295.5, 0.155
'bali_phy_msa.253.fas', 33742.0, 0.058, 24243, 0.041, 5460, 0.009, 105951, 0.181, 182567.0, 0.311, -10728, -0.018, 86103.5, 0.147
'bali_phy_msa.254.fas', 33662.0, 0.058, 24805, 0.043, 5741, 0.01, 104987, 0.18, 182513.0, 0.314, -11324, -0.019, 84249.5, 0.145
'bali_phy_msa.255.fas', 33149.0, 0.058, 24859, 0.044, 5208, 0.009, 105905, 0.186, 178581.0, 0.314, -11386, -0.02, 82994.5, 0.146
'bali_phy_msa.256.fas', 33810.0, 0.059, 24989, 0.044, 5397, 0.009, 104323, 0.182, 183359.0, 0.32, -11904, -0.021, 86911.5, 0.152
'bali_phy_msa.257.fas', 33471.0, 0.057, 24738, 0.042, 5163, 0.009, 105503, 0.18, 181050.0, 0.309, -11253, -0.019, 86067.5, 0.147
'bali_phy_msa.258.fas', 33694.0, 0.059, 25267, 0.045, 5201, 0.009, 103999, 0.183, 182779.0, 0.322, -12169, -0.021, 87404.5, 0.154
'bali_phy_msa.259.fas', 33399.0, 0.056, 24795, 0.041, 5307, 0.009, 105533, 0.176, 180598.0, 0.301, -11043, -0.018, 84946.5, 0.142
'bali_phy_msa.26.fas', 33773.0, 0.06, 25465, 0.045, 5009, 0.009, 103445, 0.184, 183235.0, 0.327, -12085, -0.022, 89373.5, 0.159
'bali_phy_msa.260.fas', 33928.0, 0.061, 25566, 0.046, 5311, 0.01, 102933, 0.186, 184139.0, 0.333, -12302, -0.022, 88504.5, 0.16
'bali_phy_msa.261.fas', 33768.0, 0.058, 24431, 0.042, 5184, 0.009, 105523, 0.181, 182581.0, 0.314, -10928, -0.019, 87787.5, 0.151
'bali_phy_msa.262.fas', 33800.0, 0.059, 25276, 0.044, 5097, 0.009, 103769, 0.181, 183268.0, 0.32, -11866, -0.021, 88935.5, 0.155
'bali_phy_msa.263.fas', 33723.0, 0.06, 24876, 0.044, 5200, 0.009, 104723, 0.187, 182490.0, 0.325, -11323, -0.02, 87605.5, 0.156
'bali_phy_msa.264.fas', 33811.0, 0.061, 25622, 0.046, 5314, 0.01, 103055, 0.185, 183524.0, 0.329, -12444, -0.022, 87668.5, 0.157
'bali_phy_msa.265.fas', 33605.0, 0.06, 25004, 0.044, 5164, 0.009, 104703, 0.186, 181577.0, 0.322, -11278, -0.02, 86963.5, 0.154
'bali_phy_msa.266.fas', 33833.0, 0.061, 25559, 0.046, 5041, 0.009, 103137, 0.186, 183238.0, 0.33, -12307, -0.022, 89116.5, 0.161
'bali_phy_msa.267.fas', 33837.0, 0.06, 25595, 0.046, 5043, 0.009, 103057, 0.184, 183409.0, 0.328, -12332, -0.022, 89290.5, 0.159
'bali_phy_msa.268.fas', 33651.0, 0.059, 25217, 0.044, 5176, 0.009, 104185, 0.182, 182245.0, 0.318, -11584, -0.02, 87512.5, 0.153
'bali_phy_msa.269.fas', 33976.0, 0.06, 24510, 0.043, 5598, 0.01, 104949, 0.184, 183982.0, 0.323, -10524, -0.018, 87395.5, 0.153
'bali_phy_msa.27.fas', 33796.0, 0.06, 25442, 0.045, 5122, 0.009, 103445, 0.183, 183234.0, 0.324, -12297, -0.022, 88482.5, 0.157
'bali_phy_msa.270.fas', 33629.0, 0.059, 24258, 0.042, 5595, 0.01, 106147, 0.186, 181993.0, 0.319, -10646, -0.019, 84703.5, 0.148
'bali_phy_msa.271.fas', 32915.0, 0.056, 23899, 0.041, 5411, 0.009, 108293, 0.184, 177360.0, 0.301, -10923, -0.019, 79824.5, 0.135
'bali_phy_msa.272.fas', 33564.0, 0.058, 24810, 0.043, 5095, 0.009, 105173, 0.182, 181434.0, 0.314, -11474, -0.02, 86803.5, 0.15
'bali_phy_msa.273.fas', 33577.0, 0.058, 25036, 0.043, 5070, 0.009, 104695, 0.18, 181505.0, 0.312, -11672, -0.02, 87065.5, 0.15
'bali_phy_msa.274.fas', 33564.0, 0.056, 25130, 0.042, 5075, 0.008, 104533, 0.173, 182073.0, 0.301, -12443, -0.021, 86913.5, 0.144
'bali_phy_msa.275.fas', 33848.0, 0.06, 25297, 0.045, 5065, 0.009, 103631, 0.183, 183549.0, 0.324, -11531, -0.02, 89812.5, 0.159
'bali_phy_msa.276.fas', 33853.0, 0.059, 25281, 0.044, 5022, 0.009, 103653, 0.182, 183625.0, 0.322, -11844, -0.021, 89822.5, 0.158
'bali_phy_msa.277.fas', 33369.0, 0.057, 24298, 0.041, 5451, 0.009, 106587, 0.181, 180462.0, 0.306, -10567, -0.018, 83895.5, 0.142
'bali_phy_msa.278.fas', 33620.0, 0.06, 25258, 0.045, 5188, 0.009, 104165, 0.186, 181594.0, 0.325, -11457, -0.021, 86926.5, 0.156
'bali_phy_msa.279.fas', 33564.0, 0.057, 24455, 0.042, 5215, 0.009, 105883, 0.18, 181587.0, 0.309, -11063, -0.019, 86292.5, 0.147
'bali_phy_msa.28.fas', 33826.0, 0.059, 25243, 0.044, 5157, 0.009, 103783, 0.181, 183508.0, 0.32, -11845, -0.021, 88829.5, 0.155
'bali_phy_msa.280.fas', 33805.0, 0.06, 25092, 0.045, 5401, 0.01, 104127, 0.186, 183164.0, 0.327, -11846, -0.021, 86848.5, 0.155
'bali_phy_msa.281.fas', 33735.0, 0.061, 25568, 0.046, 5072, 0.009, 103315, 0.186, 182963.0, 0.329, -12004, -0.022, 88869.5, 0.16
'bali_phy_msa.282.fas', 33361.0, 0.057, 25011, 0.043, 5161, 0.009, 105177, 0.181, 180959.0, 0.311, -11467, -0.02, 85937.5, 0.148
'bali_phy_msa.283.fas', 33433.0, 0.056, 24080, 0.04, 5301, 0.009, 106895, 0.18, 180959.0, 0.304, -10802, -0.018, 84903.5, 0.143
'bali_phy_msa.284.fas', 33570.0, 0.059, 25225, 0.044, 4995, 0.009, 104331, 0.182, 182091.0, 0.318, -12215, -0.021, 87740.5, 0.153
'bali_phy_msa.285.fas', 33587.0, 0.058, 24365, 0.042, 5351, 0.009, 106017, 0.183, 181741.0, 0.313, -11045, -0.019, 85581.5, 0.147
'bali_phy_msa.286.fas', 33782.0, 0.06, 24556, 0.044, 5466, 0.01, 105245, 0.187, 182820.0, 0.325, -10978, -0.02, 86423.5, 0.154
'bali_phy_msa.287.fas', 33928.0, 0.06, 25120, 0.044, 5141, 0.009, 103825, 0.183, 183971.0, 0.325, -11286, -0.02, 89926.5, 0.159
'bali_phy_msa.288.fas', 33600.0, 0.058, 25050, 0.043, 5127, 0.009, 104621, 0.181, 182172.0, 0.315, -11360, -0.02, 87739.5, 0.152
'bali_phy_msa.289.fas', 33273.0, 0.056, 24243, 0.041, 5309, 0.009, 106889, 0.181, 180028.0, 0.305, -11188, -0.019, 83541.5, 0.141
'bali_phy_msa.29.fas', 33770.0, 0.058, 24768, 0.043, 5233, 0.009, 104845, 0.181, 183209.0, 0.316, -11452, -0.02, 87936.5, 0.152
'bali_phy_msa.290.fas', 33680.0, 0.057, 25000, 0.043, 5108, 0.009, 104561, 0.178, 182548.0, 0.311, -11338, -0.019, 88281.5, 0.15
'bali_phy_msa.291.fas', 33845.0, 0.061, 25435, 0.046, 5370, 0.01, 103361, 0.186, 183577.0, 0.331, -11862, -0.021, 87814.5, 0.158
'bali_phy_msa.292.fas', 33656.0, 0.058, 24872, 0.043, 5189, 0.009, 104865, 0.179, 182570.0, 0.312, -11554, -0.02, 87449.5, 0.15
'bali_phy_msa.293.fas', 33489.0, 0.058, 25310, 0.044, 5007, 0.009, 104323, 0.181, 181577.0, 0.315, -11807, -0.021, 87566.5, 0.152
'bali_phy_msa.294.fas', 33682.0, 0.06, 25677, 0.046, 5169, 0.009, 103203, 0.184, 182576.0, 0.325, -12650, -0.022, 87310.5, 0.155
'bali_phy_msa.295.fas', 33875.0, 0.06, 25138, 0.044, 5149, 0.009, 103895, 0.184, 183736.0, 0.325, -12144, -0.021, 88750.5, 0.157
'bali_phy_msa.296.fas', 33660.0, 0.058, 24441, 0.042, 5270, 0.009, 105719, 0.182, 181995.0, 0.314, -11273, -0.019, 86242.5, 0.149
'bali_phy_msa.297.fas', 33573.0, 0.058, 25212, 0.044, 5089, 0.009, 104351, 0.181, 181896.0, 0.315, -12126, -0.021, 87060.5, 0.151
'bali_phy_msa.298.fas', 33791.0, 0.06, 25416, 0.045, 5388, 0.01, 103507, 0.184, 182602.0, 0.325, -11641, -0.021, 86879.5, 0.155
'bali_phy_msa.299.fas', 33814.0, 0.06, 25245, 0.045, 5280, 0.009, 103803, 0.185, 183469.0, 0.327, -11799, -0.021, 88088.5, 0.157
'bali_phy_msa.3.fas', 33475.0, 0.053, 24689, 0.039, 5159, 0.008, 105593, 0.166, 181036.0, 0.285, -10990, -0.017, 86295.5, 0.136
'bali_phy_msa.30.fas', 33685.0, 0.059, 25220, 0.044, 5154, 0.009, 104111, 0.184, 182798.0, 0.322, -11876, -0.021, 87942.5, 0.155
'bali_phy_msa.300.fas', 33676.0, 0.057, 24998, 0.042, 5313, 0.009, 104573, 0.176, 182438.0, 0.307, -11801, -0.02, 86472.5, 0.146
'bali_phy_msa.301.fas', 33519.0, 0.058, 25130, 0.043, 5182, 0.009, 104623, 0.181, 181821.0, 0.314, -11401, -0.02, 87016.5, 0.15
'bali_phy_msa.302.fas', 33742.0, 0.059, 25400, 0.045, 5152, 0.009, 103637, 0.183, 182756.0, 0.322, -12610, -0.022, 87415.5, 0.154
'bali_phy_msa.303.fas', 33589.0, 0.059, 24955, 0.044, 5275, 0.009, 104833, 0.183, 181577.0, 0.317, -11614, -0.02, 85896.5, 0.15
'bali_phy_msa.304.fas', 33528.0, 0.059, 24733, 0.043, 5498, 0.01, 105399, 0.185, 181430.0, 0.318, -10944, -0.019, 84798.5, 0.149
'bali_phy_msa.305.fas', 33721.0, 0.06, 24901, 0.044, 5224, 0.009, 104677, 0.186, 182404.0, 0.324, -11293, -0.02, 87428.5, 0.155
'bali_phy_msa.306.fas', 33582.0, 0.059, 25231, 0.044, 5233, 0.009, 104295, 0.184, 182103.0, 0.321, -12084, -0.021, 86473.5, 0.152
'bali_phy_msa.307.fas', 33825.0, 0.061, 25721, 0.046, 5113, 0.009, 102829, 0.185, 182966.0, 0.329, -12009, -0.022, 88864.5, 0.16
'bali_phy_msa.308.fas', 33631.0, 0.059, 25134, 0.044, 5333, 0.009, 104391, 0.184, 181786.0, 0.321, -12194, -0.021, 85398.5, 0.151
'bali_phy_msa.309.fas', 33730.0, 0.06, 25341, 0.045, 4988, 0.009, 103779, 0.183, 182872.0, 0.323, -11909, -0.021, 89145.5, 0.158
'bali_phy_msa.31.fas', 33850.0, 0.06, 25062, 0.045, 5308, 0.009, 104097, 0.185, 183530.0, 0.326, -11647, -0.021, 87986.5, 0.156
'bali_phy_msa.310.fas', 33621.0, 0.059, 25083, 0.044, 5087, 0.009, 104513, 0.182, 182476.0, 0.318, -11875, -0.021, 87822.5, 0.153
'bali_phy_msa.311.fas', 33959.0, 0.059, 25187, 0.044, 5368, 0.009, 103629, 0.182, 184392.0, 0.323, -11480, -0.02, 88889.5, 0.156
'bali_phy_msa.312.fas', 33840.0, 0.06, 25253, 0.045, 5097, 0.009, 103735, 0.185, 183613.0, 0.327, -11680, -0.021, 89483.5, 0.159
'bali_phy_msa.313.fas', 33539.0, 0.058, 25080, 0.043, 5156, 0.009, 104683, 0.181, 182153.0, 0.315, -11768, -0.02, 87107.5, 0.151
'bali_phy_msa.314.fas', 33779.0, 0.06, 24548, 0.043, 5283, 0.009, 105267, 0.186, 182802.0, 0.322, -10591, -0.019, 87879.5, 0.155
'bali_phy_msa.315.fas', 33727.0, 0.059, 25401, 0.044, 5207, 0.009, 103665, 0.18, 182658.0, 0.318, -12143, -0.021, 87440.5, 0.152
'bali_phy_msa.316.fas', 33482.0, 0.057, 24842, 0.042, 5211, 0.009, 105273, 0.178, 181575.0, 0.307, -11327, -0.019, 86345.5, 0.146
'bali_phy_msa.317.fas', 33473.0, 0.059, 25109, 0.044, 5234, 0.009, 104757, 0.185, 181641.0, 0.321, -11819, -0.021, 86039.5, 0.152
'bali_phy_msa.318.fas', 33797.0, 0.059, 24819, 0.043, 5096, 0.009, 104689, 0.183, 183275.0, 0.32, -11562, -0.02, 88792.5, 0.155
'bali_phy_msa.319.fas', 33891.0, 0.061, 25350, 0.046, 5029, 0.009, 103439, 0.187, 183522.0, 0.332, -11993, -0.022, 89635.5, 0.162
'bali_phy_msa.32.fas', 33647.0, 0.058, 24627, 0.043, 5161, 0.009, 105373, 0.182, 182723.0, 0.315, -11251, -0.019, 87819.5, 0.152
'bali_phy_msa.320.fas', 33600.0, 0.058, 24381, 0.042, 5231, 0.009, 105959, 0.181, 181620.0, 0.311, -10515, -0.018, 86739.5, 0.148
'bali_phy_msa.321.fas', 33752.0, 0.059, 25012, 0.044, 5163, 0.009, 104393, 0.182, 182585.0, 0.319, -11317, -0.02, 88093.5, 0.154
'bali_phy_msa.322.fas', 33870.0, 0.06, 25063, 0.044, 5286, 0.009, 104055, 0.183, 183843.0, 0.323, -11518, -0.02, 88581.5, 0.156
'bali_phy_msa.323.fas', 33775.0, 0.059, 24679, 0.043, 5116, 0.009, 105013, 0.183, 182716.0, 0.319, -11128, -0.019, 88385.5, 0.154
'bali_phy_msa.324.fas', 33592.0, 0.059, 24310, 0.042, 5107, 0.009, 106117, 0.185, 181734.0, 0.317, -11089, -0.019, 86944.5, 0.152
'bali_phy_msa.325.fas', 33812.0, 0.061, 25617, 0.046, 5017, 0.009, 103063, 0.187, 183661.0, 0.332, -11928, -0.022, 90099.5, 0.163
'bali_phy_msa.326.fas', 33845.0, 0.061, 25573, 0.046, 4804, 0.009, 103085, 0.185, 183427.0, 0.328, -12301, -0.022, 90759.5, 0.162
'bali_phy_msa.327.fas', 33695.0, 0.058, 25265, 0.043, 5089, 0.009, 104001, 0.178, 182646.0, 0.313, -11884, -0.02, 88227.5, 0.151
'bali_phy_msa.328.fas', 33624.0, 0.058, 25282, 0.044, 4976, 0.009, 104109, 0.181, 182295.0, 0.317, -11975, -0.021, 88409.5, 0.154
'bali_phy_msa.329.fas', 33550.0, 0.058, 24920, 0.043, 5291, 0.009, 104981, 0.181, 182133.0, 0.314, -11747, -0.02, 86149.5, 0.149
'bali_phy_msa.33.fas', 33567.0, 0.058, 24531, 0.042, 5209, 0.009, 105725, 0.181, 181544.0, 0.311, -10643, -0.018, 86784.5, 0.149
'bali_phy_msa.330.fas', 33543.0, 0.058, 24352, 0.042, 5238, 0.009, 106131, 0.183, 181571.0, 0.313, -11326, -0.02, 85751.5, 0.148
'bali_phy_msa.331.fas', 33655.0, 0.057, 24648, 0.042, 5332, 0.009, 105315, 0.179, 182751.0, 0.311, -11392, -0.019, 86709.5, 0.148
'bali_phy_msa.332.fas', 33780.0, 0.058, 24720, 0.043, 5348, 0.009, 104921, 0.181, 182939.0, 0.316, -11463, -0.02, 86927.5, 0.15
'bali_phy_msa.333.fas', 33891.0, 0.061, 25523, 0.046, 5263, 0.009, 103093, 0.185, 183365.0, 0.328, -12029, -0.022, 88211.5, 0.158
'bali_phy_msa.334.fas', 33900.0, 0.061, 25123, 0.045, 5164, 0.009, 103875, 0.186, 183988.0, 0.329, -11476, -0.02, 89590.5, 0.16
'bali_phy_msa.335.fas', 33537.0, 0.057, 24354, 0.042, 5294, 0.009, 106139, 0.182, 181672.0, 0.311, -11355, -0.019, 85483.5, 0.146
'bali_phy_msa.336.fas', 33802.0, 0.059, 25004, 0.044, 5224, 0.009, 104309, 0.182, 183313.0, 0.32, -11745, -0.02, 88069.5, 0.154
'bali_phy_msa.337.fas', 33687.0, 0.059, 25216, 0.044, 5086, 0.009, 104115, 0.182, 182641.0, 0.319, -11723, -0.02, 88344.5, 0.154
'bali_phy_msa.338.fas', 33727.0, 0.06, 24730, 0.044, 5147, 0.009, 105007, 0.186, 182351.0, 0.323, -11992, -0.021, 86973.5, 0.154
'bali_phy_msa.339.fas', 33737.0, 0.06, 25183, 0.045, 5007, 0.009, 104081, 0.185, 183066.0, 0.325, -11964, -0.021, 89019.5, 0.158
'bali_phy_msa.34.fas', 33883.0, 0.056, 25651, 0.042, 4898, 0.008, 102853, 0.17, 183731.0, 0.303, -12081, -0.02, 90835.5, 0.15
'bali_phy_msa.340.fas', 33863.0, 0.06, 25194, 0.045, 5093, 0.009, 103807, 0.183, 183669.0, 0.325, -11868, -0.021, 89339.5, 0.158
'bali_phy_msa.341.fas', 33921.0, 0.058, 25353, 0.044, 5086, 0.009, 103373, 0.178, 183880.0, 0.316, -12212, -0.021, 89465.5, 0.154
'bali_phy_msa.342.fas', 33706.0, 0.058, 24131, 0.042, 5281, 0.009, 106247, 0.184, 182329.0, 0.315, -11092, -0.019, 86427.5, 0.149
'bali_phy_msa.343.fas', 33652.0, 0.057, 24020, 0.041, 5595, 0.009, 106577, 0.18, 182044.0, 0.307, -10477, -0.018, 84708.5, 0.143
'bali_phy_msa.344.fas', 33899.0, 0.061, 24695, 0.044, 5373, 0.01, 104733, 0.188, 183238.0, 0.329, -11601, -0.021, 87032.5, 0.156
'bali_phy_msa.345.fas', 33994.0, 0.06, 25101, 0.045, 5213, 0.009, 103731, 0.184, 184284.0, 0.328, -11533, -0.021, 89607.5, 0.159
'bali_phy_msa.346.fas', 33897.0, 0.06, 24716, 0.044, 5207, 0.009, 104695, 0.186, 183299.0, 0.325, -11382, -0.02, 88327.5, 0.157
'bali_phy_msa.347.fas', 33826.0, 0.06, 24884, 0.044, 5233, 0.009, 104501, 0.186, 183000.0, 0.325, -11195, -0.02, 88156.5, 0.157
'bali_phy_msa.348.fas', 33669.0, 0.059, 24949, 0.044, 5219, 0.009, 104685, 0.185, 182020.0, 0.322, -11448, -0.02, 86915.5, 0.154
'bali_phy_msa.349.fas', 33800.0, 0.06, 24812, 0.044, 5193, 0.009, 104697, 0.187, 182767.0, 0.326, -11946, -0.021, 87314.5, 0.156
'bali_phy_msa.35.fas', 33753.0, 0.061, 25583, 0.046, 5528, 0.01, 103249, 0.186, 183139.0, 0.331, -12089, -0.022, 86257.5, 0.156
'bali_phy_msa.350.fas', 33564.0, 0.059, 24980, 0.044, 5083, 0.009, 104833, 0.184, 181454.0, 0.319, -11820, -0.021, 86719.5, 0.153
'bali_phy_msa.351.fas', 33672.0, 0.059, 25057, 0.044, 5384, 0.009, 104463, 0.182, 182634.0, 0.318, -11430, -0.02, 86668.5, 0.151
'bali_phy_msa.352.fas', 33753.0, 0.06, 25382, 0.045, 5316, 0.009, 103651, 0.184, 183328.0, 0.325, -11455, -0.02, 88151.5, 0.156
'bali_phy_msa.353.fas', 33530.0, 0.057, 25282, 0.043, 5101, 0.009, 104297, 0.178, 181886.0, 0.31, -12038, -0.021, 87093.5, 0.148
'bali_phy_msa.354.fas', 33798.0, 0.059, 25118, 0.044, 5224, 0.009, 104089, 0.183, 182715.0, 0.321, -11702, -0.021, 87624.5, 0.154
'bali_phy_msa.355.fas', 33701.0, 0.058, 25226, 0.044, 5336, 0.009, 104067, 0.18, 182723.0, 0.316, -12228, -0.021, 86445.5, 0.15
'bali_phy_msa.356.fas', 33501.0, 0.057, 25042, 0.043, 5312, 0.009, 104835, 0.179, 181751.0, 0.311, -11842, -0.02, 85619.5, 0.147
'bali_phy_msa.357.fas', 33610.0, 0.061, 25904, 0.047, 5032, 0.009, 102893, 0.186, 182275.0, 0.329, -12157, -0.022, 88479.5, 0.16
'bali_phy_msa.358.fas', 33662.0, 0.059, 24671, 0.044, 5393, 0.01, 105255, 0.186, 182143.0, 0.322, -11885, -0.021, 85272.5, 0.151
'bali_phy_msa.359.fas', 33840.0, 0.06, 24955, 0.044, 5242, 0.009, 104331, 0.185, 183483.0, 0.326, -11619, -0.021, 88246.5, 0.157
'bali_phy_msa.36.fas', 33559.0, 0.059, 24827, 0.044, 5234, 0.009, 105149, 0.185, 181566.0, 0.319, -11123, -0.02, 86464.5, 0.152
'bali_phy_msa.360.fas', 33960.0, 0.061, 25340, 0.046, 5182, 0.009, 103321, 0.186, 184296.0, 0.332, -11719, -0.021, 89824.5, 0.162
'bali_phy_msa.361.fas', 33742.0, 0.06, 25030, 0.045, 5078, 0.009, 104377, 0.186, 182451.0, 0.324, -11148, -0.02, 88646.5, 0.158
'bali_phy_msa.362.fas', 33832.0, 0.06, 24717, 0.044, 5424, 0.01, 104823, 0.185, 182847.0, 0.323, -11317, -0.02, 86574.5, 0.153
'bali_phy_msa.363.fas', 34035.0, 0.061, 25391, 0.046, 5031, 0.009, 103069, 0.186, 184525.0, 0.333, -12186, -0.022, 90618.5, 0.163
'bali_phy_msa.364.fas', 33704.0, 0.059, 24341, 0.042, 5164, 0.009, 105831, 0.184, 182357.0, 0.317, -10452, -0.018, 88005.5, 0.153
'bali_phy_msa.365.fas', 33665.0, 0.059, 24584, 0.043, 5179, 0.009, 105423, 0.185, 182119.0, 0.32, -11208, -0.02, 87125.5, 0.153
'bali_phy_msa.366.fas', 33936.0, 0.06, 25373, 0.045, 5263, 0.009, 103303, 0.182, 183975.0, 0.324, -12393, -0.022, 88352.5, 0.156
'bali_phy_msa.367.fas', 33491.0, 0.058, 25033, 0.043, 5297, 0.009, 104873, 0.181, 181487.0, 0.313, -11791, -0.02, 85477.5, 0.148
'bali_phy_msa.368.fas', 33720.0, 0.056, 24655, 0.041, 5515, 0.009, 105171, 0.176, 182464.0, 0.305, -10521, -0.018, 86267.5, 0.144
'bali_phy_msa.369.fas', 33856.0, 0.059, 25734, 0.045, 5089, 0.009, 102741, 0.18, 183279.0, 0.321, -12607, -0.022, 88767.5, 0.156
'bali_phy_msa.37.fas', 33702.0, 0.058, 24853, 0.042, 5127, 0.009, 104811, 0.179, 182968.0, 0.312, -11569, -0.02, 88231.5, 0.151
'bali_phy_msa.370.fas', 33760.0, 0.061, 25899, 0.047, 5095, 0.009, 102603, 0.186, 183057.0, 0.332, -12582, -0.023, 88603.5, 0.161
'bali_phy_msa.371.fas', 33582.0, 0.059, 25478, 0.045, 5056, 0.009, 103801, 0.181, 181927.0, 0.318, -11927, -0.021, 87763.5, 0.153
'bali_phy_msa.372.fas', 33736.0, 0.06, 25449, 0.045, 5148, 0.009, 103551, 0.183, 182773.0, 0.323, -12263, -0.022, 87846.5, 0.155
'bali_phy_msa.373.fas', 33675.0, 0.057, 24874, 0.042, 5276, 0.009, 104823, 0.177, 182690.0, 0.308, -11320, -0.019, 87302.5, 0.147
'bali_phy_msa.374.fas', 34020.0, 0.062, 25419, 0.046, 5230, 0.01, 103043, 0.187, 184576.0, 0.336, -11615, -0.021, 90059.5, 0.164
'bali_phy_msa.375.fas', 33835.0, 0.06, 25308, 0.045, 5062, 0.009, 103635, 0.184, 183337.0, 0.325, -12052, -0.021, 89095.5, 0.158
'bali_phy_msa.376.fas', 33783.0, 0.061, 25622, 0.046, 4922, 0.009, 103111, 0.186, 183144.0, 0.33, -12521, -0.023, 89535.5, 0.161
'bali_phy_msa.377.fas', 33647.0, 0.058, 24133, 0.042, 5692, 0.01, 106361, 0.183, 182538.0, 0.314, -10945, -0.019, 84260.5, 0.145
'bali_phy_msa.378.fas', 33593.0, 0.058, 24906, 0.043, 5350, 0.009, 104923, 0.181, 182191.0, 0.315, -12786, -0.022, 84843.5, 0.147
'bali_phy_msa.379.fas', 33789.0, 0.061, 25581, 0.046, 5134, 0.009, 103181, 0.185, 183260.0, 0.329, -12021, -0.022, 88844.5, 0.159
'bali_phy_msa.38.fas', 33587.0, 0.059, 24596, 0.043, 5174, 0.009, 105555, 0.184, 181600.0, 0.317, -11693, -0.02, 86085.5, 0.15
'bali_phy_msa.380.fas', 33902.0, 0.06, 24868, 0.044, 5159, 0.009, 104381, 0.185, 183894.0, 0.326, -11675, -0.021, 89074.5, 0.158
'bali_phy_msa.381.fas', 33986.0, 0.061, 25048, 0.045, 5373, 0.01, 103853, 0.186, 184170.0, 0.33, -12102, -0.022, 87903.5, 0.158
'bali_phy_msa.382.fas', 33702.0, 0.059, 24542, 0.043, 5295, 0.009, 105433, 0.184, 182334.0, 0.319, -11121, -0.019, 86726.5, 0.152
'bali_phy_msa.383.fas', 33580.0, 0.057, 23963, 0.04, 5399, 0.009, 106835, 0.18, 181791.0, 0.307, -10777, -0.018, 85202.5, 0.144
'bali_phy_msa.384.fas', 33828.0, 0.059, 25436, 0.044, 5404, 0.009, 103393, 0.18, 183423.0, 0.319, -12003, -0.021, 87299.5, 0.152
'bali_phy_msa.385.fas', 33911.0, 0.06, 24989, 0.044, 5581, 0.01, 104121, 0.184, 184151.0, 0.326, -12243, -0.022, 86361.5, 0.153
'bali_phy_msa.386.fas', 33846.0, 0.06, 25391, 0.045, 5156, 0.009, 103447, 0.184, 183165.0, 0.326, -11323, -0.02, 89182.5, 0.159
'bali_phy_msa.387.fas', 33658.0, 0.059, 25135, 0.044, 5415, 0.009, 104335, 0.183, 182745.0, 0.32, -10936, -0.019, 87151.5, 0.153
'bali_phy_msa.388.fas', 33744.0, 0.059, 25295, 0.044, 5403, 0.009, 103843, 0.182, 182849.0, 0.32, -11831, -0.021, 86678.5, 0.152
'bali_phy_msa.389.fas', 33752.0, 0.059, 25069, 0.044, 5325, 0.009, 104279, 0.183, 183047.0, 0.322, -11897, -0.021, 87060.5, 0.153
'bali_phy_msa.39.fas', 33480.0, 0.058, 24586, 0.043, 5425, 0.009, 105789, 0.185, 181163.0, 0.316, -11782, -0.021, 83936.5, 0.146
'bali_phy_msa.390.fas', 33843.0, 0.059, 25204, 0.044, 5064, 0.009, 103827, 0.18, 183469.0, 0.319, -11344, -0.02, 89827.5, 0.156
'bali_phy_msa.391.fas', 33960.0, 0.06, 25205, 0.044, 5318, 0.009, 103591, 0.183, 184134.0, 0.325, -11832, -0.021, 88598.5, 0.156
'bali_phy_msa.392.fas', 33786.0, 0.06, 24585, 0.043, 5328, 0.009, 105179, 0.186, 182783.0, 0.323, -11374, -0.02, 86851.5, 0.153
'bali_phy_msa.393.fas', 33780.0, 0.057, 24077, 0.04, 5291, 0.009, 106207, 0.178, 182726.0, 0.307, -10808, -0.018, 87068.5, 0.146
'bali_phy_msa.394.fas', 33734.0, 0.057, 24753, 0.042, 5253, 0.009, 104947, 0.177, 182967.0, 0.309, -11210, -0.019, 87765.5, 0.148
'bali_phy_msa.395.fas', 33804.0, 0.06, 25241, 0.045, 5151, 0.009, 103831, 0.184, 183372.0, 0.325, -11589, -0.021, 88961.5, 0.158
'bali_phy_msa.396.fas', 33607.0, 0.06, 25588, 0.046, 4974, 0.009, 103531, 0.185, 182141.0, 0.325, -12150, -0.022, 88381.5, 0.158
'bali_phy_msa.397.fas', 33117.0, 0.057, 24382, 0.042, 5386, 0.009, 106923, 0.185, 178416.0, 0.309, -11155, -0.019, 81483.5, 0.141
'bali_phy_msa.398.fas', 33581.0, 0.057, 24322, 0.041, 5504, 0.009, 106115, 0.18, 181803.0, 0.309, -10677, -0.018, 85044.5, 0.145
'bali_phy_msa.399.fas', 33863.0, 0.061, 25396, 0.046, 5315, 0.01, 103403, 0.186, 183774.0, 0.33, -12261, -0.022, 87921.5, 0.158
'bali_phy_msa.4.fas', 33456.0, 0.058, 25396, 0.044, 4967, 0.009, 104217, 0.182, 180974.0, 0.316, -12058, -0.021, 87005.5, 0.152
'bali_phy_msa.40.fas', 33680.0, 0.06, 25254, 0.045, 5276, 0.009, 104053, 0.184, 182440.0, 0.322, -11463, -0.02, 87294.5, 0.154
'bali_phy_msa.400.fas', 33900.0, 0.06, 25291, 0.045, 5166, 0.009, 103539, 0.184, 183940.0, 0.327, -11312, -0.02, 89862.5, 0.16
'bali_phy_msa.41.fas', 33651.0, 0.06, 25490, 0.045, 5048, 0.009, 103639, 0.184, 182000.0, 0.322, -12176, -0.022, 87716.5, 0.155
'bali_phy_msa.42.fas', 33705.0, 0.06, 25134, 0.045, 5218, 0.009, 104243, 0.185, 182820.0, 0.324, -12275, -0.022, 87115.5, 0.154
'bali_phy_msa.43.fas', 33591.0, 0.06, 24938, 0.044, 5125, 0.009, 104863, 0.186, 181757.0, 0.323, -11418, -0.02, 87157.5, 0.155
'bali_phy_msa.44.fas', 33413.0, 0.058, 24635, 0.043, 5251, 0.009, 105825, 0.185, 180996.0, 0.316, -11122, -0.019, 85455.5, 0.149
'bali_phy_msa.45.fas', 33899.0, 0.061, 25160, 0.045, 5143, 0.009, 103803, 0.186, 183875.0, 0.329, -11687, -0.021, 89428.5, 0.16
'bali_phy_msa.46.fas', 33871.0, 0.059, 24934, 0.044, 5508, 0.01, 104311, 0.183, 183681.0, 0.322, -11689, -0.02, 86788.5, 0.152
'bali_phy_msa.47.fas', 33673.0, 0.058, 24981, 0.043, 5171, 0.009, 104613, 0.181, 182562.0, 0.316, -11574, -0.02, 87655.5, 0.152
'bali_phy_msa.48.fas', 33838.0, 0.06, 25331, 0.045, 5353, 0.009, 103583, 0.183, 183491.0, 0.324, -11613, -0.021, 87968.5, 0.155
'bali_phy_msa.49.fas', 33827.0, 0.059, 24549, 0.043, 5235, 0.009, 105169, 0.185, 183025.0, 0.321, -11188, -0.02, 87842.5, 0.154
'bali_phy_msa.5.fas', 33737.0, 0.059, 24614, 0.043, 5196, 0.009, 105219, 0.184, 182409.0, 0.318, -11219, -0.02, 87404.5, 0.152
'bali_phy_msa.50.fas', 33640.0, 0.059, 24700, 0.043, 5189, 0.009, 105241, 0.184, 182112.0, 0.318, -11513, -0.02, 86844.5, 0.152
'bali_phy_msa.51.fas', 33615.0, 0.056, 24616, 0.041, 5206, 0.009, 105459, 0.177, 181665.0, 0.305, -11775, -0.02, 85924.5, 0.144
'bali_phy_msa.52.fas', 33871.0, 0.06, 25262, 0.045, 5151, 0.009, 103655, 0.185, 183573.0, 0.327, -11841, -0.021, 88998.5, 0.159
'bali_phy_msa.53.fas', 33604.0, 0.058, 24761, 0.043, 5204, 0.009, 105191, 0.182, 182409.0, 0.315, -11577, -0.02, 87012.5, 0.15
'bali_phy_msa.54.fas', 33730.0, 0.06, 25303, 0.045, 5307, 0.009, 103855, 0.184, 183281.0, 0.324, -11864, -0.021, 87647.5, 0.155
'bali_phy_msa.55.fas', 33696.0, 0.057, 24395, 0.042, 5231, 0.009, 105739, 0.18, 182424.0, 0.311, -11048, -0.019, 87120.5, 0.148
'bali_phy_msa.56.fas', 33951.0, 0.061, 25329, 0.045, 5040, 0.009, 103361, 0.185, 184128.0, 0.329, -12030, -0.021, 90177.5, 0.161
'bali_phy_msa.57.fas', 33695.0, 0.058, 24010, 0.042, 5317, 0.009, 106511, 0.184, 182270.0, 0.315, -10561, -0.018, 86551.5, 0.15
'bali_phy_msa.58.fas', 33934.0, 0.059, 25344, 0.044, 5071, 0.009, 103365, 0.181, 183973.0, 0.322, -12099, -0.021, 89765.5, 0.157
'bali_phy_msa.59.fas', 33945.0, 0.059, 24746, 0.043, 5214, 0.009, 104539, 0.181, 183889.0, 0.318, -11340, -0.02, 88995.5, 0.154
'bali_phy_msa.6.fas', 33846.0, 0.059, 24984, 0.044, 5318, 0.009, 104261, 0.183, 183716.0, 0.323, -11442, -0.02, 88235.5, 0.155
'bali_phy_msa.60.fas', 33968.0, 0.062, 25253, 0.046, 5152, 0.009, 103479, 0.189, 184464.0, 0.336, -11959, -0.022, 89853.5, 0.164
'bali_phy_msa.61.fas', 33690.0, 0.059, 24949, 0.044, 5047, 0.009, 104643, 0.183, 182589.0, 0.318, -11666, -0.02, 88319.5, 0.154
'bali_phy_msa.62.fas', 33642.0, 0.059, 24584, 0.043, 5413, 0.009, 105469, 0.185, 182189.0, 0.319, -11377, -0.02, 85599.5, 0.15
'bali_phy_msa.63.fas', 33772.0, 0.059, 24497, 0.043, 5265, 0.009, 105383, 0.184, 182640.0, 0.319, -10834, -0.019, 87524.5, 0.153
'bali_phy_msa.64.fas', 33995.0, 0.061, 25046, 0.045, 5294, 0.009, 103839, 0.186, 184366.0, 0.33, -11796, -0.021, 88886.5, 0.159
'bali_phy_msa.65.fas', 33975.0, 0.061, 25457, 0.046, 5295, 0.01, 103057, 0.185, 184247.0, 0.331, -12366, -0.022, 88582.5, 0.159
'bali_phy_msa.66.fas', 33716.0, 0.058, 24998, 0.043, 5125, 0.009, 104493, 0.181, 182917.0, 0.317, -11822, -0.02, 88098.5, 0.153
'bali_phy_msa.67.fas', 33651.0, 0.059, 24557, 0.043, 5162, 0.009, 105505, 0.185, 182089.0, 0.32, -11128, -0.02, 87236.5, 0.153
'bali_phy_msa.68.fas', 33834.0, 0.06, 24782, 0.044, 5261, 0.009, 104689, 0.187, 183089.0, 0.327, -11078, -0.02, 88100.5, 0.157
'bali_phy_msa.69.fas', 33720.0, 0.059, 24670, 0.043, 5185, 0.009, 105141, 0.185, 182393.0, 0.321, -11218, -0.02, 87494.5, 0.154
'bali_phy_msa.7.fas', 33587.0, 0.057, 24044, 0.041, 5439, 0.009, 106659, 0.182, 181820.0, 0.311, -10322, -0.018, 85534.5, 0.146
'bali_phy_msa.70.fas', 33704.0, 0.059, 24725, 0.043, 5228, 0.009, 105063, 0.184, 182670.0, 0.32, -11383, -0.02, 87387.5, 0.153
'bali_phy_msa.71.fas', 33827.0, 0.059, 25056, 0.044, 5167, 0.009, 104155, 0.182, 183489.0, 0.32, -11306, -0.02, 89103.5, 0.155
'bali_phy_msa.72.fas', 33942.0, 0.061, 25194, 0.045, 5091, 0.009, 103649, 0.186, 184093.0, 0.33, -11904, -0.021, 89818.5, 0.161
'bali_phy_msa.73.fas', 33704.0, 0.059, 25246, 0.045, 5004, 0.009, 104021, 0.183, 182960.0, 0.323, -12067, -0.021, 88858.5, 0.157
'bali_phy_msa.74.fas', 33635.0, 0.06, 24539, 0.044, 5199, 0.009, 105573, 0.188, 182052.0, 0.324, -11044, -0.02, 87027.5, 0.155
'bali_phy_msa.75.fas', 33809.0, 0.06, 25358, 0.045, 5353, 0.01, 103587, 0.184, 183518.0, 0.326, -11813, -0.021, 87793.5, 0.156
'bali_phy_msa.76.fas', 33671.0, 0.06, 25204, 0.045, 5226, 0.009, 104171, 0.184, 182426.0, 0.323, -11817, -0.021, 87167.5, 0.154
'bali_phy_msa.77.fas', 33771.0, 0.061, 25352, 0.046, 5238, 0.009, 103675, 0.187, 183375.0, 0.331, -11824, -0.021, 88285.5, 0.159
'bali_phy_msa.78.fas', 33749.0, 0.059, 25169, 0.044, 5026, 0.009, 104085, 0.181, 182919.0, 0.318, -11771, -0.02, 88949.5, 0.154
'bali_phy_msa.79.fas', 33790.0, 0.06, 25394, 0.045, 5200, 0.009, 103553, 0.184, 183245.0, 0.326, -12112, -0.022, 88156.5, 0.157
'bali_phy_msa.8.fas', 33717.0, 0.059, 24599, 0.043, 5519, 0.01, 105289, 0.185, 182532.0, 0.32, -11260, -0.02, 85513.5, 0.15
'bali_phy_msa.80.fas', 33574.0, 0.059, 25000, 0.044, 5061, 0.009, 104773, 0.186, 181614.0, 0.322, -11306, -0.02, 87555.5, 0.155
'bali_phy_msa.81.fas', 33927.0, 0.061, 25428, 0.046, 5204, 0.009, 103211, 0.185, 183887.0, 0.329, -12336, -0.022, 88721.5, 0.159
'bali_phy_msa.82.fas', 33630.0, 0.059, 25293, 0.044, 5427, 0.009, 104075, 0.182, 182445.0, 0.318, -12076, -0.021, 85769.5, 0.15
'bali_phy_msa.83.fas', 33460.0, 0.056, 23911, 0.04, 5299, 0.009, 107179, 0.18, 181098.0, 0.304, -10663, -0.018, 85051.5, 0.143
'bali_phy_msa.84.fas', 33695.0, 0.058, 25311, 0.044, 5215, 0.009, 103909, 0.18, 182882.0, 0.317, -11811, -0.02, 87826.5, 0.152
'bali_phy_msa.85.fas', 33649.0, 0.058, 24558, 0.043, 5337, 0.009, 105507, 0.183, 181998.0, 0.316, -10737, -0.019, 86485.5, 0.15
'bali_phy_msa.86.fas', 33730.0, 0.058, 24383, 0.042, 5171, 0.009, 105695, 0.183, 182519.0, 0.316, -11209, -0.019, 87436.5, 0.152
'bali_phy_msa.87.fas', 33682.0, 0.06, 25384, 0.045, 5054, 0.009, 103789, 0.186, 182817.0, 0.327, -12255, -0.022, 88343.5, 0.158
'bali_phy_msa.88.fas', 33823.0, 0.059, 24257, 0.042, 5369, 0.009, 105761, 0.184, 183098.0, 0.318, -10959, -0.019, 87044.5, 0.151
'bali_phy_msa.89.fas', 33683.0, 0.06, 25167, 0.045, 5324, 0.009, 104221, 0.185, 182742.0, 0.325, -11713, -0.021, 86974.5, 0.155
'bali_phy_msa.9.fas', 33576.0, 0.058, 25019, 0.044, 5438, 0.009, 104731, 0.182, 182042.0, 0.317, -11009, -0.019, 86039.5, 0.15
'bali_phy_msa.90.fas', 33741.0, 0.059, 25056, 0.044, 5244, 0.009, 104327, 0.184, 183002.0, 0.323, -12130, -0.021, 87244.5, 0.154
'bali_phy_msa.91.fas', 33844.0, 0.059, 24923, 0.043, 5295, 0.009, 104387, 0.181, 183637.0, 0.318, -11298, -0.02, 88375.5, 0.153
'bali_phy_msa.92.fas', 33781.0, 0.058, 24575, 0.042, 5625, 0.01, 105209, 0.179, 182886.0, 0.312, -10709, -0.018, 85822.5, 0.146
'bali_phy_msa.93.fas', 33765.0, 0.061, 25686, 0.047, 5131, 0.009, 103019, 0.187, 183122.0, 0.332, -11665, -0.021, 89161.5, 0.162
'bali_phy_msa.94.fas', 33833.0, 0.062, 25318, 0.046, 5135, 0.009, 103619, 0.189, 183586.0, 0.335, -11814, -0.022, 89152.5, 0.162
'bali_phy_msa.95.fas', 33683.0, 0.059, 24835, 0.043, 5333, 0.009, 104885, 0.182, 182508.0, 0.317, -11293, -0.02, 86774.5, 0.151
'bali_phy_msa.96.fas', 33637.0, 0.058, 24793, 0.043, 5395, 0.009, 105061, 0.182, 182902.0, 0.318, -11334, -0.02, 86667.5, 0.151
'bali_phy_msa.97.fas', 33541.0, 0.057, 24362, 0.041, 5130, 0.009, 106115, 0.18, 181164.0, 0.308, -11158, -0.019, 86168.5, 0.147
'bali_phy_msa.98.fas', 33722.0, 0.059, 24955, 0.044, 5273, 0.009, 104567, 0.183, 183131.0, 0.321, -11703, -0.021, 87506.5, 0.153
'bali_phy_msa.99.fas', 33588.0, 0.059, 25437, 0.045, 4987, 0.009, 103871, 0.182, 181958.0, 0.319, -11853, -0.021, 88247.5, 0.155
'MAFFT_b0#0051_hhH_tree_47_OP_1.2558167082838578_Split_51.fasta', 31405.0, 0.063, 26864, 0.054, 6393, 0.013, 105383, 0.211, 170659.0, 0.341, -12828, -0.026, 66781.5, 0.134
'MAFFT_b0#0051_htH_tree_0_OP_1.9201310643830272_Split_51.fasta', 32927.0, 0.059, 27996, 0.05, 5300, 0.009, 100075, 0.179, 179058.0, 0.321, -15189, -0.027, 82031.5, 0.147
'MAFFT_b0#0051_htH_tree_57_OP_1.8145645468714477_Split_51.fasta', 32125.0, 0.067, 28650, 0.06, 5418, 0.011, 100371, 0.208, 174627.0, 0.363, -15065, -0.031, 76868.5, 0.16
'MAFFT_b0#0051_htH_tree_93_OP_2.2336854992597184_Split_51.fasta', 32712.0, 0.069, 27342, 0.058, 5220, 0.011, 101813, 0.215, 177942.0, 0.375, -14753, -0.031, 80962.5, 0.171
'MAFFT_b0#0051_htT_tree_0_OP_1.9201310643830272_Split_51.fasta', 32927.0, 0.059, 27996, 0.05, 5300, 0.009, 100075, 0.179, 179058.0, 0.321, -15189, -0.027, 82031.5, 0.147
'MAFFT_b0#0051_htT_tree_57_OP_1.8145645468714477_Split_51.fasta', 32125.0, 0.067, 28650, 0.06, 5418, 0.011, 100371, 0.208, 174627.0, 0.363, -15065, -0.031, 76868.5, 0.16
'MAFFT_b0#0051_thH_tree_57_OP_1.8145645468714477_Split_51.fasta', 32246.0, 0.067, 28495, 0.059, 5198, 0.011, 100439, 0.208, 175119.0, 0.363, -15153, -0.031, 78558.5, 0.163
'MAFFT_b0#0051_thH_tree_93_OP_2.2336854992597184_Split_51.fasta', 32839.0, 0.069, 27379, 0.058, 5124, 0.011, 101485, 0.214, 178666.0, 0.377, -14799, -0.031, 82380.5, 0.174
'MAFFT_b0#0051_thT_tree_0_OP_1.9201310643830272_Split_51.fasta', 32674.0, 0.062, 28607, 0.054, 5758, 0.011, 99359, 0.189, 177895.0, 0.338, -15489, -0.029, 78178.5, 0.148
'MAFFT_b0#0051_thT_tree_47_OP_1.2558167082838578_Split_51.fasta', 31405.0, 0.063, 26864, 0.054, 6393, 0.013, 105383, 0.211, 170659.0, 0.341, -12828, -0.026, 66781.5, 0.134
'MAFFT_b0#0051_ttH_tree_47_OP_1.2558167082838578_Split_51.fasta', 31228.0, 0.062, 27282, 0.054, 6293, 0.012, 104901, 0.207, 169550.0, 0.335, -12531, -0.025, 66810.5, 0.132
'MAFFT_b0#0051_ttH_tree_93_OP_2.2336854992597184_Split_51.fasta', 32712.0, 0.069, 27342, 0.058, 5220, 0.011, 101813, 0.215, 177942.0, 0.375, -14753, -0.031, 80962.5, 0.171
'MAFFT_b0#0051_ttT_tree_0_OP_1.9201310643830272_Split_51.fasta', 32927.0, 0.059, 27996, 0.05, 5300, 0.009, 100075, 0.179, 179058.0, 0.321, -15189, -0.027, 82031.5, 0.147
'MAFFT_b0#0051_ttT_tree_47_OP_1.2558167082838578_Split_51.fasta', 31228.0, 0.062, 27282, 0.054, 6293, 0.012, 104901, 0.207, 169550.0, 0.335, -12531, -0.025, 66810.5, 0.132
'MAFFT_b0#0051_ttT_tree_57_OP_1.8145645468714477_Split_51.fasta', 32125.0, 0.067, 28650, 0.06, 5418, 0.011, 100371, 0.208, 174627.0, 0.363, -15065, -0.031, 76868.5, 0.16
'MAFFT_b0#0051_ttT_tree_93_OP_2.2336854992597184_Split_51.fasta', 32712.0, 0.069, 27342, 0.058, 5220, 0.011, 101813, 0.215, 177942.0, 0.375, -14753, -0.031, 80962.5, 0.171
'MAFFT_b0#0053_hhH_tree_5_OP_1.3773636194735985_Split_53.fasta', 33143.0, 0.067, 27056, 0.055, 6225, 0.013, 101523, 0.207, 179991.0, 0.366, -13379, -0.027, 78500.5, 0.16
'MAFFT_b0#0053_hhH_tree_60_OP_2.2485867324412547_Split_53.fasta', 31938.0, 0.068, 29063, 0.062, 5019, 0.011, 99919, 0.213, 173341.0, 0.369, -17161, -0.037, 76106.5, 0.162
'MAFFT_b0#0053_hhT_tree_60_OP_2.2485867324412547_Split_53.fasta', 31938.0, 0.068, 29063, 0.062, 5019, 0.011, 99919, 0.213, 173341.0, 0.369, -17161, -0.037, 76106.5, 0.162
'MAFFT_b0#0053_htH_tree_5_OP_1.3773636194735985_Split_53.fasta', 33073.0, 0.067, 27258, 0.055, 5768, 0.012, 101259, 0.206, 179595.0, 0.365, -13653, -0.028, 80704.5, 0.164
'MAFFT_b0#0053_htT_tree_5_OP_1.3773636194735985_Split_53.fasta', 33073.0, 0.067, 27258, 0.055, 5768, 0.012, 101259, 0.206, 179595.0, 0.365, -13653, -0.028, 80704.5, 0.164
'MAFFT_b0#0053_thH_tree_60_OP_2.2485867324412547_Split_53.fasta', 31938.0, 0.068, 29063, 0.062, 5019, 0.011, 99919, 0.213, 173341.0, 0.369, -17161, -0.037, 76106.5, 0.162
'MAFFT_b0#0053_thT_tree_5_OP_1.3773636194735985_Split_53.fasta', 33111.0, 0.067, 27088, 0.055, 6218, 0.013, 101523, 0.207, 179863.0, 0.366, -13406, -0.027, 78387.5, 0.16
'MAFFT_b0#0053_ttH_tree_60_OP_2.2485867324412547_Split_53.fasta', 32009.0, 0.068, 28985, 0.062, 5023, 0.011, 99933, 0.213, 173696.0, 0.37, -17079, -0.036, 76512.5, 0.163
'MAFFT_b0#0054_hhH_tree_35_OP_2.3157753293540146_Split_54.fasta', 30965.0, 0.063, 33171, 0.067, 4621, 0.009, 93649, 0.19, 167630.0, 0.34, -21788, -0.044, 71291.5, 0.144
'MAFFT_b0#0054_htH_tree_35_OP_2.3157753293540146_Split_54.fasta', 30966.0, 0.063, 33123, 0.067, 4624, 0.009, 93743, 0.19, 167699.0, 0.34, -21797, -0.044, 71286.5, 0.144
'MAFFT_b0#0054_thH_tree_35_OP_2.3157753293540146_Split_54.fasta', 30965.0, 0.063, 33171, 0.067, 4621, 0.009, 93649, 0.19, 167630.0, 0.34, -21788, -0.044, 71291.5, 0.144
'MAFFT_b0#0054_ttT_tree_35_OP_2.3157753293540146_Split_54.fasta', 30966.0, 0.063, 33123, 0.067, 4624, 0.009, 93743, 0.19, 167699.0, 0.34, -21797, -0.044, 71286.5, 0.144
'MAFFT_b0#0057_htH_tree_1_OP_1.4037489078147287_Split_57.fasta', 31070.0, 0.062, 28121, 0.056, 6496, 0.013, 103539, 0.208, 169568.0, 0.34, -13891, -0.028, 64931.5, 0.13
'MAFFT_b0#0057_htT_tree_1_OP_1.4037489078147287_Split_57.fasta', 31070.0, 0.062, 28121, 0.056, 6496, 0.013, 103539, 0.208, 169568.0, 0.34, -13891, -0.028, 64931.5, 0.13
'MAFFT_b0#0057_thT_tree_1_OP_1.4037489078147287_Split_57.fasta', 31070.0, 0.062, 28123, 0.056, 6499, 0.013, 103535, 0.208, 169568.0, 0.34, -13781, -0.028, 65025.5, 0.13
'MAFFT_b0#0057_ttT_tree_1_OP_1.4037489078147287_Split_57.fasta', 31070.0, 0.062, 28121, 0.056, 6496, 0.013, 103539, 0.208, 169568.0, 0.34, -13891, -0.028, 64931.5, 0.13
'MAFFT_b0#0058_hhH_tree_13_OP_1.7913990869854772_Split_58.fasta', 31077.0, 0.065, 29670, 0.062, 5515, 0.012, 100427, 0.211, 167711.0, 0.353, -16220, -0.034, 68187.5, 0.143
'MAFFT_b0#0058_htH_tree_11_OP_1.3146381684889776_Split_58.fasta', 32535.0, 0.067, 27942, 0.058, 5846, 0.012, 100967, 0.209, 177085.0, 0.367, -13905, -0.029, 77620.5, 0.161
'MAFFT_b0#0058_htH_tree_13_OP_1.7913990869854772_Split_58.fasta', 31168.0, 0.066, 29442, 0.062, 5555, 0.012, 100701, 0.212, 168160.0, 0.355, -16022, -0.034, 68457.5, 0.144
'MAFFT_b0#0058_htT_tree_11_OP_1.3146381684889776_Split_58.fasta', 32535.0, 0.067, 27942, 0.058, 5846, 0.012, 100967, 0.209, 177085.0, 0.367, -13905, -0.029, 77620.5, 0.161
'MAFFT_b0#0058_thH_tree_13_OP_1.7913990869854772_Split_58.fasta', 31077.0, 0.065, 29670, 0.062, 5515, 0.012, 100427, 0.211, 167711.0, 0.353, -16220, -0.034, 68187.5, 0.143
'MAFFT_b0#0058_ttH_tree_11_OP_1.3146381684889776_Split_58.fasta', 32515.0, 0.067, 28095, 0.058, 5497, 0.011, 100701, 0.208, 177040.0, 0.366, -14039, -0.029, 79668.5, 0.165
'MAFFT_b0#0058_ttT_tree_11_OP_1.3146381684889776_Split_58.fasta', 32515.0, 0.067, 28095, 0.058, 5497, 0.011, 100701, 0.208, 177040.0, 0.366, -14039, -0.029, 79668.5, 0.165
'MAFFT_b0#0058_ttT_tree_13_OP_1.7913990869854772_Split_58.fasta', 31168.0, 0.066, 29442, 0.062, 5555, 0.012, 100701, 0.212, 168160.0, 0.355, -16022, -0.034, 68457.5, 0.144
'MAFFT_b0#0060_hhT_tree_32_OP_1.498379977124041_Split_60.fasta', 32613.0, 0.062, 29102, 0.056, 5142, 0.01, 98491, 0.189, 176905.0, 0.339, -15071, -0.029, 81736.5, 0.157
'MAFFT_b0#0060_htH_tree_32_OP_1.498379977124041_Split_60.fasta', 32620.0, 0.063, 29021, 0.056, 5215, 0.01, 98639, 0.189, 176939.0, 0.339, -15063, -0.029, 81266.5, 0.156
'MAFFT_b0#0060_htT_tree_32_OP_1.498379977124041_Split_60.fasta', 32620.0, 0.063, 29021, 0.056, 5215, 0.01, 98639, 0.189, 176939.0, 0.339, -15063, -0.029, 81266.5, 0.156
'MAFFT_b0#0060_ttH_tree_32_OP_1.498379977124041_Split_60.fasta', 32620.0, 0.063, 29021, 0.056, 5215, 0.01, 98639, 0.189, 176939.0, 0.339, -15063, -0.029, 81266.5, 0.156
'MAFFT_b0#0061_hhH_tree_87_OP_1.1834961203615137_Split_61.fasta', 32522.0, 0.064, 26810, 0.053, 6780, 0.013, 103257, 0.203, 177164.0, 0.348, -12216, -0.024, 72639.5, 0.143
'MAFFT_b0#0061_hhH_tree_88_OP_2.9570433978664177_Split_61.fasta', 32143.0, 0.069, 28252, 0.06, 4659, 0.01, 101131, 0.216, 173964.0, 0.372, -15773, -0.034, 79671.5, 0.17
'MAFFT_b0#0061_hhH_tree_97_OP_2.1094152983091004_Split_61.fasta', 32490.0, 0.068, 28176, 0.059, 5399, 0.011, 100589, 0.21, 176703.0, 0.369, -14720, -0.031, 79294.5, 0.166
'MAFFT_b0#0061_hhT_tree_18_OP_1.3304542342131214_Split_61.fasta', 29941.0, 0.059, 28307, 0.055, 6417, 0.013, 105425, 0.206, 162811.0, 0.319, -15422, -0.03, 56174.5, 0.11
'MAFFT_b0#0061_hhT_tree_30_OP_2.908145211858187_Split_61.fasta', 32647.0, 0.07, 29649, 0.063, 4570, 0.01, 97329, 0.208, 177265.0, 0.379, -18270, -0.039, 82910.5, 0.177
'MAFFT_b0#0061_htH_tree_18_OP_1.3304542342131214_Split_61.fasta', 29639.0, 0.058, 28497, 0.055, 6282, 0.012, 105649, 0.205, 161077.0, 0.313, -14490, -0.028, 56070.5, 0.109
'MAFFT_b0#0061_htH_tree_30_OP_2.908145211858187_Split_61.fasta', 32621.0, 0.07, 29585, 0.063, 4654, 0.01, 97509, 0.208, 177161.0, 0.379, -18296, -0.039, 82186.5, 0.176
'MAFFT_b0#0061_htH_tree_72_OP_1.8278688995959085_Split_61.fasta', 31710.0, 0.059, 27157, 0.05, 4876, 0.009, 104187, 0.192, 172632.0, 0.319, -14819, -0.027, 76463.5, 0.141
'MAFFT_b0#0061_htH_tree_88_OP_2.9570433978664177_Split_61.fasta', 32260.0, 0.069, 28229, 0.06, 4574, 0.01, 100943, 0.216, 174486.0, 0.373, -15665, -0.033, 80905.5, 0.173
'MAFFT_b0#0061_htT_tree_87_OP_1.1834961203615137_Split_61.fasta', 32447.0, 0.064, 27068, 0.053, 6934, 0.014, 102891, 0.203, 176856.0, 0.349, -11611, -0.023, 72195.5, 0.142
'MAFFT_b0#0061_htT_tree_97_OP_2.1094152983091004_Split_61.fasta', 32348.0, 0.069, 28494, 0.061, 5214, 0.011, 100237, 0.214, 175796.0, 0.376, -15730, -0.034, 78663.5, 0.168
'MAFFT_b0#0061_thH_tree_18_OP_1.3304542342131214_Split_61.fasta', 29941.0, 0.059, 28307, 0.055, 6417, 0.013, 105425, 0.206, 162811.0, 0.319, -15422, -0.03, 56174.5, 0.11
'MAFFT_b0#0061_thH_tree_72_OP_1.8278688995959085_Split_61.fasta', 31710.0, 0.059, 27157, 0.05, 4877, 0.009, 104187, 0.192, 172632.0, 0.319, -14819, -0.027, 76457.5, 0.141
'MAFFT_b0#0061_thT_tree_30_OP_2.908145211858187_Split_61.fasta', 32647.0, 0.07, 29649, 0.063, 4570, 0.01, 97329, 0.208, 177265.0, 0.379, -18270, -0.039, 82910.5, 0.177
'MAFFT_b0#0061_thT_tree_72_OP_1.8278688995959085_Split_61.fasta', 31710.0, 0.059, 27157, 0.05, 4877, 0.009, 104187, 0.192, 172632.0, 0.319, -14819, -0.027, 76457.5, 0.141
'MAFFT_b0#0061_thT_tree_87_OP_1.1834961203615137_Split_61.fasta', 32522.0, 0.064, 26810, 0.053, 6780, 0.013, 103257, 0.203, 177164.0, 0.348, -12216, -0.024, 72639.5, 0.143
'MAFFT_b0#0061_thT_tree_88_OP_2.9570433978664177_Split_61.fasta', 32143.0, 0.069, 28252, 0.06, 4659, 0.01, 101131, 0.216, 173964.0, 0.372, -15773, -0.034, 79671.5, 0.17
'MAFFT_b0#0061_thT_tree_97_OP_2.1094152983091004_Split_61.fasta', 32490.0, 0.068, 28176, 0.059, 5399, 0.011, 100589, 0.21, 176703.0, 0.369, -14720, -0.031, 79294.5, 0.166
'MAFFT_b0#0061_ttT_tree_18_OP_1.3304542342131214_Split_61.fasta', 29639.0, 0.058, 28497, 0.055, 6282, 0.012, 105649, 0.205, 161077.0, 0.313, -14490, -0.028, 56070.5, 0.109
'MAFFT_b0#0061_ttT_tree_30_OP_2.908145211858187_Split_61.fasta', 32621.0, 0.07, 29585, 0.063, 4654, 0.01, 97509, 0.208, 177161.0, 0.379, -18296, -0.039, 82186.5, 0.176
'MAFFT_b0#0061_ttT_tree_72_OP_1.8278688995959085_Split_61.fasta', 31710.0, 0.059, 27157, 0.05, 4876, 0.009, 104187, 0.192, 172632.0, 0.319, -14819, -0.027, 76463.5, 0.141
'MAFFT_b0#0061_ttT_tree_87_OP_1.1834961203615137_Split_61.fasta', 32447.0, 0.064, 27068, 0.053, 6934, 0.014, 102891, 0.203, 176856.0, 0.349, -11611, -0.023, 72195.5, 0.142
'MAFFT_b0#0061_ttT_tree_88_OP_2.9570433978664177_Split_61.fasta', 32260.0, 0.069, 28229, 0.06, 4574, 0.01, 100943, 0.216, 174486.0, 0.373, -15665, -0.033, 80905.5, 0.173
'MAFFT_b0#0061_ttT_tree_97_OP_2.1094152983091004_Split_61.fasta', 32348.0, 0.069, 28494, 0.061, 5214, 0.011, 100237, 0.214, 175796.0, 0.376, -15730, -0.034, 78663.5, 0.168
'MAFFT_b0#0063_hhH_tree_37_OP_2.065965428692473_Split_63.fasta', 32736.0, 0.071, 27913, 0.06, 5009, 0.011, 100623, 0.217, 177890.0, 0.383, -15074, -0.032, 82450.5, 0.178
'MAFFT_b0#0063_hhT_tree_89_OP_2.6540913216611166_Split_63.fasta', 31361.0, 0.064, 28406, 0.058, 5039, 0.01, 102387, 0.209, 170148.0, 0.348, -16509, -0.034, 72211.5, 0.148
'MAFFT_b0#0063_htH_tree_37_OP_2.065965428692473_Split_63.fasta', 32551.0, 0.072, 28377, 0.063, 4963, 0.011, 100065, 0.221, 176770.0, 0.391, -15740, -0.035, 81219.5, 0.18
'MAFFT_b0#0063_htH_tree_89_OP_2.6540913216611166_Split_63.fasta', 31331.0, 0.065, 28610, 0.06, 4973, 0.01, 102039, 0.213, 169694.0, 0.354, -16613, -0.035, 72223.5, 0.151
'MAFFT_b0#0063_thH_tree_37_OP_2.065965428692473_Split_63.fasta', 32736.0, 0.071, 27913, 0.06, 5009, 0.011, 100623, 0.217, 177890.0, 0.383, -15074, -0.032, 82450.5, 0.178
'MAFFT_b0#0063_thT_tree_89_OP_2.6540913216611166_Split_63.fasta', 31363.0, 0.064, 28404, 0.058, 5039, 0.01, 102387, 0.209, 170158.0, 0.348, -16506, -0.034, 72224.5, 0.148
'MAFFT_b0#0063_ttH_tree_37_OP_2.065965428692473_Split_63.fasta', 32551.0, 0.072, 28377, 0.063, 4963, 0.011, 100065, 0.221, 176770.0, 0.391, -15740, -0.035, 81219.5, 0.18
'MAFFT_b0#0063_ttH_tree_89_OP_2.6540913216611166_Split_63.fasta', 31334.0, 0.065, 28607, 0.06, 4973, 0.01, 102039, 0.213, 169709.0, 0.354, -16613, -0.035, 72238.5, 0.151
'MAFFT_b0#0065_htH_tree_26_OP_2.2970226808572787_Split_65.fasta', 32517.0, 0.067, 27970, 0.058, 4973, 0.01, 100947, 0.209, 176336.0, 0.364, -15860, -0.033, 80164.5, 0.166
'MAFFT_b0#0065_htT_tree_55_OP_1.534121132575311_Split_65.fasta', 30256.0, 0.054, 27943, 0.05, 6187, 0.011, 105523, 0.19, 164333.0, 0.295, -14219, -0.026, 60230.5, 0.108
'MAFFT_b0#0065_thH_tree_26_OP_2.2970226808572787_Split_65.fasta', 32443.0, 0.067, 27922, 0.058, 5098, 0.011, 101191, 0.21, 175928.0, 0.365, -15832, -0.033, 78912.5, 0.163
'MAFFT_b0#0065_thH_tree_55_OP_1.534121132575311_Split_65.fasta', 30160.0, 0.054, 28162, 0.051, 6057, 0.011, 105277, 0.189, 163588.0, 0.294, -14415, -0.026, 60192.5, 0.108
'MAFFT_b0#0065_thT_tree_55_OP_1.534121132575311_Split_65.fasta', 30160.0, 0.054, 28162, 0.051, 6057, 0.011, 105277, 0.189, 163588.0, 0.294, -14415, -0.026, 60192.5, 0.108
'MAFFT_b0#0065_ttH_tree_26_OP_2.2970226808572787_Split_65.fasta', 32517.0, 0.067, 27968, 0.058, 4976, 0.01, 100951, 0.208, 176336.0, 0.364, -15862, -0.033, 80142.5, 0.165
'MAFFT_b0#0065_ttT_tree_26_OP_2.2970226808572787_Split_65.fasta', 32517.0, 0.067, 27968, 0.058, 4976, 0.01, 100951, 0.208, 176336.0, 0.364, -15862, -0.033, 80142.5, 0.165
'MAFFT_b0#0065_ttT_tree_55_OP_1.534121132575311_Split_65.fasta', 30256.0, 0.054, 27943, 0.05, 6187, 0.011, 105523, 0.19, 164333.0, 0.295, -14219, -0.026, 60230.5, 0.108
'MAFFT_b0#0066_hhH_tree_77_OP_1.3827668594678542_Split_66.fasta', 31087.0, 0.064, 31034, 0.064, 6235, 0.013, 97679, 0.201, 168738.0, 0.347, -14439, -0.03, 68049.5, 0.14
'MAFFT_b0#0066_hhT_tree_99_OP_1.9136688454364907_Split_66.fasta', 31798.0, 0.066, 28233, 0.058, 5247, 0.011, 101859, 0.21, 172973.0, 0.357, -14591, -0.03, 75970.5, 0.157
'MAFFT_b0#0066_htT_tree_99_OP_1.9136688454364907_Split_66.fasta', 31776.0, 0.066, 28246, 0.058, 5284, 0.011, 101877, 0.21, 172888.0, 0.356, -14648, -0.03, 75597.5, 0.156
'MAFFT_b0#0066_thH_tree_77_OP_1.3827668594678542_Split_66.fasta', 31087.0, 0.064, 31034, 0.064, 6235, 0.013, 97679, 0.201, 168738.0, 0.347, -14439, -0.03, 68049.5, 0.14
'MAFFT_b0#0066_thH_tree_99_OP_1.9136688454364907_Split_66.fasta', 31798.0, 0.066, 28233, 0.058, 5246, 0.011, 101859, 0.21, 172973.0, 0.357, -14591, -0.03, 75976.5, 0.157
'MAFFT_b0#0066_thT_tree_99_OP_1.9136688454364907_Split_66.fasta', 31798.0, 0.066, 28233, 0.058, 5246, 0.011, 101859, 0.21, 172973.0, 0.357, -14591, -0.03, 75976.5, 0.157
'MAFFT_b0#0066_ttH_tree_77_OP_1.3827668594678542_Split_66.fasta', 31228.0, 0.064, 30812, 0.063, 6311, 0.013, 97841, 0.201, 169575.0, 0.348, -14319, -0.029, 68469.5, 0.14
'MAFFT_b0#0066_ttT_tree_77_OP_1.3827668594678542_Split_66.fasta', 31228.0, 0.064, 30812, 0.063, 6311, 0.013, 97841, 0.201, 169575.0, 0.348, -14319, -0.029, 68469.5, 0.14
'MAFFT_b0#0067_hhT_tree_4_OP_1.1542677766261527_Split_67.fasta', 30741.0, 0.06, 28666, 0.056, 7758, 0.015, 103107, 0.2, 167654.0, 0.326, -13443, -0.026, 56109.5, 0.109
'MAFFT_b0#0067_htH_tree_4_OP_1.1542677766261527_Split_67.fasta', 31530.0, 0.062, 28513, 0.056, 7091, 0.014, 101835, 0.201, 171371.0, 0.339, -14105, -0.028, 63802.5, 0.126
'MAFFT_b0#0067_htH_tree_76_OP_1.9781210467371317_Split_67.fasta', 32587.0, 0.069, 27968, 0.059, 5023, 0.011, 100811, 0.212, 176698.0, 0.372, -14511, -0.031, 81643.5, 0.172
'MAFFT_b0#0067_thH_tree_76_OP_1.9781210467371317_Split_67.fasta', 32584.0, 0.069, 27561, 0.058, 5342, 0.011, 101631, 0.215, 176705.0, 0.374, -14399, -0.03, 79438.5, 0.168
'MAFFT_b0#0067_thT_tree_4_OP_1.1542677766261527_Split_67.fasta', 30741.0, 0.06, 28666, 0.056, 7758, 0.015, 103107, 0.2, 167654.0, 0.326, -13443, -0.026, 56109.5, 0.109
'MAFFT_b0#0067_ttH_tree_76_OP_1.9781210467371317_Split_67.fasta', 32587.0, 0.069, 27968, 0.059, 5023, 0.011, 100811, 0.212, 176698.0, 0.372, -14511, -0.031, 81643.5, 0.172
'MAFFT_b0#0067_ttT_tree_4_OP_1.1542677766261527_Split_67.fasta', 31530.0, 0.062, 28513, 0.056, 7091, 0.014, 101835, 0.201, 171371.0, 0.339, -14105, -0.028, 63802.5, 0.126
'MAFFT_b0#0067_ttT_tree_76_OP_1.9781210467371317_Split_67.fasta', 32587.0, 0.069, 27968, 0.059, 5023, 0.011, 100811, 0.212, 176698.0, 0.372, -14511, -0.031, 81643.5, 0.172
'MAFFT_b0#0069_htH_tree_20_OP_2.4221981553992458_Split_69.fasta', 29545.0, 0.058, 30339, 0.06, 5095, 0.01, 102153, 0.201, 161039.0, 0.318, -19023, -0.038, 60369.5, 0.119
'MAFFT_b0#0069_htH_tree_73_OP_2.973262473304242_Split_69.fasta', 32164.0, 0.068, 28684, 0.061, 4698, 0.01, 100225, 0.211, 174125.0, 0.367, -17044, -0.036, 78780.5, 0.166
'MAFFT_b0#0069_htT_tree_20_OP_2.4221981553992458_Split_69.fasta', 29545.0, 0.058, 30339, 0.06, 5095, 0.01, 102153, 0.201, 161039.0, 0.318, -19023, -0.038, 60369.5, 0.119
'MAFFT_b0#0069_htT_tree_73_OP_2.973262473304242_Split_69.fasta', 32164.0, 0.068, 28684, 0.061, 4698, 0.01, 100225, 0.211, 174125.0, 0.367, -17044, -0.036, 78780.5, 0.166
'MAFFT_b0#0069_thH_tree_20_OP_2.4221981553992458_Split_69.fasta', 29574.0, 0.058, 30346, 0.06, 5027, 0.01, 102081, 0.201, 161153.0, 0.318, -19025, -0.038, 60925.5, 0.12
'MAFFT_b0#0069_thH_tree_73_OP_2.973262473304242_Split_69.fasta', 32110.0, 0.068, 28886, 0.061, 4685, 0.01, 99929, 0.211, 173859.0, 0.367, -17189, -0.036, 78595.5, 0.166
'MAFFT_b0#0069_thT_tree_20_OP_2.4221981553992458_Split_69.fasta', 29574.0, 0.058, 30346, 0.06, 5027, 0.01, 102081, 0.201, 161153.0, 0.318, -19025, -0.038, 60925.5, 0.12
'MAFFT_b0#0069_ttH_tree_73_OP_2.973262473304242_Split_69.fasta', 32164.0, 0.068, 28684, 0.061, 4698, 0.01, 100225, 0.211, 174125.0, 0.367, -17044, -0.036, 78780.5, 0.166
'MAFFT_b0#0070_hhH_tree_86_OP_1.7393056698625855_Split_70.fasta', 31782.0, 0.063, 27059, 0.054, 5250, 0.01, 104239, 0.207, 172537.0, 0.343, -14247, -0.028, 74670.5, 0.148
'MAFFT_b0#0070_hhT_tree_17_OP_1.818409912056766_Split_70.fasta', 31256.0, 0.062, 27966, 0.056, 5194, 0.01, 103477, 0.207, 170094.0, 0.339, -14722, -0.029, 72469.5, 0.145
'MAFFT_b0#0070_htH_tree_86_OP_1.7393056698625855_Split_70.fasta', 31671.0, 0.064, 27447, 0.056, 5253, 0.011, 103685, 0.21, 171707.0, 0.348, -14760, -0.03, 73586.5, 0.149
'MAFFT_b0#0070_thH_tree_17_OP_1.818409912056766_Split_70.fasta', 31330.0, 0.063, 27964, 0.056, 5194, 0.01, 103333, 0.206, 170464.0, 0.34, -14714, -0.029, 72919.5, 0.146
'MAFFT_b0#0070_thH_tree_86_OP_1.7393056698625855_Split_70.fasta', 31782.0, 0.063, 27059, 0.054, 5250, 0.01, 104239, 0.207, 172537.0, 0.343, -14247, -0.028, 74670.5, 0.148
'MAFFT_b0#0070_ttH_tree_17_OP_1.818409912056766_Split_70.fasta', 31330.0, 0.063, 27964, 0.056, 5193, 0.01, 103333, 0.206, 170464.0, 0.34, -14714, -0.029, 72925.5, 0.146
'MAFFT_b0#0070_ttT_tree_17_OP_1.818409912056766_Split_70.fasta', 31330.0, 0.063, 27964, 0.056, 5193, 0.01, 103333, 0.206, 170464.0, 0.34, -14714, -0.029, 72925.5, 0.146
'MAFFT_b0#0070_ttT_tree_86_OP_1.7393056698625855_Split_70.fasta', 31671.0, 0.064, 27447, 0.056, 5253, 0.011, 103685, 0.21, 171707.0, 0.348, -14760, -0.03, 73586.5, 0.149
'MAFFT_b0#0071_thH_tree_83_OP_1.1196527601502904_Split_71.fasta', 33767.0, 0.068, 26746, 0.054, 6104, 0.012, 100895, 0.204, 183295.0, 0.371, -12017, -0.024, 84206.5, 0.171
'MAFFT_b0#0071_thT_tree_83_OP_1.1196527601502904_Split_71.fasta', 33767.0, 0.068, 26746, 0.054, 6104, 0.012, 100895, 0.204, 183295.0, 0.371, -12017, -0.024, 84206.5, 0.171
'MAFFT_b0#0071_ttH_tree_83_OP_1.1196527601502904_Split_71.fasta', 33643.0, 0.068, 26973, 0.055, 6212, 0.013, 100689, 0.204, 182659.0, 0.371, -11783, -0.024, 83259.5, 0.169
'MAFFT_b0#0071_ttT_tree_83_OP_1.1196527601502904_Split_71.fasta', 33643.0, 0.068, 26973, 0.055, 6212, 0.013, 100689, 0.204, 182659.0, 0.371, -11783, -0.024, 83259.5, 0.169
'MAFFT_b0#0072_hhH_tree_16_OP_1.904493049197901_Split_72.fasta', 31686.0, 0.062, 28428, 0.055, 5481, 0.011, 101693, 0.198, 170945.0, 0.332, -16539, -0.032, 70673.5, 0.137
'MAFFT_b0#0072_hhH_tree_2_OP_2.0780663887168265_Split_72.fasta', 31741.0, 0.06, 30120, 0.057, 5244, 0.01, 98199, 0.186, 172414.0, 0.326, -17085, -0.032, 74765.5, 0.141
'MAFFT_b0#0072_htH_tree_2_OP_2.0780663887168265_Split_72.fasta', 31578.0, 0.059, 29466, 0.055, 5540, 0.01, 99833, 0.185, 171751.0, 0.319, -16144, -0.03, 72450.5, 0.134
'MAFFT_b0#0072_htT_tree_16_OP_1.904493049197901_Split_72.fasta', 31603.0, 0.061, 28391, 0.055, 5733, 0.011, 101933, 0.198, 170527.0, 0.331, -16441, -0.032, 68721.5, 0.134
'MAFFT_b0#0072_htT_tree_2_OP_2.0780663887168265_Split_72.fasta', 31578.0, 0.059, 29466, 0.055, 5540, 0.01, 99833, 0.185, 171751.0, 0.319, -16144, -0.03, 72450.5, 0.134
'MAFFT_b0#0072_thH_tree_2_OP_2.0780663887168265_Split_72.fasta', 31741.0, 0.06, 30120, 0.057, 5244, 0.01, 98199, 0.186, 172414.0, 0.326, -17085, -0.032, 74765.5, 0.141
'MAFFT_b0#0072_ttH_tree_16_OP_1.904493049197901_Split_72.fasta', 31603.0, 0.061, 28391, 0.055, 5733, 0.011, 101933, 0.198, 170527.0, 0.331, -16441, -0.032, 68721.5, 0.134
'MAFFT_b0#0072_ttT_tree_16_OP_1.904493049197901_Split_72.fasta', 31603.0, 0.061, 28391, 0.055, 5733, 0.011, 101933, 0.198, 170527.0, 0.331, -16441, -0.032, 68721.5, 0.134
'MAFFT_b0#0073_hhT_tree_96_OP_2.2598618576256135_Split_73.fasta', 32823.0, 0.069, 28726, 0.06, 4859, 0.01, 98823, 0.208, 178115.0, 0.375, -15842, -0.033, 83707.5, 0.176
'MAFFT_b0#0073_htH_tree_96_OP_2.2598618576256135_Split_73.fasta', 32840.0, 0.069, 28676, 0.06, 4871, 0.01, 98889, 0.208, 178177.0, 0.375, -15926, -0.034, 83580.5, 0.176
'MAFFT_b0#0073_htT_tree_38_OP_1.4036490691810368_Split_73.fasta', 29764.0, 0.052, 27226, 0.048, 6041, 0.011, 107941, 0.189, 162521.0, 0.285, -14917, -0.026, 57387.5, 0.101
'MAFFT_b0#0073_htT_tree_96_OP_2.2598618576256135_Split_73.fasta', 32840.0, 0.069, 28676, 0.06, 4871, 0.01, 98889, 0.208, 178177.0, 0.375, -15926, -0.034, 83580.5, 0.176
'MAFFT_b0#0073_thT_tree_38_OP_1.4036490691810368_Split_73.fasta', 29738.0, 0.052, 27594, 0.048, 6064, 0.011, 107257, 0.187, 162354.0, 0.283, -15038, -0.026, 57303.5, 0.1
'MAFFT_b0#0073_thT_tree_96_OP_2.2598618576256135_Split_73.fasta', 32823.0, 0.069, 28726, 0.06, 4859, 0.01, 98823, 0.208, 178115.0, 0.375, -15842, -0.033, 83707.5, 0.176
'MAFFT_b0#0073_ttH_tree_38_OP_1.4036490691810368_Split_73.fasta', 29673.0, 0.052, 27350, 0.048, 6199, 0.011, 107875, 0.189, 162093.0, 0.284, -15042, -0.026, 55919.5, 0.098
'MAFFT_b0#0073_ttT_tree_38_OP_1.4036490691810368_Split_73.fasta', 29673.0, 0.052, 27350, 0.048, 6199, 0.011, 107875, 0.189, 162093.0, 0.284, -15042, -0.026, 55919.5, 0.098
'MAFFT_b0#0074_hhH_tree_56_OP_1.8151633835449412_Split_74.fasta', 32212.0, 0.066, 28250, 0.058, 5399, 0.011, 100997, 0.208, 174544.0, 0.36, -15585, -0.032, 76066.5, 0.157
'MAFFT_b0#0074_hhH_tree_79_OP_1.1319264156945865_Split_74.fasta', 31031.0, 0.059, 27978, 0.053, 6465, 0.012, 103903, 0.196, 168522.0, 0.318, -13824, -0.026, 63956.5, 0.121
'MAFFT_b0#0074_htH_tree_56_OP_1.8151633835449412_Split_74.fasta', 32168.0, 0.066, 28276, 0.058, 5338, 0.011, 101033, 0.208, 174354.0, 0.359, -15589, -0.032, 76220.5, 0.157
'MAFFT_b0#0074_htT_tree_79_OP_1.1319264156945865_Split_74.fasta', 31041.0, 0.059, 27983, 0.053, 6485, 0.012, 103873, 0.196, 168542.0, 0.318, -13657, -0.026, 64038.5, 0.121
'MAFFT_b0#0074_thT_tree_56_OP_1.8151633835449412_Split_74.fasta', 32212.0, 0.066, 28250, 0.058, 5399, 0.011, 100997, 0.208, 174544.0, 0.36, -15585, -0.032, 76066.5, 0.157
'MAFFT_b0#0074_ttH_tree_56_OP_1.8151633835449412_Split_74.fasta', 32168.0, 0.066, 28276, 0.058, 5338, 0.011, 101033, 0.208, 174354.0, 0.359, -15589, -0.032, 76220.5, 0.157
'MAFFT_b0#0074_ttH_tree_79_OP_1.1319264156945865_Split_74.fasta', 31041.0, 0.059, 27983, 0.053, 6485, 0.012, 103873, 0.196, 168542.0, 0.318, -13657, -0.026, 64038.5, 0.121
'MAFFT_b0#0074_ttT_tree_79_OP_1.1319264156945865_Split_74.fasta', 31041.0, 0.059, 27983, 0.053, 6485, 0.012, 103873, 0.196, 168542.0, 0.318, -13657, -0.026, 64038.5, 0.121
'MAFFT_b0#0075_hhH_tree_81_OP_1.1314497018902243_Split_75.fasta', 31581.0, 0.058, 26119, 0.048, 6172, 0.011, 106521, 0.197, 171353.0, 0.316, -12303, -0.023, 68757.5, 0.127
'MAFFT_b0#0075_hhT_tree_19_OP_1.5848887345678324_Split_75.fasta', 32110.0, 0.07, 27667, 0.06, 5778, 0.013, 102367, 0.222, 174490.0, 0.379, -13376, -0.029, 75262.5, 0.163
'MAFFT_b0#0075_htH_tree_19_OP_1.5848887345678324_Split_75.fasta', 32110.0, 0.07, 27664, 0.06, 5776, 0.013, 102373, 0.222, 174490.0, 0.379, -13446, -0.029, 75201.5, 0.163
'MAFFT_b0#0075_htH_tree_81_OP_1.1314497018902243_Split_75.fasta', 31580.0, 0.058, 26115, 0.048, 6167, 0.011, 106531, 0.197, 171347.0, 0.316, -12384, -0.023, 68695.5, 0.127
'MAFFT_b0#0075_thH_tree_81_OP_1.1314497018902243_Split_75.fasta', 31596.0, 0.058, 26102, 0.048, 6159, 0.011, 106525, 0.197, 171428.0, 0.317, -12282, -0.023, 68929.5, 0.127
'MAFFT_b0#0075_thT_tree_19_OP_1.5848887345678324_Split_75.fasta', 32149.0, 0.07, 27312, 0.059, 5934, 0.013, 102999, 0.224, 174753.0, 0.379, -13038, -0.028, 74611.5, 0.162
'MAFFT_b0#0075_ttH_tree_19_OP_1.5848887345678324_Split_75.fasta', 32149.0, 0.07, 27309, 0.059, 5932, 0.013, 103005, 0.224, 174753.0, 0.379, -13108, -0.028, 74550.5, 0.162
'MAFFT_b0#0075_ttH_tree_81_OP_1.1314497018902243_Split_75.fasta', 31595.0, 0.058, 26098, 0.048, 6154, 0.011, 106535, 0.197, 171422.0, 0.317, -12363, -0.023, 68867.5, 0.127
'MAFFT_b0#0077_hhT_tree_15_OP_2.550159221795637_Split_77.fasta', 32564.0, 0.069, 28019, 0.06, 4913, 0.01, 100755, 0.214, 176574.0, 0.375, -15381, -0.033, 81337.5, 0.173
'MAFFT_b0#0077_htT_tree_15_OP_2.550159221795637_Split_77.fasta', 32494.0, 0.069, 27189, 0.058, 4979, 0.011, 102555, 0.219, 175888.0, 0.376, -15181, -0.032, 79555.5, 0.17
'MAFFT_b0#0077_thH_tree_15_OP_2.550159221795637_Split_77.fasta', 32564.0, 0.069, 28019, 0.06, 4913, 0.01, 100755, 0.214, 176574.0, 0.375, -15381, -0.033, 81337.5, 0.173
'MAFFT_b0#0077_thT_tree_15_OP_2.550159221795637_Split_77.fasta', 32564.0, 0.069, 28019, 0.06, 4913, 0.01, 100755, 0.214, 176574.0, 0.375, -15381, -0.033, 81337.5, 0.173
'MAFFT_b0#0079_hhH_tree_53_OP_2.8446810696084794_Split_79.fasta', 32280.0, 0.071, 32257, 0.071, 4484, 0.01, 92847, 0.204, 175238.0, 0.386, -22241, -0.049, 79669.5, 0.175
'MAFFT_b0#0079_hhT_tree_53_OP_2.8446810696084794_Split_79.fasta', 32280.0, 0.071, 32257, 0.071, 4484, 0.01, 92847, 0.204, 175238.0, 0.386, -22241, -0.049, 79669.5, 0.175
'MAFFT_b0#0079_htT_tree_53_OP_2.8446810696084794_Split_79.fasta', 32282.0, 0.071, 32251, 0.071, 4488, 0.01, 92855, 0.204, 175248.0, 0.386, -22239, -0.049, 79653.5, 0.175
'MAFFT_b0#0079_ttH_tree_53_OP_2.8446810696084794_Split_79.fasta', 32282.0, 0.071, 32249, 0.071, 4492, 0.01, 92859, 0.204, 175248.0, 0.385, -22235, -0.049, 79631.5, 0.175
'MAFFT_b0#0081_hhH_tree_28_OP_2.8015195195451144_Split_81.fasta', 30440.0, 0.066, 31960, 0.069, 4899, 0.011, 97121, 0.21, 164709.0, 0.356, -21022, -0.045, 65732.5, 0.142
'MAFFT_b0#0081_hhT_tree_28_OP_2.8015195195451144_Split_81.fasta', 30440.0, 0.066, 31960, 0.069, 4899, 0.011, 97121, 0.21, 164709.0, 0.356, -21022, -0.045, 65732.5, 0.142
'MAFFT_b0#0081_htH_tree_70_OP_2.86216121405654_Split_81.fasta', 32383.0, 0.067, 28186, 0.059, 4748, 0.01, 100783, 0.21, 175307.0, 0.365, -16510, -0.034, 79917.5, 0.166
'MAFFT_b0#0081_htT_tree_70_OP_2.86216121405654_Split_81.fasta', 32383.0, 0.067, 28186, 0.059, 4748, 0.01, 100783, 0.21, 175307.0, 0.365, -16510, -0.034, 79917.5, 0.166
'MAFFT_b0#0081_thH_tree_70_OP_2.86216121405654_Split_81.fasta', 32410.0, 0.067, 28291, 0.059, 4616, 0.01, 100519, 0.209, 175441.0, 0.365, -16554, -0.034, 80931.5, 0.169
'MAFFT_b0#0081_thT_tree_28_OP_2.8015195195451144_Split_81.fasta', 30440.0, 0.066, 31960, 0.069, 4899, 0.011, 97121, 0.21, 164709.0, 0.356, -21022, -0.045, 65732.5, 0.142
'MAFFT_b0#0081_ttH_tree_28_OP_2.8015195195451144_Split_81.fasta', 30539.0, 0.066, 31857, 0.069, 4902, 0.011, 97129, 0.21, 165324.0, 0.357, -20802, -0.045, 66545.5, 0.144
'MAFFT_b0#0081_ttH_tree_70_OP_2.86216121405654_Split_81.fasta', 32383.0, 0.067, 28186, 0.059, 4748, 0.01, 100783, 0.21, 175307.0, 0.365, -16510, -0.034, 79917.5, 0.166
'MAFFT_b0#0085_hhH_tree_6_OP_2.614406638642872_Split_85.fasta', 30371.0, 0.062, 30089, 0.062, 4728, 0.01, 101001, 0.208, 165268.0, 0.34, -19646, -0.04, 66753.5, 0.137
'MAFFT_b0#0085_htH_tree_6_OP_2.614406638642872_Split_85.fasta', 30371.0, 0.062, 30087, 0.062, 4731, 0.01, 101005, 0.207, 165268.0, 0.339, -19648, -0.04, 66731.5, 0.137
'MAFFT_b0#0085_htT_tree_43_OP_1.1593268235540946_Split_85.fasta', 33211.0, 0.064, 26420, 0.051, 6731, 0.013, 102659, 0.198, 180505.0, 0.348, -12446, -0.024, 76343.5, 0.147
'MAFFT_b0#0085_htT_tree_6_OP_2.614406638642872_Split_85.fasta', 30371.0, 0.062, 30087, 0.062, 4731, 0.01, 101005, 0.207, 165268.0, 0.339, -19648, -0.04, 66731.5, 0.137
'MAFFT_b0#0085_thT_tree_43_OP_1.1593268235540946_Split_85.fasta', 33289.0, 0.065, 26413, 0.051, 6636, 0.013, 102517, 0.199, 180832.0, 0.351, -12731, -0.025, 77026.5, 0.15
'MAFFT_b0#0085_thT_tree_6_OP_2.614406638642872_Split_85.fasta', 30371.0, 0.062, 30089, 0.062, 4728, 0.01, 101001, 0.208, 165268.0, 0.34, -19646, -0.04, 66753.5, 0.137
'MAFFT_b0#0085_ttH_tree_43_OP_1.1593268235540946_Split_85.fasta', 33211.0, 0.064, 26420, 0.051, 6731, 0.013, 102659, 0.198, 180505.0, 0.348, -12446, -0.024, 76343.5, 0.147
'MAFFT_b0#0085_ttT_tree_43_OP_1.1593268235540946_Split_85.fasta', 33211.0, 0.064, 26420, 0.051, 6731, 0.013, 102659, 0.198, 180505.0, 0.348, -12446, -0.024, 76343.5, 0.147
'MAFFT_b0#0086_hhH_tree_98_OP_1.0089131553899002_Split_86.fasta', 32356.0, 0.061, 26940, 0.05, 8051, 0.015, 103329, 0.193, 175686.0, 0.329, -12844, -0.024, 62871.5, 0.118
'MAFFT_b0#0086_hhT_tree_98_OP_1.0089131553899002_Split_86.fasta', 32356.0, 0.061, 26940, 0.05, 8051, 0.015, 103329, 0.193, 175686.0, 0.329, -12844, -0.024, 62871.5, 0.118
'MAFFT_b0#0086_htH_tree_98_OP_1.0089131553899002_Split_86.fasta', 32305.0, 0.061, 26943, 0.051, 8006, 0.015, 103425, 0.196, 175387.0, 0.333, -12446, -0.024, 63192.5, 0.12
'MAFFT_b0#0086_thH_tree_98_OP_1.0089131553899002_Split_86.fasta', 32356.0, 0.061, 26940, 0.05, 8051, 0.015, 103329, 0.193, 175686.0, 0.329, -12844, -0.024, 62871.5, 0.118
'MAFFT_b0#0088_hhH_tree_24_OP_2.5256879150632905_Split_88.fasta', 31003.0, 0.066, 30017, 0.064, 4883, 0.01, 99881, 0.214, 168419.0, 0.361, -19205, -0.041, 69975.5, 0.15
'MAFFT_b0#0088_htH_tree_24_OP_2.5256879150632905_Split_88.fasta', 30986.0, 0.066, 30048, 0.064, 4930, 0.011, 99853, 0.214, 168411.0, 0.361, -19214, -0.041, 69690.5, 0.149
'MAFFT_b0#0088_htT_tree_24_OP_2.5256879150632905_Split_88.fasta', 30986.0, 0.066, 30048, 0.064, 4930, 0.011, 99853, 0.214, 168411.0, 0.361, -19214, -0.041, 69690.5, 0.149
'MAFFT_b0#0088_thH_tree_24_OP_2.5256879150632905_Split_88.fasta', 31003.0, 0.066, 30017, 0.064, 4883, 0.01, 99881, 0.214, 168419.0, 0.361, -19205, -0.041, 69975.5, 0.15
'MAFFT_b0#0089_hhH_tree_3_OP_2.728084439580989_Split_89.fasta', 30848.0, 0.063, 30798, 0.063, 4545, 0.009, 98629, 0.203, 167682.0, 0.345, -19042, -0.039, 72055.5, 0.148
'MAFFT_b0#0089_hhT_tree_3_OP_2.728084439580989_Split_89.fasta', 30848.0, 0.063, 30798, 0.063, 4545, 0.009, 98629, 0.203, 167682.0, 0.345, -19042, -0.039, 72055.5, 0.148
'MAFFT_b0#0089_htH_tree_3_OP_2.728084439580989_Split_89.fasta', 30762.0, 0.063, 30849, 0.063, 4497, 0.009, 98699, 0.203, 167250.0, 0.344, -19075, -0.039, 71843.5, 0.148
'MAFFT_b0#0089_htT_tree_3_OP_2.728084439580989_Split_89.fasta', 30762.0, 0.063, 30849, 0.063, 4497, 0.009, 98699, 0.203, 167250.0, 0.344, -19075, -0.039, 71843.5, 0.148
'MAFFT_b0#0091_hhH_tree_58_OP_2.470758940826272_Split_91.fasta', 32076.0, 0.069, 27756, 0.06, 5385, 0.012, 102257, 0.221, 174108.0, 0.376, -15918, -0.034, 74751.5, 0.161
'MAFFT_b0#0091_htH_tree_58_OP_2.470758940826272_Split_91.fasta', 32076.0, 0.069, 27756, 0.06, 5385, 0.012, 102257, 0.221, 174108.0, 0.376, -15918, -0.034, 74751.5, 0.161
'MAFFT_b0#0091_thH_tree_58_OP_2.470758940826272_Split_91.fasta', 31934.0, 0.069, 27911, 0.061, 5270, 0.011, 102231, 0.222, 173475.0, 0.377, -16152, -0.035, 74587.5, 0.162
'MAFFT_b0#0091_thT_tree_58_OP_2.470758940826272_Split_91.fasta', 31934.0, 0.069, 27911, 0.061, 5270, 0.011, 102231, 0.222, 173475.0, 0.377, -16152, -0.035, 74587.5, 0.162
'MAFFT_b0#0092_hhH_tree_42_OP_1.3915835484150982_Split_92.fasta', 32851.0, 0.069, 27659, 0.058, 5547, 0.012, 100901, 0.212, 178303.0, 0.374, -14392, -0.03, 80178.5, 0.168
'MAFFT_b0#0092_htH_tree_42_OP_1.3915835484150982_Split_92.fasta', 32812.0, 0.069, 27550, 0.058, 5730, 0.012, 101197, 0.212, 178134.0, 0.373, -14290, -0.03, 78865.5, 0.165
'MAFFT_b0#0092_thH_tree_42_OP_1.3915835484150982_Split_92.fasta', 32854.0, 0.069, 27661, 0.058, 5545, 0.012, 100891, 0.212, 178317.0, 0.374, -14404, -0.03, 80197.5, 0.168
'MAFFT_b0#0092_thT_tree_42_OP_1.3915835484150982_Split_92.fasta', 32854.0, 0.069, 27661, 0.058, 5545, 0.012, 100891, 0.212, 178317.0, 0.374, -14404, -0.03, 80197.5, 0.168
'MAFFT_b0#0093_hhH_tree_50_OP_1.9153041649578615_Split_93.fasta', 29225.0, 0.058, 28636, 0.056, 5216, 0.01, 106199, 0.209, 159334.0, 0.314, -15863, -0.031, 59075.5, 0.116
'MAFFT_b0#0093_htH_tree_49_OP_1.2895147288295243_Split_93.fasta', 32116.0, 0.066, 27595, 0.057, 6709, 0.014, 102499, 0.212, 175107.0, 0.362, -12822, -0.026, 70781.5, 0.146
'MAFFT_b0#0093_htH_tree_50_OP_1.9153041649578615_Split_93.fasta', 30098.0, 0.061, 28137, 0.057, 5111, 0.01, 105451, 0.212, 164141.0, 0.33, -14728, -0.03, 66021.5, 0.133
'MAFFT_b0#0093_htT_tree_50_OP_1.9153041649578615_Split_93.fasta', 30098.0, 0.061, 28137, 0.057, 5111, 0.01, 105451, 0.212, 164141.0, 0.33, -14728, -0.03, 66021.5, 0.133
'MAFFT_b0#0093_thH_tree_49_OP_1.2895147288295243_Split_93.fasta', 31846.0, 0.066, 28107, 0.058, 6665, 0.014, 102015, 0.21, 173966.0, 0.359, -13049, -0.027, 69919.5, 0.144
'MAFFT_b0#0093_thT_tree_49_OP_1.2895147288295243_Split_93.fasta', 31846.0, 0.066, 28107, 0.058, 6665, 0.014, 102015, 0.21, 173966.0, 0.359, -13049, -0.027, 69919.5, 0.144
'MAFFT_b0#0093_ttT_tree_49_OP_1.2895147288295243_Split_93.fasta', 31845.0, 0.066, 28098, 0.058, 6665, 0.014, 102035, 0.21, 173960.0, 0.359, -13145, -0.027, 69807.5, 0.144
'MAFFT_b0#0093_ttT_tree_50_OP_1.9153041649578615_Split_93.fasta', 29999.0, 0.062, 28603, 0.059, 5073, 0.01, 104717, 0.215, 163398.0, 0.335, -15311, -0.031, 65290.5, 0.134
'MAFFT_b0#0094_hhH_tree_61_OP_2.233368308529553_Split_94.fasta', 32915.0, 0.068, 28276, 0.059, 4951, 0.01, 99539, 0.206, 179052.0, 0.371, -14727, -0.031, 84849.5, 0.176
'MAFFT_b0#0094_hhT_tree_63_OP_2.7597843575557506_Split_94.fasta', 32116.0, 0.069, 27509, 0.059, 5157, 0.011, 102671, 0.219, 174126.0, 0.372, -15694, -0.034, 76154.5, 0.163
'MAFFT_b0#0094_htT_tree_63_OP_2.7597843575557506_Split_94.fasta', 32093.0, 0.068, 27782, 0.059, 4631, 0.01, 102171, 0.218, 174094.0, 0.371, -16100, -0.034, 79122.5, 0.169
'MAFFT_b0#0094_thH_tree_61_OP_2.233368308529553_Split_94.fasta', 32913.0, 0.068, 28271, 0.059, 4950, 0.01, 99553, 0.206, 179040.0, 0.371, -14807, -0.031, 84756.5, 0.176
'MAFFT_b0#0094_thH_tree_63_OP_2.7597843575557506_Split_94.fasta', 32185.0, 0.069, 27443, 0.059, 5154, 0.011, 102665, 0.219, 174471.0, 0.373, -15619, -0.033, 76595.5, 0.164
'MAFFT_b0#0094_thT_tree_61_OP_2.233368308529553_Split_94.fasta', 32913.0, 0.068, 28271, 0.059, 4950, 0.01, 99553, 0.206, 179040.0, 0.371, -14807, -0.031, 84756.5, 0.176
'MAFFT_b0#0094_thT_tree_63_OP_2.7597843575557506_Split_94.fasta', 32185.0, 0.069, 27443, 0.059, 5154, 0.011, 102665, 0.219, 174471.0, 0.373, -15619, -0.033, 76595.5, 0.164
'MAFFT_b0#0094_ttH_tree_61_OP_2.233368308529553_Split_94.fasta', 32874.0, 0.07, 28775, 0.061, 4825, 0.01, 98623, 0.209, 178471.0, 0.377, -15429, -0.033, 84780.5, 0.179
'MAFFT_b0#0095_hhH_tree_36_OP_1.861931102167887_Split_95.fasta', 31046.0, 0.059, 28208, 0.054, 4923, 0.009, 103413, 0.198, 168639.0, 0.322, -15646, -0.03, 71748.5, 0.137
'MAFFT_b0#0095_hhT_tree_25_OP_1.0509666088927379_Split_95.fasta', 31287.0, 0.059, 27550, 0.052, 7668, 0.015, 104247, 0.198, 170180.0, 0.323, -12575, -0.024, 59473.5, 0.113
'MAFFT_b0#0095_hhT_tree_36_OP_1.861931102167887_Split_95.fasta', 31046.0, 0.059, 28208, 0.054, 4923, 0.009, 103413, 0.198, 168639.0, 0.322, -15646, -0.03, 71748.5, 0.137
'MAFFT_b0#0095_htT_tree_25_OP_1.0509666088927379_Split_95.fasta', 31287.0, 0.059, 27550, 0.052, 7668, 0.015, 104247, 0.198, 170180.0, 0.323, -12575, -0.024, 59473.5, 0.113
'MAFFT_b0#0095_htT_tree_36_OP_1.861931102167887_Split_95.fasta', 31046.0, 0.059, 28208, 0.054, 4923, 0.009, 103413, 0.198, 168639.0, 0.322, -15646, -0.03, 71748.5, 0.137
'MAFFT_b0#0095_thT_tree_25_OP_1.0509666088927379_Split_95.fasta', 31277.0, 0.059, 27575, 0.052, 7752, 0.015, 104217, 0.198, 170200.0, 0.323, -13033, -0.025, 58546.5, 0.111
'MAFFT_b0#0095_thT_tree_36_OP_1.861931102167887_Split_95.fasta', 31050.0, 0.059, 28204, 0.054, 4925, 0.009, 103413, 0.197, 168657.0, 0.322, -15685, -0.03, 71715.5, 0.137
'MAFFT_b0#0095_ttH_tree_25_OP_1.0509666088927379_Split_95.fasta', 31277.0, 0.059, 27575, 0.052, 7752, 0.015, 104217, 0.198, 170200.0, 0.323, -13033, -0.025, 58546.5, 0.111
'MAFFT_b1#0001_hhH_tree_41_OP_1.752396225471006_Split_1.fasta', 28862.0, 0.058, 32547, 0.065, 5992, 0.012, 99103, 0.198, 156457.0, 0.313, -22576, -0.045, 48377.5, 0.097
'MAFFT_b1#0001_hhH_tree_68_OP_2.7543395888868245_Split_1.fasta', 29428.0, 0.064, 31266, 0.068, 5097, 0.011, 100533, 0.219, 159395.0, 0.348, -20835, -0.045, 57711.5, 0.126
'MAFFT_b1#0001_hhT_tree_41_OP_1.752396225471006_Split_1.fasta', 28862.0, 0.058, 32547, 0.065, 5992, 0.012, 99103, 0.198, 156457.0, 0.313, -22576, -0.045, 48377.5, 0.097
'MAFFT_b1#0001_hhT_tree_68_OP_2.7543395888868245_Split_1.fasta', 29428.0, 0.064, 31266, 0.068, 5097, 0.011, 100533, 0.219, 159395.0, 0.348, -20835, -0.045, 57711.5, 0.126
'MAFFT_b1#0001_htH_tree_41_OP_1.752396225471006_Split_1.fasta', 28781.0, 0.057, 32690, 0.065, 5679, 0.011, 98979, 0.197, 156077.0, 0.311, -22637, -0.045, 49876.5, 0.099
'MAFFT_b1#0001_htH_tree_68_OP_2.7543395888868245_Split_1.fasta', 29452.0, 0.064, 31706, 0.069, 4659, 0.01, 99605, 0.216, 159511.0, 0.346, -21133, -0.046, 60621.5, 0.132
'MAFFT_b1#0001_htT_tree_41_OP_1.752396225471006_Split_1.fasta', 28781.0, 0.057, 32690, 0.065, 5679, 0.011, 98979, 0.197, 156077.0, 0.311, -22637, -0.045, 49876.5, 0.099
'MAFFT_b1#0001_htT_tree_68_OP_2.7543395888868245_Split_1.fasta', 29452.0, 0.064, 31706, 0.069, 4659, 0.01, 99605, 0.216, 159511.0, 0.346, -21133, -0.046, 60621.5, 0.132
'MAFFT_b1#0003_hhH_tree_7_OP_2.423506546963713_Split_3.fasta', 32802.0, 0.073, 27692, 0.062, 5739, 0.013, 100933, 0.226, 178375.0, 0.399, -14538, -0.033, 78936.5, 0.177
'MAFFT_b1#0003_hhT_tree_7_OP_2.423506546963713_Split_3.fasta', 32802.0, 0.073, 27692, 0.062, 5739, 0.013, 100933, 0.226, 178375.0, 0.399, -14538, -0.033, 78936.5, 0.177
'MAFFT_b1#0003_htH_tree_7_OP_2.423506546963713_Split_3.fasta', 32627.0, 0.073, 28004, 0.062, 5218, 0.012, 100659, 0.225, 177574.0, 0.396, -14913, -0.033, 81023.5, 0.181
'MAFFT_b1#0003_htT_tree_7_OP_2.423506546963713_Split_3.fasta', 32627.0, 0.073, 28004, 0.062, 5218, 0.012, 100659, 0.225, 177574.0, 0.396, -14913, -0.033, 81023.5, 0.181
'MAFFT_b1#0006_hhH_tree_12_OP_2.973153388725351_Split_6.fasta', 31740.0, 0.068, 28311, 0.061, 4901, 0.01, 101819, 0.218, 172478.0, 0.369, -16340, -0.035, 75822.5, 0.162
'MAFFT_b1#0006_hhH_tree_82_OP_2.6007870123262946_Split_6.fasta', 32784.0, 0.07, 27973, 0.06, 4865, 0.01, 100407, 0.215, 177474.0, 0.379, -15442, -0.033, 82638.5, 0.177
'MAFFT_b1#0006_hhT_tree_12_OP_2.973153388725351_Split_6.fasta', 31740.0, 0.068, 28311, 0.061, 4901, 0.01, 101819, 0.218, 172478.0, 0.369, -16340, -0.035, 75822.5, 0.162
'MAFFT_b1#0006_hhT_tree_82_OP_2.6007870123262946_Split_6.fasta', 32784.0, 0.07, 27973, 0.06, 4865, 0.01, 100407, 0.215, 177474.0, 0.379, -15442, -0.033, 82638.5, 0.177
'MAFFT_b1#0006_htH_tree_12_OP_2.973153388725351_Split_6.fasta', 31778.0, 0.068, 28276, 0.06, 4904, 0.01, 101813, 0.218, 172701.0, 0.369, -16276, -0.035, 76094.5, 0.163
'MAFFT_b1#0006_htH_tree_82_OP_2.6007870123262946_Split_6.fasta', 32209.0, 0.069, 28620, 0.061, 4943, 0.011, 100263, 0.214, 174658.0, 0.373, -16404, -0.035, 78464.5, 0.168
'MAFFT_b1#0006_htT_tree_12_OP_2.973153388725351_Split_6.fasta', 31778.0, 0.068, 28276, 0.06, 4904, 0.01, 101813, 0.218, 172701.0, 0.369, -16276, -0.035, 76094.5, 0.163
'MAFFT_b1#0006_htT_tree_82_OP_2.6007870123262946_Split_6.fasta', 32209.0, 0.069, 28620, 0.061, 4943, 0.011, 100263, 0.214, 174658.0, 0.373, -16404, -0.035, 78464.5, 0.168
'MAFFT_b1#0007_hhH_tree_40_OP_1.431276692692299_Split_7.fasta', 32262.0, 0.066, 28298, 0.058, 5713, 0.012, 100801, 0.205, 176001.0, 0.358, -14728, -0.03, 76594.5, 0.156
'MAFFT_b1#0007_hhT_tree_40_OP_1.431276692692299_Split_7.fasta', 32262.0, 0.066, 28298, 0.058, 5713, 0.012, 100801, 0.205, 176001.0, 0.358, -14728, -0.03, 76594.5, 0.156
'MAFFT_b1#0007_htH_tree_40_OP_1.431276692692299_Split_7.fasta', 32314.0, 0.066, 28317, 0.058, 5728, 0.012, 100659, 0.204, 176259.0, 0.358, -14823, -0.03, 76738.5, 0.156
'MAFFT_b1#0007_htT_tree_40_OP_1.431276692692299_Split_7.fasta', 32314.0, 0.066, 28317, 0.058, 5728, 0.012, 100659, 0.204, 176259.0, 0.358, -14823, -0.03, 76738.5, 0.156
'MAFFT_b1#0008_hhH_tree_29_OP_1.1774471868850718_Split_8.fasta', 31819.0, 0.063, 28236, 0.056, 6476, 0.013, 101811, 0.201, 173435.0, 0.343, -13304, -0.026, 70369.5, 0.139
'MAFFT_b1#0008_hhT_tree_29_OP_1.1774471868850718_Split_8.fasta', 31819.0, 0.063, 28236, 0.056, 6476, 0.013, 101811, 0.201, 173435.0, 0.343, -13304, -0.026, 70369.5, 0.139
'MAFFT_b1#0008_htH_tree_29_OP_1.1774471868850718_Split_8.fasta', 31821.0, 0.063, 28234, 0.056, 6476, 0.013, 101811, 0.201, 173445.0, 0.343, -13322, -0.026, 70361.5, 0.139
'MAFFT_b1#0008_htT_tree_29_OP_1.1774471868850718_Split_8.fasta', 31821.0, 0.063, 28234, 0.056, 6476, 0.013, 101811, 0.201, 173445.0, 0.343, -13322, -0.026, 70361.5, 0.139
'MAFFT_b1#0010_hhH_tree_48_OP_1.0349214069593133_Split_10.fasta', 32148.0, 0.065, 27180, 0.055, 7121, 0.014, 103265, 0.21, 173967.0, 0.354, -12752, -0.026, 66856.5, 0.136
'MAFFT_b1#0010_hhH_tree_51_OP_1.018044877173671_Split_10.fasta', 32972.0, 0.064, 26927, 0.052, 7426, 0.014, 102123, 0.198, 179606.0, 0.349, -12566, -0.024, 71422.5, 0.139
'MAFFT_b1#0010_hhT_tree_48_OP_1.0349214069593133_Split_10.fasta', 32148.0, 0.065, 27180, 0.055, 7121, 0.014, 103265, 0.21, 173967.0, 0.354, -12752, -0.026, 66856.5, 0.136
'MAFFT_b1#0010_hhT_tree_51_OP_1.018044877173671_Split_10.fasta', 32972.0, 0.064, 26927, 0.052, 7426, 0.014, 102123, 0.198, 179606.0, 0.349, -12566, -0.024, 71422.5, 0.139
'MAFFT_b1#0010_htH_tree_48_OP_1.0349214069593133_Split_10.fasta', 31349.0, 0.061, 27307, 0.053, 7145, 0.014, 104609, 0.205, 170231.0, 0.333, -13374, -0.026, 61682.5, 0.121
'MAFFT_b1#0010_htH_tree_51_OP_1.018044877173671_Split_10.fasta', 32973.0, 0.064, 26932, 0.052, 7825, 0.015, 102111, 0.199, 179790.0, 0.35, -12272, -0.024, 69512.5, 0.135
'MAFFT_b1#0010_htT_tree_48_OP_1.0349214069593133_Split_10.fasta', 31349.0, 0.061, 27307, 0.053, 7145, 0.014, 104609, 0.205, 170231.0, 0.333, -13374, -0.026, 61682.5, 0.121
'MAFFT_b1#0010_htT_tree_51_OP_1.018044877173671_Split_10.fasta', 32973.0, 0.064, 26932, 0.052, 7825, 0.015, 102111, 0.199, 179790.0, 0.35, -12272, -0.024, 69512.5, 0.135
'MAFFT_b1#0011_hhH_tree_84_OP_2.680201119072135_Split_11.fasta', 30265.0, 0.064, 28096, 0.059, 5434, 0.011, 105199, 0.222, 164816.0, 0.349, -16683, -0.035, 62929.5, 0.133
'MAFFT_b1#0011_hhT_tree_84_OP_2.680201119072135_Split_11.fasta', 30265.0, 0.064, 28096, 0.059, 5434, 0.011, 105199, 0.222, 164816.0, 0.349, -16683, -0.035, 62929.5, 0.133
'MAFFT_b1#0011_htH_tree_84_OP_2.680201119072135_Split_11.fasta', 30188.0, 0.065, 28872, 0.062, 5017, 0.011, 103801, 0.224, 164343.0, 0.354, -17183, -0.037, 65157.5, 0.14
'MAFFT_b1#0011_htT_tree_84_OP_2.680201119072135_Split_11.fasta', 30188.0, 0.065, 28872, 0.062, 5017, 0.011, 103801, 0.224, 164343.0, 0.354, -17183, -0.037, 65157.5, 0.14
'MAFFT_b1#0012_hhH_tree_62_OP_2.4330105528955412_Split_12.fasta', 31043.0, 0.06, 27646, 0.053, 5029, 0.01, 104543, 0.201, 168718.0, 0.325, -15836, -0.03, 70436.5, 0.136
'MAFFT_b1#0012_hhT_tree_62_OP_2.4330105528955412_Split_12.fasta', 31043.0, 0.06, 27646, 0.053, 5029, 0.01, 104543, 0.201, 168718.0, 0.325, -15836, -0.03, 70436.5, 0.136
'MAFFT_b1#0012_htH_tree_62_OP_2.4330105528955412_Split_12.fasta', 30831.0, 0.059, 27860, 0.054, 5051, 0.01, 104539, 0.201, 167699.0, 0.323, -15937, -0.031, 69186.5, 0.133
'MAFFT_b1#0012_htT_tree_62_OP_2.4330105528955412_Split_12.fasta', 30831.0, 0.059, 27860, 0.054, 5051, 0.01, 104539, 0.201, 167699.0, 0.323, -15937, -0.031, 69186.5, 0.133
'MAFFT_b1#0014_hhH_tree_44_OP_2.639288724484837_Split_14.fasta', 32164.0, 0.071, 28663, 0.063, 4758, 0.011, 100267, 0.222, 174266.0, 0.386, -16768, -0.037, 78816.5, 0.174
'MAFFT_b1#0014_hhH_tree_67_OP_1.9260663748429023_Split_14.fasta', 32167.0, 0.066, 28446, 0.059, 5268, 0.011, 100695, 0.208, 174436.0, 0.36, -15116, -0.031, 77364.5, 0.16
'MAFFT_b1#0014_hhT_tree_44_OP_2.639288724484837_Split_14.fasta', 32164.0, 0.071, 28663, 0.063, 4758, 0.011, 100267, 0.222, 174266.0, 0.386, -16768, -0.037, 78816.5, 0.174
'MAFFT_b1#0014_hhT_tree_67_OP_1.9260663748429023_Split_14.fasta', 32167.0, 0.066, 28446, 0.059, 5268, 0.011, 100695, 0.208, 174436.0, 0.36, -15116, -0.031, 77364.5, 0.16
'MAFFT_b1#0014_htH_tree_44_OP_2.639288724484837_Split_14.fasta', 32236.0, 0.071, 28594, 0.063, 4758, 0.011, 100261, 0.222, 174626.0, 0.386, -16693, -0.037, 79254.5, 0.175
'MAFFT_b1#0014_htH_tree_67_OP_1.9260663748429023_Split_14.fasta', 32055.0, 0.067, 28610, 0.06, 5244, 0.011, 100591, 0.212, 173704.0, 0.365, -15768, -0.033, 76176.5, 0.16
'MAFFT_b1#0014_htT_tree_44_OP_2.639288724484837_Split_14.fasta', 32236.0, 0.071, 28594, 0.063, 4758, 0.011, 100261, 0.222, 174626.0, 0.386, -16693, -0.037, 79254.5, 0.175
'MAFFT_b1#0014_htT_tree_67_OP_1.9260663748429023_Split_14.fasta', 32055.0, 0.067, 28610, 0.06, 5244, 0.011, 100591, 0.212, 173704.0, 0.365, -15768, -0.033, 76176.5, 0.16
'MAFFT_b1#0016_hhH_tree_33_OP_2.3139125348148384_Split_16.fasta', 31019.0, 0.066, 29337, 0.063, 5416, 0.012, 101209, 0.216, 168524.0, 0.359, -17364, -0.037, 68059.5, 0.145
'MAFFT_b1#0016_hhT_tree_33_OP_2.3139125348148384_Split_16.fasta', 31019.0, 0.066, 29337, 0.063, 5416, 0.012, 101209, 0.216, 168524.0, 0.359, -17364, -0.037, 68059.5, 0.145
'MAFFT_b1#0016_htH_tree_33_OP_2.3139125348148384_Split_16.fasta', 31032.0, 0.066, 29320, 0.062, 5419, 0.012, 101217, 0.216, 168648.0, 0.359, -17482, -0.037, 68043.5, 0.145
'MAFFT_b1#0016_htT_tree_33_OP_2.3139125348148384_Split_16.fasta', 31032.0, 0.066, 29320, 0.062, 5419, 0.012, 101217, 0.216, 168648.0, 0.359, -17482, -0.037, 68043.5, 0.145
'MAFFT_b1#0017_hhH_tree_45_OP_2.295265953595705_Split_17.fasta', 30106.0, 0.058, 27105, 0.052, 5226, 0.01, 107499, 0.206, 163930.0, 0.315, -13985, -0.027, 64839.5, 0.125
'MAFFT_b1#0017_hhH_tree_90_OP_2.1610607075340664_Split_17.fasta', 32667.0, 0.064, 28742, 0.056, 4923, 0.01, 99103, 0.194, 177709.0, 0.348, -15527, -0.03, 83092.5, 0.163
'MAFFT_b1#0017_hhT_tree_45_OP_2.295265953595705_Split_17.fasta', 30106.0, 0.058, 27105, 0.052, 5226, 0.01, 107499, 0.206, 163930.0, 0.315, -13985, -0.027, 64839.5, 0.125
'MAFFT_b1#0017_hhT_tree_90_OP_2.1610607075340664_Split_17.fasta', 32667.0, 0.064, 28742, 0.056, 4923, 0.01, 99103, 0.194, 177709.0, 0.348, -15527, -0.03, 83092.5, 0.163
'MAFFT_b1#0017_htH_tree_45_OP_2.295265953595705_Split_17.fasta', 30107.0, 0.058, 26890, 0.052, 5336, 0.01, 107927, 0.208, 163972.0, 0.316, -14162, -0.027, 63830.5, 0.123
'MAFFT_b1#0017_htH_tree_90_OP_2.1610607075340664_Split_17.fasta', 32560.0, 0.066, 28854, 0.058, 4978, 0.01, 99093, 0.2, 177299.0, 0.357, -15703, -0.032, 82181.5, 0.166
'MAFFT_b1#0017_htT_tree_45_OP_2.295265953595705_Split_17.fasta', 30107.0, 0.058, 26890, 0.052, 5336, 0.01, 107927, 0.208, 163972.0, 0.316, -14162, -0.027, 63830.5, 0.123
'MAFFT_b1#0017_htT_tree_90_OP_2.1610607075340664_Split_17.fasta', 32560.0, 0.066, 28854, 0.058, 4978, 0.01, 99093, 0.2, 177299.0, 0.357, -15703, -0.032, 82181.5, 0.166
'MAFFT_b1#0019_hhH_tree_54_OP_1.6636194832224898_Split_19.fasta', 31934.0, 0.066, 27273, 0.057, 5835, 0.012, 103507, 0.214, 173706.0, 0.36, -14448, -0.03, 72494.5, 0.15
'MAFFT_b1#0019_hhH_tree_94_OP_2.5553791369687318_Split_19.fasta', 31544.0, 0.063, 27217, 0.054, 4846, 0.01, 104399, 0.207, 171260.0, 0.339, -15674, -0.031, 74310.5, 0.147
'MAFFT_b1#0019_hhT_tree_54_OP_1.6636194832224898_Split_19.fasta', 31934.0, 0.066, 27273, 0.057, 5835, 0.012, 103507, 0.214, 173706.0, 0.36, -14448, -0.03, 72494.5, 0.15
'MAFFT_b1#0019_hhT_tree_94_OP_2.5553791369687318_Split_19.fasta', 31544.0, 0.063, 27217, 0.054, 4846, 0.01, 104399, 0.207, 171260.0, 0.339, -15674, -0.031, 74310.5, 0.147
'MAFFT_b1#0019_htH_tree_54_OP_1.6636194832224898_Split_19.fasta', 31931.0, 0.066, 27275, 0.057, 5839, 0.012, 103509, 0.214, 173680.0, 0.36, -14478, -0.03, 72413.5, 0.15
'MAFFT_b1#0019_htH_tree_94_OP_2.5553791369687318_Split_19.fasta', 31613.0, 0.063, 27154, 0.054, 4855, 0.01, 104387, 0.207, 171605.0, 0.34, -15605, -0.031, 74676.5, 0.148
'MAFFT_b1#0019_htT_tree_54_OP_1.6636194832224898_Split_19.fasta', 31931.0, 0.066, 27275, 0.057, 5839, 0.012, 103509, 0.214, 173680.0, 0.36, -14478, -0.03, 72413.5, 0.15
'MAFFT_b1#0019_htT_tree_94_OP_2.5553791369687318_Split_19.fasta', 31613.0, 0.063, 27154, 0.054, 4855, 0.01, 104387, 0.207, 171605.0, 0.34, -15605, -0.031, 74676.5, 0.148
'MAFFT_b1#0022_hhH_tree_39_OP_1.522040361295851_Split_22.fasta', 32447.0, 0.067, 28343, 0.059, 5491, 0.011, 100341, 0.207, 176313.0, 0.364, -15415, -0.032, 77781.5, 0.161
'MAFFT_b1#0022_hhH_tree_64_OP_2.935413362566628_Split_22.fasta', 31761.0, 0.071, 28606, 0.064, 4590, 0.01, 101187, 0.226, 172580.0, 0.386, -16707, -0.037, 77739.5, 0.174
'MAFFT_b1#0022_hhT_tree_39_OP_1.522040361295851_Split_22.fasta', 32447.0, 0.067, 28343, 0.059, 5491, 0.011, 100341, 0.207, 176313.0, 0.364, -15415, -0.032, 77781.5, 0.161
'MAFFT_b1#0022_hhT_tree_64_OP_2.935413362566628_Split_22.fasta', 31761.0, 0.071, 28606, 0.064, 4590, 0.01, 101187, 0.226, 172580.0, 0.386, -16707, -0.037, 77739.5, 0.174
'MAFFT_b1#0022_htH_tree_39_OP_1.522040361295851_Split_22.fasta', 32320.0, 0.067, 28355, 0.059, 5642, 0.012, 100571, 0.208, 175657.0, 0.363, -15293, -0.032, 76226.5, 0.158
'MAFFT_b1#0022_htH_tree_64_OP_2.935413362566628_Split_22.fasta', 31834.0, 0.071, 28526, 0.064, 4589, 0.01, 101201, 0.226, 172946.0, 0.387, -16628, -0.037, 78183.5, 0.175
'MAFFT_b1#0022_htT_tree_39_OP_1.522040361295851_Split_22.fasta', 32320.0, 0.067, 28355, 0.059, 5642, 0.012, 100571, 0.208, 175657.0, 0.363, -15293, -0.032, 76226.5, 0.158
'MAFFT_b1#0022_htT_tree_64_OP_2.935413362566628_Split_22.fasta', 31834.0, 0.071, 28526, 0.064, 4589, 0.01, 101201, 0.226, 172946.0, 0.387, -16628, -0.037, 78183.5, 0.175
'MAFFT_b1#0024_hhH_tree_34_OP_2.407510533391993_Split_24.fasta', 30815.0, 0.06, 27919, 0.054, 5199, 0.01, 104453, 0.203, 166984.0, 0.324, -15905, -0.031, 67658.5, 0.131
'MAFFT_b1#0024_hhT_tree_34_OP_2.407510533391993_Split_24.fasta', 30815.0, 0.06, 27919, 0.054, 5199, 0.01, 104453, 0.203, 166984.0, 0.324, -15905, -0.031, 67658.5, 0.131
'MAFFT_b1#0024_htH_tree_34_OP_2.407510533391993_Split_24.fasta', 30865.0, 0.061, 27753, 0.055, 5139, 0.01, 104685, 0.207, 167372.0, 0.332, -16110, -0.032, 68085.5, 0.135
'MAFFT_b1#0024_htT_tree_34_OP_2.407510533391993_Split_24.fasta', 30865.0, 0.061, 27753, 0.055, 5139, 0.01, 104685, 0.207, 167372.0, 0.332, -16110, -0.032, 68085.5, 0.135
'MAFFT_b1#0025_hhH_tree_59_OP_2.170731131311491_Split_25.fasta', 31757.0, 0.067, 28057, 0.059, 5327, 0.011, 102293, 0.216, 172239.0, 0.364, -16058, -0.034, 73072.5, 0.155
'MAFFT_b1#0025_hhH_tree_85_OP_2.480824599307775_Split_25.fasta', 31676.0, 0.065, 29727, 0.061, 4938, 0.01, 99115, 0.203, 172097.0, 0.352, -18345, -0.038, 74566.5, 0.153
'MAFFT_b1#0025_hhT_tree_59_OP_2.170731131311491_Split_25.fasta', 31757.0, 0.067, 28057, 0.059, 5327, 0.011, 102293, 0.216, 172239.0, 0.364, -16058, -0.034, 73072.5, 0.155
'MAFFT_b1#0025_hhT_tree_85_OP_2.480824599307775_Split_25.fasta', 31676.0, 0.065, 29727, 0.061, 4938, 0.01, 99115, 0.203, 172097.0, 0.352, -18345, -0.038, 74566.5, 0.153
'MAFFT_b1#0025_htH_tree_59_OP_2.170731131311491_Split_25.fasta', 31669.0, 0.069, 28416, 0.062, 5302, 0.011, 101751, 0.22, 171642.0, 0.372, -16376, -0.035, 72578.5, 0.157
'MAFFT_b1#0025_htH_tree_85_OP_2.480824599307775_Split_25.fasta', 31693.0, 0.065, 29705, 0.06, 4888, 0.01, 99125, 0.202, 172181.0, 0.351, -18312, -0.037, 74978.5, 0.153
'MAFFT_b1#0025_htT_tree_59_OP_2.170731131311491_Split_25.fasta', 31669.0, 0.069, 28416, 0.062, 5302, 0.011, 101751, 0.22, 171642.0, 0.372, -16376, -0.035, 72578.5, 0.157
'MAFFT_b1#0025_htT_tree_85_OP_2.480824599307775_Split_25.fasta', 31693.0, 0.065, 29705, 0.06, 4888, 0.01, 99125, 0.202, 172181.0, 0.351, -18312, -0.037, 74978.5, 0.153
'MAFFT_b1#0026_hhH_tree_21_OP_2.1310205653910055_Split_26.fasta', 31135.0, 0.066, 28295, 0.06, 5062, 0.011, 103061, 0.218, 167309.0, 0.354, -15978, -0.034, 69428.5, 0.147
'MAFFT_b1#0026_hhH_tree_80_OP_2.5217903856188704_Split_26.fasta', 31165.0, 0.067, 29384, 0.063, 4977, 0.011, 100823, 0.215, 169255.0, 0.362, -17113, -0.037, 71868.5, 0.154
'MAFFT_b1#0026_hhT_tree_21_OP_2.1310205653910055_Split_26.fasta', 31135.0, 0.066, 28295, 0.06, 5062, 0.011, 103061, 0.218, 167309.0, 0.354, -15978, -0.034, 69428.5, 0.147
'MAFFT_b1#0026_hhT_tree_80_OP_2.5217903856188704_Split_26.fasta', 31165.0, 0.067, 29384, 0.063, 4977, 0.011, 100823, 0.215, 169255.0, 0.362, -17113, -0.037, 71868.5, 0.154
'MAFFT_b1#0026_htH_tree_21_OP_2.1310205653910055_Split_26.fasta', 31151.0, 0.066, 28395, 0.06, 4931, 0.01, 102829, 0.216, 167416.0, 0.352, -16013, -0.034, 70402.5, 0.148
'MAFFT_b1#0026_htH_tree_80_OP_2.5217903856188704_Split_26.fasta', 31216.0, 0.067, 29329, 0.063, 4977, 0.011, 100831, 0.215, 169531.0, 0.362, -17045, -0.036, 72208.5, 0.154
'MAFFT_b1#0026_htT_tree_21_OP_2.1310205653910055_Split_26.fasta', 31151.0, 0.066, 28395, 0.06, 4931, 0.01, 102829, 0.216, 167416.0, 0.352, -16013, -0.034, 70402.5, 0.148
'MAFFT_b1#0026_htT_tree_80_OP_2.5217903856188704_Split_26.fasta', 31216.0, 0.067, 29329, 0.063, 4977, 0.011, 100831, 0.215, 169531.0, 0.362, -17045, -0.036, 72208.5, 0.154
'MAFFT_b1#0027_hhH_tree_10_OP_1.9679388553310329_Split_27.fasta', 31421.0, 0.066, 28569, 0.06, 5407, 0.011, 101941, 0.215, 170892.0, 0.36, -16475, -0.035, 71004.5, 0.15
'MAFFT_b1#0027_hhT_tree_10_OP_1.9679388553310329_Split_27.fasta', 31421.0, 0.066, 28569, 0.06, 5407, 0.011, 101941, 0.215, 170892.0, 0.36, -16475, -0.035, 71004.5, 0.15
'MAFFT_b1#0027_htH_tree_10_OP_1.9679388553310329_Split_27.fasta', 31398.0, 0.066, 28586, 0.06, 5411, 0.011, 101953, 0.215, 170777.0, 0.36, -16444, -0.035, 70890.5, 0.15
'MAFFT_b1#0027_htT_tree_10_OP_1.9679388553310329_Split_27.fasta', 31398.0, 0.066, 28586, 0.06, 5411, 0.011, 101953, 0.215, 170777.0, 0.36, -16444, -0.035, 70890.5, 0.15
'MAFFT_b1#0028_hhH_tree_66_OP_2.9673947251158412_Split_28.fasta', 31212.0, 0.065, 28782, 0.06, 5030, 0.011, 101933, 0.214, 169616.0, 0.356, -16734, -0.035, 71735.5, 0.151
'MAFFT_b1#0028_hhT_tree_66_OP_2.9673947251158412_Split_28.fasta', 31212.0, 0.065, 28782, 0.06, 5030, 0.011, 101933, 0.214, 169616.0, 0.356, -16734, -0.035, 71735.5, 0.151
'MAFFT_b1#0028_htH_tree_66_OP_2.9673947251158412_Split_28.fasta', 31212.0, 0.066, 28477, 0.06, 5115, 0.011, 102543, 0.216, 169682.0, 0.358, -16673, -0.035, 71047.5, 0.15
'MAFFT_b1#0028_htT_tree_66_OP_2.9673947251158412_Split_28.fasta', 31212.0, 0.066, 28477, 0.06, 5115, 0.011, 102543, 0.216, 169682.0, 0.358, -16673, -0.035, 71047.5, 0.15
'MAFFT_b1#0029_hhH_tree_27_OP_1.6859321025856457_Split_29.fasta', 32191.0, 0.068, 29853, 0.063, 5866, 0.012, 97833, 0.208, 175470.0, 0.373, -15914, -0.034, 75443.5, 0.16
'MAFFT_b1#0029_hhT_tree_27_OP_1.6859321025856457_Split_29.fasta', 32191.0, 0.068, 29853, 0.063, 5866, 0.012, 97833, 0.208, 175470.0, 0.373, -15914, -0.034, 75443.5, 0.16
'MAFFT_b1#0029_htH_tree_27_OP_1.6859321025856457_Split_29.fasta', 32205.0, 0.064, 29830, 0.059, 5832, 0.012, 97851, 0.193, 175465.0, 0.347, -16246, -0.032, 75301.5, 0.149
'MAFFT_b1#0029_htT_tree_27_OP_1.6859321025856457_Split_29.fasta', 32205.0, 0.064, 29830, 0.059, 5832, 0.012, 97851, 0.193, 175465.0, 0.347, -16246, -0.032, 75301.5, 0.149
'MAFFT_b1#0031_hhH_tree_23_OP_2.940403370408288_Split_31.fasta', 30999.0, 0.067, 32226, 0.069, 5127, 0.011, 95471, 0.205, 168016.0, 0.361, -20471, -0.044, 69047.5, 0.148
'MAFFT_b1#0031_hhH_tree_78_OP_1.9842214843426838_Split_31.fasta', 29382.0, 0.055, 28234, 0.053, 5584, 0.01, 106689, 0.199, 159943.0, 0.298, -14649, -0.027, 58445.5, 0.109
'MAFFT_b1#0031_hhT_tree_23_OP_2.940403370408288_Split_31.fasta', 30999.0, 0.067, 32226, 0.069, 5127, 0.011, 95471, 0.205, 168016.0, 0.361, -20471, -0.044, 69047.5, 0.148
'MAFFT_b1#0031_hhT_tree_78_OP_1.9842214843426838_Split_31.fasta', 29382.0, 0.055, 28234, 0.053, 5584, 0.01, 106689, 0.199, 159943.0, 0.298, -14649, -0.027, 58445.5, 0.109
'MAFFT_b1#0031_htH_tree_23_OP_2.940403370408288_Split_31.fasta', 31058.0, 0.067, 32343, 0.069, 4976, 0.011, 95119, 0.204, 168343.0, 0.362, -20696, -0.044, 70231.5, 0.151
'MAFFT_b1#0031_htH_tree_78_OP_1.9842214843426838_Split_31.fasta', 29335.0, 0.055, 28275, 0.053, 5436, 0.01, 106701, 0.199, 159746.0, 0.298, -14784, -0.028, 58995.5, 0.11
'MAFFT_b1#0031_htT_tree_23_OP_2.940403370408288_Split_31.fasta', 31058.0, 0.067, 32343, 0.069, 4976, 0.011, 95119, 0.204, 168343.0, 0.362, -20696, -0.044, 70231.5, 0.151
'MAFFT_b1#0031_htT_tree_78_OP_1.9842214843426838_Split_31.fasta', 29335.0, 0.055, 28275, 0.053, 5436, 0.01, 106701, 0.199, 159746.0, 0.298, -14784, -0.028, 58995.5, 0.11
'MAFFT_b1#0035_hhH_tree_71_OP_2.3680950705345123_Split_35.fasta', 31698.0, 0.061, 28133, 0.054, 5223, 0.01, 102259, 0.195, 172029.0, 0.329, -15131, -0.029, 74430.5, 0.142
'MAFFT_b1#0035_hhH_tree_75_OP_2.4023709813773846_Split_35.fasta', 31936.0, 0.064, 28768, 0.058, 5255, 0.011, 100513, 0.202, 173444.0, 0.348, -16559, -0.033, 75098.5, 0.151
'MAFFT_b1#0035_hhH_tree_9_OP_1.5653274151471246_Split_35.fasta', 31240.0, 0.064, 27852, 0.057, 6211, 0.013, 103737, 0.213, 169768.0, 0.349, -15396, -0.032, 65237.5, 0.134
'MAFFT_b1#0035_hhT_tree_71_OP_2.3680950705345123_Split_35.fasta', 31698.0, 0.061, 28133, 0.054, 5223, 0.01, 102259, 0.195, 172029.0, 0.329, -15131, -0.029, 74430.5, 0.142
'MAFFT_b1#0035_hhT_tree_75_OP_2.4023709813773846_Split_35.fasta', 31936.0, 0.064, 28768, 0.058, 5255, 0.011, 100513, 0.202, 173444.0, 0.348, -16559, -0.033, 75098.5, 0.151
'MAFFT_b1#0035_hhT_tree_9_OP_1.5653274151471246_Split_35.fasta', 31240.0, 0.064, 27852, 0.057, 6211, 0.013, 103737, 0.213, 169768.0, 0.349, -15396, -0.032, 65237.5, 0.134
'MAFFT_b1#0035_htH_tree_71_OP_2.3680950705345123_Split_35.fasta', 31673.0, 0.061, 28150, 0.054, 5222, 0.01, 102275, 0.196, 171904.0, 0.329, -15097, -0.029, 74337.5, 0.142
'MAFFT_b1#0035_htH_tree_75_OP_2.4023709813773846_Split_35.fasta', 31936.0, 0.064, 28768, 0.058, 5253, 0.011, 100513, 0.202, 173444.0, 0.348, -16559, -0.033, 75110.5, 0.151
'MAFFT_b1#0035_htH_tree_9_OP_1.5653274151471246_Split_35.fasta', 31323.0, 0.062, 28336, 0.056, 5414, 0.011, 102603, 0.202, 170168.0, 0.335, -16034, -0.032, 70348.5, 0.138
'MAFFT_b1#0035_htT_tree_71_OP_2.3680950705345123_Split_35.fasta', 31673.0, 0.061, 28150, 0.054, 5222, 0.01, 102275, 0.196, 171904.0, 0.329, -15097, -0.029, 74337.5, 0.142
'MAFFT_b1#0035_htT_tree_75_OP_2.4023709813773846_Split_35.fasta', 31936.0, 0.064, 28768, 0.058, 5253, 0.011, 100513, 0.202, 173444.0, 0.348, -16559, -0.033, 75110.5, 0.151
'MAFFT_b1#0035_htT_tree_9_OP_1.5653274151471246_Split_35.fasta', 31323.0, 0.062, 28336, 0.056, 5414, 0.011, 102603, 0.202, 170168.0, 0.335, -16034, -0.032, 70348.5, 0.138
'MAFFT_b1#0036_hhH_tree_69_OP_2.9824622002885617_Split_36.fasta', 31232.0, 0.067, 28536, 0.061, 5436, 0.012, 102385, 0.219, 169842.0, 0.364, -16198, -0.035, 69835.5, 0.15
'MAFFT_b1#0036_hhH_tree_74_OP_2.943304477827338_Split_36.fasta', 31288.0, 0.068, 29707, 0.065, 4825, 0.011, 99931, 0.219, 169507.0, 0.371, -18210, -0.04, 72381.5, 0.158
'MAFFT_b1#0036_hhH_tree_91_OP_2.3523277060939405_Split_36.fasta', 31277.0, 0.062, 27773, 0.055, 4967, 0.01, 103821, 0.205, 169586.0, 0.335, -15642, -0.031, 72231.5, 0.143
'MAFFT_b1#0036_hhT_tree_69_OP_2.9824622002885617_Split_36.fasta', 31232.0, 0.067, 28536, 0.061, 5436, 0.012, 102385, 0.219, 169842.0, 0.364, -16198, -0.035, 69835.5, 0.15
'MAFFT_b1#0036_hhT_tree_74_OP_2.943304477827338_Split_36.fasta', 31288.0, 0.068, 29707, 0.065, 4825, 0.011, 99931, 0.219, 169507.0, 0.371, -18210, -0.04, 72381.5, 0.158
'MAFFT_b1#0036_hhT_tree_91_OP_2.3523277060939405_Split_36.fasta', 31277.0, 0.062, 27773, 0.055, 4967, 0.01, 103821, 0.205, 169586.0, 0.335, -15642, -0.031, 72231.5, 0.143
'MAFFT_b1#0036_htH_tree_69_OP_2.9824622002885617_Split_36.fasta', 31285.0, 0.067, 28666, 0.061, 5318, 0.011, 102019, 0.217, 170149.0, 0.363, -16260, -0.035, 70971.5, 0.151
'MAFFT_b1#0036_htH_tree_74_OP_2.943304477827338_Split_36.fasta', 31387.0, 0.069, 29427, 0.065, 4823, 0.011, 100293, 0.22, 170018.0, 0.373, -17629, -0.039, 73304.5, 0.161
'MAFFT_b1#0036_htH_tree_91_OP_2.3523277060939405_Split_36.fasta', 31370.0, 0.062, 27633, 0.055, 4991, 0.01, 103915, 0.205, 170005.0, 0.336, -15434, -0.031, 72667.5, 0.144
'MAFFT_b1#0036_htT_tree_69_OP_2.9824622002885617_Split_36.fasta', 31285.0, 0.067, 28666, 0.061, 5318, 0.011, 102019, 0.217, 170149.0, 0.363, -16260, -0.035, 70971.5, 0.151
'MAFFT_b1#0036_htT_tree_74_OP_2.943304477827338_Split_36.fasta', 31387.0, 0.069, 29427, 0.065, 4823, 0.011, 100293, 0.22, 170018.0, 0.373, -17629, -0.039, 73304.5, 0.161
'MAFFT_b1#0036_htT_tree_91_OP_2.3523277060939405_Split_36.fasta', 31370.0, 0.062, 27633, 0.055, 4991, 0.01, 103915, 0.205, 170005.0, 0.336, -15434, -0.031, 72667.5, 0.144
'MAFFT_b1#0037_hhH_tree_46_OP_2.5904987735791676_Split_37.fasta', 32380.0, 0.068, 29294, 0.061, 4639, 0.01, 98573, 0.207, 175246.0, 0.368, -17376, -0.036, 80749.5, 0.169
'MAFFT_b1#0037_hhH_tree_65_OP_1.3986977410996977_Split_37.fasta', 32545.0, 0.066, 27831, 0.057, 5472, 0.011, 101169, 0.206, 176693.0, 0.36, -14328, -0.029, 78948.5, 0.161
'MAFFT_b1#0037_hhT_tree_46_OP_2.5904987735791676_Split_37.fasta', 32380.0, 0.068, 29294, 0.061, 4639, 0.01, 98573, 0.207, 175246.0, 0.368, -17376, -0.036, 80749.5, 0.169
'MAFFT_b1#0037_hhT_tree_65_OP_1.3986977410996977_Split_37.fasta', 32545.0, 0.066, 27831, 0.057, 5472, 0.011, 101169, 0.206, 176693.0, 0.36, -14328, -0.029, 78948.5, 0.161
'MAFFT_b1#0037_htH_tree_46_OP_2.5904987735791676_Split_37.fasta', 32666.0, 0.068, 28813, 0.06, 4930, 0.01, 98963, 0.207, 177015.0, 0.371, -16910, -0.035, 81043.5, 0.17
'MAFFT_b1#0037_htH_tree_65_OP_1.3986977410996977_Split_37.fasta', 32545.0, 0.066, 27823, 0.056, 5477, 0.011, 101185, 0.205, 176691.0, 0.359, -14442, -0.029, 78794.5, 0.16
'MAFFT_b1#0037_htT_tree_46_OP_2.5904987735791676_Split_37.fasta', 32666.0, 0.068, 28813, 0.06, 4930, 0.01, 98963, 0.207, 177015.0, 0.371, -16910, -0.035, 81043.5, 0.17
'MAFFT_b1#0037_htT_tree_65_OP_1.3986977410996977_Split_37.fasta', 32545.0, 0.066, 27823, 0.056, 5477, 0.011, 101185, 0.205, 176691.0, 0.359, -14442, -0.029, 78794.5, 0.16
'MAFFT_b1#0039_hhH_tree_22_OP_1.0333726057419617_Split_39.fasta', 33726.0, 0.069, 26438, 0.054, 6105, 0.013, 101593, 0.208, 183411.0, 0.376, -12467, -0.026, 83517.5, 0.171
'MAFFT_b1#0039_hhT_tree_22_OP_1.0333726057419617_Split_39.fasta', 33726.0, 0.069, 26438, 0.054, 6105, 0.013, 101593, 0.208, 183411.0, 0.376, -12467, -0.026, 83517.5, 0.171
'MAFFT_b1#0039_htH_tree_22_OP_1.0333726057419617_Split_39.fasta', 33705.0, 0.069, 26566, 0.055, 6234, 0.013, 101379, 0.208, 183289.0, 0.377, -12257, -0.025, 82938.5, 0.171
'MAFFT_b1#0039_htT_tree_22_OP_1.0333726057419617_Split_39.fasta', 33705.0, 0.069, 26566, 0.055, 6234, 0.013, 101379, 0.208, 183289.0, 0.377, -12257, -0.025, 82938.5, 0.171
'MAFFT_b1#0041_hhH_tree_31_OP_2.371648195541206_Split_41.fasta', 31152.0, 0.067, 28861, 0.062, 4943, 0.011, 101895, 0.218, 168497.0, 0.36, -18736, -0.04, 69155.5, 0.148
'MAFFT_b1#0041_hhH_tree_8_OP_2.990366431633018_Split_41.fasta', 32232.0, 0.069, 27764, 0.059, 4649, 0.01, 101929, 0.217, 175156.0, 0.373, -14994, -0.032, 81303.5, 0.173
'MAFFT_b1#0041_hhT_tree_31_OP_2.371648195541206_Split_41.fasta', 31152.0, 0.067, 28861, 0.062, 4943, 0.011, 101895, 0.218, 168497.0, 0.36, -18736, -0.04, 69155.5, 0.148
'MAFFT_b1#0041_hhT_tree_8_OP_2.990366431633018_Split_41.fasta', 32232.0, 0.069, 27764, 0.059, 4649, 0.01, 101929, 0.217, 175156.0, 0.373, -14994, -0.032, 81303.5, 0.173
'MAFFT_b1#0041_htH_tree_31_OP_2.371648195541206_Split_41.fasta', 31376.0, 0.067, 28832, 0.062, 4918, 0.011, 101505, 0.217, 169457.0, 0.362, -18806, -0.04, 70390.5, 0.15
'MAFFT_b1#0041_htH_tree_8_OP_2.990366431633018_Split_41.fasta', 32232.0, 0.069, 27784, 0.059, 4628, 0.01, 101889, 0.217, 175156.0, 0.373, -15014, -0.032, 81429.5, 0.174
'MAFFT_b1#0041_htT_tree_31_OP_2.371648195541206_Split_41.fasta', 31376.0, 0.067, 28832, 0.062, 4918, 0.011, 101505, 0.217, 169457.0, 0.362, -18806, -0.04, 70390.5, 0.15
'MAFFT_b1#0041_htT_tree_8_OP_2.990366431633018_Split_41.fasta', 32232.0, 0.069, 27784, 0.059, 4628, 0.01, 101889, 0.217, 175156.0, 0.373, -15014, -0.032, 81429.5, 0.174
'MAFFT_b1#0042_hhH_tree_92_OP_1.133352346367843_Split_42.fasta', 31686.0, 0.066, 27574, 0.057, 6844, 0.014, 103401, 0.215, 172446.0, 0.358, -12538, -0.026, 67143.5, 0.139
'MAFFT_b1#0042_hhT_tree_92_OP_1.133352346367843_Split_42.fasta', 31686.0, 0.066, 27574, 0.057, 6844, 0.014, 103401, 0.215, 172446.0, 0.358, -12538, -0.026, 67143.5, 0.139
'MAFFT_b1#0042_htH_tree_92_OP_1.133352346367843_Split_42.fasta', 31621.0, 0.066, 27788, 0.058, 6679, 0.014, 103103, 0.214, 172071.0, 0.357, -12893, -0.027, 67552.5, 0.14
'MAFFT_b1#0042_htT_tree_92_OP_1.133352346367843_Split_42.fasta', 31621.0, 0.066, 27788, 0.058, 6679, 0.014, 103103, 0.214, 172071.0, 0.357, -12893, -0.027, 67552.5, 0.14
'MAFFT_b1#0043_hhH_tree_95_OP_2.498402958697362_Split_43.fasta', 33232.0, 0.069, 26799, 0.056, 5013, 0.01, 101859, 0.211, 180588.0, 0.374, -13702, -0.028, 85878.5, 0.178
'MAFFT_b1#0043_hhT_tree_95_OP_2.498402958697362_Split_43.fasta', 33232.0, 0.069, 26799, 0.056, 5013, 0.01, 101859, 0.211, 180588.0, 0.374, -13702, -0.028, 85878.5, 0.178
'MAFFT_b1#0043_htH_tree_95_OP_2.498402958697362_Split_43.fasta', 33018.0, 0.07, 27225, 0.058, 4974, 0.011, 101435, 0.215, 179042.0, 0.379, -14527, -0.031, 83953.5, 0.178
'MAFFT_b1#0043_htT_tree_95_OP_2.498402958697362_Split_43.fasta', 33018.0, 0.07, 27225, 0.058, 4974, 0.011, 101435, 0.215, 179042.0, 0.379, -14527, -0.031, 83953.5, 0.178
'MAFFT_b1#0044_hhH_tree_14_OP_1.7440813830902329_Split_44.fasta', 31053.0, 0.063, 28861, 0.058, 6025, 0.012, 102093, 0.207, 168009.0, 0.34, -15967, -0.032, 64845.5, 0.131
'MAFFT_b1#0044_hhH_tree_52_OP_2.165361006866358_Split_44.fasta', 31570.0, 0.066, 29546, 0.062, 5079, 0.011, 99689, 0.21, 171648.0, 0.361, -16630, -0.035, 74699.5, 0.157
'MAFFT_b1#0044_hhT_tree_14_OP_1.7440813830902329_Split_44.fasta', 31053.0, 0.063, 28861, 0.058, 6025, 0.012, 102093, 0.207, 168009.0, 0.34, -15967, -0.032, 64845.5, 0.131
'MAFFT_b1#0044_hhT_tree_52_OP_2.165361006866358_Split_44.fasta', 31570.0, 0.066, 29546, 0.062, 5079, 0.011, 99689, 0.21, 171648.0, 0.361, -16630, -0.035, 74699.5, 0.157
'MAFFT_b1#0044_htH_tree_14_OP_1.7440813830902329_Split_44.fasta', 31053.0, 0.063, 28856, 0.058, 6024, 0.012, 102103, 0.207, 168009.0, 0.34, -16035, -0.032, 64778.5, 0.131
'MAFFT_b1#0044_htH_tree_52_OP_2.165361006866358_Split_44.fasta', 31645.0, 0.067, 29441, 0.062, 5167, 0.011, 99749, 0.21, 172025.0, 0.362, -16499, -0.035, 74649.5, 0.157
'MAFFT_b1#0044_htT_tree_14_OP_1.7440813830902329_Split_44.fasta', 31053.0, 0.063, 28856, 0.058, 6024, 0.012, 102103, 0.207, 168009.0, 0.34, -16035, -0.032, 64778.5, 0.131
'MAFFT_b1#0044_htT_tree_52_OP_2.165361006866358_Split_44.fasta', 31645.0, 0.067, 29441, 0.062, 5167, 0.011, 99749, 0.21, 172025.0, 0.362, -16499, -0.035, 74649.5, 0.157
'MSA.BALIPHY.aln.best.23410.fas', 33835.0, 0.06, 25259, 0.045, 5214, 0.009, 103733, 0.184, 183492.0, 0.326, -11781, -0.021, 88560.5, 0.157
'MSA.MAFFT.aln.With_Names', 33604.0, 0.069, 26436, 0.054, 5101, 0.01, 101841, 0.209, 182465.0, 0.374, -13295, -0.027, 87643.5, 0.18
'MSA.MUSCLE.aln.best.23410.fas', 33459.0, 0.056, 28707, 0.048, 4657, 0.008, 97589, 0.164, 181457.0, 0.305, -16083, -0.027, 88637.5, 0.149
'MSA.PRANK.aln.With_Names', 30288.0, 0.049, 24227, 0.039, 4808, 0.008, 112891, 0.181, 163679.0, 0.263, -11749, -0.019, 66636.5, 0.107
'MUSCLE_diversified_replicate.abc.1.afa', 32198.0, 0.063, 30422, 0.06, 5037, 0.01, 96681, 0.19, 175305.0, 0.344, -19091, -0.037, 77651.5, 0.152
'MUSCLE_diversified_replicate.abc.101.afa', 31581.0, 0.06, 33012, 0.063, 5366, 0.01, 92735, 0.176, 171979.0, 0.326, -22444, -0.043, 70971.5, 0.134
'MUSCLE_diversified_replicate.abc.105.afa', 31572.0, 0.06, 31595, 0.06, 5059, 0.01, 95587, 0.181, 171984.0, 0.326, -20595, -0.039, 73241.5, 0.139
'MUSCLE_diversified_replicate.abc.109.afa', 33280.0, 0.063, 28638, 0.054, 4919, 0.009, 98085, 0.185, 180731.0, 0.342, -15959, -0.03, 86215.5, 0.163
'MUSCLE_diversified_replicate.abc.113.afa', 33453.0, 0.068, 28564, 0.058, 5078, 0.01, 97887, 0.198, 181643.0, 0.367, -15585, -0.031, 86646.5, 0.175
'MUSCLE_diversified_replicate.abc.117.afa', 31696.0, 0.059, 32548, 0.061, 5112, 0.01, 93433, 0.174, 172528.0, 0.322, -21484, -0.04, 73655.5, 0.137
'MUSCLE_diversified_replicate.abc.121.afa', 31535.0, 0.062, 32875, 0.064, 5015, 0.01, 93101, 0.182, 171329.0, 0.335, -22018, -0.043, 72670.5, 0.142
'MUSCLE_diversified_replicate.abc.125.afa', 32309.0, 0.064, 30815, 0.061, 4934, 0.01, 95673, 0.188, 175791.0, 0.346, -19652, -0.039, 78698.5, 0.155
'MUSCLE_diversified_replicate.abc.129.afa', 31999.0, 0.064, 33279, 0.066, 4720, 0.009, 91365, 0.182, 174082.0, 0.347, -22521, -0.045, 77558.5, 0.154
'MUSCLE_diversified_replicate.abc.13.afa', 32704.0, 0.066, 30057, 0.06, 5015, 0.01, 96399, 0.193, 177856.0, 0.357, -18048, -0.036, 81518.5, 0.164
'MUSCLE_diversified_replicate.abc.133.afa', 33720.0, 0.064, 28226, 0.054, 4993, 0.01, 98029, 0.187, 183175.0, 0.35, -15448, -0.03, 88754.5, 0.17
'MUSCLE_diversified_replicate.abc.137.afa', 31646.0, 0.062, 33076, 0.065, 5254, 0.01, 92477, 0.181, 172203.0, 0.338, -22468, -0.044, 71972.5, 0.141
'MUSCLE_diversified_replicate.abc.141.afa', 31517.0, 0.061, 33034, 0.064, 5257, 0.01, 92819, 0.181, 171482.0, 0.334, -22736, -0.044, 70794.5, 0.138
'MUSCLE_diversified_replicate.abc.145.afa', 32516.0, 0.064, 29982, 0.059, 5327, 0.01, 96925, 0.19, 176865.0, 0.347, -17435, -0.034, 79005.5, 0.155
'MUSCLE_diversified_replicate.abc.149.afa', 33241.0, 0.062, 28383, 0.053, 5009, 0.009, 98673, 0.184, 180547.0, 0.337, -16149, -0.03, 85007.5, 0.159
'MUSCLE_diversified_replicate.abc.153.afa', 32247.0, 0.061, 31155, 0.059, 5003, 0.009, 95117, 0.18, 175295.0, 0.331, -19874, -0.038, 77844.5, 0.147
'MUSCLE_diversified_replicate.abc.157.afa', 31118.0, 0.059, 33123, 0.063, 5676, 0.011, 93439, 0.177, 169180.0, 0.32, -21749, -0.041, 66655.5, 0.126
'MUSCLE_diversified_replicate.abc.161.afa', 33277.0, 0.064, 28785, 0.056, 5186, 0.01, 97797, 0.189, 180654.0, 0.349, -16158, -0.031, 84481.5, 0.163
'MUSCLE_diversified_replicate.abc.165.afa', 31687.0, 0.063, 32829, 0.065, 5181, 0.01, 92889, 0.184, 172375.0, 0.342, -22196, -0.044, 72648.5, 0.144
'MUSCLE_diversified_replicate.abc.169.afa', 32813.0, 0.065, 29406, 0.058, 5386, 0.011, 97483, 0.193, 178356.0, 0.353, -17319, -0.034, 79979.5, 0.158
'MUSCLE_diversified_replicate.abc.17.afa', 32965.0, 0.063, 29402, 0.056, 5167, 0.01, 97187, 0.185, 179050.0, 0.342, -16761, -0.032, 82693.5, 0.158
'MUSCLE_diversified_replicate.abc.173.afa', 32658.0, 0.062, 30313, 0.057, 5103, 0.01, 95979, 0.181, 177629.0, 0.335, -18350, -0.035, 80671.5, 0.152
'MUSCLE_diversified_replicate.abc.177.afa', 31699.0, 0.059, 33012, 0.061, 4933, 0.009, 92499, 0.172, 172555.0, 0.321, -22623, -0.042, 74084.5, 0.138
'MUSCLE_diversified_replicate.abc.181.afa', 32250.0, 0.065, 31271, 0.063, 4786, 0.01, 94879, 0.19, 175354.0, 0.351, -19815, -0.04, 79383.5, 0.159
'MUSCLE_diversified_replicate.abc.185.afa', 31614.0, 0.062, 33120, 0.065, 4933, 0.01, 92453, 0.182, 171584.0, 0.338, -22808, -0.045, 72951.5, 0.144
'MUSCLE_diversified_replicate.abc.189.afa', 31351.0, 0.062, 32652, 0.065, 5062, 0.01, 93915, 0.186, 170511.0, 0.337, -22019, -0.044, 71162.5, 0.141
'MUSCLE_diversified_replicate.abc.193.afa', 31534.0, 0.059, 33051, 0.062, 4942, 0.009, 92751, 0.173, 171712.0, 0.321, -22490, -0.042, 73194.5, 0.137
'MUSCLE_diversified_replicate.abc.197.afa', 32400.0, 0.062, 30822, 0.059, 4894, 0.009, 95477, 0.183, 176159.0, 0.338, -19543, -0.037, 79513.5, 0.152
'MUSCLE_diversified_replicate.abc.201.afa', 32366.0, 0.061, 30924, 0.059, 5101, 0.01, 95341, 0.181, 176133.0, 0.334, -18964, -0.036, 78892.5, 0.149
'MUSCLE_diversified_replicate.abc.205.afa', 32479.0, 0.061, 30775, 0.058, 4914, 0.009, 95413, 0.179, 176735.0, 0.332, -19335, -0.036, 80209.5, 0.151
'MUSCLE_diversified_replicate.abc.209.afa', 32147.0, 0.06, 30461, 0.057, 5057, 0.01, 96705, 0.182, 174367.0, 0.328, -18745, -0.035, 76927.5, 0.145
'MUSCLE_diversified_replicate.abc.21.afa', 31815.0, 0.062, 33231, 0.065, 4775, 0.009, 91829, 0.18, 173020.0, 0.339, -22413, -0.044, 76042.5, 0.149
'MUSCLE_diversified_replicate.abc.213.afa', 32324.0, 0.061, 29837, 0.056, 5108, 0.01, 97599, 0.183, 175441.0, 0.329, -17822, -0.033, 78171.5, 0.147
'MUSCLE_diversified_replicate.abc.217.afa', 32331.0, 0.065, 30819, 0.062, 5072, 0.01, 95621, 0.193, 175741.0, 0.355, -18792, -0.038, 78706.5, 0.159
'MUSCLE_diversified_replicate.abc.221.afa', 32853.0, 0.064, 29376, 0.058, 5035, 0.01, 97463, 0.191, 178451.0, 0.35, -17049, -0.033, 82460.5, 0.162
'MUSCLE_diversified_replicate.abc.225.afa', 31521.0, 0.058, 32973, 0.061, 5120, 0.009, 92933, 0.172, 171668.0, 0.317, -22788, -0.042, 71693.5, 0.132
'MUSCLE_diversified_replicate.abc.229.afa', 31791.0, 0.06, 33530, 0.063, 5090, 0.01, 91279, 0.172, 172364.0, 0.325, -22015, -0.042, 74169.5, 0.14
'MUSCLE_diversified_replicate.abc.233.afa', 31929.0, 0.063, 31394, 0.062, 4744, 0.009, 95275, 0.189, 173690.0, 0.344, -20739, -0.041, 76849.5, 0.152
'MUSCLE_diversified_replicate.abc.237.afa', 31209.0, 0.062, 33359, 0.066, 4864, 0.01, 92785, 0.183, 169498.0, 0.335, -23562, -0.047, 70359.5, 0.139
'MUSCLE_diversified_replicate.abc.241.afa', 32421.0, 0.063, 30862, 0.06, 5182, 0.01, 95355, 0.186, 176366.0, 0.344, -19092, -0.037, 78504.5, 0.153
'MUSCLE_diversified_replicate.abc.245.afa', 31735.0, 0.061, 33196, 0.064, 5061, 0.01, 92059, 0.177, 172597.0, 0.332, -22633, -0.044, 73568.5, 0.142
'MUSCLE_diversified_replicate.abc.249.afa', 31879.0, 0.061, 31815, 0.061, 4946, 0.009, 94533, 0.18, 173454.0, 0.331, -21048, -0.04, 75463.5, 0.144
'MUSCLE_diversified_replicate.abc.25.afa', 31820.0, 0.05, 31323, 0.049, 5024, 0.008, 95635, 0.15, 172990.0, 0.271, -20645, -0.032, 74383.5, 0.117
'MUSCLE_diversified_replicate.abc.253.afa', 32928.0, 0.061, 29077, 0.054, 5010, 0.009, 97911, 0.182, 179056.0, 0.332, -16546, -0.031, 83494.5, 0.155
'MUSCLE_diversified_replicate.abc.257.afa', 32559.0, 0.062, 30502, 0.058, 5070, 0.01, 95799, 0.183, 176983.0, 0.338, -18767, -0.036, 79896.5, 0.152
'MUSCLE_diversified_replicate.abc.261.afa', 31162.0, 0.061, 33329, 0.065, 4928, 0.01, 92939, 0.181, 169475.0, 0.329, -23573, -0.046, 69864.5, 0.136
'MUSCLE_diversified_replicate.abc.265.afa', 31435.0, 0.061, 32346, 0.063, 4838, 0.009, 94359, 0.183, 170831.0, 0.33, -21410, -0.041, 73213.5, 0.142
'MUSCLE_diversified_replicate.abc.269.afa', 32414.0, 0.064, 30919, 0.061, 4945, 0.01, 95255, 0.187, 176388.0, 0.346, -19209, -0.038, 79881.5, 0.157
'MUSCLE_diversified_replicate.abc.273.afa', 31627.0, 0.063, 33098, 0.066, 5001, 0.01, 92471, 0.184, 171866.0, 0.342, -23308, -0.046, 72316.5, 0.144
'MUSCLE_diversified_replicate.abc.277.afa', 31664.0, 0.062, 32561, 0.064, 5359, 0.011, 93471, 0.184, 172126.0, 0.339, -21689, -0.043, 71547.5, 0.141
'MUSCLE_diversified_replicate.abc.281.afa', 31819.0, 0.062, 33033, 0.064, 4951, 0.01, 92217, 0.178, 172737.0, 0.334, -22833, -0.044, 74089.5, 0.143
'MUSCLE_diversified_replicate.abc.285.afa', 32310.0, 0.064, 31236, 0.062, 5166, 0.01, 94829, 0.188, 175286.0, 0.348, -19554, -0.039, 77321.5, 0.154
'MUSCLE_diversified_replicate.abc.289.afa', 32170.0, 0.062, 30715, 0.059, 5021, 0.01, 96151, 0.185, 174957.0, 0.336, -19828, -0.038, 76927.5, 0.148
'MUSCLE_diversified_replicate.abc.29.afa', 31263.0, 0.061, 32676, 0.064, 4817, 0.009, 94043, 0.184, 169827.0, 0.332, -21644, -0.042, 72259.5, 0.141
'MUSCLE_diversified_replicate.abc.293.afa', 32416.0, 0.065, 30854, 0.062, 4870, 0.01, 95381, 0.191, 176162.0, 0.352, -20173, -0.04, 79078.5, 0.158
'MUSCLE_diversified_replicate.abc.297.afa', 32067.0, 0.063, 30925, 0.061, 5013, 0.01, 95937, 0.188, 174531.0, 0.342, -19891, -0.039, 76593.5, 0.15
'MUSCLE_diversified_replicate.abc.301.afa', 31548.0, 0.053, 33613, 0.057, 4952, 0.008, 91599, 0.155, 171167.0, 0.289, -23077, -0.039, 72578.5, 0.123
'MUSCLE_diversified_replicate.abc.305.afa', 32284.0, 0.063, 30785, 0.06, 5163, 0.01, 95783, 0.187, 175664.0, 0.342, -19024, -0.037, 77770.5, 0.152
'MUSCLE_diversified_replicate.abc.309.afa', 31841.0, 0.063, 32628, 0.064, 4974, 0.01, 92983, 0.184, 173193.0, 0.342, -21668, -0.043, 75189.5, 0.149
'MUSCLE_diversified_replicate.abc.313.afa', 31212.0, 0.058, 33097, 0.061, 5018, 0.009, 93303, 0.173, 169949.0, 0.315, -23248, -0.043, 69941.5, 0.129
'MUSCLE_diversified_replicate.abc.317.afa', 31080.0, 0.058, 32920, 0.061, 5061, 0.009, 93921, 0.174, 169115.0, 0.314, -22960, -0.043, 68828.5, 0.128
'MUSCLE_diversified_replicate.abc.321.afa', 32545.0, 0.065, 30511, 0.061, 5009, 0.01, 95809, 0.191, 176852.0, 0.352, -18695, -0.037, 80198.5, 0.16
'MUSCLE_diversified_replicate.abc.325.afa', 31912.0, 0.064, 32131, 0.064, 4946, 0.01, 93835, 0.187, 173446.0, 0.345, -21393, -0.043, 75459.5, 0.15
'MUSCLE_diversified_replicate.abc.329.afa', 31591.0, 0.059, 32853, 0.062, 5037, 0.009, 93033, 0.175, 171647.0, 0.322, -22542, -0.042, 72366.5, 0.136
'MUSCLE_diversified_replicate.abc.33.afa', 31577.0, 0.06, 32637, 0.062, 4970, 0.009, 93493, 0.177, 171713.0, 0.325, -22260, -0.042, 72886.5, 0.138
'MUSCLE_diversified_replicate.abc.333.afa', 33504.0, 0.066, 28516, 0.056, 4871, 0.01, 97881, 0.192, 182055.0, 0.357, -16004, -0.031, 87884.5, 0.172
'MUSCLE_diversified_replicate.abc.337.afa', 33302.0, 0.063, 28647, 0.054, 5061, 0.01, 98023, 0.186, 180867.0, 0.343, -15854, -0.03, 85635.5, 0.162
'MUSCLE_diversified_replicate.abc.341.afa', 31237.0, 0.062, 33665, 0.067, 4831, 0.01, 92117, 0.183, 169914.0, 0.337, -23739, -0.047, 71130.5, 0.141
'MUSCLE_diversified_replicate.abc.345.afa', 33256.0, 0.063, 28420, 0.054, 4917, 0.009, 98569, 0.187, 180492.0, 0.342, -16295, -0.031, 85410.5, 0.162
'MUSCLE_diversified_replicate.abc.349.afa', 32580.0, 0.062, 30451, 0.058, 5076, 0.01, 95859, 0.181, 177208.0, 0.335, -18515, -0.035, 80307.5, 0.152
'MUSCLE_diversified_replicate.abc.353.afa', 32032.0, 0.064, 32709, 0.065, 5086, 0.01, 92439, 0.184, 174139.0, 0.347, -22078, -0.044, 75325.5, 0.15
'MUSCLE_diversified_replicate.abc.357.afa', 32458.0, 0.063, 29666, 0.058, 5166, 0.01, 97673, 0.19, 176704.0, 0.343, -17769, -0.035, 79102.5, 0.154
'MUSCLE_diversified_replicate.abc.361.afa', 31468.0, 0.062, 32450, 0.064, 4898, 0.01, 94085, 0.186, 171108.0, 0.337, -21630, -0.043, 73047.5, 0.144
'MUSCLE_diversified_replicate.abc.365.afa', 32289.0, 0.064, 31132, 0.061, 5311, 0.01, 95079, 0.187, 175101.0, 0.344, -19794, -0.039, 75901.5, 0.149
'MUSCLE_diversified_replicate.abc.369.afa', 32152.0, 0.064, 30960, 0.061, 5140, 0.01, 95697, 0.189, 174787.0, 0.345, -19644, -0.039, 76454.5, 0.151
'MUSCLE_diversified_replicate.abc.37.afa', 32304.0, 0.062, 30972, 0.059, 4997, 0.01, 95369, 0.183, 175649.0, 0.337, -20082, -0.039, 77900.5, 0.15
'MUSCLE_diversified_replicate.abc.373.afa', 32394.0, 0.062, 30961, 0.059, 4982, 0.01, 95211, 0.182, 176290.0, 0.338, -19119, -0.037, 79673.5, 0.153
'MUSCLE_diversified_replicate.abc.377.afa', 31940.0, 0.061, 31217, 0.06, 4931, 0.009, 95607, 0.182, 173563.0, 0.331, -20690, -0.039, 75483.5, 0.144
'MUSCLE_diversified_replicate.abc.381.afa', 31596.0, 0.062, 33506, 0.066, 4912, 0.01, 91717, 0.181, 171988.0, 0.34, -22502, -0.044, 74155.5, 0.147
'MUSCLE_diversified_replicate.abc.385.afa', 32641.0, 0.065, 30342, 0.061, 5069, 0.01, 95955, 0.192, 177749.0, 0.356, -18282, -0.037, 81075.5, 0.162
'MUSCLE_diversified_replicate.abc.389.afa', 31511.0, 0.06, 33111, 0.063, 4891, 0.009, 92677, 0.178, 171265.0, 0.328, -23034, -0.044, 72546.5, 0.139
'MUSCLE_diversified_replicate.abc.393.afa', 32328.0, 0.065, 29982, 0.06, 5016, 0.01, 97301, 0.194, 175766.0, 0.351, -18663, -0.037, 78356.5, 0.156
'MUSCLE_diversified_replicate.abc.397.afa', 32396.0, 0.064, 30031, 0.059, 4949, 0.01, 97067, 0.192, 176250.0, 0.348, -18597, -0.037, 79425.5, 0.157
'MUSCLE_diversified_replicate.abc.41.afa', 31663.0, 0.061, 32937, 0.064, 4977, 0.01, 92721, 0.18, 172025.0, 0.334, -22666, -0.044, 73136.5, 0.142
'MUSCLE_diversified_replicate.abc.45.afa', 33033.0, 0.065, 29010, 0.057, 4937, 0.01, 97835, 0.192, 179269.0, 0.352, -16965, -0.033, 83764.5, 0.164
'MUSCLE_diversified_replicate.abc.49.afa', 32461.0, 0.063, 30186, 0.059, 4945, 0.01, 96627, 0.189, 176397.0, 0.344, -18229, -0.036, 80184.5, 0.157
'MUSCLE_diversified_replicate.abc.5.afa', 32360.0, 0.064, 30618, 0.06, 5080, 0.01, 95965, 0.189, 176110.0, 0.347, -19148, -0.038, 78499.5, 0.155
'MUSCLE_diversified_replicate.abc.53.afa', 31319.0, 0.06, 32501, 0.062, 4896, 0.009, 94281, 0.179, 169925.0, 0.323, -22199, -0.042, 71209.5, 0.136
'MUSCLE_diversified_replicate.abc.57.afa', 32128.0, 0.062, 32275, 0.062, 4826, 0.009, 93115, 0.179, 174641.0, 0.335, -21314, -0.041, 77813.5, 0.149
'MUSCLE_diversified_replicate.abc.61.afa', 33260.0, 0.065, 28394, 0.055, 4837, 0.009, 98613, 0.192, 180688.0, 0.352, -16353, -0.032, 86006.5, 0.168
'MUSCLE_diversified_replicate.abc.65.afa', 32428.0, 0.062, 30602, 0.059, 5144, 0.01, 95861, 0.183, 176242.0, 0.337, -19027, -0.036, 78420.5, 0.15
'MUSCLE_diversified_replicate.abc.69.afa', 30769.0, 0.058, 32811, 0.062, 5131, 0.01, 94761, 0.178, 167104.0, 0.314, -22366, -0.042, 66571.5, 0.125
'MUSCLE_diversified_replicate.abc.73.afa', 31717.0, 0.06, 33189, 0.063, 4898, 0.009, 92109, 0.175, 172412.0, 0.328, -22991, -0.044, 73978.5, 0.141
'MUSCLE_diversified_replicate.abc.77.afa', 31982.0, 0.061, 31204, 0.06, 4788, 0.009, 95549, 0.182, 173938.0, 0.332, -20088, -0.038, 77347.5, 0.148
'MUSCLE_diversified_replicate.abc.81.afa', 32605.0, 0.064, 30363, 0.059, 5172, 0.01, 95985, 0.188, 177401.0, 0.347, -18397, -0.036, 79979.5, 0.157
'MUSCLE_diversified_replicate.abc.85.afa', 32381.0, 0.061, 30869, 0.058, 4953, 0.009, 95421, 0.18, 176098.0, 0.333, -19324, -0.037, 79345.5, 0.15
'MUSCLE_diversified_replicate.abc.89.afa', 32428.0, 0.062, 31051, 0.059, 5023, 0.01, 94963, 0.181, 175891.0, 0.335, -19652, -0.037, 78619.5, 0.15
'MUSCLE_diversified_replicate.abc.9.afa', 31929.0, 0.06, 32998, 0.062, 4846, 0.009, 92067, 0.173, 173601.0, 0.326, -22286, -0.042, 76205.5, 0.143
'MUSCLE_diversified_replicate.abc.93.afa', 31806.0, 0.063, 32747, 0.065, 5151, 0.01, 92815, 0.185, 173014.0, 0.344, -21885, -0.044, 73815.5, 0.147
'MUSCLE_diversified_replicate.abc.97.afa', 33262.0, 0.064, 29179, 0.056, 4953, 0.009, 97039, 0.186, 180807.0, 0.346, -16302, -0.031, 86267.5, 0.165
'MUSCLE_diversified_replicate.acb.10.afa', 32094.0, 0.062, 33048, 0.063, 5003, 0.01, 91637, 0.176, 174550.0, 0.334, -22186, -0.043, 76527.5, 0.147
'MUSCLE_diversified_replicate.acb.102.afa', 31899.0, 0.062, 32622, 0.063, 5151, 0.01, 92879, 0.18, 172363.0, 0.333, -22630, -0.044, 72387.5, 0.14
'MUSCLE_diversified_replicate.acb.106.afa', 32614.0, 0.064, 30591, 0.06, 4932, 0.01, 95511, 0.187, 177270.0, 0.347, -18770, -0.037, 81152.5, 0.159
'MUSCLE_diversified_replicate.acb.110.afa', 32368.0, 0.061, 30648, 0.058, 4819, 0.009, 95889, 0.181, 175955.0, 0.332, -19342, -0.037, 79754.5, 0.151
'MUSCLE_diversified_replicate.acb.114.afa', 32061.0, 0.06, 30736, 0.057, 5046, 0.009, 96327, 0.18, 174591.0, 0.325, -19192, -0.036, 76959.5, 0.143
'MUSCLE_diversified_replicate.acb.118.afa', 31172.0, 0.058, 33474, 0.062, 5218, 0.01, 92629, 0.172, 168372.0, 0.312, -22843, -0.042, 67906.5, 0.126
'MUSCLE_diversified_replicate.acb.122.afa', 31404.0, 0.062, 32744, 0.064, 5259, 0.01, 93625, 0.184, 170390.0, 0.335, -21762, -0.043, 70261.5, 0.138
'MUSCLE_diversified_replicate.acb.126.afa', 31756.0, 0.062, 33038, 0.065, 5074, 0.01, 92333, 0.182, 172676.0, 0.34, -22466, -0.044, 73599.5, 0.145
'MUSCLE_diversified_replicate.acb.130.afa', 32306.0, 0.062, 31123, 0.06, 5068, 0.01, 95063, 0.183, 175768.0, 0.338, -19308, -0.037, 78520.5, 0.151
'MUSCLE_diversified_replicate.acb.134.afa', 31751.0, 0.059, 33346, 0.062, 5195, 0.01, 91727, 0.171, 171809.0, 0.319, -22863, -0.043, 71912.5, 0.134
'MUSCLE_diversified_replicate.acb.138.afa', 32640.0, 0.063, 30575, 0.059, 4966, 0.01, 95491, 0.183, 177570.0, 0.341, -19105, -0.037, 80923.5, 0.155
'MUSCLE_diversified_replicate.acb.14.afa', 32570.0, 0.063, 29563, 0.057, 5106, 0.01, 97655, 0.188, 176807.0, 0.34, -17633, -0.034, 79710.5, 0.153
'MUSCLE_diversified_replicate.acb.142.afa', 32868.0, 0.064, 28881, 0.056, 4878, 0.01, 98423, 0.192, 178625.0, 0.349, -16629, -0.032, 83516.5, 0.163
'MUSCLE_diversified_replicate.acb.146.afa', 32388.0, 0.063, 30594, 0.06, 4892, 0.01, 95957, 0.188, 175953.0, 0.344, -19401, -0.038, 79221.5, 0.155
'MUSCLE_diversified_replicate.acb.150.afa', 33220.0, 0.066, 28394, 0.056, 4917, 0.01, 98693, 0.195, 180526.0, 0.357, -15811, -0.031, 85866.5, 0.17
'MUSCLE_diversified_replicate.acb.154.afa', 31505.0, 0.059, 30937, 0.058, 5249, 0.01, 97037, 0.182, 171291.0, 0.321, -19723, -0.037, 71555.5, 0.134
'MUSCLE_diversified_replicate.acb.158.afa', 32110.0, 0.06, 30307, 0.057, 5131, 0.01, 97087, 0.182, 174406.0, 0.327, -18804, -0.035, 76272.5, 0.143
'MUSCLE_diversified_replicate.acb.162.afa', 33495.0, 0.064, 28904, 0.055, 4960, 0.009, 97123, 0.186, 181335.0, 0.347, -16587, -0.032, 86426.5, 0.165
'MUSCLE_diversified_replicate.acb.166.afa', 32573.0, 0.064, 30353, 0.059, 5247, 0.01, 96069, 0.188, 177237.0, 0.347, -18572, -0.036, 79148.5, 0.155
'MUSCLE_diversified_replicate.acb.170.afa', 32166.0, 0.063, 30715, 0.06, 4982, 0.01, 96159, 0.187, 175023.0, 0.34, -19535, -0.038, 77516.5, 0.151
'MUSCLE_diversified_replicate.acb.174.afa', 33257.0, 0.065, 28909, 0.057, 4928, 0.01, 97589, 0.192, 180641.0, 0.355, -16597, -0.033, 85681.5, 0.169
'MUSCLE_diversified_replicate.acb.178.afa', 32773.0, 0.064, 29978, 0.059, 5207, 0.01, 96419, 0.189, 177948.0, 0.349, -17483, -0.034, 81013.5, 0.159
'MUSCLE_diversified_replicate.acb.18.afa', 32438.0, 0.065, 30191, 0.06, 4852, 0.01, 96663, 0.192, 176110.0, 0.351, -18746, -0.037, 79920.5, 0.159
'MUSCLE_diversified_replicate.acb.182.afa', 31797.0, 0.06, 33202, 0.063, 5049, 0.01, 91923, 0.173, 172085.0, 0.324, -23312, -0.044, 72517.5, 0.137
'MUSCLE_diversified_replicate.acb.186.afa', 32014.0, 0.061, 31413, 0.06, 4953, 0.009, 95067, 0.181, 174062.0, 0.332, -21048, -0.04, 75762.5, 0.145
'MUSCLE_diversified_replicate.acb.190.afa', 32641.0, 0.066, 30021, 0.061, 5061, 0.01, 96597, 0.195, 177403.0, 0.358, -17588, -0.036, 81150.5, 0.164
'MUSCLE_diversified_replicate.acb.194.afa', 33464.0, 0.068, 28811, 0.059, 5011, 0.01, 97371, 0.198, 181665.0, 0.37, -16559, -0.034, 86354.5, 0.176
'MUSCLE_diversified_replicate.acb.198.afa', 33328.0, 0.066, 28831, 0.057, 4864, 0.01, 97603, 0.193, 180941.0, 0.358, -16688, -0.033, 86267.5, 0.171
'MUSCLE_diversified_replicate.acb.2.afa', 33168.0, 0.062, 29155, 0.055, 5056, 0.01, 97275, 0.183, 180421.0, 0.339, -17118, -0.032, 84329.5, 0.159
'MUSCLE_diversified_replicate.acb.202.afa', 32041.0, 0.065, 30785, 0.063, 5029, 0.01, 96269, 0.195, 174158.0, 0.354, -19738, -0.04, 76111.5, 0.155
'MUSCLE_diversified_replicate.acb.206.afa', 32112.0, 0.061, 33401, 0.064, 4996, 0.01, 90895, 0.174, 173590.0, 0.332, -22624, -0.043, 75542.5, 0.144
'MUSCLE_diversified_replicate.acb.210.afa', 32109.0, 0.061, 33206, 0.063, 4972, 0.009, 91291, 0.173, 173618.0, 0.329, -22955, -0.043, 75185.5, 0.142
'MUSCLE_diversified_replicate.acb.214.afa', 33204.0, 0.063, 29009, 0.055, 4904, 0.009, 97495, 0.184, 180352.0, 0.34, -16443, -0.031, 85737.5, 0.162
'MUSCLE_diversified_replicate.acb.218.afa', 33383.0, 0.066, 28824, 0.057, 4970, 0.01, 97507, 0.191, 181261.0, 0.356, -16349, -0.032, 86338.5, 0.169
'MUSCLE_diversified_replicate.acb.22.afa', 32083.0, 0.06, 30725, 0.058, 5178, 0.01, 96305, 0.181, 174775.0, 0.328, -18338, -0.034, 77216.5, 0.145
'MUSCLE_diversified_replicate.acb.222.afa', 31906.0, 0.061, 31297, 0.06, 5094, 0.01, 95515, 0.183, 173524.0, 0.333, -19858, -0.038, 75344.5, 0.145
'MUSCLE_diversified_replicate.acb.226.afa', 33198.0, 0.064, 29132, 0.056, 5112, 0.01, 97261, 0.187, 180284.0, 0.347, -16572, -0.032, 84409.5, 0.163
'MUSCLE_diversified_replicate.acb.230.afa', 31965.0, 0.061, 33424, 0.063, 4893, 0.009, 91143, 0.173, 172705.0, 0.328, -22514, -0.043, 75261.5, 0.143
'MUSCLE_diversified_replicate.acb.234.afa', 32069.0, 0.062, 30696, 0.06, 5030, 0.01, 96391, 0.188, 174622.0, 0.34, -19332, -0.038, 76914.5, 0.15
'MUSCLE_diversified_replicate.acb.238.afa', 31515.0, 0.061, 31070, 0.06, 5318, 0.01, 96751, 0.186, 171142.0, 0.329, -20813, -0.04, 70045.5, 0.135
'MUSCLE_diversified_replicate.acb.242.afa', 31985.0, 0.064, 33274, 0.066, 5053, 0.01, 91403, 0.182, 173414.0, 0.344, -23189, -0.046, 74205.5, 0.147
'MUSCLE_diversified_replicate.acb.246.afa', 31840.0, 0.06, 33220, 0.063, 4904, 0.009, 91801, 0.173, 172776.0, 0.326, -22556, -0.043, 74895.5, 0.141
'MUSCLE_diversified_replicate.acb.250.afa', 31747.0, 0.063, 33415, 0.067, 4936, 0.01, 91597, 0.182, 172793.0, 0.344, -23003, -0.046, 74375.5, 0.148
'MUSCLE_diversified_replicate.acb.254.afa', 32046.0, 0.06, 30450, 0.057, 5006, 0.009, 96929, 0.18, 174336.0, 0.324, -18905, -0.035, 76930.5, 0.143
'MUSCLE_diversified_replicate.acb.258.afa', 31559.0, 0.06, 30820, 0.059, 5244, 0.01, 97163, 0.184, 171592.0, 0.326, -19852, -0.038, 71694.5, 0.136
'MUSCLE_diversified_replicate.acb.26.afa', 32601.0, 0.062, 30482, 0.058, 5030, 0.01, 95755, 0.182, 177317.0, 0.337, -19184, -0.036, 80075.5, 0.152
'MUSCLE_diversified_replicate.acb.262.afa', 33310.0, 0.063, 28652, 0.054, 4947, 0.009, 97997, 0.185, 180915.0, 0.342, -16131, -0.03, 86103.5, 0.163
'MUSCLE_diversified_replicate.acb.266.afa', 32533.0, 0.064, 30159, 0.059, 5258, 0.01, 96537, 0.19, 177015.0, 0.348, -18144, -0.036, 79054.5, 0.156
'MUSCLE_diversified_replicate.acb.270.afa', 32249.0, 0.053, 31229, 0.052, 4931, 0.008, 94965, 0.157, 175387.0, 0.289, -20346, -0.034, 77972.5, 0.129
'MUSCLE_diversified_replicate.acb.274.afa', 32351.0, 0.065, 30919, 0.062, 5233, 0.01, 95381, 0.191, 176108.0, 0.353, -18901, -0.038, 78118.5, 0.157
'MUSCLE_diversified_replicate.acb.278.afa', 31836.0, 0.06, 33549, 0.063, 4905, 0.009, 91151, 0.171, 172226.0, 0.322, -23189, -0.043, 74031.5, 0.139
'MUSCLE_diversified_replicate.acb.282.afa', 31948.0, 0.06, 33609, 0.063, 4824, 0.009, 90807, 0.171, 172468.0, 0.325, -23570, -0.044, 74550.5, 0.141
'MUSCLE_diversified_replicate.acb.286.afa', 33434.0, 0.067, 28753, 0.058, 4820, 0.01, 97547, 0.195, 181454.0, 0.363, -16159, -0.032, 87601.5, 0.175
'MUSCLE_diversified_replicate.acb.290.afa', 33536.0, 0.068, 28624, 0.058, 4824, 0.01, 97601, 0.198, 182172.0, 0.369, -15931, -0.032, 88496.5, 0.179
'MUSCLE_diversified_replicate.acb.294.afa', 31470.0, 0.062, 31174, 0.061, 5342, 0.01, 96633, 0.19, 170654.0, 0.335, -20646, -0.041, 69639.5, 0.137
'MUSCLE_diversified_replicate.acb.298.afa', 32031.0, 0.061, 31253, 0.059, 4952, 0.009, 95353, 0.181, 174128.0, 0.331, -19978, -0.038, 76761.5, 0.146
'MUSCLE_diversified_replicate.acb.30.afa', 31621.0, 0.061, 33615, 0.065, 5131, 0.01, 91449, 0.176, 170868.0, 0.33, -22980, -0.044, 71377.5, 0.138
'MUSCLE_diversified_replicate.acb.302.afa', 31688.0, 0.061, 33361, 0.064, 4915, 0.009, 91823, 0.176, 171316.0, 0.329, -23149, -0.044, 72765.5, 0.14
'MUSCLE_diversified_replicate.acb.306.afa', 32641.0, 0.063, 29359, 0.057, 5070, 0.01, 97921, 0.189, 177435.0, 0.342, -17023, -0.033, 81031.5, 0.156
'MUSCLE_diversified_replicate.acb.310.afa', 31965.0, 0.06, 33443, 0.063, 4873, 0.009, 91105, 0.171, 172699.0, 0.325, -22910, -0.043, 74998.5, 0.141
'MUSCLE_diversified_replicate.acb.314.afa', 32430.0, 0.061, 29653, 0.056, 5150, 0.01, 97755, 0.184, 176054.0, 0.332, -18146, -0.034, 78130.5, 0.147
'MUSCLE_diversified_replicate.acb.318.afa', 33635.0, 0.068, 28463, 0.058, 4979, 0.01, 97725, 0.198, 182537.0, 0.37, -15655, -0.032, 88145.5, 0.179
'MUSCLE_diversified_replicate.acb.322.afa', 32614.0, 0.06, 29116, 0.054, 5270, 0.01, 98461, 0.182, 176825.0, 0.327, -17354, -0.032, 78620.5, 0.146
'MUSCLE_diversified_replicate.acb.326.afa', 32126.0, 0.051, 29999, 0.048, 5204, 0.008, 97671, 0.156, 174546.0, 0.278, -17816, -0.028, 76670.5, 0.122
'MUSCLE_diversified_replicate.acb.330.afa', 33246.0, 0.063, 29077, 0.055, 5046, 0.01, 97275, 0.186, 180387.0, 0.344, -17308, -0.033, 84165.5, 0.161
'MUSCLE_diversified_replicate.acb.334.afa', 32526.0, 0.061, 30689, 0.058, 5081, 0.01, 95491, 0.18, 176764.0, 0.332, -18999, -0.036, 79533.5, 0.15
'MUSCLE_diversified_replicate.acb.338.afa', 31794.0, 0.06, 30791, 0.058, 5175, 0.01, 96751, 0.182, 172789.0, 0.325, -20156, -0.038, 73207.5, 0.138
'MUSCLE_diversified_replicate.acb.34.afa', 33358.0, 0.067, 28939, 0.058, 4868, 0.01, 97327, 0.196, 181102.0, 0.364, -16268, -0.033, 86962.5, 0.175
'MUSCLE_diversified_replicate.acb.342.afa', 33349.0, 0.066, 28968, 0.058, 4924, 0.01, 97287, 0.194, 181180.0, 0.361, -16494, -0.033, 86498.5, 0.172
'MUSCLE_diversified_replicate.acb.346.afa', 32203.0, 0.06, 30394, 0.057, 5051, 0.009, 96727, 0.18, 175275.0, 0.327, -19124, -0.036, 77481.5, 0.144
'MUSCLE_diversified_replicate.acb.350.afa', 31497.0, 0.059, 33929, 0.064, 5156, 0.01, 91069, 0.172, 170175.0, 0.321, -23470, -0.044, 70234.5, 0.132
'MUSCLE_diversified_replicate.acb.354.afa', 31403.0, 0.059, 31112, 0.059, 5294, 0.01, 96891, 0.183, 170758.0, 0.322, -20410, -0.038, 70138.5, 0.132
'MUSCLE_diversified_replicate.acb.358.afa', 32207.0, 0.061, 31194, 0.059, 5252, 0.01, 95119, 0.18, 174818.0, 0.331, -19918, -0.038, 75828.5, 0.144
'MUSCLE_diversified_replicate.acb.362.afa', 33241.0, 0.065, 28854, 0.057, 4725, 0.009, 97731, 0.192, 180225.0, 0.354, -17174, -0.034, 85835.5, 0.168
'MUSCLE_diversified_replicate.acb.366.afa', 32784.0, 0.063, 30088, 0.058, 5036, 0.01, 96177, 0.186, 178348.0, 0.345, -17433, -0.034, 82610.5, 0.16
'MUSCLE_diversified_replicate.acb.370.afa', 32182.0, 0.061, 30132, 0.057, 5332, 0.01, 97293, 0.185, 174892.0, 0.332, -17981, -0.034, 76272.5, 0.145
'MUSCLE_diversified_replicate.acb.374.afa', 31703.0, 0.061, 30106, 0.058, 5468, 0.011, 98303, 0.19, 172422.0, 0.333, -19071, -0.037, 71391.5, 0.138
'MUSCLE_diversified_replicate.acb.378.afa', 33217.0, 0.063, 29054, 0.055, 4972, 0.009, 97379, 0.184, 180412.0, 0.342, -16364, -0.031, 85526.5, 0.162
'MUSCLE_diversified_replicate.acb.38.afa', 32346.0, 0.064, 31021, 0.061, 5118, 0.01, 95187, 0.187, 175721.0, 0.346, -19479, -0.038, 77940.5, 0.153
'MUSCLE_diversified_replicate.acb.382.afa', 31820.0, 0.06, 30458, 0.057, 5191, 0.01, 97365, 0.183, 173470.0, 0.326, -17803, -0.033, 75838.5, 0.142
'MUSCLE_diversified_replicate.acb.386.afa', 33137.0, 0.065, 28601, 0.057, 4835, 0.01, 98445, 0.195, 180002.0, 0.356, -16292, -0.032, 85477.5, 0.169
'MUSCLE_diversified_replicate.acb.390.afa', 32173.0, 0.062, 33426, 0.064, 4958, 0.009, 90723, 0.173, 173736.0, 0.332, -23589, -0.045, 75037.5, 0.143
'MUSCLE_diversified_replicate.acb.394.afa', 31631.0, 0.06, 32959, 0.063, 5154, 0.01, 92741, 0.176, 171188.0, 0.326, -22133, -0.042, 71760.5, 0.137
'MUSCLE_diversified_replicate.acb.398.afa', 31410.0, 0.06, 31279, 0.06, 5100, 0.01, 96543, 0.185, 170602.0, 0.327, -20527, -0.039, 71203.5, 0.136
'MUSCLE_diversified_replicate.acb.42.afa', 31986.0, 0.061, 31496, 0.06, 5418, 0.01, 94957, 0.18, 172483.0, 0.327, -20040, -0.038, 72456.5, 0.137
'MUSCLE_diversified_replicate.acb.46.afa', 32118.0, 0.063, 33506, 0.065, 5020, 0.01, 90673, 0.177, 173410.0, 0.338, -22614, -0.044, 75339.5, 0.147
'MUSCLE_diversified_replicate.acb.50.afa', 31703.0, 0.061, 33555, 0.065, 5098, 0.01, 91405, 0.177, 171256.0, 0.332, -22866, -0.044, 72099.5, 0.14
'MUSCLE_diversified_replicate.acb.54.afa', 32573.0, 0.062, 29628, 0.057, 5162, 0.01, 97519, 0.186, 176613.0, 0.337, -17971, -0.034, 78910.5, 0.151
'MUSCLE_diversified_replicate.acb.58.afa', 32481.0, 0.062, 29952, 0.057, 5149, 0.01, 97055, 0.186, 176371.0, 0.338, -18340, -0.035, 78609.5, 0.151
'MUSCLE_diversified_replicate.acb.6.afa', 32440.0, 0.062, 30502, 0.059, 5092, 0.01, 96037, 0.184, 176416.0, 0.339, -18588, -0.036, 79257.5, 0.152
'MUSCLE_diversified_replicate.acb.62.afa', 32436.0, 0.065, 30862, 0.062, 4827, 0.01, 95325, 0.191, 176283.0, 0.353, -20215, -0.04, 79443.5, 0.159
'MUSCLE_diversified_replicate.acb.66.afa', 32364.0, 0.062, 30038, 0.057, 4998, 0.01, 97117, 0.185, 175759.0, 0.335, -19230, -0.037, 77982.5, 0.149
'MUSCLE_diversified_replicate.acb.70.afa', 31722.0, 0.062, 30554, 0.059, 5413, 0.01, 97369, 0.189, 172574.0, 0.335, -18763, -0.036, 72648.5, 0.141
'MUSCLE_diversified_replicate.acb.74.afa', 31998.0, 0.061, 33643, 0.064, 4799, 0.009, 90639, 0.172, 172872.0, 0.327, -23102, -0.044, 75656.5, 0.143
'MUSCLE_diversified_replicate.acb.78.afa', 31667.0, 0.06, 33902, 0.065, 5129, 0.01, 90783, 0.173, 170936.0, 0.325, -23057, -0.044, 71713.5, 0.136
'MUSCLE_diversified_replicate.acb.82.afa', 31497.0, 0.06, 30863, 0.059, 4942, 0.009, 97201, 0.185, 171041.0, 0.325, -19968, -0.038, 72820.5, 0.139
'MUSCLE_diversified_replicate.acb.86.afa', 32233.0, 0.062, 31213, 0.06, 4979, 0.01, 95029, 0.182, 175398.0, 0.336, -19627, -0.038, 78382.5, 0.15
'MUSCLE_diversified_replicate.acb.90.afa', 32411.0, 0.063, 30892, 0.06, 5185, 0.01, 95315, 0.186, 176371.0, 0.344, -19287, -0.038, 78316.5, 0.153
'MUSCLE_diversified_replicate.acb.94.afa', 33454.0, 0.068, 28720, 0.058, 4744, 0.01, 97573, 0.198, 181494.0, 0.368, -16609, -0.034, 87634.5, 0.178
'MUSCLE_diversified_replicate.acb.98.afa', 31859.0, 0.061, 32514, 0.062, 5096, 0.01, 93175, 0.178, 172230.0, 0.328, -22479, -0.043, 72587.5, 0.138
'MUSCLE_diversified_replicate.bca.103.afa', 31747.0, 0.061, 33002, 0.063, 4771, 0.009, 92423, 0.177, 172602.0, 0.33, -22743, -0.043, 75021.5, 0.143
'MUSCLE_diversified_replicate.bca.107.afa', 32597.0, 0.062, 30403, 0.058, 5071, 0.01, 95921, 0.182, 177319.0, 0.336, -18909, -0.036, 80023.5, 0.152
'MUSCLE_diversified_replicate.bca.11.afa', 32244.0, 0.062, 30925, 0.059, 4810, 0.009, 95583, 0.183, 175509.0, 0.336, -19661, -0.038, 79196.5, 0.151
'MUSCLE_diversified_replicate.bca.111.afa', 31490.0, 0.059, 32198, 0.06, 4990, 0.009, 94545, 0.176, 171211.0, 0.319, -21970, -0.041, 72028.5, 0.134
'MUSCLE_diversified_replicate.bca.115.afa', 31247.0, 0.052, 33477, 0.056, 5376, 0.009, 92473, 0.154, 169642.0, 0.283, -22734, -0.038, 68415.5, 0.114
'MUSCLE_diversified_replicate.bca.119.afa', 31748.0, 0.061, 32752, 0.062, 5029, 0.01, 92921, 0.177, 172753.0, 0.329, -22188, -0.042, 73930.5, 0.141
'MUSCLE_diversified_replicate.bca.123.afa', 32509.0, 0.064, 30506, 0.06, 5051, 0.01, 95891, 0.189, 176880.0, 0.348, -18210, -0.036, 80418.5, 0.158
'MUSCLE_diversified_replicate.bca.127.afa', 32324.0, 0.065, 31219, 0.063, 5137, 0.01, 94835, 0.191, 175300.0, 0.352, -19775, -0.04, 77285.5, 0.155
'MUSCLE_diversified_replicate.bca.131.afa', 31951.0, 0.061, 30700, 0.059, 5317, 0.01, 96619, 0.184, 173762.0, 0.331, -19424, -0.037, 74126.5, 0.141
'MUSCLE_diversified_replicate.bca.135.afa', 31677.0, 0.061, 31872, 0.062, 4991, 0.01, 94823, 0.183, 172384.0, 0.333, -20994, -0.041, 74032.5, 0.143
'MUSCLE_diversified_replicate.bca.139.afa', 32397.0, 0.062, 30996, 0.059, 4927, 0.009, 95135, 0.181, 176209.0, 0.336, -19013, -0.036, 80066.5, 0.153
'MUSCLE_diversified_replicate.bca.143.afa', 31654.0, 0.062, 33251, 0.065, 5033, 0.01, 92111, 0.18, 172352.0, 0.337, -22935, -0.045, 73163.5, 0.143
'MUSCLE_diversified_replicate.bca.147.afa', 32080.0, 0.061, 30499, 0.058, 5209, 0.01, 96763, 0.184, 174336.0, 0.331, -18924, -0.036, 75776.5, 0.144
'MUSCLE_diversified_replicate.bca.15.afa', 32655.0, 0.051, 29691, 0.046, 4907, 0.008, 97229, 0.152, 177667.0, 0.277, -18093, -0.028, 81517.5, 0.127
'MUSCLE_diversified_replicate.bca.151.afa', 31368.0, 0.059, 32283, 0.061, 4982, 0.009, 94619, 0.179, 170642.0, 0.323, -21876, -0.041, 71564.5, 0.136
'MUSCLE_diversified_replicate.bca.155.afa', 33099.0, 0.063, 29049, 0.055, 4986, 0.009, 97625, 0.185, 179814.0, 0.341, -16884, -0.032, 84201.5, 0.159
'MUSCLE_diversified_replicate.bca.159.afa', 31714.0, 0.06, 31064, 0.059, 4853, 0.009, 96365, 0.183, 172625.0, 0.327, -20189, -0.038, 75135.5, 0.142
'MUSCLE_diversified_replicate.bca.163.afa', 31634.0, 0.06, 33237, 0.063, 4955, 0.009, 92179, 0.174, 171738.0, 0.325, -23089, -0.044, 72829.5, 0.138
'MUSCLE_diversified_replicate.bca.167.afa', 31209.0, 0.057, 32273, 0.059, 5501, 0.01, 94957, 0.175, 169659.0, 0.312, -22131, -0.041, 67043.5, 0.123
'MUSCLE_diversified_replicate.bca.171.afa', 33329.0, 0.065, 29058, 0.057, 4897, 0.01, 97147, 0.19, 180887.0, 0.353, -16231, -0.032, 86700.5, 0.169
'MUSCLE_diversified_replicate.bca.175.afa', 32416.0, 0.06, 30382, 0.057, 5026, 0.009, 96325, 0.18, 176308.0, 0.329, -18264, -0.034, 79725.5, 0.149
'MUSCLE_diversified_replicate.bca.179.afa', 32497.0, 0.062, 29519, 0.056, 5127, 0.01, 97889, 0.185, 176512.0, 0.334, -17857, -0.034, 78948.5, 0.15
'MUSCLE_diversified_replicate.bca.183.afa', 32559.0, 0.061, 30408, 0.057, 5034, 0.009, 95987, 0.181, 177138.0, 0.334, -18604, -0.035, 80336.5, 0.151
'MUSCLE_diversified_replicate.bca.187.afa', 32605.0, 0.064, 29845, 0.059, 5382, 0.011, 97021, 0.19, 177328.0, 0.348, -17941, -0.035, 78584.5, 0.154
'MUSCLE_diversified_replicate.bca.19.afa', 32530.0, 0.063, 30545, 0.059, 5648, 0.011, 95771, 0.185, 176406.0, 0.34, -18408, -0.036, 76224.5, 0.147
'MUSCLE_diversified_replicate.bca.191.afa', 32237.0, 0.065, 31087, 0.063, 5044, 0.01, 95273, 0.192, 175374.0, 0.353, -19510, -0.039, 77963.5, 0.157
'MUSCLE_diversified_replicate.bca.195.afa', 31719.0, 0.062, 33366, 0.065, 5021, 0.01, 91751, 0.18, 172120.0, 0.338, -22810, -0.045, 73308.5, 0.144
'MUSCLE_diversified_replicate.bca.199.afa', 32455.0, 0.061, 29618, 0.055, 5162, 0.01, 97775, 0.183, 176219.0, 0.329, -17930, -0.033, 78429.5, 0.147
'MUSCLE_diversified_replicate.bca.203.afa', 33364.0, 0.067, 28952, 0.059, 4897, 0.01, 97289, 0.197, 181108.0, 0.366, -16328, -0.033, 86753.5, 0.175
'MUSCLE_diversified_replicate.bca.207.afa', 32522.0, 0.061, 30455, 0.057, 5233, 0.01, 95967, 0.181, 177052.0, 0.333, -18464, -0.035, 79206.5, 0.149
'MUSCLE_diversified_replicate.bca.211.afa', 31819.0, 0.062, 31918, 0.062, 5178, 0.01, 94447, 0.183, 173193.0, 0.335, -21138, -0.041, 73763.5, 0.143
'MUSCLE_diversified_replicate.bca.215.afa', 32201.0, 0.061, 31114, 0.059, 5079, 0.01, 95291, 0.18, 174715.0, 0.33, -20162, -0.038, 76433.5, 0.144
'MUSCLE_diversified_replicate.bca.219.afa', 33209.0, 0.063, 28622, 0.054, 5012, 0.01, 98259, 0.187, 180252.0, 0.342, -15572, -0.03, 85478.5, 0.162
'MUSCLE_diversified_replicate.bca.223.afa', 32167.0, 0.06, 30738, 0.057, 5023, 0.009, 96111, 0.179, 174965.0, 0.326, -19354, -0.036, 77417.5, 0.144
'MUSCLE_diversified_replicate.bca.227.afa', 32524.0, 0.066, 30710, 0.062, 4941, 0.01, 95453, 0.193, 176891.0, 0.358, -18986, -0.038, 80532.5, 0.163
'MUSCLE_diversified_replicate.bca.23.afa', 32305.0, 0.065, 30027, 0.061, 5410, 0.011, 97257, 0.197, 175637.0, 0.355, -18455, -0.037, 76093.5, 0.154
'MUSCLE_diversified_replicate.bca.231.afa', 30543.0, 0.058, 32521, 0.061, 4816, 0.009, 95793, 0.181, 166173.0, 0.313, -22378, -0.042, 67002.5, 0.126
'MUSCLE_diversified_replicate.bca.235.afa', 31684.0, 0.063, 31192, 0.062, 4866, 0.01, 96169, 0.19, 172254.0, 0.34, -20388, -0.04, 74585.5, 0.147
'MUSCLE_diversified_replicate.bca.239.afa', 32562.0, 0.063, 30670, 0.059, 5009, 0.01, 95457, 0.184, 176935.0, 0.341, -18710, -0.036, 80442.5, 0.155
'MUSCLE_diversified_replicate.bca.243.afa', 33419.0, 0.068, 28762, 0.058, 5105, 0.01, 97559, 0.198, 181385.0, 0.367, -15915, -0.032, 86060.5, 0.174
'MUSCLE_diversified_replicate.bca.247.afa', 32000.0, 0.061, 32713, 0.063, 4850, 0.009, 92495, 0.177, 173875.0, 0.333, -21835, -0.042, 76692.5, 0.147
'MUSCLE_diversified_replicate.bca.251.afa', 31620.0, 0.063, 33053, 0.066, 4860, 0.01, 92575, 0.186, 171689.0, 0.344, -23091, -0.046, 73150.5, 0.147
'MUSCLE_diversified_replicate.bca.255.afa', 32498.0, 0.063, 30606, 0.059, 5069, 0.01, 95713, 0.184, 176589.0, 0.34, -18540, -0.036, 79778.5, 0.154
'MUSCLE_diversified_replicate.bca.259.afa', 32310.0, 0.064, 31120, 0.062, 4998, 0.01, 95061, 0.188, 175269.0, 0.347, -19571, -0.039, 78179.5, 0.155
'MUSCLE_diversified_replicate.bca.263.afa', 32116.0, 0.061, 31121, 0.059, 5414, 0.01, 95447, 0.18, 174773.0, 0.33, -19264, -0.036, 75301.5, 0.142
'MUSCLE_diversified_replicate.bca.267.afa', 31756.0, 0.06, 31592, 0.06, 5063, 0.01, 95225, 0.181, 172868.0, 0.329, -20837, -0.04, 74040.5, 0.141
'MUSCLE_diversified_replicate.bca.27.afa', 31613.0, 0.061, 32770, 0.064, 5021, 0.01, 93155, 0.181, 172002.0, 0.334, -22617, -0.044, 72681.5, 0.141
'MUSCLE_diversified_replicate.bca.271.afa', 33637.0, 0.068, 28619, 0.058, 4934, 0.01, 97409, 0.197, 182495.0, 0.37, -15620, -0.032, 88566.5, 0.179
'MUSCLE_diversified_replicate.bca.275.afa', 32622.0, 0.051, 29891, 0.047, 4911, 0.008, 96895, 0.152, 177493.0, 0.279, -17749, -0.028, 81830.5, 0.129
'MUSCLE_diversified_replicate.bca.279.afa', 32154.0, 0.062, 30988, 0.06, 4978, 0.01, 95637, 0.184, 174928.0, 0.336, -19847, -0.038, 77394.5, 0.149
'MUSCLE_diversified_replicate.bca.283.afa', 31701.0, 0.059, 32745, 0.061, 4880, 0.009, 93029, 0.174, 172365.0, 0.323, -22256, -0.042, 74314.5, 0.139
'MUSCLE_diversified_replicate.bca.287.afa', 32299.0, 0.062, 30968, 0.059, 4962, 0.01, 95387, 0.183, 175571.0, 0.337, -19597, -0.038, 78508.5, 0.151
'MUSCLE_diversified_replicate.bca.291.afa', 32457.0, 0.062, 31025, 0.06, 5009, 0.01, 94957, 0.182, 176571.0, 0.339, -19263, -0.037, 79775.5, 0.153
'MUSCLE_diversified_replicate.bca.295.afa', 32366.0, 0.064, 30951, 0.061, 5013, 0.01, 95287, 0.187, 176024.0, 0.346, -19844, -0.039, 78458.5, 0.154
'MUSCLE_diversified_replicate.bca.299.afa', 31143.0, 0.059, 32338, 0.061, 4954, 0.009, 94959, 0.18, 169354.0, 0.321, -22769, -0.043, 69381.5, 0.131
'MUSCLE_diversified_replicate.bca.3.afa', 32299.0, 0.06, 29619, 0.055, 5189, 0.01, 98085, 0.183, 175384.0, 0.328, -17608, -0.033, 77599.5, 0.145
'MUSCLE_diversified_replicate.bca.303.afa', 31401.0, 0.059, 33100, 0.062, 5001, 0.009, 92919, 0.175, 170829.0, 0.322, -22598, -0.043, 71765.5, 0.135
'MUSCLE_diversified_replicate.bca.307.afa', 32223.0, 0.063, 30929, 0.061, 5412, 0.011, 95617, 0.188, 175451.0, 0.345, -18956, -0.037, 76214.5, 0.15
'MUSCLE_diversified_replicate.bca.31.afa', 33157.0, 0.065, 29177, 0.058, 4899, 0.01, 97253, 0.192, 180179.0, 0.355, -17044, -0.034, 85114.5, 0.168
'MUSCLE_diversified_replicate.bca.311.afa', 32546.0, 0.062, 30520, 0.058, 5134, 0.01, 95789, 0.183, 177099.0, 0.338, -19177, -0.037, 79223.5, 0.151
'MUSCLE_diversified_replicate.bca.315.afa', 32053.0, 0.065, 32062, 0.065, 4841, 0.01, 93691, 0.19, 174128.0, 0.354, -21245, -0.043, 76991.5, 0.156
'MUSCLE_diversified_replicate.bca.319.afa', 32221.0, 0.062, 30541, 0.059, 5032, 0.01, 96397, 0.186, 175306.0, 0.338, -18757, -0.036, 78158.5, 0.15
'MUSCLE_diversified_replicate.bca.323.afa', 31487.0, 0.062, 32477, 0.064, 5057, 0.01, 93993, 0.185, 171494.0, 0.338, -22310, -0.044, 71845.5, 0.142
'MUSCLE_diversified_replicate.bca.327.afa', 32806.0, 0.065, 30108, 0.06, 5060, 0.01, 96093, 0.191, 178189.0, 0.354, -17441, -0.035, 82341.5, 0.164
'MUSCLE_diversified_replicate.bca.331.afa', 31693.0, 0.061, 32547, 0.062, 5230, 0.01, 93441, 0.179, 172523.0, 0.331, -21050, -0.04, 73372.5, 0.141
'MUSCLE_diversified_replicate.bca.335.afa', 33233.0, 0.064, 29017, 0.056, 4886, 0.009, 97421, 0.187, 180554.0, 0.347, -16450, -0.032, 86077.5, 0.165
'MUSCLE_diversified_replicate.bca.339.afa', 31399.0, 0.061, 32101, 0.062, 5129, 0.01, 94921, 0.184, 170946.0, 0.331, -21211, -0.041, 71500.5, 0.139
'MUSCLE_diversified_replicate.bca.343.afa', 31962.0, 0.063, 31313, 0.062, 4823, 0.01, 95371, 0.189, 173815.0, 0.345, -19862, -0.039, 77329.5, 0.154
'MUSCLE_diversified_replicate.bca.347.afa', 32559.0, 0.065, 30043, 0.06, 5006, 0.01, 96717, 0.194, 176802.0, 0.355, -17792, -0.036, 80615.5, 0.162
'MUSCLE_diversified_replicate.bca.35.afa', 33397.0, 0.063, 28701, 0.054, 4750, 0.009, 97725, 0.185, 180960.0, 0.342, -16623, -0.031, 86974.5, 0.164
'MUSCLE_diversified_replicate.bca.351.afa', 31423.0, 0.059, 33372, 0.063, 5187, 0.01, 92331, 0.174, 170884.0, 0.323, -22562, -0.043, 71034.5, 0.134
'MUSCLE_diversified_replicate.bca.355.afa', 32170.0, 0.062, 30575, 0.058, 5128, 0.01, 96431, 0.184, 174508.0, 0.334, -19505, -0.037, 76019.5, 0.145
'MUSCLE_diversified_replicate.bca.359.afa', 31649.0, 0.059, 32708, 0.061, 4997, 0.009, 93207, 0.175, 172215.0, 0.322, -22199, -0.042, 73430.5, 0.137
'MUSCLE_diversified_replicate.bca.363.afa', 33134.0, 0.063, 28609, 0.054, 4684, 0.009, 98435, 0.187, 179779.0, 0.341, -16572, -0.031, 85885.5, 0.163
'MUSCLE_diversified_replicate.bca.367.afa', 31489.0, 0.061, 33347, 0.064, 5256, 0.01, 92249, 0.178, 171298.0, 0.331, -23134, -0.045, 70503.5, 0.136
'MUSCLE_diversified_replicate.bca.371.afa', 33017.0, 0.062, 29246, 0.055, 4906, 0.009, 97395, 0.184, 179557.0, 0.339, -17031, -0.032, 84392.5, 0.159
'MUSCLE_diversified_replicate.bca.375.afa', 32388.0, 0.064, 31010, 0.061, 4928, 0.01, 95125, 0.187, 176142.0, 0.346, -19964, -0.039, 79047.5, 0.155
'MUSCLE_diversified_replicate.bca.379.afa', 32884.0, 0.063, 29622, 0.057, 5354, 0.01, 96909, 0.186, 178753.0, 0.343, -17241, -0.033, 80933.5, 0.155
'MUSCLE_diversified_replicate.bca.383.afa', 32603.0, 0.064, 29881, 0.058, 5101, 0.01, 96953, 0.189, 177231.0, 0.346, -17977, -0.035, 80171.5, 0.157
'MUSCLE_diversified_replicate.bca.387.afa', 32519.0, 0.062, 30860, 0.059, 5296, 0.01, 95163, 0.182, 176418.0, 0.338, -18662, -0.036, 78398.5, 0.15
'MUSCLE_diversified_replicate.bca.39.afa', 32700.0, 0.064, 29733, 0.058, 5166, 0.01, 97055, 0.189, 178047.0, 0.346, -17712, -0.034, 80811.5, 0.157
'MUSCLE_diversified_replicate.bca.391.afa', 31736.0, 0.063, 32215, 0.064, 5009, 0.01, 94019, 0.187, 172567.0, 0.344, -22400, -0.045, 73103.5, 0.146
'MUSCLE_diversified_replicate.bca.395.afa', 33394.0, 0.067, 28776, 0.058, 4951, 0.01, 97581, 0.197, 180800.0, 0.365, -15899, -0.032, 86404.5, 0.175
'MUSCLE_diversified_replicate.bca.399.afa', 31496.0, 0.061, 33211, 0.064, 4790, 0.009, 92507, 0.179, 171316.0, 0.331, -22751, -0.044, 73571.5, 0.142
'MUSCLE_diversified_replicate.bca.43.afa', 31950.0, 0.061, 32579, 0.062, 4961, 0.01, 92863, 0.178, 173919.0, 0.333, -21592, -0.041, 76129.5, 0.146
'MUSCLE_diversified_replicate.bca.47.afa', 31572.0, 0.059, 32791, 0.061, 4906, 0.009, 93195, 0.174, 171756.0, 0.32, -23260, -0.043, 72462.5, 0.135
'MUSCLE_diversified_replicate.bca.51.afa', 31650.0, 0.063, 33616, 0.067, 4769, 0.009, 91389, 0.182, 172159.0, 0.342, -23325, -0.046, 74525.5, 0.148
'MUSCLE_diversified_replicate.bca.55.afa', 32030.0, 0.06, 30747, 0.057, 5006, 0.009, 96367, 0.18, 173833.0, 0.325, -20635, -0.039, 74978.5, 0.14
'MUSCLE_diversified_replicate.bca.59.afa', 32589.0, 0.064, 29490, 0.058, 5061, 0.01, 97763, 0.193, 177039.0, 0.35, -17156, -0.034, 80635.5, 0.159
'MUSCLE_diversified_replicate.bca.63.afa', 31720.0, 0.06, 30697, 0.058, 5266, 0.01, 97087, 0.182, 172520.0, 0.324, -19628, -0.037, 72752.5, 0.137
'MUSCLE_diversified_replicate.bca.67.afa', 30831.0, 0.06, 33591, 0.065, 5011, 0.01, 93077, 0.181, 167551.0, 0.326, -23692, -0.046, 67254.5, 0.131
'MUSCLE_diversified_replicate.bca.7.afa', 31475.0, 0.062, 33253, 0.065, 4972, 0.01, 92465, 0.182, 171420.0, 0.337, -23106, -0.045, 72249.5, 0.142
'MUSCLE_diversified_replicate.bca.71.afa', 31798.0, 0.062, 32512, 0.063, 4989, 0.01, 93301, 0.181, 173003.0, 0.336, -21886, -0.043, 74532.5, 0.145
'MUSCLE_diversified_replicate.bca.75.afa', 31502.0, 0.063, 33227, 0.066, 5349, 0.011, 92463, 0.185, 171002.0, 0.342, -22412, -0.045, 70264.5, 0.141
'MUSCLE_diversified_replicate.bca.79.afa', 31337.0, 0.059, 32258, 0.061, 4869, 0.009, 94731, 0.179, 170278.0, 0.322, -21703, -0.041, 71995.5, 0.136
'MUSCLE_diversified_replicate.bca.83.afa', 31803.0, 0.063, 32821, 0.065, 4829, 0.01, 92673, 0.184, 172880.0, 0.343, -22818, -0.045, 74751.5, 0.148
'MUSCLE_diversified_replicate.bca.87.afa', 31616.0, 0.062, 32170, 0.063, 4991, 0.01, 94349, 0.185, 171857.0, 0.337, -22117, -0.043, 72619.5, 0.143
'MUSCLE_diversified_replicate.bca.91.afa', 31739.0, 0.061, 32645, 0.063, 5148, 0.01, 93153, 0.18, 172490.0, 0.334, -21743, -0.042, 73282.5, 0.142
'MUSCLE_diversified_replicate.bca.95.afa', 31755.0, 0.06, 33381, 0.063, 4754, 0.009, 91649, 0.172, 172601.0, 0.325, -23308, -0.044, 74944.5, 0.141
'MUSCLE_diversified_replicate.bca.99.afa', 31207.0, 0.061, 33579, 0.066, 4834, 0.009, 92349, 0.18, 169730.0, 0.331, -23353, -0.046, 71198.5, 0.139
'MUSCLE_diversified_replicate.none.0.afa', 33459.0, 0.056, 28707, 0.048, 4657, 0.008, 97589, 0.164, 181457.0, 0.305, -16083, -0.027, 88637.5, 0.149
'MUSCLE_diversified_replicate.none.100.afa', 31781.0, 0.054, 33410, 0.057, 4795, 0.008, 91539, 0.156, 172765.0, 0.294, -22779, -0.039, 75446.5, 0.128
'MUSCLE_diversified_replicate.none.104.afa', 31625.0, 0.052, 33438, 0.055, 4871, 0.008, 91795, 0.152, 172039.0, 0.285, -22896, -0.038, 74019.5, 0.123
'MUSCLE_diversified_replicate.none.108.afa', 31965.0, 0.055, 33598, 0.058, 4524, 0.008, 90795, 0.156, 173406.0, 0.297, -23297, -0.04, 77567.5, 0.133
'MUSCLE_diversified_replicate.none.112.afa', 32065.0, 0.062, 33324, 0.064, 4841, 0.009, 91143, 0.176, 173945.0, 0.336, -22373, -0.043, 76954.5, 0.149
'MUSCLE_diversified_replicate.none.116.afa', 31992.0, 0.05, 33141, 0.052, 4790, 0.008, 91655, 0.144, 173607.0, 0.273, -22693, -0.036, 76346.5, 0.12
'MUSCLE_diversified_replicate.none.12.afa', 33589.0, 0.055, 28452, 0.047, 4772, 0.008, 97839, 0.16, 182148.0, 0.299, -15784, -0.026, 88812.5, 0.146
'MUSCLE_diversified_replicate.none.120.afa', 33541.0, 0.056, 28534, 0.047, 4714, 0.008, 97771, 0.162, 181758.0, 0.302, -16199, -0.027, 88389.5, 0.147
'MUSCLE_diversified_replicate.none.124.afa', 33457.0, 0.058, 28812, 0.05, 4646, 0.008, 97383, 0.17, 181437.0, 0.316, -16325, -0.028, 88544.5, 0.154
'MUSCLE_diversified_replicate.none.128.afa', 33505.0, 0.056, 28664, 0.048, 4737, 0.008, 97583, 0.164, 181608.0, 0.305, -16202, -0.027, 88192.5, 0.148
'MUSCLE_diversified_replicate.none.132.afa', 33247.0, 0.066, 28964, 0.058, 4893, 0.01, 97499, 0.194, 180429.0, 0.359, -16881, -0.034, 85440.5, 0.17
'MUSCLE_diversified_replicate.none.136.afa', 33541.0, 0.055, 28669, 0.047, 4883, 0.008, 97501, 0.16, 181876.0, 0.299, -16088, -0.026, 87739.5, 0.144
'MUSCLE_diversified_replicate.none.140.afa', 31804.0, 0.052, 33274, 0.055, 4773, 0.008, 91765, 0.15, 172820.0, 0.283, -23125, -0.038, 75174.5, 0.123
'MUSCLE_diversified_replicate.none.144.afa', 33475.0, 0.053, 28519, 0.045, 4787, 0.008, 97933, 0.155, 181518.0, 0.287, -16061, -0.025, 87768.5, 0.139
'MUSCLE_diversified_replicate.none.148.afa', 32073.0, 0.054, 33076, 0.056, 4837, 0.008, 91623, 0.154, 174025.0, 0.293, -22730, -0.038, 76461.5, 0.129
'MUSCLE_diversified_replicate.none.152.afa', 33552.0, 0.053, 28547, 0.045, 4759, 0.008, 97723, 0.154, 181760.0, 0.287, -15889, -0.025, 88455.5, 0.14
'MUSCLE_diversified_replicate.none.156.afa', 33692.0, 0.069, 28676, 0.059, 4723, 0.01, 97185, 0.198, 182711.0, 0.373, -15893, -0.032, 89887.5, 0.183
'MUSCLE_diversified_replicate.none.16.afa', 33522.0, 0.056, 28597, 0.047, 4655, 0.008, 97683, 0.162, 181753.0, 0.302, -15894, -0.026, 89087.5, 0.148
'MUSCLE_diversified_replicate.none.160.afa', 32206.0, 0.055, 33288, 0.057, 4665, 0.008, 90933, 0.156, 174753.0, 0.299, -22857, -0.039, 78439.5, 0.134
'MUSCLE_diversified_replicate.none.164.afa', 33705.0, 0.058, 28462, 0.049, 4945, 0.008, 97587, 0.168, 182805.0, 0.314, -15431, -0.027, 88910.5, 0.153
'MUSCLE_diversified_replicate.none.168.afa', 32034.0, 0.055, 33472, 0.057, 4613, 0.008, 90909, 0.156, 174051.0, 0.298, -23031, -0.039, 77887.5, 0.134
'MUSCLE_diversified_replicate.none.172.afa', 32012.0, 0.055, 33278, 0.058, 4631, 0.008, 91341, 0.158, 173811.0, 0.301, -23307, -0.04, 77047.5, 0.133
'MUSCLE_diversified_replicate.none.176.afa', 31956.0, 0.055, 33411, 0.057, 4678, 0.008, 91187, 0.156, 173695.0, 0.297, -22964, -0.039, 77069.5, 0.132
'MUSCLE_diversified_replicate.none.180.afa', 33587.0, 0.056, 28524, 0.047, 4775, 0.008, 97699, 0.162, 182134.0, 0.302, -15738, -0.026, 88896.5, 0.147
'MUSCLE_diversified_replicate.none.184.afa', 33471.0, 0.067, 28767, 0.058, 4882, 0.01, 97445, 0.196, 181666.0, 0.365, -16023, -0.032, 87628.5, 0.176
'MUSCLE_diversified_replicate.none.188.afa', 33475.0, 0.055, 28599, 0.047, 4712, 0.008, 97773, 0.16, 181620.0, 0.297, -16190, -0.026, 88271.5, 0.144
'MUSCLE_diversified_replicate.none.192.afa', 31925.0, 0.053, 33346, 0.055, 4648, 0.008, 91379, 0.151, 173345.0, 0.287, -22934, -0.038, 76833.5, 0.127
'MUSCLE_diversified_replicate.none.196.afa', 33160.0, 0.058, 28864, 0.05, 4699, 0.008, 97873, 0.171, 179878.0, 0.314, -16434, -0.029, 86313.5, 0.151
'MUSCLE_diversified_replicate.none.20.afa', 33587.0, 0.068, 28648, 0.058, 4785, 0.01, 97451, 0.196, 182174.0, 0.366, -16133, -0.032, 88605.5, 0.178
'MUSCLE_diversified_replicate.none.200.afa', 33505.0, 0.053, 28729, 0.045, 4778, 0.008, 97453, 0.154, 181630.0, 0.287, -16333, -0.026, 87902.5, 0.139
'MUSCLE_diversified_replicate.none.204.afa', 33490.0, 0.056, 28674, 0.048, 4718, 0.008, 97593, 0.164, 181448.0, 0.305, -15902, -0.027, 88441.5, 0.149
'MUSCLE_diversified_replicate.none.208.afa', 31908.0, 0.064, 33492, 0.068, 4686, 0.009, 91121, 0.184, 173326.0, 0.349, -23817, -0.048, 75832.5, 0.153
'MUSCLE_diversified_replicate.none.212.afa', 31753.0, 0.052, 33549, 0.054, 4745, 0.008, 91317, 0.148, 172317.0, 0.28, -23086, -0.037, 75102.5, 0.122
'MUSCLE_diversified_replicate.none.216.afa', 31740.0, 0.052, 33431, 0.055, 4765, 0.008, 91579, 0.151, 172533.0, 0.284, -23373, -0.038, 74780.5, 0.123
'MUSCLE_diversified_replicate.none.220.afa', 31812.0, 0.055, 33365, 0.057, 4758, 0.008, 91567, 0.157, 172792.0, 0.296, -24083, -0.041, 74377.5, 0.128
'MUSCLE_diversified_replicate.none.224.afa', 31953.0, 0.062, 33557, 0.065, 4704, 0.009, 90901, 0.177, 173516.0, 0.338, -23188, -0.045, 76653.5, 0.149
'MUSCLE_diversified_replicate.none.228.afa', 32872.0, 0.06, 29195, 0.053, 4724, 0.009, 97787, 0.177, 178129.0, 0.323, -17564, -0.032, 83327.5, 0.151
'MUSCLE_diversified_replicate.none.232.afa', 33521.0, 0.058, 28722, 0.049, 4689, 0.008, 97435, 0.167, 181723.0, 0.312, -16207, -0.028, 88664.5, 0.152
'MUSCLE_diversified_replicate.none.236.afa', 31979.0, 0.053, 33299, 0.055, 4740, 0.008, 91365, 0.152, 173576.0, 0.289, -23087, -0.038, 76366.5, 0.127
'MUSCLE_diversified_replicate.none.24.afa', 33428.0, 0.054, 28499, 0.046, 4876, 0.008, 98067, 0.159, 181509.0, 0.293, -16062, -0.026, 87157.5, 0.141
'MUSCLE_diversified_replicate.none.240.afa', 33564.0, 0.058, 28614, 0.049, 4720, 0.008, 97565, 0.168, 182001.0, 0.313, -15568, -0.027, 89330.5, 0.154
'MUSCLE_diversified_replicate.none.244.afa', 31745.0, 0.054, 33473, 0.057, 4687, 0.008, 91485, 0.156, 172478.0, 0.295, -23290, -0.04, 75323.5, 0.129
'MUSCLE_diversified_replicate.none.248.afa', 32074.0, 0.054, 33142, 0.056, 4760, 0.008, 91489, 0.154, 173924.0, 0.293, -22736, -0.038, 76883.5, 0.129
'MUSCLE_diversified_replicate.none.252.afa', 33576.0, 0.058, 28603, 0.049, 4738, 0.008, 97563, 0.168, 182063.0, 0.313, -16080, -0.028, 88773.5, 0.153
'MUSCLE_diversified_replicate.none.256.afa', 33507.0, 0.058, 28698, 0.05, 4665, 0.008, 97511, 0.169, 181687.0, 0.316, -15793, -0.027, 89148.5, 0.155
'MUSCLE_diversified_replicate.none.260.afa', 31991.0, 0.054, 33189, 0.056, 4783, 0.008, 91561, 0.154, 173636.0, 0.292, -22947, -0.039, 76210.5, 0.128
'MUSCLE_diversified_replicate.none.264.afa', 32080.0, 0.054, 33247, 0.056, 4635, 0.008, 91267, 0.153, 174185.0, 0.293, -23639, -0.04, 77102.5, 0.13
'MUSCLE_diversified_replicate.none.268.afa', 31588.0, 0.05, 33665, 0.053, 4570, 0.007, 91415, 0.145, 171661.0, 0.273, -23710, -0.038, 74823.5, 0.119
'MUSCLE_diversified_replicate.none.272.afa', 33564.0, 0.057, 28507, 0.048, 4722, 0.008, 97779, 0.166, 181933.0, 0.309, -15693, -0.027, 89018.5, 0.151
'MUSCLE_diversified_replicate.none.276.afa', 33611.0, 0.058, 28689, 0.05, 4776, 0.008, 97321, 0.168, 182315.0, 0.315, -16051, -0.028, 88947.5, 0.154
'MUSCLE_diversified_replicate.none.28.afa', 33544.0, 0.056, 28616, 0.048, 4720, 0.008, 97601, 0.164, 181894.0, 0.306, -15822, -0.027, 88951.5, 0.149
'MUSCLE_diversified_replicate.none.280.afa', 33562.0, 0.055, 28484, 0.047, 4756, 0.008, 97829, 0.16, 181949.0, 0.298, -15854, -0.026, 88644.5, 0.145
'MUSCLE_diversified_replicate.none.284.afa', 33564.0, 0.055, 28520, 0.047, 4762, 0.008, 97753, 0.161, 182047.0, 0.3, -16089, -0.027, 88509.5, 0.146
'MUSCLE_diversified_replicate.none.288.afa', 33521.0, 0.056, 28635, 0.048, 4661, 0.008, 97609, 0.163, 181828.0, 0.303, -15978, -0.027, 89079.5, 0.148
'MUSCLE_diversified_replicate.none.292.afa', 31925.0, 0.056, 33362, 0.058, 4701, 0.008, 91347, 0.159, 173270.0, 0.302, -23135, -0.04, 76255.5, 0.133
'MUSCLE_diversified_replicate.none.296.afa', 31734.0, 0.055, 33515, 0.058, 4694, 0.008, 91423, 0.158, 172577.0, 0.298, -23150, -0.04, 75551.5, 0.131
'MUSCLE_diversified_replicate.none.300.afa', 31878.0, 0.053, 33480, 0.055, 4689, 0.008, 91205, 0.15, 173097.0, 0.285, -23271, -0.038, 76089.5, 0.125
'MUSCLE_diversified_replicate.none.304.afa', 33387.0, 0.053, 28858, 0.045, 4772, 0.008, 97431, 0.153, 180761.0, 0.284, -16702, -0.026, 86711.5, 0.136
'MUSCLE_diversified_replicate.none.308.afa', 33450.0, 0.058, 28816, 0.05, 4683, 0.008, 97389, 0.17, 181472.0, 0.316, -15857, -0.028, 88822.5, 0.155
'MUSCLE_diversified_replicate.none.312.afa', 33565.0, 0.057, 28726, 0.049, 4802, 0.008, 97339, 0.167, 181834.0, 0.311, -16286, -0.028, 88066.5, 0.151
'MUSCLE_diversified_replicate.none.316.afa', 33551.0, 0.064, 28688, 0.055, 4849, 0.009, 97443, 0.187, 181872.0, 0.349, -16017, -0.031, 88039.5, 0.169
'MUSCLE_diversified_replicate.none.32.afa', 33361.0, 0.058, 28793, 0.05, 4803, 0.008, 97613, 0.17, 181086.0, 0.315, -15963, -0.028, 87498.5, 0.152
'MUSCLE_diversified_replicate.none.320.afa', 33480.0, 0.055, 28518, 0.047, 4799, 0.008, 97925, 0.161, 181528.0, 0.298, -15855, -0.026, 87916.5, 0.144
'MUSCLE_diversified_replicate.none.324.afa', 33276.0, 0.054, 28727, 0.047, 4801, 0.008, 97915, 0.159, 180168.0, 0.293, -16041, -0.026, 86363.5, 0.14
'MUSCLE_diversified_replicate.none.328.afa', 33579.0, 0.059, 28696, 0.05, 4714, 0.008, 97371, 0.17, 182074.0, 0.318, -15752, -0.027, 89352.5, 0.156
'MUSCLE_diversified_replicate.none.332.afa', 33593.0, 0.058, 28685, 0.049, 4704, 0.008, 97365, 0.168, 182301.0, 0.314, -16154, -0.028, 89240.5, 0.154
'MUSCLE_diversified_replicate.none.336.afa', 33537.0, 0.057, 28523, 0.048, 4875, 0.008, 97801, 0.165, 181860.0, 0.307, -15535, -0.026, 88174.5, 0.149
'MUSCLE_diversified_replicate.none.340.afa', 33306.0, 0.055, 28774, 0.047, 4739, 0.008, 97761, 0.161, 180696.0, 0.297, -15923, -0.026, 87458.5, 0.144
'MUSCLE_diversified_replicate.none.344.afa', 31943.0, 0.061, 33412, 0.064, 4734, 0.009, 91211, 0.174, 173455.0, 0.331, -24076, -0.046, 75369.5, 0.144
'MUSCLE_diversified_replicate.none.348.afa', 31784.0, 0.052, 33434, 0.055, 4780, 0.008, 91485, 0.15, 172713.0, 0.284, -23208, -0.038, 75082.5, 0.123
'MUSCLE_diversified_replicate.none.352.afa', 33499.0, 0.057, 28746, 0.049, 4836, 0.008, 97431, 0.167, 181747.0, 0.312, -16534, -0.028, 87481.5, 0.15
'MUSCLE_diversified_replicate.none.356.afa', 33309.0, 0.053, 28825, 0.046, 4768, 0.008, 97653, 0.154, 180681.0, 0.285, -16311, -0.026, 86935.5, 0.137
'MUSCLE_diversified_replicate.none.36.afa', 33235.0, 0.057, 28740, 0.049, 4731, 0.008, 97971, 0.169, 180256.0, 0.31, -16387, -0.028, 86497.5, 0.149
'MUSCLE_diversified_replicate.none.360.afa', 33125.0, 0.055, 28942, 0.048, 4659, 0.008, 97787, 0.162, 179459.0, 0.297, -16508, -0.027, 86103.5, 0.142
'MUSCLE_diversified_replicate.none.364.afa', 31812.0, 0.054, 33358, 0.056, 4809, 0.008, 91581, 0.155, 172791.0, 0.293, -23712, -0.04, 74434.5, 0.126
'MUSCLE_diversified_replicate.none.368.afa', 33464.0, 0.057, 28681, 0.049, 4944, 0.008, 97631, 0.167, 181522.0, 0.31, -15822, -0.027, 87220.5, 0.149
'MUSCLE_diversified_replicate.none.372.afa', 31877.0, 0.061, 33390, 0.063, 4684, 0.009, 91387, 0.173, 173121.0, 0.329, -23273, -0.044, 76050.5, 0.144
'MUSCLE_diversified_replicate.none.376.afa', 33468.0, 0.057, 28656, 0.049, 4739, 0.008, 97673, 0.166, 181363.0, 0.309, -16199, -0.028, 87893.5, 0.15
'MUSCLE_diversified_replicate.none.380.afa', 31735.0, 0.054, 33318, 0.057, 4890, 0.008, 91815, 0.157, 172579.0, 0.296, -22644, -0.039, 74687.5, 0.128
'MUSCLE_diversified_replicate.none.384.afa', 33466.0, 0.055, 28652, 0.047, 4671, 0.008, 97685, 0.162, 181534.0, 0.301, -15892, -0.026, 88773.5, 0.147
'MUSCLE_diversified_replicate.none.388.afa', 31514.0, 0.053, 33482, 0.057, 4765, 0.008, 91929, 0.156, 171210.0, 0.291, -23119, -0.039, 73536.5, 0.125
'MUSCLE_diversified_replicate.none.392.afa', 31485.0, 0.053, 33562, 0.057, 4743, 0.008, 91827, 0.155, 171228.0, 0.289, -23837, -0.04, 73019.5, 0.123
'MUSCLE_diversified_replicate.none.396.afa', 31940.0, 0.058, 33000, 0.059, 4866, 0.009, 92041, 0.166, 173493.0, 0.313, -22448, -0.04, 75828.5, 0.137
'MUSCLE_diversified_replicate.none.4.afa', 33527.0, 0.058, 28741, 0.05, 4660, 0.008, 97385, 0.168, 181815.0, 0.314, -16065, -0.028, 89097.5, 0.154
'MUSCLE_diversified_replicate.none.40.afa', 31840.0, 0.055, 33363, 0.058, 4788, 0.008, 91515, 0.159, 172794.0, 0.299, -22755, -0.039, 75553.5, 0.131
'MUSCLE_diversified_replicate.none.44.afa', 31906.0, 0.053, 33312, 0.055, 4722, 0.008, 91485, 0.151, 173298.0, 0.286, -23157, -0.038, 76066.5, 0.126
'MUSCLE_diversified_replicate.none.48.afa', 33627.0, 0.058, 28508, 0.049, 4750, 0.008, 97651, 0.168, 182185.0, 0.314, -16279, -0.028, 88580.5, 0.153
'MUSCLE_diversified_replicate.none.52.afa', 32111.0, 0.055, 33366, 0.057, 4635, 0.008, 90967, 0.156, 174255.0, 0.299, -23641, -0.041, 77320.5, 0.133
'MUSCLE_diversified_replicate.none.56.afa', 31968.0, 0.052, 33346, 0.054, 4572, 0.007, 91293, 0.148, 173532.0, 0.281, -23144, -0.037, 77309.5, 0.125
'MUSCLE_diversified_replicate.none.60.afa', 33481.0, 0.058, 28734, 0.049, 4726, 0.008, 97491, 0.168, 181552.0, 0.312, -16171, -0.028, 88279.5, 0.152
'MUSCLE_diversified_replicate.none.64.afa', 33156.0, 0.055, 28785, 0.048, 4695, 0.008, 98039, 0.163, 179880.0, 0.3, -16321, -0.027, 86369.5, 0.144
'MUSCLE_diversified_replicate.none.68.afa', 33651.0, 0.056, 28520, 0.047, 4824, 0.008, 97579, 0.162, 182446.0, 0.303, -15765, -0.026, 88947.5, 0.148
'MUSCLE_diversified_replicate.none.72.afa', 33440.0, 0.057, 28744, 0.049, 4655, 0.008, 97553, 0.168, 181296.0, 0.312, -16068, -0.028, 88521.5, 0.152
'MUSCLE_diversified_replicate.none.76.afa', 32691.0, 0.054, 29339, 0.048, 4870, 0.008, 97861, 0.16, 177373.0, 0.291, -17471, -0.029, 81751.5, 0.134
'MUSCLE_diversified_replicate.none.8.afa', 31964.0, 0.053, 33308, 0.055, 4694, 0.008, 91377, 0.152, 173570.0, 0.288, -23930, -0.04, 75787.5, 0.126
'MUSCLE_diversified_replicate.none.80.afa', 31948.0, 0.053, 33357, 0.055, 4774, 0.008, 91311, 0.151, 173667.0, 0.286, -23181, -0.038, 76186.5, 0.126
'MUSCLE_diversified_replicate.none.84.afa', 33550.0, 0.058, 28832, 0.05, 4656, 0.008, 97157, 0.169, 181817.0, 0.316, -16422, -0.029, 88880.5, 0.155
'MUSCLE_diversified_replicate.none.88.afa', 33652.0, 0.059, 28650, 0.05, 4879, 0.008, 97317, 0.169, 182615.0, 0.318, -16032, -0.028, 88650.5, 0.154
'MUSCLE_diversified_replicate.none.92.afa', 33310.0, 0.055, 28732, 0.047, 4675, 0.008, 97837, 0.162, 180690.0, 0.299, -16386, -0.027, 87335.5, 0.144
'MUSCLE_diversified_replicate.none.96.afa', 33551.0, 0.058, 28618, 0.049, 4722, 0.008, 97583, 0.168, 181937.0, 0.313, -15782, -0.027, 89031.5, 0.153
'PRANK_b0#0050_hhH_tree_63_OP_0.36203966777708846_Split_50.fasta', 27638.0, 0.04, 20178, 0.029, 13509, 0.02, 126289, 0.183, 150123.0, 0.218, -5809, -0.008, 115.5, 0.0
'PRANK_b0#0050_hhT_tree_63_OP_0.36203966777708846_Split_50.fasta', 31796.0, 0.052, 22915, 0.037, 12208, 0.02, 112499, 0.183, 173094.0, 0.282, -8093, -0.013, 35503.5, 0.058
'PRANK_b0#0050_htT_tree_63_OP_0.36203966777708846_Split_50.fasta', 31747.0, 0.051, 22705, 0.037, 12533, 0.02, 113017, 0.182, 172887.0, 0.278, -8246, -0.013, 32934.5, 0.053
'PRANK_b0#0050_ttH_tree_63_OP_0.36203966777708846_Split_50.fasta', 27947.0, 0.041, 19936, 0.029, 13514, 0.02, 126155, 0.183, 151504.0, 0.22, -5697, -0.008, 1645.5, 0.002
'PRANK_b0#0051_hhT_tree_7_OP_0.4287654329803016_Split_51.fasta', 29032.0, 0.048, 22083, 0.037, 12358, 0.02, 119691, 0.198, 156673.0, 0.259, -6403, -0.011, 16276.5, 0.027
'PRANK_b0#0051_htH_tree_7_OP_0.4287654329803016_Split_51.fasta', 29310.0, 0.05, 22128, 0.038, 12663, 0.022, 119045, 0.203, 158231.0, 0.27, -6561, -0.011, 16169.5, 0.028
'PRANK_b0#0051_htT_tree_7_OP_0.4287654329803016_Split_51.fasta', 28597.0, 0.044, 23152, 0.035, 12386, 0.019, 118423, 0.181, 154461.0, 0.236, -7377, -0.011, 13556.5, 0.021
'PRANK_b0#0051_ttT_tree_7_OP_0.4287654329803016_Split_51.fasta', 28611.0, 0.044, 23168, 0.035, 12345, 0.019, 118363, 0.181, 154517.0, 0.236, -7380, -0.011, 13885.5, 0.021
'PRANK_b0#0053_hhH_tree_13_OP_0.09692142234876278_Split_53.fasta', 26522.0, 0.037, 21869, 0.031, 11005, 0.015, 125139, 0.175, 143084.0, 0.2, -9594, -0.013, 4890.5, 0.007
'PRANK_b0#0053_htT_tree_13_OP_0.09692142234876278_Split_53.fasta', 26681.0, 0.039, 22565, 0.033, 12332, 0.018, 123429, 0.179, 144345.0, 0.209, -9861, -0.014, -1222.5, -0.002
'PRANK_b0#0053_htT_tree_69_OP_0.05304651807751681_Split_53.fasta', 29687.0, 0.046, 22793, 0.035, 9148, 0.014, 116961, 0.18, 159874.0, 0.246, -8709, -0.013, 37796.5, 0.058
'PRANK_b0#0053_thT_tree_69_OP_0.05304651807751681_Split_53.fasta', 29661.0, 0.046, 22726, 0.035, 9241, 0.014, 117147, 0.18, 159745.0, 0.246, -8723, -0.013, 37002.5, 0.057
'PRANK_b0#0053_ttH_tree_13_OP_0.09692142234876278_Split_53.fasta', 26522.0, 0.037, 21869, 0.031, 11020, 0.015, 125139, 0.175, 143084.0, 0.2, -9594, -0.013, 4800.5, 0.007
'PRANK_b0#0053_ttH_tree_69_OP_0.05304651807751681_Split_53.fasta', 31484.0, 0.05, 24707, 0.039, 8635, 0.014, 109539, 0.173, 171053.0, 0.271, -10401, -0.016, 54072.5, 0.086
'PRANK_b0#0053_ttT_tree_13_OP_0.09692142234876278_Split_53.fasta', 27890.0, 0.041, 23523, 0.034, 12166, 0.018, 119095, 0.175, 150918.0, 0.221, -10491, -0.015, 7883.5, 0.012
'PRANK_b0#0053_ttT_tree_69_OP_0.05304651807751681_Split_53.fasta', 29661.0, 0.046, 22726, 0.035, 9241, 0.014, 117147, 0.18, 159745.0, 0.246, -8723, -0.013, 37002.5, 0.057
'PRANK_b0#0054_hhT_tree_37_OP_0.3234162682987525_Split_54.fasta', 32880.0, 0.06, 23963, 0.044, 10813, 0.02, 108235, 0.197, 177200.0, 0.323, -8923, -0.016, 49281.5, 0.09
'PRANK_b0#0054_htH_tree_11_OP_0.0660385202278223_Split_54.fasta', 27100.0, 0.04, 21517, 0.032, 6993, 0.01, 124687, 0.183, 145968.0, 0.215, -9582, -0.014, 32084.5, 0.047
'PRANK_b0#0054_htT_tree_37_OP_0.3234162682987525_Split_54.fasta', 32857.0, 0.06, 24359, 0.044, 10127, 0.018, 107489, 0.196, 177093.0, 0.323, -9455, -0.017, 53131.5, 0.097
'PRANK_b0#0054_htT_tree_60_OP_0.2742882468420108_Split_54.fasta', 31283.0, 0.052, 24109, 0.04, 9114, 0.015, 111137, 0.184, 169790.0, 0.281, -10188, -0.017, 49349.5, 0.082
'PRANK_b0#0054_thH_tree_11_OP_0.0660385202278223_Split_54.fasta', 27100.0, 0.04, 21517, 0.032, 6877, 0.01, 124687, 0.183, 145968.0, 0.215, -9582, -0.014, 32780.5, 0.048
'PRANK_b0#0054_thH_tree_60_OP_0.2742882468420108_Split_54.fasta', 31488.0, 0.054, 24828, 0.043, 9181, 0.016, 109289, 0.188, 170960.0, 0.294, -10560, -0.018, 50669.5, 0.087
'PRANK_b0#0054_thT_tree_11_OP_0.0660385202278223_Split_54.fasta', 27324.0, 0.038, 21566, 0.03, 6602, 0.009, 124141, 0.174, 147482.0, 0.207, -9443, -0.013, 36356.5, 0.051
'PRANK_b0#0054_thT_tree_60_OP_0.2742882468420108_Split_54.fasta', 31275.0, 0.052, 24141, 0.04, 9107, 0.015, 111089, 0.184, 169748.0, 0.281, -10264, -0.017, 49297.5, 0.081
'PRANK_b0#0054_ttH_tree_11_OP_0.0660385202278223_Split_54.fasta', 27100.0, 0.04, 21517, 0.032, 6831, 0.01, 124687, 0.183, 145968.0, 0.215, -9582, -0.014, 33056.5, 0.049
'PRANK_b0#0054_ttH_tree_37_OP_0.3234162682987525_Split_54.fasta', 32555.0, 0.059, 23552, 0.043, 11723, 0.021, 109707, 0.199, 176050.0, 0.32, -8461, -0.015, 42397.5, 0.077
'PRANK_b0#0054_ttT_tree_37_OP_0.3234162682987525_Split_54.fasta', 32601.0, 0.059, 23754, 0.043, 11046, 0.02, 109211, 0.198, 175997.0, 0.319, -9070, -0.016, 46045.5, 0.083
'PRANK_b0#0054_ttT_tree_60_OP_0.2742882468420108_Split_54.fasta', 31275.0, 0.052, 24141, 0.04, 9108, 0.015, 111089, 0.184, 169748.0, 0.281, -10264, -0.017, 49291.5, 0.081
'PRANK_b0#0055_hhH_tree_96_OP_0.3899661250904219_Split_55.fasta', 29570.0, 0.047, 21604, 0.035, 12047, 0.019, 119573, 0.192, 161622.0, 0.259, -6074, -0.01, 23479.5, 0.038
'PRANK_b0#0055_hhT_tree_23_OP_0.41879358418754387_Split_55.fasta', 29148.0, 0.042, 20702, 0.03, 12421, 0.018, 122221, 0.177, 156672.0, 0.227, -7129, -0.01, 13906.5, 0.02
'PRANK_b0#0055_hhT_tree_40_OP_0.08821008325435137_Split_55.fasta', 28331.0, 0.041, 22472, 0.032, 8798, 0.013, 120315, 0.173, 153726.0, 0.221, -10233, -0.015, 30547.5, 0.044
'PRANK_b0#0055_hhT_tree_96_OP_0.3899661250904219_Split_55.fasta', 29786.0, 0.048, 22105, 0.036, 12128, 0.02, 118139, 0.192, 162643.0, 0.264, -6900, -0.011, 23905.5, 0.039
'PRANK_b0#0055_htH_tree_96_OP_0.3899661250904219_Split_55.fasta', 29388.0, 0.046, 21604, 0.034, 11918, 0.019, 119937, 0.189, 160783.0, 0.253, -6357, -0.01, 22949.5, 0.036
'PRANK_b0#0055_thH_tree_23_OP_0.41879358418754387_Split_55.fasta', 29668.0, 0.044, 20967, 0.031, 11716, 0.017, 120651, 0.18, 159163.0, 0.238, -7446, -0.011, 21095.5, 0.031
'PRANK_b0#0055_thH_tree_40_OP_0.08821008325435137_Split_55.fasta', 28267.0, 0.041, 23295, 0.034, 7939, 0.012, 118797, 0.172, 153422.0, 0.222, -10521, -0.015, 35868.5, 0.052
'PRANK_b0#0055_thT_tree_40_OP_0.08821008325435137_Split_55.fasta', 28331.0, 0.041, 22472, 0.032, 8798, 0.013, 120315, 0.173, 153726.0, 0.221, -10233, -0.015, 30547.5, 0.044
'PRANK_b0#0055_ttH_tree_23_OP_0.41879358418754387_Split_55.fasta', 29456.0, 0.044, 21033, 0.031, 11785, 0.018, 120943, 0.18, 158269.0, 0.236, -7435, -0.011, 19652.5, 0.029
'PRANK_b0#0055_ttT_tree_23_OP_0.41879358418754387_Split_55.fasta', 29082.0, 0.042, 20778, 0.03, 12400, 0.018, 122201, 0.177, 156322.0, 0.227, -7181, -0.01, 13640.5, 0.02
'PRANK_b0#0055_ttT_tree_40_OP_0.08821008325435137_Split_55.fasta', 28331.0, 0.041, 22472, 0.032, 8798, 0.013, 120315, 0.173, 153726.0, 0.221, -10233, -0.015, 30547.5, 0.044
'PRANK_b0#0055_ttT_tree_96_OP_0.3899661250904219_Split_55.fasta', 29764.0, 0.048, 22104, 0.036, 12263, 0.02, 118185, 0.193, 162536.0, 0.265, -6773, -0.011, 23092.5, 0.038
'PRANK_b0#0056_hhH_tree_56_OP_0.23502932209680477_Split_56.fasta', 29983.0, 0.049, 22938, 0.038, 10909, 0.018, 116079, 0.191, 164308.0, 0.27, -10483, -0.017, 30331.5, 0.05
'PRANK_b0#0056_htH_tree_56_OP_0.23502932209680477_Split_56.fasta', 29869.0, 0.049, 22826, 0.037, 10984, 0.018, 116531, 0.191, 163736.0, 0.269, -10437, -0.017, 29129.5, 0.048
'PRANK_b0#0056_htT_tree_99_OP_0.18594199344926288_Split_56.fasta', 30405.0, 0.05, 24371, 0.04, 8992, 0.015, 112369, 0.183, 164492.0, 0.268, -10102, -0.016, 44253.5, 0.072
'PRANK_b0#0056_thH_tree_99_OP_0.18594199344926288_Split_56.fasta', 30936.0, 0.051, 24879, 0.041, 8653, 0.014, 110291, 0.181, 167822.0, 0.275, -11749, -0.019, 49009.5, 0.08
'PRANK_b0#0056_thT_tree_56_OP_0.23502932209680477_Split_56.fasta', 30461.0, 0.052, 23161, 0.04, 11044, 0.019, 114677, 0.197, 166611.0, 0.286, -10306, -0.018, 32702.5, 0.056
'PRANK_b0#0056_thT_tree_99_OP_0.18594199344926288_Split_56.fasta', 30405.0, 0.05, 24371, 0.04, 8992, 0.015, 112369, 0.183, 164492.0, 0.268, -10102, -0.016, 44253.5, 0.072
'PRANK_b0#0056_ttH_tree_56_OP_0.23502932209680477_Split_56.fasta', 29856.0, 0.049, 22833, 0.038, 11033, 0.018, 116543, 0.191, 163618.0, 0.269, -10463, -0.017, 28685.5, 0.047
'PRANK_b0#0056_ttH_tree_99_OP_0.18594199344926288_Split_56.fasta', 31020.0, 0.051, 24698, 0.04, 8718, 0.014, 110485, 0.181, 168334.0, 0.276, -11651, -0.019, 49132.5, 0.081
'PRANK_b0#0057_htH_tree_64_OP_0.05970650417263379_Split_57.fasta', 28919.0, 0.045, 22179, 0.034, 5460, 0.008, 119725, 0.185, 156348.0, 0.242, -9878, -0.015, 53847.5, 0.083
'PRANK_b0#0057_thH_tree_64_OP_0.05970650417263379_Split_57.fasta', 28920.0, 0.045, 22175, 0.034, 5453, 0.008, 119731, 0.185, 156353.0, 0.242, -9869, -0.015, 53900.5, 0.083
'PRANK_b0#0057_thT_tree_64_OP_0.05970650417263379_Split_57.fasta', 28834.0, 0.044, 22128, 0.034, 5387, 0.008, 119997, 0.185, 155574.0, 0.24, -9686, -0.015, 53567.5, 0.083
'PRANK_b0#0057_ttH_tree_64_OP_0.05970650417263379_Split_57.fasta', 28920.0, 0.045, 22175, 0.034, 5453, 0.008, 119731, 0.185, 156353.0, 0.242, -9869, -0.015, 53900.5, 0.083
'PRANK_b0#0058_hhH_tree_84_OP_0.3564845080908704_Split_58.fasta', 29868.0, 0.045, 21361, 0.032, 12507, 0.019, 119463, 0.18, 160800.0, 0.243, -7191, -0.011, 18835.5, 0.028
'PRANK_b0#0058_hhT_tree_84_OP_0.3564845080908704_Split_58.fasta', 29776.0, 0.045, 21881, 0.033, 11879, 0.018, 118607, 0.18, 160390.0, 0.243, -7518, -0.011, 22294.5, 0.034
'PRANK_b0#0058_hhT_tree_97_OP_0.1673876920856745_Split_58.fasta', 31599.0, 0.048, 24039, 0.036, 9824, 0.015, 110645, 0.168, 170486.0, 0.258, -9072, -0.014, 47147.5, 0.071
'PRANK_b0#0058_htT_tree_84_OP_0.3564845080908704_Split_58.fasta', 29777.0, 0.046, 21896, 0.034, 11883, 0.018, 118575, 0.182, 160395.0, 0.246, -7527, -0.012, 22282.5, 0.034
'PRANK_b0#0058_htT_tree_97_OP_0.1673876920856745_Split_58.fasta', 31591.0, 0.048, 24028, 0.036, 9819, 0.015, 110683, 0.168, 170443.0, 0.258, -9067, -0.014, 47120.5, 0.071
'PRANK_b0#0058_thH_tree_97_OP_0.1673876920856745_Split_58.fasta', 31651.0, 0.048, 24476, 0.037, 9009, 0.014, 109667, 0.166, 170777.0, 0.259, -9785, -0.015, 52104.5, 0.079
'PRANK_b0#0058_thT_tree_97_OP_0.1673876920856745_Split_58.fasta', 31541.0, 0.048, 24092, 0.036, 9840, 0.015, 110655, 0.168, 170099.0, 0.258, -9137, -0.014, 46594.5, 0.071
'PRANK_b0#0058_ttT_tree_84_OP_0.3564845080908704_Split_58.fasta', 29892.0, 0.045, 21805, 0.033, 11725, 0.018, 118527, 0.178, 160853.0, 0.241, -7212, -0.011, 24027.5, 0.036
'PRANK_b0#0059_hhT_tree_80_OP_0.3860599313375234_Split_59.fasta', 30539.0, 0.048, 22673, 0.035, 11263, 0.018, 115497, 0.18, 165097.0, 0.257, -8449, -0.013, 31321.5, 0.049
'PRANK_b0#0059_htH_tree_36_OP_0.21650135794201675_Split_59.fasta', 28952.0, 0.044, 20931, 0.032, 9264, 0.014, 122155, 0.184, 155971.0, 0.235, -8769, -0.013, 30540.5, 0.046
'PRANK_b0#0059_htH_tree_80_OP_0.3860599313375234_Split_59.fasta', 30197.0, 0.047, 22302, 0.035, 11189, 0.017, 116923, 0.181, 163545.0, 0.253, -8785, -0.014, 29164.5, 0.045
'PRANK_b0#0059_htH_tree_85_OP_0.16592734946943577_Split_59.fasta', 29283.0, 0.045, 20994, 0.032, 11416, 0.018, 121367, 0.186, 158139.0, 0.243, -8410, -0.013, 20549.5, 0.032
'PRANK_b0#0059_htT_tree_36_OP_0.21650135794201675_Split_59.fasta', 29284.0, 0.046, 21344, 0.034, 10251, 0.016, 120665, 0.191, 158308.0, 0.25, -8777, -0.014, 27692.5, 0.044
'PRANK_b0#0059_htT_tree_80_OP_0.3860599313375234_Split_59.fasta', 30523.0, 0.048, 22635, 0.035, 11622, 0.018, 115605, 0.18, 165000.0, 0.257, -8510, -0.013, 28955.5, 0.045
'PRANK_b0#0059_htT_tree_85_OP_0.16592734946943577_Split_59.fasta', 29456.0, 0.049, 21242, 0.036, 11283, 0.019, 120525, 0.202, 159021.0, 0.267, -9103, -0.015, 21957.5, 0.037
'PRANK_b0#0059_thH_tree_36_OP_0.21650135794201675_Split_59.fasta', 28939.0, 0.044, 20938, 0.032, 9301, 0.014, 122167, 0.185, 155929.0, 0.236, -8849, -0.013, 30190.5, 0.046
'PRANK_b0#0059_thH_tree_85_OP_0.16592734946943577_Split_59.fasta', 29298.0, 0.046, 20973, 0.033, 11463, 0.018, 121379, 0.189, 158204.0, 0.246, -8364, -0.013, 20372.5, 0.032
'PRANK_b0#0059_ttH_tree_80_OP_0.3860599313375234_Split_59.fasta', 30180.0, 0.047, 22352, 0.035, 11182, 0.017, 116857, 0.181, 163490.0, 0.253, -8885, -0.014, 29084.5, 0.045
'PRANK_b0#0059_ttH_tree_85_OP_0.16592734946943577_Split_59.fasta', 29300.0, 0.046, 20971, 0.033, 11463, 0.018, 121379, 0.189, 158218.0, 0.246, -8360, -0.013, 20390.5, 0.032
'PRANK_b0#0059_ttT_tree_36_OP_0.21650135794201675_Split_59.fasta', 29284.0, 0.046, 21344, 0.034, 10255, 0.016, 120665, 0.191, 158308.0, 0.25, -8777, -0.014, 27668.5, 0.044
'PRANK_b0#0060_hhH_tree_24_OP_0.35224591752289836_Split_60.fasta', 32163.0, 0.054, 22864, 0.039, 11786, 0.02, 111867, 0.189, 174627.0, 0.295, -7679, -0.013, 40298.5, 0.068
'PRANK_b0#0060_hhT_tree_24_OP_0.35224591752289836_Split_60.fasta', 32349.0, 0.054, 23059, 0.038, 11493, 0.019, 111105, 0.185, 175368.0, 0.293, -7729, -0.013, 43128.5, 0.072
'PRANK_b0#0060_ttH_tree_24_OP_0.35224591752289836_Split_60.fasta', 32194.0, 0.054, 22838, 0.039, 11803, 0.02, 111857, 0.189, 174813.0, 0.295, -7652, -0.013, 40414.5, 0.068
'PRANK_b0#0060_ttT_tree_24_OP_0.35224591752289836_Split_60.fasta', 32272.0, 0.054, 23129, 0.039, 11479, 0.019, 111119, 0.185, 174926.0, 0.292, -7792, -0.013, 42700.5, 0.071
'PRANK_b0#0061_hhH_tree_16_OP_0.3566466444359746_Split_61.fasta', 25741.0, 0.038, 20900, 0.031, 12815, 0.019, 128639, 0.19, 139280.0, 0.205, -7890, -0.012, -9819.5, -0.014
'PRANK_b0#0061_thT_tree_16_OP_0.3566466444359746_Split_61.fasta', 29107.0, 0.047, 23004, 0.037, 13235, 0.021, 117699, 0.191, 157971.0, 0.256, -7257, -0.012, 12454.5, 0.02
'PRANK_b0#0061_ttH_tree_16_OP_0.3566466444359746_Split_61.fasta', 25741.0, 0.038, 20900, 0.031, 12791, 0.019, 128639, 0.19, 139280.0, 0.205, -7890, -0.012, -9675.5, -0.014
'PRANK_b0#0061_ttT_tree_16_OP_0.3566466444359746_Split_61.fasta', 29157.0, 0.047, 22960, 0.037, 13220, 0.021, 117687, 0.191, 158283.0, 0.257, -7225, -0.012, 12894.5, 0.021
'PRANK_b0#0062_hhH_tree_0_OP_0.4657131574362508_Split_62.fasta', 29201.0, 0.04, 20847, 0.028, 11303, 0.015, 121825, 0.165, 159444.0, 0.216, -6506, -0.009, 24207.5, 0.033
'PRANK_b0#0062_hhT_tree_81_OP_0.4058614503238694_Split_62.fasta', 30480.0, 0.05, 22739, 0.037, 12762, 0.021, 115483, 0.19, 165796.0, 0.272, -7830, -0.013, 23652.5, 0.039
'PRANK_b0#0062_htH_tree_0_OP_0.4657131574362508_Split_62.fasta', 29433.0, 0.041, 21129, 0.029, 11310, 0.016, 120797, 0.168, 160975.0, 0.224, -6565, -0.009, 26151.5, 0.036
'PRANK_b0#0062_htT_tree_81_OP_0.4058614503238694_Split_62.fasta', 30663.0, 0.05, 22844, 0.037, 12783, 0.021, 114907, 0.187, 166694.0, 0.272, -7824, -0.013, 24718.5, 0.04
'PRANK_b0#0062_thH_tree_81_OP_0.4058614503238694_Split_62.fasta', 30933.0, 0.051, 23043, 0.038, 12172, 0.02, 113969, 0.189, 169083.0, 0.28, -7977, -0.013, 31089.5, 0.051
'PRANK_b0#0062_thT_tree_0_OP_0.4657131574362508_Split_62.fasta', 29791.0, 0.042, 20756, 0.029, 11743, 0.016, 120827, 0.169, 162694.0, 0.227, -6113, -0.009, 25709.5, 0.036
'PRANK_b0#0062_thT_tree_81_OP_0.4058614503238694_Split_62.fasta', 30663.0, 0.05, 22844, 0.037, 12783, 0.021, 114907, 0.187, 166694.0, 0.272, -7824, -0.013, 24718.5, 0.04
'PRANK_b0#0062_ttT_tree_0_OP_0.4657131574362508_Split_62.fasta', 29023.0, 0.04, 20736, 0.029, 11463, 0.016, 122403, 0.169, 158500.0, 0.219, -6143, -0.008, 22377.5, 0.031
'PRANK_b0#0063_htH_tree_71_OP_0.26664288485028304_Split_63.fasta', 31004.0, 0.053, 22348, 0.038, 10058, 0.017, 115217, 0.198, 166665.0, 0.286, -8079, -0.014, 40629.5, 0.07
'PRANK_b0#0063_htT_tree_71_OP_0.26664288485028304_Split_63.fasta', 31751.0, 0.055, 22670, 0.039, 10555, 0.018, 113079, 0.197, 170670.0, 0.297, -7991, -0.014, 42809.5, 0.075
'PRANK_b0#0063_thH_tree_71_OP_0.26664288485028304_Split_63.fasta', 30985.0, 0.053, 22376, 0.038, 10031, 0.017, 115199, 0.198, 166533.0, 0.286, -8178, -0.014, 40569.5, 0.07
'PRANK_b0#0063_thT_tree_71_OP_0.26664288485028304_Split_63.fasta', 31779.0, 0.055, 22637, 0.039, 10557, 0.018, 113089, 0.197, 170838.0, 0.297, -7937, -0.014, 43014.5, 0.075
'PRANK_b0#0065_hhH_tree_48_OP_0.33799514808893955_Split_65.fasta', 30047.0, 0.048, 21491, 0.035, 10784, 0.017, 118845, 0.191, 161801.0, 0.26, -6450, -0.01, 31224.5, 0.05
'PRANK_b0#0065_htH_tree_48_OP_0.33799514808893955_Split_65.fasta', 30047.0, 0.048, 21491, 0.035, 10648, 0.017, 118845, 0.191, 161801.0, 0.26, -6450, -0.01, 32040.5, 0.051
'PRANK_b0#0065_thH_tree_48_OP_0.33799514808893955_Split_65.fasta', 30078.0, 0.048, 21459, 0.034, 10802, 0.017, 118847, 0.191, 161987.0, 0.26, -6388, -0.01, 31363.5, 0.05
'PRANK_b0#0065_thT_tree_48_OP_0.33799514808893955_Split_65.fasta', 30616.0, 0.051, 21897, 0.036, 10562, 0.018, 116895, 0.194, 164421.0, 0.273, -6738, -0.011, 35863.5, 0.06
'PRANK_b0#0067_hhH_tree_6_OP_0.18497671267226667_Split_67.fasta', 29713.0, 0.046, 22990, 0.035, 7686, 0.012, 116515, 0.178, 162004.0, 0.248, -10521, -0.016, 47109.5, 0.072
'PRANK_b0#0067_htH_tree_6_OP_0.18497671267226667_Split_67.fasta', 29740.0, 0.046, 22965, 0.035, 7693, 0.012, 116511, 0.178, 162166.0, 0.248, -10474, -0.016, 47278.5, 0.072
'PRANK_b0#0067_thT_tree_6_OP_0.18497671267226667_Split_67.fasta', 30522.0, 0.047, 22811, 0.035, 7857, 0.012, 115255, 0.178, 165993.0, 0.257, -10142, -0.016, 51081.5, 0.079
'PRANK_b0#0067_ttT_tree_6_OP_0.18497671267226667_Split_67.fasta', 30522.0, 0.047, 22811, 0.035, 7860, 0.012, 115255, 0.178, 165993.0, 0.257, -10142, -0.016, 51063.5, 0.079
'PRANK_b0#0070_htH_tree_30_OP_0.20469024912096356_Split_70.fasta', 30278.0, 0.048, 23616, 0.038, 9917, 0.016, 114133, 0.182, 164369.0, 0.263, -9206, -0.015, 38594.5, 0.062
'PRANK_b0#0070_htH_tree_43_OP_0.41666011848334805_Split_70.fasta', 33060.0, 0.057, 23178, 0.04, 10936, 0.019, 109445, 0.189, 179113.0, 0.309, -8070, -0.014, 50704.5, 0.088
'PRANK_b0#0070_htT_tree_30_OP_0.20469024912096356_Split_70.fasta', 30500.0, 0.049, 23408, 0.038, 9638, 0.016, 114105, 0.184, 165371.0, 0.267, -9112, -0.015, 41378.5, 0.067
'PRANK_b0#0070_thH_tree_30_OP_0.20469024912096356_Split_70.fasta', 30243.0, 0.048, 23424, 0.037, 10347, 0.017, 114587, 0.183, 164163.0, 0.263, -8822, -0.014, 35965.5, 0.058
'PRANK_b0#0070_thH_tree_43_OP_0.41666011848334805_Split_70.fasta', 33061.0, 0.057, 23164, 0.04, 10941, 0.019, 109471, 0.189, 179117.0, 0.309, -8051, -0.014, 50684.5, 0.087
'PRANK_b0#0070_ttH_tree_43_OP_0.41666011848334805_Split_70.fasta', 33111.0, 0.057, 22851, 0.039, 11327, 0.02, 109997, 0.189, 179510.0, 0.309, -8031, -0.014, 48518.5, 0.084
'PRANK_b0#0070_ttT_tree_30_OP_0.20469024912096356_Split_70.fasta', 30495.0, 0.049, 23418, 0.038, 9630, 0.016, 114095, 0.184, 165341.0, 0.267, -9168, -0.015, 41345.5, 0.067
'PRANK_b0#0070_ttT_tree_43_OP_0.41666011848334805_Split_70.fasta', 33069.0, 0.058, 23160, 0.04, 11023, 0.019, 109463, 0.191, 179198.0, 0.312, -7731, -0.013, 50597.5, 0.088
'PRANK_b0#0073_htT_tree_10_OP_0.17197861239551077_Split_73.fasta', 28273.0, 0.038, 21776, 0.029, 7421, 0.01, 121823, 0.162, 152957.0, 0.203, -8474, -0.011, 39045.5, 0.052
'PRANK_b0#0073_thH_tree_10_OP_0.17197861239551077_Split_73.fasta', 28857.0, 0.043, 21896, 0.033, 7723, 0.011, 120415, 0.179, 156118.0, 0.232, -9171, -0.014, 40401.5, 0.06
'PRANK_b0#0073_ttH_tree_10_OP_0.17197861239551077_Split_73.fasta', 28857.0, 0.043, 21896, 0.033, 7742, 0.012, 120415, 0.179, 156118.0, 0.232, -9171, -0.014, 40287.5, 0.06
'PRANK_b0#0073_ttT_tree_10_OP_0.17197861239551077_Split_73.fasta', 28273.0, 0.038, 21776, 0.029, 7421, 0.01, 121823, 0.162, 152957.0, 0.203, -8474, -0.011, 39045.5, 0.052
'PRANK_b0#0077_hhH_tree_35_OP_0.23719613041625226_Split_77.fasta', 27985.0, 0.039, 21337, 0.03, 8666, 0.012, 123277, 0.174, 151721.0, 0.214, -9801, -0.014, 28285.5, 0.04
'PRANK_b0#0077_hhT_tree_35_OP_0.23719613041625226_Split_77.fasta', 26622.0, 0.038, 21042, 0.03, 8599, 0.012, 126593, 0.178, 144651.0, 0.204, -8313, -0.012, 21447.5, 0.03
'PRANK_b0#0077_htT_tree_35_OP_0.23719613041625226_Split_77.fasta', 26525.0, 0.037, 21069, 0.03, 8751, 0.012, 126733, 0.179, 144244.0, 0.203, -8463, -0.012, 19908.5, 0.028
'PRANK_b0#0077_htT_tree_79_OP_0.39849921812999034_Split_77.fasta', 31033.0, 0.044, 23181, 0.033, 11152, 0.016, 113493, 0.162, 168133.0, 0.24, -8726, -0.012, 35748.5, 0.051
'PRANK_b0#0077_thH_tree_35_OP_0.23719613041625226_Split_77.fasta', 27910.0, 0.039, 21308, 0.03, 8777, 0.012, 123485, 0.174, 151421.0, 0.213, -9826, -0.014, 27190.5, 0.038
'PRANK_b0#0077_thH_tree_79_OP_0.39849921812999034_Split_77.fasta', 30756.0, 0.043, 22859, 0.032, 11115, 0.016, 114691, 0.162, 166774.0, 0.235, -9001, -0.013, 33737.5, 0.048
'PRANK_b0#0077_thT_tree_79_OP_0.39849921812999034_Split_77.fasta', 31021.0, 0.044, 23297, 0.033, 11127, 0.016, 113285, 0.162, 168082.0, 0.24, -8705, -0.012, 35972.5, 0.051
'PRANK_b0#0077_ttT_tree_79_OP_0.39849921812999034_Split_77.fasta', 31046.0, 0.044, 23271, 0.033, 11132, 0.016, 113287, 0.162, 168207.0, 0.24, -8684, -0.012, 36087.5, 0.052
'PRANK_b0#0078_hhH_tree_86_OP_0.2347265646541319_Split_78.fasta', 29031.0, 0.052, 24468, 0.044, 14217, 0.026, 114923, 0.208, 157697.0, 0.285, -8621, -0.016, 6312.5, 0.011
'PRANK_b0#0078_hhT_tree_53_OP_0.05303947942235687_Split_78.fasta', 29484.0, 0.05, 24696, 0.042, 8013, 0.014, 113561, 0.192, 159067.0, 0.268, -10974, -0.019, 43234.5, 0.073
'PRANK_b0#0078_htH_tree_53_OP_0.05303947942235687_Split_78.fasta', 27881.0, 0.044, 23623, 0.038, 7583, 0.012, 118913, 0.189, 150561.0, 0.24, -11246, -0.018, 34360.5, 0.055
'PRANK_b0#0078_htH_tree_86_OP_0.2347265646541319_Split_78.fasta', 28876.0, 0.052, 24311, 0.044, 13928, 0.025, 115547, 0.209, 156693.0, 0.284, -8982, -0.016, 6369.5, 0.012
'PRANK_b0#0078_thH_tree_86_OP_0.2347265646541319_Split_78.fasta', 29057.0, 0.052, 24238, 0.043, 14148, 0.025, 115331, 0.206, 157885.0, 0.283, -8753, -0.016, 6578.5, 0.012
'PRANK_b0#0078_thT_tree_53_OP_0.05303947942235687_Split_78.fasta', 29484.0, 0.05, 24696, 0.042, 8013, 0.014, 113561, 0.192, 159067.0, 0.268, -10974, -0.019, 43234.5, 0.073
'PRANK_b0#0078_ttH_tree_53_OP_0.05303947942235687_Split_78.fasta', 27879.0, 0.044, 23625, 0.038, 7591, 0.012, 118913, 0.189, 150551.0, 0.24, -11236, -0.018, 34312.5, 0.055
'PRANK_b0#0078_ttT_tree_86_OP_0.2347265646541319_Split_78.fasta', 28878.0, 0.052, 24356, 0.044, 13871, 0.025, 115453, 0.209, 156658.0, 0.284, -8987, -0.016, 6718.5, 0.012
'PRANK_b0#0079_hhH_tree_88_OP_0.1810795500099957_Split_79.fasta', 26560.0, 0.039, 20224, 0.03, 10398, 0.015, 128353, 0.191, 144093.0, 0.214, -8016, -0.012, 9512.5, 0.014
'PRANK_b0#0079_hhT_tree_88_OP_0.1810795500099957_Split_79.fasta', 26691.0, 0.039, 19967, 0.029, 10319, 0.015, 128605, 0.188, 144596.0, 0.211, -7325, -0.011, 11054.5, 0.016
'PRANK_b0#0079_ttH_tree_88_OP_0.1810795500099957_Split_79.fasta', 26560.0, 0.039, 20224, 0.03, 10394, 0.015, 128353, 0.191, 144093.0, 0.214, -8016, -0.012, 9536.5, 0.014
'PRANK_b0#0079_ttT_tree_88_OP_0.1810795500099957_Split_79.fasta', 26689.0, 0.039, 19963, 0.029, 10360, 0.015, 128617, 0.188, 144584.0, 0.211, -7373, -0.011, 10742.5, 0.016
'PRANK_b0#0080_hhT_tree_3_OP_0.05125309180508808_Split_80.fasta', 31392.0, 0.057, 25415, 0.047, 7437, 0.014, 108307, 0.198, 170770.0, 0.313, -11622, -0.021, 60372.5, 0.111
'PRANK_b0#0080_htH_tree_3_OP_0.05125309180508808_Split_80.fasta', 31345.0, 0.059, 25860, 0.048, 7125, 0.013, 107511, 0.201, 170439.0, 0.318, -12250, -0.023, 61683.5, 0.115
'PRANK_b0#0080_htT_tree_3_OP_0.05125309180508808_Split_80.fasta', 31392.0, 0.057, 25415, 0.047, 7551, 0.014, 108307, 0.198, 170770.0, 0.313, -11622, -0.021, 59688.5, 0.109
'PRANK_b0#0080_ttH_tree_3_OP_0.05125309180508808_Split_80.fasta', 31345.0, 0.059, 25860, 0.048, 7127, 0.013, 107511, 0.201, 170439.0, 0.318, -12250, -0.023, 61671.5, 0.115
'PRANK_b0#0081_hhH_tree_5_OP_0.22898839817158656_Split_81.fasta', 31102.0, 0.053, 23502, 0.04, 9921, 0.017, 112713, 0.191, 168654.0, 0.286, -7582, -0.013, 45189.5, 0.077
'PRANK_b0#0081_hhT_tree_51_OP_0.3986228120499837_Split_81.fasta', 32619.0, 0.053, 22472, 0.036, 10891, 0.018, 111739, 0.18, 176692.0, 0.284, -7001, -0.011, 48475.5, 0.078
'PRANK_b0#0081_hhT_tree_73_OP_0.04516409856856096_Split_81.fasta', 30923.0, 0.054, 25227, 0.044, 6758, 0.012, 109621, 0.192, 166991.0, 0.293, -11525, -0.02, 60107.5, 0.106
'PRANK_b0#0081_htH_tree_51_OP_0.3986228120499837_Split_81.fasta', 32510.0, 0.052, 22438, 0.036, 10833, 0.017, 112025, 0.178, 176110.0, 0.28, -7229, -0.012, 47870.5, 0.076
'PRANK_b0#0081_htT_tree_5_OP_0.22898839817158656_Split_81.fasta', 31343.0, 0.053, 23364, 0.04, 9953, 0.017, 112507, 0.192, 169817.0, 0.289, -7933, -0.014, 45912.5, 0.078
'PRANK_b0#0081_htT_tree_73_OP_0.04516409856856096_Split_81.fasta', 30923.0, 0.054, 25227, 0.044, 6758, 0.012, 109621, 0.192, 166991.0, 0.293, -11525, -0.02, 60107.5, 0.106
'PRANK_b0#0081_thH_tree_5_OP_0.22898839817158656_Split_81.fasta', 31098.0, 0.053, 23502, 0.04, 9923, 0.017, 112721, 0.191, 168638.0, 0.286, -7582, -0.013, 45157.5, 0.076
'PRANK_b0#0081_thH_tree_73_OP_0.04516409856856096_Split_81.fasta', 30651.0, 0.054, 25603, 0.045, 6464, 0.011, 109413, 0.193, 165418.0, 0.292, -12275, -0.022, 59652.5, 0.105
'PRANK_b0#0081_thT_tree_51_OP_0.3986228120499837_Split_81.fasta', 32662.0, 0.053, 22266, 0.036, 11184, 0.018, 112065, 0.18, 177002.0, 0.285, -7372, -0.012, 46493.5, 0.075
'PRANK_b0#0081_ttH_tree_51_OP_0.3986228120499837_Split_81.fasta', 32632.0, 0.052, 22522, 0.036, 10659, 0.017, 111613, 0.178, 176863.0, 0.281, -7078, -0.011, 50024.5, 0.08
'PRANK_b0#0081_ttH_tree_73_OP_0.04516409856856096_Split_81.fasta', 30647.0, 0.054, 25601, 0.045, 6461, 0.011, 109425, 0.193, 165385.0, 0.292, -12271, -0.022, 59635.5, 0.105
'PRANK_b0#0081_ttT_tree_5_OP_0.22898839817158656_Split_81.fasta', 31347.0, 0.053, 23355, 0.04, 9955, 0.017, 112517, 0.192, 169837.0, 0.289, -7929, -0.014, 45919.5, 0.078
'PRANK_b0#0085_hhT_tree_59_OP_0.3079281034987719_Split_85.fasta', 29204.0, 0.045, 23123, 0.035, 10652, 0.016, 117267, 0.18, 159930.0, 0.245, -10587, -0.016, 26797.5, 0.041
'PRANK_b0#0085_thT_tree_59_OP_0.3079281034987719_Split_85.fasta', 29188.0, 0.045, 23144, 0.035, 10695, 0.016, 117257, 0.18, 159866.0, 0.245, -10585, -0.016, 26482.5, 0.041
'PRANK_b0#0085_ttH_tree_59_OP_0.3079281034987719_Split_85.fasta', 29215.0, 0.044, 22991, 0.035, 10674, 0.016, 117509, 0.179, 160011.0, 0.243, -10561, -0.016, 26651.5, 0.041
'PRANK_b0#0085_ttT_tree_59_OP_0.3079281034987719_Split_85.fasta', 29181.0, 0.045, 23108, 0.035, 10659, 0.016, 117343, 0.179, 159813.0, 0.244, -10669, -0.016, 26518.5, 0.041
'PRANK_b0#0086_hhH_tree_46_OP_0.17943757149806483_Split_86.fasta', 31452.0, 0.053, 24513, 0.042, 9158, 0.016, 109991, 0.186, 170625.0, 0.289, -10304, -0.017, 50377.5, 0.085
'PRANK_b0#0086_hhT_tree_46_OP_0.17943757149806483_Split_86.fasta', 31523.0, 0.053, 24530, 0.041, 9041, 0.015, 109815, 0.186, 170954.0, 0.289, -10489, -0.018, 51311.5, 0.087
'PRANK_b0#0086_hhT_tree_47_OP_0.4322745197435511_Split_86.fasta', 30459.0, 0.047, 21299, 0.033, 13421, 0.021, 118405, 0.184, 164956.0, 0.257, -6868, -0.011, 18359.5, 0.029
'PRANK_b0#0086_htT_tree_47_OP_0.4322745197435511_Split_86.fasta', 30453.0, 0.047, 21301, 0.033, 13460, 0.021, 118413, 0.184, 164926.0, 0.257, -6876, -0.011, 18083.5, 0.028
'PRANK_b0#0086_thT_tree_46_OP_0.17943757149806483_Split_86.fasta', 31464.0, 0.053, 24603, 0.042, 9087, 0.015, 109787, 0.186, 170667.0, 0.288, -10401, -0.018, 50850.5, 0.086
'PRANK_b0#0086_thT_tree_47_OP_0.4322745197435511_Split_86.fasta', 30479.0, 0.048, 21279, 0.033, 13240, 0.021, 118405, 0.185, 165162.0, 0.258, -6790, -0.011, 19729.5, 0.031
'PRANK_b0#0086_ttH_tree_46_OP_0.17943757149806483_Split_86.fasta', 31656.0, 0.054, 24281, 0.041, 9074, 0.015, 110047, 0.187, 172181.0, 0.293, -9851, -0.017, 52862.5, 0.09
'PRANK_b0#0086_ttH_tree_47_OP_0.4322745197435511_Split_86.fasta', 30030.0, 0.047, 21852, 0.034, 13145, 0.021, 118157, 0.185, 162278.0, 0.255, -6706, -0.011, 17623.5, 0.028
'PRANK_b0#0087_hhT_tree_44_OP_0.200818760412537_Split_87.fasta', 28504.0, 0.041, 26146, 0.038, 8569, 0.012, 112621, 0.162, 154911.0, 0.222, -12581, -0.018, 34605.5, 0.05
'PRANK_b0#0087_htT_tree_44_OP_0.200818760412537_Split_87.fasta', 28504.0, 0.041, 26146, 0.038, 8567, 0.012, 112621, 0.162, 154911.0, 0.222, -12581, -0.018, 34617.5, 0.05
'PRANK_b0#0087_thT_tree_44_OP_0.200818760412537_Split_87.fasta', 28534.0, 0.041, 26129, 0.037, 8580, 0.012, 112595, 0.162, 155091.0, 0.223, -12570, -0.018, 34743.5, 0.05
'PRANK_b0#0087_ttT_tree_44_OP_0.200818760412537_Split_87.fasta', 28509.0, 0.041, 26141, 0.038, 8569, 0.012, 112621, 0.162, 154936.0, 0.222, -12569, -0.018, 34642.5, 0.05
'PRANK_b0#0088_hhH_tree_14_OP_0.3064418702671071_Split_88.fasta', 23775.0, 0.034, 15365, 0.022, 10011, 0.014, 143641, 0.204, 129026.0, 0.183, -5514, -0.008, -8374.5, -0.012
'PRANK_b0#0088_hhT_tree_92_OP_0.23387605000900108_Split_88.fasta', 31323.0, 0.052, 23218, 0.038, 9727, 0.016, 112839, 0.187, 169833.0, 0.281, -8780, -0.015, 46271.5, 0.077
'PRANK_b0#0088_htH_tree_92_OP_0.23387605000900108_Split_88.fasta', 31474.0, 0.053, 23113, 0.039, 10360, 0.018, 112747, 0.191, 171037.0, 0.29, -7818, -0.013, 44685.5, 0.076
'PRANK_b0#0088_htT_tree_14_OP_0.3064418702671071_Split_88.fasta', 24091.0, 0.036, 16038, 0.024, 9757, 0.015, 141663, 0.213, 130822.0, 0.197, -5845, -0.009, -4396.5, -0.007
'PRANK_b0#0088_thH_tree_92_OP_0.23387605000900108_Split_88.fasta', 31470.0, 0.053, 23119, 0.039, 10259, 0.017, 112743, 0.191, 171021.0, 0.29, -7918, -0.013, 45177.5, 0.077
'PRANK_b0#0088_thT_tree_14_OP_0.3064418702671071_Split_88.fasta', 24137.0, 0.036, 16097, 0.024, 9771, 0.015, 141453, 0.213, 131054.0, 0.197, -5777, -0.009, -4075.5, -0.006
'PRANK_b0#0088_thT_tree_92_OP_0.23387605000900108_Split_88.fasta', 31136.0, 0.052, 23353, 0.039, 9572, 0.016, 112943, 0.188, 168852.0, 0.281, -8484, -0.014, 46464.5, 0.077
'PRANK_b0#0088_ttH_tree_14_OP_0.3064418702671071_Split_88.fasta', 23775.0, 0.034, 15365, 0.022, 10011, 0.014, 143641, 0.204, 129026.0, 0.183, -5514, -0.008, -8374.5, -0.012
'PRANK_b0#0089_hhH_tree_21_OP_0.22890592879188038_Split_89.fasta', 32740.0, 0.056, 24517, 0.042, 10300, 0.018, 107407, 0.185, 177621.0, 0.306, -9938, -0.017, 52179.5, 0.09
'PRANK_b0#0089_htT_tree_21_OP_0.22890592879188038_Split_89.fasta', 32858.0, 0.057, 24400, 0.042, 10657, 0.018, 107405, 0.185, 178334.0, 0.308, -9895, -0.017, 50794.5, 0.088
'PRANK_b0#0089_thH_tree_21_OP_0.22890592879188038_Split_89.fasta', 32745.0, 0.056, 24518, 0.042, 10226, 0.018, 107395, 0.185, 177646.0, 0.306, -9915, -0.017, 52677.5, 0.091
'PRANK_b0#0089_ttT_tree_21_OP_0.22890592879188038_Split_89.fasta', 32882.0, 0.057, 24385, 0.042, 10601, 0.018, 107387, 0.185, 178454.0, 0.308, -9889, -0.017, 51265.5, 0.088
'PRANK_b0#0090_hhT_tree_95_OP_0.1030307002700046_Split_90.fasta', 31488.0, 0.056, 27233, 0.049, 7210, 0.013, 104479, 0.187, 171908.0, 0.307, -12560, -0.022, 63848.5, 0.114
'PRANK_b0#0090_thH_tree_95_OP_0.1030307002700046_Split_90.fasta', 32070.0, 0.059, 27437, 0.051, 7130, 0.013, 102907, 0.19, 174845.0, 0.324, -12626, -0.023, 67985.5, 0.126
'PRANK_b0#0090_ttH_tree_95_OP_0.1030307002700046_Split_90.fasta', 32157.0, 0.06, 27364, 0.051, 7128, 0.013, 102879, 0.19, 175280.0, 0.324, -12548, -0.023, 68524.5, 0.127
'PRANK_b0#0090_ttT_tree_95_OP_0.1030307002700046_Split_90.fasta', 31577.0, 0.056, 27158, 0.049, 7209, 0.013, 104451, 0.187, 172352.0, 0.308, -12469, -0.022, 64403.5, 0.115
'PRANK_b0#0091_hhH_tree_4_OP_0.3917727204478945_Split_91.fasta', 31305.0, 0.048, 22117, 0.034, 12004, 0.018, 115077, 0.177, 169742.0, 0.261, -8110, -0.012, 32069.5, 0.049
'PRANK_b0#0091_htT_tree_4_OP_0.3917727204478945_Split_91.fasta', 31670.0, 0.049, 22310, 0.035, 12076, 0.019, 113961, 0.177, 171883.0, 0.267, -7726, -0.012, 34720.5, 0.054
'PRANK_b0#0091_thH_tree_4_OP_0.3917727204478945_Split_91.fasta', 31219.0, 0.048, 21976, 0.034, 12235, 0.019, 115531, 0.178, 169341.0, 0.261, -7893, -0.012, 30272.5, 0.047
'PRANK_b0#0091_thT_tree_4_OP_0.3917727204478945_Split_91.fasta', 31549.0, 0.049, 22199, 0.034, 12223, 0.019, 114425, 0.178, 171171.0, 0.266, -7802, -0.012, 32818.5, 0.051
'PRANK_b0#0096_hhH_tree_77_OP_0.06320220646162977_Split_96.fasta', 27627.0, 0.042, 22890, 0.035, 7880, 0.012, 120887, 0.184, 150385.0, 0.229, -10322, -0.016, 32339.5, 0.049
'PRANK_b0#0096_hhT_tree_77_OP_0.06320220646162977_Split_96.fasta', 26265.0, 0.035, 21724, 0.029, 7894, 0.011, 125943, 0.17, 143302.0, 0.193, -9820, -0.013, 23146.5, 0.031
'PRANK_b0#0096_htH_tree_77_OP_0.06320220646162977_Split_96.fasta', 27627.0, 0.042, 22890, 0.035, 7880, 0.012, 120887, 0.184, 150385.0, 0.229, -10322, -0.016, 32339.5, 0.049
'PRANK_b0#0096_ttT_tree_77_OP_0.06320220646162977_Split_96.fasta', 26218.0, 0.035, 21535, 0.029, 7920, 0.011, 126415, 0.171, 143082.0, 0.193, -9897, -0.013, 22457.5, 0.03
'PRANK_b1#0000_hhH_tree_61_OP_0.4330011748014624_Split_0.fasta', 31535.0, 0.05, 22404, 0.036, 12424, 0.02, 114043, 0.182, 170016.0, 0.271, -6906, -0.011, 31544.5, 0.05
'PRANK_b1#0000_hhT_tree_61_OP_0.4330011748014624_Split_0.fasta', 31711.0, 0.05, 22135, 0.035, 12446, 0.02, 114229, 0.18, 170952.0, 0.27, -6262, -0.01, 32899.5, 0.052
'PRANK_b1#0000_htH_tree_61_OP_0.4330011748014624_Split_0.fasta', 31535.0, 0.05, 22403, 0.036, 12423, 0.02, 114045, 0.182, 170016.0, 0.271, -6905, -0.011, 31550.5, 0.05
'PRANK_b1#0000_htT_tree_61_OP_0.4330011748014624_Split_0.fasta', 31734.0, 0.05, 22113, 0.035, 12438, 0.02, 114227, 0.18, 171046.0, 0.27, -6274, -0.01, 33030.5, 0.052
'PRANK_b1#0001_hhH_tree_89_OP_0.08315440018559267_Split_1.fasta', 32659.0, 0.058, 26412, 0.047, 7839, 0.014, 103779, 0.184, 176941.0, 0.314, -10584, -0.019, 67433.5, 0.12
'PRANK_b1#0001_hhT_tree_89_OP_0.08315440018559267_Split_1.fasta', 32724.0, 0.058, 26381, 0.047, 7861, 0.014, 103711, 0.184, 177396.0, 0.315, -10517, -0.019, 67857.5, 0.12
'PRANK_b1#0001_htH_tree_89_OP_0.08315440018559267_Split_1.fasta', 32659.0, 0.058, 26416, 0.047, 7836, 0.014, 103771, 0.184, 176942.0, 0.314, -10550, -0.019, 67490.5, 0.12
'PRANK_b1#0001_htT_tree_89_OP_0.08315440018559267_Split_1.fasta', 32677.0, 0.058, 26432, 0.047, 7843, 0.014, 103703, 0.184, 177121.0, 0.314, -10623, -0.019, 67588.5, 0.12
'PRANK_b1#0004_hhH_tree_20_OP_0.1825262028599538_Split_4.fasta', 30165.0, 0.048, 22553, 0.036, 9638, 0.015, 116485, 0.186, 163615.0, 0.261, -8096, -0.013, 39448.5, 0.063
'PRANK_b1#0004_hhH_tree_2_OP_0.0971126692608415_Split_4.fasta', 30174.0, 0.045, 25136, 0.038, 8941, 0.013, 111301, 0.166, 163361.0, 0.244, -11123, -0.017, 42941.5, 0.064
'PRANK_b1#0004_hhT_tree_20_OP_0.1825262028599538_Split_4.fasta', 30151.0, 0.048, 23021, 0.036, 8344, 0.013, 115577, 0.182, 163087.0, 0.258, -8999, -0.014, 46235.5, 0.073
'PRANK_b1#0004_hhT_tree_2_OP_0.0971126692608415_Split_4.fasta', 27330.0, 0.043, 24858, 0.039, 9761, 0.016, 117545, 0.187, 148022.0, 0.235, -11497, -0.018, 19186.5, 0.03
'PRANK_b1#0004_htH_tree_20_OP_0.1825262028599538_Split_4.fasta', 30141.0, 0.048, 22752, 0.036, 9433, 0.015, 116135, 0.185, 163534.0, 0.261, -8286, -0.013, 40582.5, 0.065
'PRANK_b1#0004_htH_tree_2_OP_0.0971126692608415_Split_4.fasta', 30089.0, 0.045, 25122, 0.038, 8942, 0.013, 111499, 0.167, 163139.0, 0.244, -11144, -0.017, 42593.5, 0.064
'PRANK_b1#0004_htT_tree_20_OP_0.1825262028599538_Split_4.fasta', 30119.0, 0.048, 23045, 0.036, 8334, 0.013, 115593, 0.183, 162895.0, 0.257, -9012, -0.014, 46082.5, 0.073
'PRANK_b1#0004_htT_tree_2_OP_0.0971126692608415_Split_4.fasta', 27321.0, 0.043, 24876, 0.04, 9774, 0.016, 117527, 0.187, 147949.0, 0.235, -11539, -0.018, 19002.5, 0.03
'PRANK_b1#0005_hhH_tree_67_OP_0.008476858088944328_Split_5.fasta', 31728.0, 0.058, 26579, 0.049, 5554, 0.01, 105307, 0.193, 172777.0, 0.317, -14534, -0.027, 72265.5, 0.133
'PRANK_b1#0005_hhT_tree_67_OP_0.008476858088944328_Split_5.fasta', 31123.0, 0.054, 25978, 0.045, 6011, 0.01, 107719, 0.186, 169516.0, 0.293, -13980, -0.024, 65610.5, 0.113
'PRANK_b1#0005_htH_tree_67_OP_0.008476858088944328_Split_5.fasta', 31728.0, 0.058, 26579, 0.049, 5557, 0.01, 105307, 0.193, 172777.0, 0.317, -14534, -0.027, 72247.5, 0.133
'PRANK_b1#0005_htT_tree_67_OP_0.008476858088944328_Split_5.fasta', 31125.0, 0.054, 25972, 0.045, 6016, 0.01, 107727, 0.186, 169526.0, 0.293, -13978, -0.024, 65588.5, 0.113
'PRANK_b1#0006_hhH_tree_90_OP_0.4673207261707267_Split_6.fasta', 30016.0, 0.046, 21102, 0.032, 13627, 0.021, 119685, 0.184, 164372.0, 0.253, -7021, -0.011, 15746.5, 0.024
'PRANK_b1#0006_hhT_tree_90_OP_0.4673207261707267_Split_6.fasta', 29912.0, 0.046, 21180, 0.033, 13777, 0.021, 119737, 0.184, 163804.0, 0.252, -6825, -0.011, 14448.5, 0.022
'PRANK_b1#0006_htH_tree_90_OP_0.4673207261707267_Split_6.fasta', 30059.0, 0.046, 21129, 0.032, 13629, 0.021, 119545, 0.184, 164561.0, 0.253, -7010, -0.011, 16004.5, 0.025
'PRANK_b1#0006_htT_tree_90_OP_0.4673207261707267_Split_6.fasta', 30059.0, 0.046, 21186, 0.033, 13661, 0.021, 119431, 0.184, 164449.0, 0.253, -6827, -0.01, 15940.5, 0.025
'PRANK_b1#0007_hhH_tree_41_OP_0.02098294888047958_Split_7.fasta', 28757.0, 0.047, 23828, 0.039, 4971, 0.008, 116751, 0.19, 154713.0, 0.252, -11898, -0.019, 54613.5, 0.089
'PRANK_b1#0007_hhT_tree_41_OP_0.02098294888047958_Split_7.fasta', 29009.0, 0.048, 24310, 0.04, 5970, 0.01, 115283, 0.189, 156222.0, 0.257, -11776, -0.019, 50984.5, 0.084
'PRANK_b1#0007_htH_tree_41_OP_0.02098294888047958_Split_7.fasta', 28757.0, 0.047, 23828, 0.039, 4971, 0.008, 116751, 0.19, 154713.0, 0.252, -11898, -0.019, 54613.5, 0.089
'PRANK_b1#0007_htT_tree_41_OP_0.02098294888047958_Split_7.fasta', 29009.0, 0.048, 24310, 0.04, 5970, 0.01, 115283, 0.189, 156222.0, 0.257, -11776, -0.019, 50984.5, 0.084
'PRANK_b1#0008_hhH_tree_15_OP_0.23700500204391878_Split_8.fasta', 29447.0, 0.044, 21301, 0.032, 12203, 0.018, 120425, 0.18, 159665.0, 0.238, -7874, -0.012, 18360.5, 0.027
'PRANK_b1#0008_hhT_tree_15_OP_0.23700500204391878_Split_8.fasta', 27624.0, 0.042, 22468, 0.034, 12670, 0.019, 121737, 0.184, 149729.0, 0.227, -9205, -0.014, 3635.5, 0.006
'PRANK_b1#0008_htH_tree_15_OP_0.23700500204391878_Split_8.fasta', 29459.0, 0.044, 21337, 0.032, 12610, 0.019, 120329, 0.181, 159851.0, 0.24, -8024, -0.012, 16002.5, 0.024
'PRANK_b1#0008_htT_tree_15_OP_0.23700500204391878_Split_8.fasta', 28567.0, 0.045, 24121, 0.038, 12794, 0.02, 116545, 0.185, 155295.0, 0.246, -9166, -0.015, 11092.5, 0.018
'PRANK_b1#0009_hhH_tree_29_OP_0.3263217068805121_Split_9.fasta', 28993.0, 0.044, 24492, 0.037, 13126, 0.02, 114951, 0.174, 157377.0, 0.239, -10520, -0.016, 10625.5, 0.016
'PRANK_b1#0009_hhT_tree_29_OP_0.3263217068805121_Split_9.fasta', 28588.0, 0.042, 22854, 0.033, 13170, 0.019, 119037, 0.174, 155151.0, 0.226, -9011, -0.013, 7601.5, 0.011
'PRANK_b1#0009_htH_tree_29_OP_0.3263217068805121_Split_9.fasta', 28970.0, 0.044, 24516, 0.037, 13131, 0.02, 114949, 0.174, 157262.0, 0.239, -10541, -0.016, 10460.5, 0.016
'PRANK_b1#0009_htT_tree_29_OP_0.3263217068805121_Split_9.fasta', 28596.0, 0.042, 22835, 0.033, 13244, 0.019, 119059, 0.174, 155191.0, 0.226, -8931, -0.013, 7266.5, 0.011
'PRANK_b1#0010_hhH_tree_55_OP_0.12131382649812672_Split_10.fasta', 31515.0, 0.055, 25574, 0.044, 9576, 0.017, 107743, 0.187, 171037.0, 0.297, -10804, -0.019, 48905.5, 0.085
'PRANK_b1#0010_hhH_tree_78_OP_0.2199134490774199_Split_10.fasta', 23395.0, 0.033, 18463, 0.026, 8857, 0.012, 138205, 0.193, 126866.0, 0.177, -8315, -0.012, -3693.5, -0.005
'PRANK_b1#0010_hhH_tree_93_OP_0.22235197408396468_Split_10.fasta', 32373.0, 0.056, 23828, 0.041, 8968, 0.015, 109519, 0.188, 176623.0, 0.303, -9028, -0.015, 59027.5, 0.101
'PRANK_b1#0010_hhT_tree_55_OP_0.12131382649812672_Split_10.fasta', 31578.0, 0.054, 25528, 0.044, 9637, 0.017, 107709, 0.186, 171397.0, 0.296, -10603, -0.018, 49117.5, 0.085
'PRANK_b1#0010_hhT_tree_78_OP_0.2199134490774199_Split_10.fasta', 23245.0, 0.032, 18646, 0.026, 9355, 0.013, 138139, 0.193, 125697.0, 0.176, -8452, -0.012, -7954.5, -0.011
'PRANK_b1#0010_hhT_tree_93_OP_0.22235197408396468_Split_10.fasta', 32383.0, 0.056, 23907, 0.041, 8967, 0.015, 109341, 0.189, 176689.0, 0.305, -9040, -0.016, 59176.5, 0.102
'PRANK_b1#0010_htH_tree_55_OP_0.12131382649812672_Split_10.fasta', 31515.0, 0.055, 25574, 0.044, 9581, 0.017, 107743, 0.187, 171037.0, 0.297, -10804, -0.019, 48875.5, 0.085
'PRANK_b1#0010_htH_tree_78_OP_0.2199134490774199_Split_10.fasta', 23342.0, 0.033, 18336, 0.026, 8814, 0.012, 138565, 0.194, 126601.0, 0.177, -8324, -0.012, -3889.5, -0.005
'PRANK_b1#0010_htH_tree_93_OP_0.22235197408396468_Split_10.fasta', 32373.0, 0.056, 23828, 0.041, 8984, 0.015, 109519, 0.188, 176623.0, 0.303, -9028, -0.015, 58931.5, 0.101
'PRANK_b1#0010_htT_tree_55_OP_0.12131382649812672_Split_10.fasta', 31565.0, 0.054, 25535, 0.044, 9644, 0.017, 107721, 0.186, 171306.0, 0.296, -10616, -0.018, 48965.5, 0.085
'PRANK_b1#0010_htT_tree_78_OP_0.2199134490774199_Split_10.fasta', 23245.0, 0.032, 18646, 0.026, 9357, 0.013, 138139, 0.193, 125697.0, 0.176, -8452, -0.012, -7966.5, -0.011
'PRANK_b1#0010_htT_tree_93_OP_0.22235197408396468_Split_10.fasta', 32425.0, 0.056, 23936, 0.041, 8933, 0.015, 109199, 0.189, 176913.0, 0.307, -9074, -0.016, 59641.5, 0.103
'PRANK_b1#0012_hhH_tree_39_OP_0.22687500454657905_Split_12.fasta', 33078.0, 0.059, 24718, 0.044, 9615, 0.017, 106329, 0.189, 179465.0, 0.319, -9614, -0.017, 58996.5, 0.105
'PRANK_b1#0012_hhH_tree_42_OP_0.0496315149686164_Split_12.fasta', 31286.0, 0.053, 24080, 0.041, 7538, 0.013, 111189, 0.189, 169376.0, 0.288, -10422, -0.018, 58131.5, 0.099
'PRANK_b1#0012_hhT_tree_39_OP_0.22687500454657905_Split_12.fasta', 32970.0, 0.058, 24682, 0.043, 9479, 0.017, 106617, 0.187, 178917.0, 0.314, -9879, -0.017, 58855.5, 0.103
'PRANK_b1#0012_hhT_tree_42_OP_0.0496315149686164_Split_12.fasta', 31275.0, 0.053, 24575, 0.041, 6765, 0.011, 110221, 0.186, 169551.0, 0.285, -11455, -0.019, 62395.5, 0.105
'PRANK_b1#0012_htH_tree_39_OP_0.22687500454657905_Split_12.fasta', 33053.0, 0.059, 24743, 0.044, 9615, 0.017, 106329, 0.189, 179340.0, 0.319, -9569, -0.017, 58916.5, 0.105
'PRANK_b1#0012_htH_tree_42_OP_0.0496315149686164_Split_12.fasta', 31306.0, 0.053, 24065, 0.041, 7567, 0.013, 111179, 0.189, 169476.0, 0.288, -10481, -0.018, 58003.5, 0.099
'PRANK_b1#0012_htT_tree_39_OP_0.22687500454657905_Split_12.fasta', 32970.0, 0.058, 24682, 0.043, 9477, 0.017, 106617, 0.187, 178917.0, 0.314, -9879, -0.017, 58867.5, 0.103
'PRANK_b1#0012_htT_tree_42_OP_0.0496315149686164_Split_12.fasta', 31260.0, 0.053, 24596, 0.041, 6765, 0.011, 110209, 0.185, 169476.0, 0.285, -11417, -0.019, 62364.5, 0.105
'PRANK_b1#0015_hhH_tree_18_OP_0.2024155938605975_Split_15.fasta', 32798.0, 0.059, 24232, 0.043, 10405, 0.019, 107861, 0.194, 177327.0, 0.318, -9784, -0.018, 51182.5, 0.092
'PRANK_b1#0015_hhT_tree_18_OP_0.2024155938605975_Split_15.fasta', 33008.0, 0.06, 24261, 0.044, 10175, 0.018, 107383, 0.195, 178275.0, 0.323, -9576, -0.017, 53957.5, 0.098
'PRANK_b1#0015_htH_tree_18_OP_0.2024155938605975_Split_15.fasta', 32825.0, 0.059, 24230, 0.043, 10380, 0.019, 107811, 0.193, 177462.0, 0.318, -9829, -0.018, 51447.5, 0.092
'PRANK_b1#0015_htT_tree_18_OP_0.2024155938605975_Split_15.fasta', 33008.0, 0.06, 24258, 0.044, 10179, 0.018, 107389, 0.195, 178275.0, 0.323, -9547, -0.017, 53959.5, 0.098
'PRANK_b1#0017_hhH_tree_25_OP_0.40331807202508463_Split_17.fasta', 31068.0, 0.049, 22702, 0.036, 12719, 0.02, 114381, 0.182, 169346.0, 0.269, -7407, -0.012, 28434.5, 0.045
'PRANK_b1#0017_hhT_tree_25_OP_0.40331807202508463_Split_17.fasta', 30768.0, 0.048, 22507, 0.035, 12435, 0.019, 115371, 0.178, 168558.0, 0.261, -7658, -0.012, 28604.5, 0.044
'PRANK_b1#0017_htH_tree_25_OP_0.40331807202508463_Split_17.fasta', 30552.0, 0.047, 22651, 0.035, 12362, 0.019, 115515, 0.178, 166753.0, 0.257, -7708, -0.012, 27115.5, 0.042
'PRANK_b1#0017_htT_tree_25_OP_0.40331807202508463_Split_17.fasta', 30719.0, 0.045, 22404, 0.033, 12429, 0.018, 115675, 0.171, 168273.0, 0.249, -7530, -0.011, 28331.5, 0.042
'PRANK_b1#0018_hhH_tree_75_OP_0.4799762788828158_Split_18.fasta', 30893.0, 0.046, 21568, 0.032, 12041, 0.018, 116999, 0.175, 168138.0, 0.251, -6337, -0.009, 31055.5, 0.046
'PRANK_b1#0018_hhT_tree_75_OP_0.4799762788828158_Split_18.fasta', 30777.0, 0.045, 21706, 0.032, 11656, 0.017, 116955, 0.172, 167570.0, 0.247, -6647, -0.01, 32509.5, 0.048
'PRANK_b1#0018_htH_tree_75_OP_0.4799762788828158_Split_18.fasta', 30738.0, 0.046, 21743, 0.032, 12097, 0.018, 116959, 0.174, 166632.0, 0.248, -6731, -0.01, 28839.5, 0.043
'PRANK_b1#0018_htT_tree_75_OP_0.4799762788828158_Split_18.fasta', 30662.0, 0.045, 21768, 0.032, 12081, 0.018, 117061, 0.17, 166952.0, 0.243, -6765, -0.01, 29170.5, 0.042
'PRANK_b1#0020_hhH_tree_32_OP_0.46510307915842913_Split_20.fasta', 27679.0, 0.039, 22707, 0.032, 12683, 0.018, 121149, 0.172, 149392.0, 0.212, -7773, -0.011, 4946.5, 0.007
'PRANK_b1#0020_hhH_tree_45_OP_0.34336798907063576_Split_20.fasta', 32861.0, 0.057, 24824, 0.043, 10427, 0.018, 106551, 0.184, 178215.0, 0.308, -8933, -0.015, 53444.5, 0.092
'PRANK_b1#0020_hhT_tree_32_OP_0.46510307915842913_Split_20.fasta', 27266.0, 0.039, 22136, 0.032, 12400, 0.018, 123117, 0.176, 146340.0, 0.209, -6891, -0.01, 3490.5, 0.005
'PRANK_b1#0020_hhT_tree_45_OP_0.34336798907063576_Split_20.fasta', 32266.0, 0.055, 24245, 0.042, 10660, 0.018, 108899, 0.187, 175438.0, 0.302, -8898, -0.015, 48130.5, 0.083
'PRANK_b1#0020_htH_tree_32_OP_0.46510307915842913_Split_20.fasta', 27621.0, 0.039, 22704, 0.032, 12990, 0.018, 121271, 0.17, 149121.0, 0.21, -8219, -0.012, 2326.5, 0.003
'PRANK_b1#0020_htH_tree_45_OP_0.34336798907063576_Split_20.fasta', 32862.0, 0.057, 24807, 0.043, 10439, 0.018, 106583, 0.184, 178217.0, 0.308, -8917, -0.015, 53374.5, 0.092
'PRANK_b1#0020_htT_tree_32_OP_0.46510307915842913_Split_20.fasta', 27342.0, 0.039, 22195, 0.032, 12358, 0.018, 122847, 0.175, 146735.0, 0.209, -7049, -0.01, 4114.5, 0.006
'PRANK_b1#0020_htT_tree_45_OP_0.34336798907063576_Split_20.fasta', 32028.0, 0.055, 24217, 0.042, 10884, 0.019, 109431, 0.188, 174486.0, 0.3, -8898, -0.015, 45568.5, 0.078
'PRANK_b1#0021_hhH_tree_72_OP_0.03379288926432422_Split_21.fasta', 30809.0, 0.049, 26300, 0.042, 7205, 0.012, 107703, 0.172, 167688.0, 0.268, -13659, -0.022, 56947.5, 0.091
'PRANK_b1#0021_hhT_tree_72_OP_0.03379288926432422_Split_21.fasta', 30926.0, 0.046, 25621, 0.038, 7383, 0.011, 108827, 0.162, 168047.0, 0.25, -11693, -0.017, 57642.5, 0.086
'PRANK_b1#0021_htH_tree_72_OP_0.03379288926432422_Split_21.fasta', 30809.0, 0.049, 26300, 0.042, 7199, 0.012, 107703, 0.172, 167688.0, 0.268, -13659, -0.022, 56983.5, 0.091
'PRANK_b1#0021_htT_tree_72_OP_0.03379288926432422_Split_21.fasta', 30882.0, 0.046, 25669, 0.038, 7422, 0.011, 108819, 0.162, 167827.0, 0.25, -11745, -0.017, 57140.5, 0.085
'PRANK_b1#0022_hhH_tree_82_OP_0.3028561213552523_Split_22.fasta', 29863.0, 0.04, 24919, 0.034, 10990, 0.015, 112357, 0.152, 162436.0, 0.219, -10024, -0.014, 30293.5, 0.041
'PRANK_b1#0022_hhH_tree_83_OP_0.37330283834351374_Split_22.fasta', 33684.0, 0.059, 24510, 0.043, 9398, 0.016, 105533, 0.185, 183286.0, 0.321, -9880, -0.017, 64251.5, 0.113
'PRANK_b1#0022_hhT_tree_82_OP_0.3028561213552523_Split_22.fasta', 29756.0, 0.043, 24645, 0.036, 11188, 0.016, 113119, 0.164, 161840.0, 0.235, -9808, -0.014, 28344.5, 0.041
'PRANK_b1#0022_hhT_tree_83_OP_0.37330283834351374_Split_22.fasta', 32323.0, 0.054, 24117, 0.04, 9066, 0.015, 109041, 0.181, 174931.0, 0.291, -9744, -0.016, 56270.5, 0.094
'PRANK_b1#0022_htH_tree_82_OP_0.3028561213552523_Split_22.fasta', 29915.0, 0.04, 24879, 0.034, 10928, 0.015, 112333, 0.152, 162696.0, 0.22, -9962, -0.013, 30999.5, 0.042
'PRANK_b1#0022_htH_tree_83_OP_0.37330283834351374_Split_22.fasta', 33664.0, 0.059, 24535, 0.043, 9348, 0.016, 105523, 0.185, 183183.0, 0.321, -9884, -0.017, 64449.5, 0.113
'PRANK_b1#0022_htT_tree_82_OP_0.3028561213552523_Split_22.fasta', 29786.0, 0.043, 24633, 0.036, 11193, 0.016, 113083, 0.164, 162020.0, 0.235, -9803, -0.014, 28517.5, 0.041
'PRANK_b1#0022_htT_tree_83_OP_0.37330283834351374_Split_22.fasta', 32369.0, 0.054, 24253, 0.041, 9041, 0.015, 108677, 0.183, 175217.0, 0.295, -9728, -0.016, 56904.5, 0.096
'PRANK_b1#0024_hhH_tree_12_OP_0.12503863659849623_Split_24.fasta', 29515.0, 0.051, 23675, 0.041, 9745, 0.017, 115541, 0.201, 159769.0, 0.278, -11336, -0.02, 32192.5, 0.056
'PRANK_b1#0024_hhH_tree_28_OP_0.026059464327883253_Split_24.fasta', 30655.0, 0.054, 26696, 0.047, 6500, 0.011, 107219, 0.189, 166152.0, 0.294, -13341, -0.024, 60201.5, 0.106
'PRANK_b1#0024_hhH_tree_34_OP_0.3871869419205337_Split_24.fasta', 33236.0, 0.055, 22698, 0.037, 11095, 0.018, 110053, 0.181, 180502.0, 0.298, -7791, -0.013, 51114.5, 0.084
'PRANK_b1#0024_hhH_tree_58_OP_0.4060880752132891_Split_24.fasta', 32491.0, 0.057, 21967, 0.039, 11661, 0.021, 113005, 0.199, 176653.0, 0.311, -7079, -0.012, 43105.5, 0.076
'PRANK_b1#0024_hhH_tree_65_OP_0.2277419037379937_Split_24.fasta', 29761.0, 0.054, 24849, 0.045, 13541, 0.025, 112701, 0.206, 162352.0, 0.296, -9882, -0.018, 14873.5, 0.027
'PRANK_b1#0024_hhT_tree_12_OP_0.12503863659849623_Split_24.fasta', 29483.0, 0.051, 23689, 0.041, 9852, 0.017, 115577, 0.202, 159472.0, 0.278, -11346, -0.02, 31225.5, 0.054
'PRANK_b1#0024_hhT_tree_28_OP_0.026059464327883253_Split_24.fasta', 30912.0, 0.055, 26989, 0.048, 6743, 0.012, 106119, 0.19, 166716.0, 0.298, -13445, -0.024, 59753.5, 0.107
'PRANK_b1#0024_hhT_tree_34_OP_0.3871869419205337_Split_24.fasta', 32324.0, 0.051, 22545, 0.036, 10659, 0.017, 112183, 0.177, 175761.0, 0.278, -8217, -0.013, 47498.5, 0.075
'PRANK_b1#0024_hhT_tree_58_OP_0.4060880752132891_Split_24.fasta', 31725.0, 0.055, 21674, 0.038, 11278, 0.02, 115123, 0.2, 172444.0, 0.3, -6196, -0.011, 41018.5, 0.071
'PRANK_b1#0024_hhT_tree_65_OP_0.2277419037379937_Split_24.fasta', 29496.0, 0.05, 24600, 0.042, 12500, 0.021, 113729, 0.193, 161297.0, 0.273, -10129, -0.017, 19303.5, 0.033
'PRANK_b1#0024_htH_tree_12_OP_0.12503863659849623_Split_24.fasta', 29502.0, 0.051, 23681, 0.041, 9752, 0.017, 115555, 0.201, 159678.0, 0.278, -11349, -0.02, 32039.5, 0.056
'PRANK_b1#0024_htH_tree_28_OP_0.026059464327883253_Split_24.fasta', 30655.0, 0.054, 26696, 0.047, 6500, 0.011, 107219, 0.189, 166152.0, 0.294, -13341, -0.024, 60201.5, 0.106
'PRANK_b1#0024_htH_tree_34_OP_0.3871869419205337_Split_24.fasta', 32900.0, 0.053, 22655, 0.037, 10761, 0.017, 110811, 0.18, 178697.0, 0.29, -8410, -0.014, 50315.5, 0.082
'PRANK_b1#0024_htH_tree_58_OP_0.4060880752132891_Split_24.fasta', 32717.0, 0.058, 22112, 0.039, 11435, 0.02, 112263, 0.198, 177856.0, 0.314, -6823, -0.012, 46291.5, 0.082
'PRANK_b1#0024_htH_tree_65_OP_0.2277419037379937_Split_24.fasta', 29752.0, 0.054, 24839, 0.045, 13528, 0.025, 112739, 0.206, 162303.0, 0.296, -9975, -0.018, 14790.5, 0.027
'PRANK_b1#0024_htT_tree_12_OP_0.12503863659849623_Split_24.fasta', 29483.0, 0.051, 23689, 0.041, 9852, 0.017, 115577, 0.202, 159472.0, 0.278, -11346, -0.02, 31225.5, 0.054
'PRANK_b1#0024_htT_tree_28_OP_0.026059464327883253_Split_24.fasta', 30912.0, 0.055, 26989, 0.048, 6744, 0.012, 106119, 0.19, 166716.0, 0.298, -13445, -0.024, 59747.5, 0.107
'PRANK_b1#0024_htT_tree_34_OP_0.3871869419205337_Split_24.fasta', 32441.0, 0.052, 22691, 0.036, 10602, 0.017, 111657, 0.178, 176369.0, 0.281, -8116, -0.013, 48812.5, 0.078
'PRANK_b1#0024_htT_tree_58_OP_0.4060880752132891_Split_24.fasta', 31698.0, 0.055, 21708, 0.038, 11272, 0.02, 115109, 0.2, 172327.0, 0.299, -6219, -0.011, 40921.5, 0.071
'PRANK_b1#0024_htT_tree_65_OP_0.2277419037379937_Split_24.fasta', 29518.0, 0.05, 24576, 0.042, 12499, 0.021, 113733, 0.193, 161407.0, 0.273, -10174, -0.017, 19372.5, 0.033
'PRANK_b1#0026_hhH_tree_87_OP_0.11403984600375927_Split_26.fasta', 29670.0, 0.047, 22929, 0.037, 8343, 0.013, 116723, 0.187, 160926.0, 0.258, -9875, -0.016, 42631.5, 0.068
'PRANK_b1#0026_hhT_tree_87_OP_0.11403984600375927_Split_26.fasta', 29900.0, 0.042, 23286, 0.033, 6792, 0.01, 115549, 0.163, 161672.0, 0.228, -10447, -0.015, 52698.5, 0.074
'PRANK_b1#0026_htH_tree_87_OP_0.11403984600375927_Split_26.fasta', 29669.0, 0.047, 22961, 0.037, 8317, 0.013, 116661, 0.187, 160921.0, 0.258, -9899, -0.016, 42789.5, 0.068
'PRANK_b1#0026_htT_tree_87_OP_0.11403984600375927_Split_26.fasta', 29913.0, 0.042, 23274, 0.033, 6793, 0.01, 115547, 0.163, 161737.0, 0.228, -10448, -0.015, 52757.5, 0.074
'PRANK_b1#0028_hhH_tree_70_OP_0.3490789034502281_Split_28.fasta', 26948.0, 0.038, 21960, 0.031, 11295, 0.016, 124105, 0.176, 147444.0, 0.209, -7848, -0.011, 9773.5, 0.014
'PRANK_b1#0028_hhT_tree_70_OP_0.3490789034502281_Split_28.fasta', 28182.0, 0.04, 21659, 0.031, 10867, 0.016, 122239, 0.175, 154006.0, 0.221, -8949, -0.013, 18735.5, 0.027
'PRANK_b1#0028_htH_tree_70_OP_0.3490789034502281_Split_28.fasta', 29081.0, 0.042, 23189, 0.034, 10817, 0.016, 117381, 0.171, 157963.0, 0.23, -8734, -0.013, 25636.5, 0.037
'PRANK_b1#0028_htT_tree_70_OP_0.3490789034502281_Split_28.fasta', 29684.0, 0.043, 22628, 0.033, 10399, 0.015, 117297, 0.17, 161300.0, 0.234, -9335, -0.014, 30922.5, 0.045
'PRANK_b1#0029_hhH_tree_1_OP_0.05363264786522631_Split_29.fasta', 24180.0, 0.036, 19656, 0.029, 8111, 0.012, 134249, 0.2, 132288.0, 0.197, -6583, -0.01, 9914.5, 0.015
'PRANK_b1#0029_hhH_tree_62_OP_0.09025347905865139_Split_29.fasta', 26903.0, 0.037, 21548, 0.03, 6631, 0.009, 125019, 0.174, 145866.0, 0.203, -10692, -0.015, 32878.5, 0.046
'PRANK_b1#0029_hhT_tree_1_OP_0.05363264786522631_Split_29.fasta', 24078.0, 0.035, 19509, 0.028, 8323, 0.012, 134747, 0.196, 131589.0, 0.191, -6382, -0.009, 7895.5, 0.011
'PRANK_b1#0029_hhT_tree_62_OP_0.09025347905865139_Split_29.fasta', 27603.0, 0.039, 21976, 0.031, 5995, 0.009, 122763, 0.175, 149290.0, 0.213, -10335, -0.015, 41603.5, 0.059
'PRANK_b1#0029_htH_tree_1_OP_0.05363264786522631_Split_29.fasta', 24159.0, 0.036, 19635, 0.029, 8089, 0.012, 134333, 0.2, 132183.0, 0.197, -6613, -0.01, 9869.5, 0.015
'PRANK_b1#0029_htH_tree_62_OP_0.09025347905865139_Split_29.fasta', 26903.0, 0.037, 21548, 0.03, 6631, 0.009, 125019, 0.174, 145866.0, 0.203, -10692, -0.015, 32878.5, 0.046
'PRANK_b1#0029_htT_tree_1_OP_0.05363264786522631_Split_29.fasta', 24118.0, 0.035, 19513, 0.028, 8347, 0.012, 134659, 0.196, 131808.0, 0.192, -6344, -0.009, 8052.5, 0.012
'PRANK_b1#0029_htT_tree_62_OP_0.09025347905865139_Split_29.fasta', 27603.0, 0.039, 21976, 0.031, 5994, 0.009, 122763, 0.175, 149290.0, 0.213, -10335, -0.015, 41609.5, 0.059
'PRANK_b1#0030_hhH_tree_68_OP_0.2161589229083642_Split_30.fasta', 31885.0, 0.053, 24855, 0.041, 8764, 0.015, 108441, 0.18, 173760.0, 0.289, -9641, -0.016, 57314.5, 0.095
'PRANK_b1#0030_hhT_tree_68_OP_0.2161589229083642_Split_30.fasta', 31959.0, 0.053, 25012, 0.042, 8842, 0.015, 107979, 0.181, 174108.0, 0.291, -9343, -0.016, 57723.5, 0.097
'PRANK_b1#0030_htH_tree_68_OP_0.2161589229083642_Split_30.fasta', 32004.0, 0.054, 25285, 0.042, 8300, 0.014, 107343, 0.18, 174507.0, 0.293, -9875, -0.017, 61160.5, 0.103
'PRANK_b1#0030_htT_tree_68_OP_0.2161589229083642_Split_30.fasta', 31931.0, 0.053, 25037, 0.042, 8847, 0.015, 107985, 0.181, 173968.0, 0.291, -9369, -0.016, 57524.5, 0.096
'PRANK_b1#0032_hhH_tree_17_OP_0.0883996370966601_Split_32.fasta', 24046.0, 0.037, 22663, 0.035, 9284, 0.014, 128503, 0.199, 131131.0, 0.203, -8696, -0.013, 2479.5, 0.004
'PRANK_b1#0032_hhH_tree_31_OP_0.2991272106085847_Split_32.fasta', 33787.0, 0.058, 24378, 0.042, 8185, 0.014, 105591, 0.182, 183263.0, 0.316, -10759, -0.019, 70598.5, 0.122
'PRANK_b1#0032_hhH_tree_57_OP_0.01035969654869301_Split_32.fasta', 29827.0, 0.053, 28972, 0.051, 6346, 0.011, 104323, 0.185, 161321.0, 0.286, -16004, -0.028, 55079.5, 0.098
'PRANK_b1#0032_hhH_tree_74_OP_0.34003546929790274_Split_32.fasta', 32582.0, 0.054, 22575, 0.037, 9978, 0.017, 111607, 0.185, 176954.0, 0.293, -8218, -0.014, 53064.5, 0.088
'PRANK_b1#0032_hhH_tree_76_OP_0.3744455664317578_Split_32.fasta', 31046.0, 0.051, 22306, 0.036, 11729, 0.019, 115217, 0.188, 168300.0, 0.275, -8242, -0.013, 32075.5, 0.052
'PRANK_b1#0032_hhT_tree_17_OP_0.0883996370966601_Split_32.fasta', 23461.0, 0.034, 19198, 0.028, 9150, 0.013, 136603, 0.196, 128334.0, 0.184, -6828, -0.01, -1695.5, -0.002
'PRANK_b1#0032_hhT_tree_31_OP_0.2991272106085847_Split_32.fasta', 33441.0, 0.057, 24294, 0.041, 8401, 0.014, 106451, 0.181, 181360.0, 0.309, -10684, -0.018, 67044.5, 0.114
'PRANK_b1#0032_hhT_tree_57_OP_0.01035969654869301_Split_32.fasta', 29866.0, 0.053, 29121, 0.052, 6359, 0.011, 103947, 0.184, 161593.0, 0.286, -16234, -0.029, 55231.5, 0.098
'PRANK_b1#0032_hhT_tree_74_OP_0.34003546929790274_Split_32.fasta', 30259.0, 0.046, 21134, 0.032, 9346, 0.014, 119135, 0.181, 162165.0, 0.246, -8572, -0.013, 37949.5, 0.058
'PRANK_b1#0032_hhT_tree_76_OP_0.3744455664317578_Split_32.fasta', 29980.0, 0.047, 21781, 0.034, 10945, 0.017, 118399, 0.185, 161693.0, 0.253, -9066, -0.014, 27757.5, 0.043
'PRANK_b1#0032_htH_tree_17_OP_0.0883996370966601_Split_32.fasta', 24046.0, 0.037, 22663, 0.035, 9244, 0.014, 128503, 0.199, 131131.0, 0.203, -8696, -0.013, 2719.5, 0.004
'PRANK_b1#0032_htH_tree_31_OP_0.2991272106085847_Split_32.fasta', 33789.0, 0.058, 24376, 0.042, 8188, 0.014, 105591, 0.182, 183271.0, 0.316, -10843, -0.019, 70504.5, 0.122
'PRANK_b1#0032_htH_tree_57_OP_0.01035969654869301_Split_32.fasta', 29827.0, 0.053, 28972, 0.051, 6346, 0.011, 104323, 0.185, 161321.0, 0.286, -16004, -0.028, 55079.5, 0.098
'PRANK_b1#0032_htH_tree_74_OP_0.34003546929790274_Split_32.fasta', 31114.0, 0.048, 21533, 0.033, 9569, 0.015, 116627, 0.18, 168056.0, 0.26, -8658, -0.013, 43670.5, 0.068
'PRANK_b1#0032_htH_tree_76_OP_0.3744455664317578_Split_32.fasta', 31027.0, 0.051, 22335, 0.036, 11709, 0.019, 115197, 0.188, 168167.0, 0.275, -8335, -0.014, 31979.5, 0.052
'PRANK_b1#0032_htT_tree_17_OP_0.0883996370966601_Split_32.fasta', 23461.0, 0.034, 19198, 0.028, 9115, 0.013, 136603, 0.196, 128334.0, 0.184, -6828, -0.01, -1485.5, -0.002
'PRANK_b1#0032_htT_tree_31_OP_0.2991272106085847_Split_32.fasta', 33441.0, 0.057, 24294, 0.041, 8401, 0.014, 106451, 0.181, 181360.0, 0.309, -10684, -0.018, 67044.5, 0.114
'PRANK_b1#0032_htT_tree_57_OP_0.01035969654869301_Split_32.fasta', 29867.0, 0.053, 29124, 0.052, 6384, 0.011, 103939, 0.186, 161599.0, 0.289, -16234, -0.029, 55091.5, 0.098
'PRANK_b1#0032_htT_tree_74_OP_0.34003546929790274_Split_32.fasta', 32568.0, 0.053, 22349, 0.036, 9979, 0.016, 112087, 0.183, 176886.0, 0.288, -8226, -0.013, 52742.5, 0.086
'PRANK_b1#0032_htT_tree_76_OP_0.3744455664317578_Split_32.fasta', 29980.0, 0.047, 21781, 0.034, 10945, 0.017, 118399, 0.185, 161693.0, 0.253, -9066, -0.014, 27757.5, 0.043
'PRANK_b1#0034_hhH_tree_33_OP_0.48048927330141855_Split_34.fasta', 24651.0, 0.034, 18311, 0.025, 14455, 0.02, 135997, 0.188, 135086.0, 0.187, -3993, -0.006, -23635.5, -0.033
'PRANK_b1#0034_hhH_tree_52_OP_0.03486385316080837_Split_34.fasta', 26466.0, 0.039, 21889, 0.033, 5145, 0.008, 125211, 0.187, 142830.0, 0.213, -10293, -0.015, 39061.5, 0.058
'PRANK_b1#0034_hhT_tree_33_OP_0.48048927330141855_Split_34.fasta', 30326.0, 0.043, 20079, 0.029, 14873, 0.021, 121111, 0.172, 164977.0, 0.235, -5132, -0.007, 10051.5, 0.014
'PRANK_b1#0034_hhT_tree_52_OP_0.03486385316080837_Split_34.fasta', 26360.0, 0.038, 21798, 0.031, 4954, 0.007, 125605, 0.181, 142322.0, 0.205, -10486, -0.015, 39309.5, 0.057
'PRANK_b1#0034_htH_tree_33_OP_0.48048927330141855_Split_34.fasta', 30293.0, 0.044, 20204, 0.029, 15342, 0.022, 120927, 0.176, 164457.0, 0.239, -3978, -0.006, 7963.5, 0.012
'PRANK_b1#0034_htH_tree_52_OP_0.03486385316080837_Split_34.fasta', 26466.0, 0.039, 21880, 0.033, 5143, 0.008, 125229, 0.187, 142830.0, 0.213, -10287, -0.015, 39070.5, 0.058
'PRANK_b1#0034_htT_tree_33_OP_0.48048927330141855_Split_34.fasta', 30326.0, 0.043, 20079, 0.029, 14801, 0.021, 121111, 0.172, 164977.0, 0.235, -5132, -0.007, 10483.5, 0.015
'PRANK_b1#0034_htT_tree_52_OP_0.03486385316080837_Split_34.fasta', 26360.0, 0.038, 21798, 0.031, 4954, 0.007, 125605, 0.181, 142322.0, 0.205, -10486, -0.015, 39309.5, 0.057
'PRANK_b1#0036_hhH_tree_8_OP_0.3698786236358351_Split_36.fasta', 31659.0, 0.054, 24217, 0.041, 12976, 0.022, 110169, 0.188, 171446.0, 0.292, -8252, -0.014, 30253.5, 0.052
'PRANK_b1#0036_hhT_tree_8_OP_0.3698786236358351_Split_36.fasta', 32064.0, 0.055, 24564, 0.042, 13360, 0.023, 108665, 0.186, 173412.0, 0.296, -8412, -0.014, 30507.5, 0.052
'PRANK_b1#0036_htH_tree_8_OP_0.3698786236358351_Split_36.fasta', 31680.0, 0.054, 24197, 0.041, 12796, 0.022, 110167, 0.187, 171538.0, 0.292, -8268, -0.014, 31410.5, 0.053
'PRANK_b1#0036_htT_tree_8_OP_0.3698786236358351_Split_36.fasta', 32140.0, 0.055, 24650, 0.042, 13035, 0.022, 108341, 0.185, 173765.0, 0.297, -8507, -0.015, 32877.5, 0.056
'PRANK_b1#0037_hhH_tree_19_OP_0.2601680197593299_Split_37.fasta', 32416.0, 0.056, 23819, 0.041, 9602, 0.017, 109451, 0.19, 175824.0, 0.305, -8663, -0.015, 54823.5, 0.095
'PRANK_b1#0037_hhT_tree_19_OP_0.2601680197593299_Split_37.fasta', 32444.0, 0.056, 23441, 0.04, 9582, 0.016, 110151, 0.189, 175944.0, 0.302, -8067, -0.014, 55309.5, 0.095
'PRANK_b1#0037_htH_tree_19_OP_0.2601680197593299_Split_37.fasta', 32393.0, 0.056, 23835, 0.041, 9591, 0.017, 109465, 0.189, 175711.0, 0.303, -8689, -0.015, 54743.5, 0.094
'PRANK_b1#0037_htT_tree_19_OP_0.2601680197593299_Split_37.fasta', 32444.0, 0.056, 23438, 0.04, 9589, 0.016, 110157, 0.189, 175945.0, 0.302, -8053, -0.014, 55279.5, 0.095
'PRANK_b1#0038_hhH_tree_22_OP_0.1313757710015392_Split_38.fasta', 30367.0, 0.05, 23158, 0.038, 8757, 0.014, 114871, 0.188, 162473.0, 0.265, -9492, -0.015, 43003.5, 0.07
'PRANK_b1#0038_hhH_tree_38_OP_0.29843463616112814_Split_38.fasta', 33209.0, 0.058, 24091, 0.042, 9765, 0.017, 107321, 0.187, 180600.0, 0.315, -9893, -0.017, 58456.5, 0.102
'PRANK_b1#0038_hhH_tree_91_OP_0.31689700001611826_Split_38.fasta', 31885.0, 0.053, 24279, 0.04, 10187, 0.017, 109593, 0.181, 172873.0, 0.286, -7091, -0.012, 49863.5, 0.082
'PRANK_b1#0038_hhT_tree_22_OP_0.1313757710015392_Split_38.fasta', 30344.0, 0.05, 22820, 0.037, 9145, 0.015, 115593, 0.189, 162400.0, 0.265, -9516, -0.016, 40217.5, 0.066
'PRANK_b1#0038_hhT_tree_38_OP_0.29843463616112814_Split_38.fasta', 33089.0, 0.057, 24178, 0.042, 9706, 0.017, 107387, 0.185, 179663.0, 0.31, -9840, -0.017, 57893.5, 0.1
'PRANK_b1#0038_hhT_tree_91_OP_0.31689700001611826_Split_38.fasta', 32623.0, 0.054, 24789, 0.041, 10447, 0.017, 107097, 0.177, 176798.0, 0.293, -7531, -0.012, 53036.5, 0.088
'PRANK_b1#0038_htH_tree_22_OP_0.1313757710015392_Split_38.fasta', 30438.0, 0.05, 23077, 0.038, 8762, 0.014, 114891, 0.188, 162844.0, 0.266, -9262, -0.015, 43564.5, 0.071
'PRANK_b1#0038_htH_tree_38_OP_0.29843463616112814_Split_38.fasta', 33228.0, 0.058, 24073, 0.042, 9766, 0.017, 107319, 0.187, 180714.0, 0.315, -9888, -0.017, 58570.5, 0.102
'PRANK_b1#0038_htH_tree_91_OP_0.31689700001611826_Split_38.fasta', 32558.0, 0.055, 24894, 0.042, 10509, 0.018, 107017, 0.18, 176417.0, 0.296, -7623, -0.013, 52231.5, 0.088
'PRANK_b1#0038_htT_tree_22_OP_0.1313757710015392_Split_38.fasta', 30339.0, 0.05, 22824, 0.037, 9143, 0.015, 115595, 0.189, 162375.0, 0.265, -9499, -0.016, 40220.5, 0.066
'PRANK_b1#0038_htT_tree_38_OP_0.29843463616112814_Split_38.fasta', 33089.0, 0.057, 24178, 0.042, 9706, 0.017, 107387, 0.185, 179663.0, 0.31, -9840, -0.017, 57893.5, 0.1
'PRANK_b1#0038_htT_tree_91_OP_0.31689700001611826_Split_38.fasta', 31991.0, 0.052, 24188, 0.039, 10058, 0.016, 109563, 0.179, 173463.0, 0.283, -7122, -0.012, 51211.5, 0.083
'PRANK_b1#0040_hhH_tree_27_OP_0.14896923282821622_Split_40.fasta', 32911.0, 0.062, 26261, 0.049, 8461, 0.016, 103577, 0.194, 178943.0, 0.335, -10418, -0.02, 65970.5, 0.124
'PRANK_b1#0040_hhH_tree_9_OP_0.3803136599863731_Split_40.fasta', 29992.0, 0.046, 22865, 0.035, 11915, 0.018, 116207, 0.177, 162808.0, 0.248, -9508, -0.014, 23706.5, 0.036
'PRANK_b1#0040_hhT_tree_27_OP_0.14896923282821622_Split_40.fasta', 32743.0, 0.061, 26304, 0.049, 8293, 0.015, 103827, 0.194, 178307.0, 0.332, -10487, -0.02, 66148.5, 0.123
'PRANK_b1#0040_hhT_tree_9_OP_0.3803136599863731_Split_40.fasta', 29692.0, 0.044, 21936, 0.033, 12569, 0.019, 118665, 0.176, 160666.0, 0.239, -9269, -0.014, 16650.5, 0.025
'PRANK_b1#0040_htH_tree_27_OP_0.14896923282821622_Split_40.fasta', 32912.0, 0.062, 26260, 0.049, 8461, 0.016, 103577, 0.194, 178948.0, 0.335, -10415, -0.02, 65978.5, 0.124
'PRANK_b1#0040_htH_tree_9_OP_0.3803136599863731_Split_40.fasta', 29978.0, 0.046, 22790, 0.035, 11990, 0.018, 116385, 0.177, 162738.0, 0.248, -9415, -0.014, 23190.5, 0.035
'PRANK_b1#0040_htT_tree_27_OP_0.14896923282821622_Split_40.fasta', 32923.0, 0.061, 26321, 0.049, 8243, 0.015, 103433, 0.193, 179053.0, 0.334, -10419, -0.019, 67459.5, 0.126
'PRANK_b1#0040_htT_tree_9_OP_0.3803136599863731_Split_40.fasta', 29679.0, 0.044, 22021, 0.033, 12503, 0.019, 118521, 0.176, 160601.0, 0.239, -9332, -0.014, 16990.5, 0.025
'PRANK_b1#0041_hhH_tree_98_OP_0.2156405548443302_Split_41.fasta', 27137.0, 0.041, 23577, 0.036, 10759, 0.016, 120493, 0.182, 148503.0, 0.225, -9264, -0.014, 14438.5, 0.022
'PRANK_b1#0041_hhT_tree_98_OP_0.2156405548443302_Split_41.fasta', 27237.0, 0.041, 23819, 0.036, 9891, 0.015, 119809, 0.182, 148824.0, 0.226, -9687, -0.015, 19886.5, 0.03
'PRANK_b1#0041_htH_tree_98_OP_0.2156405548443302_Split_41.fasta', 27163.0, 0.041, 23531, 0.036, 10776, 0.016, 120533, 0.183, 148630.0, 0.225, -9140, -0.014, 14567.5, 0.022
'PRANK_b1#0041_htT_tree_98_OP_0.2156405548443302_Split_41.fasta', 27191.0, 0.041, 23877, 0.036, 9895, 0.015, 119785, 0.182, 148542.0, 0.226, -9806, -0.015, 19473.5, 0.03
'PRANK_b1#0042_hhH_tree_26_OP_0.19458729828343746_Split_42.fasta', 32817.0, 0.057, 25304, 0.044, 7769, 0.014, 105679, 0.185, 178868.0, 0.313, -11196, -0.02, 68218.5, 0.119
'PRANK_b1#0042_hhH_tree_50_OP_0.41441335319694456_Split_42.fasta', 31651.0, 0.055, 22229, 0.039, 12663, 0.022, 114161, 0.2, 170196.0, 0.298, -7553, -0.013, 29584.5, 0.052
'PRANK_b1#0042_hhT_tree_26_OP_0.19458729828343746_Split_42.fasta', 32191.0, 0.055, 24554, 0.042, 8271, 0.014, 108431, 0.184, 175339.0, 0.298, -10315, -0.018, 61182.5, 0.104
'PRANK_b1#0042_hhT_tree_50_OP_0.41441335319694456_Split_42.fasta', 31793.0, 0.055, 21988, 0.038, 12578, 0.022, 114359, 0.199, 170663.0, 0.296, -7317, -0.013, 30698.5, 0.053
'PRANK_b1#0042_htH_tree_26_OP_0.19458729828343746_Split_42.fasta', 32426.0, 0.056, 24843, 0.043, 8407, 0.014, 107383, 0.185, 176523.0, 0.303, -10562, -0.018, 61827.5, 0.106
'PRANK_b1#0042_htH_tree_50_OP_0.41441335319694456_Split_42.fasta', 31757.0, 0.056, 22121, 0.039, 12759, 0.022, 114165, 0.2, 170580.0, 0.299, -7286, -0.013, 29657.5, 0.052
'PRANK_b1#0042_htT_tree_26_OP_0.19458729828343746_Split_42.fasta', 32212.0, 0.055, 24539, 0.042, 8280, 0.014, 108419, 0.184, 175444.0, 0.298, -10274, -0.017, 61280.5, 0.104
'PRANK_b1#0042_htT_tree_50_OP_0.41441335319694456_Split_42.fasta', 31775.0, 0.055, 21996, 0.038, 12589, 0.022, 114379, 0.199, 170573.0, 0.296, -7327, -0.013, 30522.5, 0.053
'PRANK_b1#0044_hhH_tree_66_OP_0.002445136450722696_Split_44.fasta', 30148.0, 0.05, 25617, 0.043, 6284, 0.01, 110391, 0.183, 164013.0, 0.272, -13704, -0.023, 57409.5, 0.095
'PRANK_b1#0044_hhT_tree_66_OP_0.002445136450722696_Split_44.fasta', 28840.0, 0.046, 24321, 0.039, 6724, 0.011, 115599, 0.184, 155843.0, 0.248, -12144, -0.019, 45555.5, 0.072
'PRANK_b1#0044_htH_tree_66_OP_0.002445136450722696_Split_44.fasta', 30752.0, 0.054, 26208, 0.046, 6250, 0.011, 108001, 0.188, 167034.0, 0.291, -14249, -0.025, 61284.5, 0.107
'PRANK_b1#0044_htT_tree_66_OP_0.002445136450722696_Split_44.fasta', 30739.0, 0.054, 26181, 0.046, 7039, 0.012, 108081, 0.189, 166031.0, 0.291, -13613, -0.024, 56143.5, 0.098
'PRANK_b1#0047_hhH_tree_49_OP_0.3808211405032018_Split_47.fasta', 31384.0, 0.05, 23307, 0.037, 12378, 0.02, 112539, 0.179, 170124.0, 0.271, -9040, -0.014, 30546.5, 0.049
'PRANK_b1#0047_hhH_tree_54_OP_0.19617966006842125_Split_47.fasta', 30165.0, 0.05, 22482, 0.037, 8121, 0.013, 116627, 0.194, 163288.0, 0.271, -10596, -0.018, 45652.5, 0.076
'PRANK_b1#0047_hhH_tree_94_OP_0.02673109171310184_Split_47.fasta', 30848.0, 0.053, 27619, 0.048, 6738, 0.012, 104987, 0.181, 168669.0, 0.29, -12586, -0.022, 63161.5, 0.109
'PRANK_b1#0047_hhT_tree_49_OP_0.3808211405032018_Split_47.fasta', 31477.0, 0.051, 23603, 0.038, 12182, 0.02, 111761, 0.18, 170256.0, 0.274, -8458, -0.014, 32825.5, 0.053
'PRANK_b1#0047_hhT_tree_54_OP_0.19617966006842125_Split_47.fasta', 32316.0, 0.055, 23867, 0.04, 7795, 0.013, 109555, 0.185, 175506.0, 0.297, -10117, -0.017, 63841.5, 0.108
'PRANK_b1#0047_hhT_tree_94_OP_0.02673109171310184_Split_47.fasta', 30194.0, 0.052, 28892, 0.05, 6382, 0.011, 103749, 0.179, 164883.0, 0.285, -14306, -0.025, 60410.5, 0.104
'PRANK_b1#0047_htH_tree_49_OP_0.3808211405032018_Split_47.fasta', 31841.0, 0.052, 23993, 0.039, 12336, 0.02, 110253, 0.18, 172331.0, 0.282, -9428, -0.015, 33760.5, 0.055
'PRANK_b1#0047_htH_tree_54_OP_0.19617966006842125_Split_47.fasta', 30154.0, 0.05, 22493, 0.037, 8108, 0.013, 116627, 0.194, 163170.0, 0.271, -10592, -0.018, 45616.5, 0.076
'PRANK_b1#0047_htH_tree_94_OP_0.02673109171310184_Split_47.fasta', 30847.0, 0.053, 27625, 0.048, 6869, 0.012, 104977, 0.181, 168664.0, 0.29, -12588, -0.022, 62373.5, 0.107
'PRANK_b1#0047_htT_tree_49_OP_0.3808211405032018_Split_47.fasta', 31534.0, 0.051, 23581, 0.038, 12147, 0.02, 111691, 0.179, 170532.0, 0.274, -8463, -0.014, 33341.5, 0.054
'PRANK_b1#0047_htT_tree_54_OP_0.19617966006842125_Split_47.fasta', 32333.0, 0.055, 24022, 0.041, 7729, 0.013, 109211, 0.187, 175626.0, 0.301, -10220, -0.017, 64426.5, 0.11
'PRANK_b1#0047_htT_tree_94_OP_0.02673109171310184_Split_47.fasta', 30193.0, 0.052, 28898, 0.05, 6377, 0.011, 103739, 0.179, 164878.0, 0.285, -14308, -0.025, 60438.5, 0.105
'23410', 34073.0, 0.057, 25532, 0.043, 4960, 0.008, 102711, 0.173, 184732.0, 0.31, -12324, -0.021, 91292.5, 0.153
