code_BLOSUM62_GO_-6_GE_-0.5,sp_HENIKOFF_with_gaps_BLOSUM62_GO_-6_GE_-0.5,sp_HENIKOFF_without_gaps_BLOSUM62_GO_-6_GE_-0.5,sp_CLUSTAL_WEIGHTS_mid_root_BLOSUM62_GO_-6_GE_-0.5,sp_CLUSTAL_WEIGHTS_diff_sum_BLOSUM62_GO_-6_GE_-0.5
'bali_phy_msa.1.fas', -51.056, -53.734, -44.157, -52.536
'bali_phy_msa.10.fas', 33.595, 42.371, 27.835, 34.583
'bali_phy_msa.100.fas', 33.876, 42.43, 26.949, 34.009
'bali_phy_msa.101.fas', 33.414, 42.142, 28.771, 34.428
'bali_phy_msa.102.fas', 29.866, 37.749, 26.162, 30.375
'bali_phy_msa.103.fas', 32.471, 40.883, 28.266, 33.107
'bali_phy_msa.104.fas', 34.185, 43.241, 29.414, 35.134
'bali_phy_msa.105.fas', 33.088, 41.432, 28.845, 34.003
'bali_phy_msa.106.fas', 33.005, 41.867, 31.154, 33.439
'bali_phy_msa.107.fas', 34.044, 42.521, 27.543, 34.929
'bali_phy_msa.108.fas', 32.864, 41.244, 28.135, 33.945
'bali_phy_msa.109.fas', 34.561, 43.369, 28.671, 35.475
'bali_phy_msa.11.fas', 33.128, 41.498, 27.204, 34.392
'bali_phy_msa.110.fas', 34.154, 42.758, 28.725, 35.517
'bali_phy_msa.111.fas', 31.55, 39.599, 27.453, 32.018
'bali_phy_msa.112.fas', 33.072, 41.359, 29.987, 33.546
'bali_phy_msa.113.fas', 32.552, 40.977, 28.252, 33.136
'bali_phy_msa.114.fas', 32.685, 41.235, 26.771, 33.543
'bali_phy_msa.115.fas', 34.055, 42.805, 26.982, 35.514
'bali_phy_msa.116.fas', 33.911, 42.507, 28.815, 34.181
'bali_phy_msa.117.fas', 30.686, 38.538, 26.375, 30.786
'bali_phy_msa.118.fas', 33.361, 41.859, 26.833, 34.239
'bali_phy_msa.119.fas', 33.443, 41.975, 28.483, 34.13
'bali_phy_msa.12.fas', 34.149, 42.888, 27.234, 34.614
'bali_phy_msa.120.fas', 32.566, 40.734, 28.127, 33.149
'bali_phy_msa.121.fas', 33.078, 41.334, 27.869, 33.302
'bali_phy_msa.122.fas', 34.394, 43.037, 27.235, 35.606
'bali_phy_msa.123.fas', 32.817, 41.17, 26.263, 34.479
'bali_phy_msa.124.fas', 32.009, 40.032, 26.751, 32.294
'bali_phy_msa.125.fas', 33.896, 42.299, 31.81, 34.165
'bali_phy_msa.126.fas', 31.769, 39.813, 27.896, 32.573
'bali_phy_msa.127.fas', 32.959, 41.242, 26.719, 34.4
'bali_phy_msa.128.fas', 34.191, 43.02, 27.64, 34.042
'bali_phy_msa.129.fas', 33.752, 42.274, 26.973, 34.707
'bali_phy_msa.13.fas', 33.891, 42.606, 28.258, 35.061
'bali_phy_msa.130.fas', 32.285, 40.671, 28.175, 33.086
'bali_phy_msa.131.fas', 32.939, 41.42, 27.485, 33.658
'bali_phy_msa.132.fas', 33.382, 41.727, 29.083, 34.175
'bali_phy_msa.133.fas', 33.273, 41.691, 28.026, 33.22
'bali_phy_msa.134.fas', 33.526, 42.218, 28.707, 34.408
'bali_phy_msa.135.fas', 33.875, 42.333, 29.149, 34.482
'bali_phy_msa.136.fas', 33.632, 42.318, 27.535, 35.078
'bali_phy_msa.137.fas', 33.638, 42.182, 27.945, 34.745
'bali_phy_msa.138.fas', 32.98, 41.407, 28.582, 33.895
'bali_phy_msa.139.fas', 32.328, 40.382, 27.408, 33.401
'bali_phy_msa.14.fas', 34.412, 43.352, 27.956, 35.912
'bali_phy_msa.140.fas', 33.153, 41.577, 27.021, 34.844
'bali_phy_msa.141.fas', 32.751, 40.931, 29.6, 33.143
'bali_phy_msa.142.fas', 35.233, 44.172, 28.815, 36.961
'bali_phy_msa.143.fas', 34.095, 42.958, 29.379, 34.868
'bali_phy_msa.144.fas', 32.425, 40.722, 27.241, 32.774
'bali_phy_msa.145.fas', 30.632, 38.229, 26.969, 31.279
'bali_phy_msa.146.fas', 34.058, 42.671, 27.365, 34.72
'bali_phy_msa.147.fas', 32.899, 41.283, 31.298, 33.895
'bali_phy_msa.148.fas', 31.885, 40.082, 27.581, 32.797
'bali_phy_msa.149.fas', 32.384, 40.799, 27.987, 33.587
'bali_phy_msa.15.fas', 32.175, 40.463, 26.965, 33.023
'bali_phy_msa.150.fas', 30.955, 39.05, 24.815, 31.674
'bali_phy_msa.151.fas', 29.012, 36.511, 26.139, 29.816
'bali_phy_msa.152.fas', 33.533, 41.988, 28.676, 34.162
'bali_phy_msa.153.fas', 32.98, 41.589, 25.955, 34.212
'bali_phy_msa.154.fas', 32.6, 40.791, 27.793, 33.16
'bali_phy_msa.155.fas', 33.227, 41.691, 29.362, 34.415
'bali_phy_msa.156.fas', 33.843, 42.378, 29.808, 35.034
'bali_phy_msa.157.fas', 32.163, 40.475, 27.406, 33.381
'bali_phy_msa.158.fas', 31.743, 40.141, 28.162, 32.289
'bali_phy_msa.159.fas', 33.074, 41.451, 28.714, 34.468
'bali_phy_msa.16.fas', 32.397, 40.591, 27.776, 32.925
'bali_phy_msa.160.fas', 34.427, 43.285, 29.74, 35.304
'bali_phy_msa.161.fas', 33.606, 42.319, 29.287, 34.883
'bali_phy_msa.162.fas', 34.194, 42.967, 30.381, 35.059
'bali_phy_msa.163.fas', 32.357, 40.566, 27.745, 32.961
'bali_phy_msa.164.fas', 32.564, 40.91, 28.177, 33.251
'bali_phy_msa.165.fas', 34.756, 43.535, 27.459, 35.704
'bali_phy_msa.166.fas', 32.426, 40.612, 28.073, 32.694
'bali_phy_msa.167.fas', 31.28, 39.172, 27.172, 32.245
'bali_phy_msa.168.fas', 31.955, 40.289, 27.547, 32.542
'bali_phy_msa.169.fas', 29.659, 37.492, 24.462, 30.485
'bali_phy_msa.17.fas', 32.587, 41.049, 26.568, 33.421
'bali_phy_msa.170.fas', 32.303, 40.59, 26.563, 31.992
'bali_phy_msa.171.fas', 33.977, 42.71, 29.325, 34.884
'bali_phy_msa.172.fas', 32.734, 41.251, 28.052, 33.031
'bali_phy_msa.173.fas', 32.908, 41.374, 28.715, 34.247
'bali_phy_msa.174.fas', 33.887, 42.696, 28.309, 33.928
'bali_phy_msa.175.fas', 32.373, 40.848, 24.913, 33.311
'bali_phy_msa.176.fas', 33.708, 42.25, 29.077, 34.294
'bali_phy_msa.177.fas', 31.238, 39.204, 25.58, 31.556
'bali_phy_msa.178.fas', 33.927, 42.568, 27.896, 35.173
'bali_phy_msa.179.fas', 34.13, 42.862, 29.898, 35.294
'bali_phy_msa.18.fas', 33.858, 42.415, 27.653, 35.073
'bali_phy_msa.180.fas', 31.604, 39.719, 25.95, 32.616
'bali_phy_msa.181.fas', 33.017, 41.406, 27.707, 33.69
'bali_phy_msa.182.fas', 33.052, 41.38, 28.391, 33.98
'bali_phy_msa.183.fas', 33.367, 42.134, 26.434, 34.213
'bali_phy_msa.184.fas', 34.435, 43.103, 28.874, 34.574
'bali_phy_msa.185.fas', 31.51, 39.698, 25.248, 32.054
'bali_phy_msa.186.fas', 33.317, 41.776, 27.718, 34.048
'bali_phy_msa.187.fas', 34.112, 42.545, 27.968, 34.73
'bali_phy_msa.188.fas', 32.964, 41.291, 28.589, 33.821
'bali_phy_msa.189.fas', 33.431, 41.916, 26.275, 34.273
'bali_phy_msa.19.fas', 31.778, 40.082, 27.722, 32.275
'bali_phy_msa.190.fas', 32.036, 40.291, 25.493, 33.466
'bali_phy_msa.191.fas', 31.151, 39.083, 25.284, 31.298
'bali_phy_msa.192.fas', 33.49, 42.315, 28.509, 34.312
'bali_phy_msa.193.fas', 33.249, 41.822, 25.512, 33.385
'bali_phy_msa.194.fas', 32.626, 40.863, 27.732, 33.344
'bali_phy_msa.195.fas', 33.687, 42.226, 28.382, 35.459
'bali_phy_msa.196.fas', 33.105, 41.652, 27.715, 33.958
'bali_phy_msa.197.fas', 33.709, 42.732, 29.174, 33.867
'bali_phy_msa.198.fas', 34.285, 42.77, 29.595, 34.966
'bali_phy_msa.199.fas', 30.863, 38.633, 27.469, 31.327
'bali_phy_msa.2.fas', 30.98, 38.919, 27.638, 32.324
'bali_phy_msa.20.fas', 32.17, 40.316, 27.918, 33.311
'bali_phy_msa.200.fas', 32.493, 41.015, 28.797, 33.453
'bali_phy_msa.201.fas', 33.298, 41.852, 28.996, 34.286
'bali_phy_msa.202.fas', 31.866, 40.106, 29.686, 31.804
'bali_phy_msa.203.fas', 33.649, 42.234, 29.258, 34.622
'bali_phy_msa.204.fas', 31.836, 40.068, 25.197, 32.644
'bali_phy_msa.205.fas', 32.362, 40.749, 27.474, 33.763
'bali_phy_msa.206.fas', 32.184, 40.197, 28.929, 32.571
'bali_phy_msa.207.fas', 28.837, 36.543, 24.354, 30.013
'bali_phy_msa.208.fas', 27.747, 35.145, 22.943, 28.198
'bali_phy_msa.209.fas', 33.003, 41.242, 28.938, 33.742
'bali_phy_msa.21.fas', 33.759, 42.251, 29.706, 34.899
'bali_phy_msa.210.fas', 33.661, 41.938, 29.377, 34.096
'bali_phy_msa.211.fas', 31.347, 39.246, 27.471, 31.832
'bali_phy_msa.212.fas', 33.16, 41.613, 26.198, 35.11
'bali_phy_msa.213.fas', 33.353, 41.645, 28.667, 33.468
'bali_phy_msa.214.fas', 33.364, 41.971, 28.859, 34.239
'bali_phy_msa.215.fas', 32.338, 40.533, 27.539, 32.916
'bali_phy_msa.216.fas', 31.858, 39.969, 27.433, 31.751
'bali_phy_msa.217.fas', 35.361, 44.335, 28.378, 35.839
'bali_phy_msa.218.fas', 33.139, 41.571, 27.219, 34.161
'bali_phy_msa.219.fas', 32.245, 40.632, 27.295, 33.205
'bali_phy_msa.22.fas', 33.991, 42.615, 28.338, 34.913
'bali_phy_msa.220.fas', 32.762, 41.089, 26.361, 33.924
'bali_phy_msa.221.fas', 33.489, 42.057, 29.187, 34.838
'bali_phy_msa.222.fas', 33.761, 42.31, 29.572, 34.896
'bali_phy_msa.223.fas', 31.786, 40.064, 27.527, 32.73
'bali_phy_msa.224.fas', 32.882, 41.036, 28.695, 33.401
'bali_phy_msa.225.fas', 31.224, 39.132, 26.647, 31.416
'bali_phy_msa.226.fas', 33.534, 42.04, 28.794, 34.109
'bali_phy_msa.227.fas', 29.709, 37.42, 26.224, 30.022
'bali_phy_msa.228.fas', 32.64, 40.944, 28.162, 33.575
'bali_phy_msa.229.fas', 32.992, 41.361, 28.558, 34.222
'bali_phy_msa.23.fas', 32.781, 41.169, 28.168, 34.193
'bali_phy_msa.230.fas', 33.776, 42.415, 29.353, 34.631
'bali_phy_msa.231.fas', 32.605, 41.055, 27.604, 33.545
'bali_phy_msa.232.fas', 32.589, 40.93, 25.966, 33.138
'bali_phy_msa.233.fas', 32.863, 41.227, 30.949, 30.913
'bali_phy_msa.234.fas', 33.569, 42.114, 27.763, 33.967
'bali_phy_msa.235.fas', 33.615, 42.17, 27.441, 33.94
'bali_phy_msa.236.fas', 32.929, 41.215, 26.758, 33.707
'bali_phy_msa.237.fas', 33.169, 41.57, 26.09, 33.872
'bali_phy_msa.238.fas', 33.415, 42.016, 26.205, 34.078
'bali_phy_msa.239.fas', 32.745, 41.016, 28.211, 33.807
'bali_phy_msa.24.fas', 33.983, 42.818, 29.229, 34.994
'bali_phy_msa.240.fas', 33.65, 42.124, 29.226, 34.484
'bali_phy_msa.241.fas', 32.851, 41.219, 31.733, 32.749
'bali_phy_msa.242.fas', 32.56, 40.869, 27.194, 33.229
'bali_phy_msa.243.fas', 33.887, 42.669, 28.551, 34.106
'bali_phy_msa.244.fas', 33.761, 42.235, 29.489, 34.244
'bali_phy_msa.245.fas', 33.982, 42.79, 27.429, 34.918
'bali_phy_msa.246.fas', 34.616, 43.283, 29.514, 35.31
'bali_phy_msa.247.fas', 32.212, 40.448, 27.319, 33.8
'bali_phy_msa.248.fas', 34.494, 43.317, 28.966, 35.909
'bali_phy_msa.249.fas', 33.549, 42.11, 28.083, 34.538
'bali_phy_msa.25.fas', 34.205, 42.972, 29.443, 35.095
'bali_phy_msa.250.fas', 31.599, 39.674, 27.113, 31.903
'bali_phy_msa.251.fas', 33.587, 42.207, 25.887, 33.643
'bali_phy_msa.252.fas', 33.244, 41.626, 28.939, 34.155
'bali_phy_msa.253.fas', 32.733, 41.284, 28.176, 33.025
'bali_phy_msa.254.fas', 29.293, 36.853, 23.291, 29.966
'bali_phy_msa.255.fas', 29.706, 37.713, 25.653, 30.63
'bali_phy_msa.256.fas', 32.114, 40.254, 28.218, 32.662
'bali_phy_msa.257.fas', 32.411, 40.78, 29.332, 32.596
'bali_phy_msa.258.fas', 32.377, 40.694, 28.407, 32.986
'bali_phy_msa.259.fas', 31.33, 39.581, 27.224, 32.11
'bali_phy_msa.26.fas', 33.532, 41.915, 29.173, 34.433
'bali_phy_msa.260.fas', 33.314, 41.883, 26.415, 34.512
'bali_phy_msa.261.fas', 33.479, 41.749, 28.74, 33.631
'bali_phy_msa.262.fas', 33.544, 42.062, 27.694, 33.84
'bali_phy_msa.263.fas', 33.553, 42.242, 27.421, 33.516
'bali_phy_msa.264.fas', 32.689, 41.157, 27.873, 33.352
'bali_phy_msa.265.fas', 33.364, 42.064, 27.506, 34.057
'bali_phy_msa.266.fas', 34.101, 42.769, 29.851, 35.069
'bali_phy_msa.267.fas', 34.301, 43.299, 29.609, 35.557
'bali_phy_msa.268.fas', 32.301, 40.651, 25.438, 33.15
'bali_phy_msa.269.fas', 33.706, 42.378, 27.628, 33.998
'bali_phy_msa.27.fas', 33.721, 42.303, 28.712, 34.638
'bali_phy_msa.270.fas', 30.886, 38.787, 25.384, 30.624
'bali_phy_msa.271.fas', 25.851, 32.746, 22.402, 26.798
'bali_phy_msa.272.fas', 32.962, 41.426, 28.528, 34.36
'bali_phy_msa.273.fas', 32.749, 41.248, 27.976, 33.404
'bali_phy_msa.274.fas', 32.503, 40.814, 28.641, 32.904
'bali_phy_msa.275.fas', 34.359, 43.05, 28.594, 35.086
'bali_phy_msa.276.fas', 34.197, 42.78, 29.089, 34.853
'bali_phy_msa.277.fas', 30.876, 38.703, 26.274, 31.741
'bali_phy_msa.278.fas', 33.31, 41.973, 28.519, 34.913
'bali_phy_msa.279.fas', 32.57, 40.83, 28.278, 33.804
'bali_phy_msa.28.fas', 33.65, 42.133, 29.311, 34.427
'bali_phy_msa.280.fas', 32.355, 40.63, 30.656, 32.644
'bali_phy_msa.281.fas', 34.115, 42.737, 29.206, 35.615
'bali_phy_msa.282.fas', 32.025, 40.235, 27.662, 33.018
'bali_phy_msa.283.fas', 31.564, 39.587, 26.617, 32.564
'bali_phy_msa.284.fas', 33.041, 41.447, 28.657, 33.944
'bali_phy_msa.285.fas', 32.504, 40.897, 27.654, 32.988
'bali_phy_msa.286.fas', 33.196, 41.653, 27.424, 34.077
'bali_phy_msa.287.fas', 34.75, 43.391, 29.723, 35.492
'bali_phy_msa.288.fas', 32.327, 40.604, 27.455, 33.267
'bali_phy_msa.289.fas', 31.183, 39.16, 27.274, 32.048
'bali_phy_msa.29.fas', 33.533, 42.098, 29.274, 34.175
'bali_phy_msa.290.fas', 33.332, 41.83, 29.246, 34.399
'bali_phy_msa.291.fas', 33.044, 41.691, 25.687, 33.341
'bali_phy_msa.292.fas', 32.276, 40.383, 28.157, 33.408
'bali_phy_msa.293.fas', 32.095, 40.392, 27.099, 32.775
'bali_phy_msa.294.fas', 32.603, 41.023, 28.394, 33.769
'bali_phy_msa.295.fas', 33.828, 42.465, 29.501, 34.739
'bali_phy_msa.296.fas', 32.782, 41.208, 27.226, 32.908
'bali_phy_msa.297.fas', 32.796, 41.222, 28.464, 33.711
'bali_phy_msa.298.fas', 32.57, 40.914, 29.09, 34.04
'bali_phy_msa.299.fas', 33.056, 41.43, 28.868, 33.798
'bali_phy_msa.3.fas', 31.989, 40.494, 27.402, 32.23
'bali_phy_msa.30.fas', 33.653, 42.126, 28.773, 33.748
'bali_phy_msa.300.fas', 32.673, 41.111, 28.364, 33.272
'bali_phy_msa.301.fas', 31.692, 39.837, 26.358, 32.228
'bali_phy_msa.302.fas', 32.79, 41.142, 28.691, 33.779
'bali_phy_msa.303.fas', 32.662, 41.096, 30.171, 32.143
'bali_phy_msa.304.fas', 31.692, 39.939, 27.238, 32.59
'bali_phy_msa.305.fas', 33.452, 41.94, 28.69, 33.857
'bali_phy_msa.306.fas', 33.226, 42.033, 28.281, 34.126
'bali_phy_msa.307.fas', 34.228, 42.999, 29.525, 35.799
'bali_phy_msa.308.fas', 32.008, 40.394, 27.646, 33.074
'bali_phy_msa.309.fas', 33.529, 42.006, 28.796, 34.102
'bali_phy_msa.31.fas', 33.388, 42.064, 27.171, 35.213
'bali_phy_msa.310.fas', 32.436, 40.843, 28.995, 32.908
'bali_phy_msa.311.fas', 34.104, 42.861, 29.246, 34.817
'bali_phy_msa.312.fas', 34.402, 43.013, 28.706, 36.117
'bali_phy_msa.313.fas', 31.612, 39.729, 26.327, 32.032
'bali_phy_msa.314.fas', 34.042, 42.672, 28.921, 35.11
'bali_phy_msa.315.fas', 33.039, 41.481, 29.188, 34.389
'bali_phy_msa.316.fas', 32.334, 40.729, 28.803, 33.23
'bali_phy_msa.317.fas', 32.744, 41.123, 25.331, 33.257
'bali_phy_msa.318.fas', 34.238, 43.079, 31.689, 34.852
'bali_phy_msa.319.fas', 34.416, 43.145, 29.641, 35.696
'bali_phy_msa.32.fas', 33.461, 41.883, 28.566, 34.238
'bali_phy_msa.320.fas', 32.983, 41.416, 28.86, 33.555
'bali_phy_msa.321.fas', 33.907, 42.55, 28.962, 34.794
'bali_phy_msa.322.fas', 33.414, 41.977, 28.498, 34.392
'bali_phy_msa.323.fas', 33.829, 42.436, 27.874, 33.754
'bali_phy_msa.324.fas', 33.209, 41.518, 28.923, 34.115
'bali_phy_msa.325.fas', 34.525, 43.216, 28.062, 35.695
'bali_phy_msa.326.fas', 34.429, 42.98, 29.536, 34.931
'bali_phy_msa.327.fas', 33.231, 41.93, 28.316, 33.854
'bali_phy_msa.328.fas', 32.9, 41.188, 29.07, 33.793
'bali_phy_msa.329.fas', 31.91, 40.04, 27.237, 33.231
'bali_phy_msa.33.fas', 32.424, 40.755, 26.6, 33.934
'bali_phy_msa.330.fas', 32.1, 40.282, 26.804, 32.265
'bali_phy_msa.331.fas', 32.296, 40.8, 28.034, 33.099
'bali_phy_msa.332.fas', 32.602, 40.828, 32.468, 33.227
'bali_phy_msa.333.fas', 33.993, 42.853, 26.962, 35.614
'bali_phy_msa.334.fas', 34.255, 42.949, 27.754, 35.25
'bali_phy_msa.335.fas', 31.326, 39.268, 25.873, 31.864
'bali_phy_msa.336.fas', 33.242, 41.965, 28.679, 33.989
'bali_phy_msa.337.fas', 33.213, 41.738, 29.067, 34.007
'bali_phy_msa.338.fas', 33.164, 41.728, 27.304, 33.554
'bali_phy_msa.339.fas', 34.112, 42.722, 28.216, 34.574
'bali_phy_msa.34.fas', 34.794, 44.026, 27.351, 34.507
'bali_phy_msa.340.fas', 34.141, 42.776, 27.698, 35.213
'bali_phy_msa.341.fas', 34.496, 43.359, 29.582, 35.022
'bali_phy_msa.342.fas', 33.029, 41.268, 30.94, 32.556
'bali_phy_msa.343.fas', 32.015, 40.411, 27.587, 32.122
'bali_phy_msa.344.fas', 33.47, 41.941, 27.616, 35.167
'bali_phy_msa.345.fas', 34.097, 42.727, 27.873, 34.937
'bali_phy_msa.346.fas', 34.065, 42.682, 30.085, 33.84
'bali_phy_msa.347.fas', 34.257, 43.025, 29.554, 35.001
'bali_phy_msa.348.fas', 32.105, 40.232, 28.695, 33.562
'bali_phy_msa.349.fas', 33.503, 41.879, 29.253, 34.73
'bali_phy_msa.35.fas', 33.037, 41.832, 25.4, 33.729
'bali_phy_msa.350.fas', 33.228, 41.733, 30.616, 32.905
'bali_phy_msa.351.fas', 32.583, 40.984, 29.5, 33.849
'bali_phy_msa.352.fas', 33.151, 41.636, 28.501, 34.485
'bali_phy_msa.353.fas', 32.92, 41.544, 28.192, 34.178
'bali_phy_msa.354.fas', 32.953, 41.361, 28.82, 34.061
'bali_phy_msa.355.fas', 32.848, 41.432, 28.258, 33.79
'bali_phy_msa.356.fas', 31.425, 39.531, 27.483, 32.78
'bali_phy_msa.357.fas', 33.502, 42.093, 27.159, 35.4
'bali_phy_msa.358.fas', 31.855, 39.998, 27.248, 32.893
'bali_phy_msa.359.fas', 32.982, 41.255, 27.82, 33.349
'bali_phy_msa.36.fas', 33.137, 41.666, 28.193, 34.373
'bali_phy_msa.360.fas', 34.822, 43.738, 27.92, 35.383
'bali_phy_msa.361.fas', 34.062, 42.612, 29.025, 35.354
'bali_phy_msa.362.fas', 33.577, 42.117, 30.374, 34.377
'bali_phy_msa.363.fas', 35.15, 43.946, 29.084, 35.74
'bali_phy_msa.364.fas', 33.392, 41.681, 28.724, 34.547
'bali_phy_msa.365.fas', 33.577, 42.082, 27.822, 34.134
'bali_phy_msa.366.fas', 33.783, 42.481, 30.162, 33.632
'bali_phy_msa.367.fas', 31.636, 39.76, 27.726, 32.524
'bali_phy_msa.368.fas', 32.698, 41.353, 28.257, 33.605
'bali_phy_msa.369.fas', 33.953, 42.812, 29.297, 35.025
'bali_phy_msa.37.fas', 32.447, 40.645, 28.461, 33.05
'bali_phy_msa.370.fas', 33.254, 41.73, 28.653, 34.028
'bali_phy_msa.371.fas', 32.901, 41.467, 26.875, 34.768
'bali_phy_msa.372.fas', 33.961, 42.793, 29.152, 34.559
'bali_phy_msa.373.fas', 32.46, 40.71, 27.488, 32.978
'bali_phy_msa.374.fas', 34.684, 43.438, 27.192, 35.797
'bali_phy_msa.375.fas', 33.996, 42.619, 32.22, 34.061
'bali_phy_msa.376.fas', 34.412, 43.126, 28.034, 35.293
'bali_phy_msa.377.fas', 31.369, 39.454, 27.714, 32.139
'bali_phy_msa.378.fas', 30.677, 38.853, 25.707, 31.316
'bali_phy_msa.379.fas', 34.334, 43.347, 30.256, 35.013
'bali_phy_msa.38.fas', 33.033, 41.641, 27.3, 33.506
'bali_phy_msa.380.fas', 34.271, 43.034, 27.596, 35.018
'bali_phy_msa.381.fas', 33.973, 42.733, 30.482, 34.093
'bali_phy_msa.382.fas', 33.151, 41.743, 28.756, 33.633
'bali_phy_msa.383.fas', 31.983, 40.135, 28.172, 32.31
'bali_phy_msa.384.fas', 32.673, 41.21, 25.7, 33.296
'bali_phy_msa.385.fas', 31.726, 40.025, 30.346, 32.087
'bali_phy_msa.386.fas', 34.111, 42.823, 26.451, 34.789
'bali_phy_msa.387.fas', 32.055, 40.169, 29.733, 30.395
'bali_phy_msa.388.fas', 32.346, 40.919, 28.423, 33.218
'bali_phy_msa.389.fas', 31.65, 39.776, 25.27, 32.897
'bali_phy_msa.39.fas', 31.842, 40.162, 26.627, 32.056
'bali_phy_msa.390.fas', 33.763, 42.449, 27.46, 34.564
'bali_phy_msa.391.fas', 33.505, 42.045, 26.81, 34.142
'bali_phy_msa.392.fas', 33.871, 42.556, 28.565, 35.502
'bali_phy_msa.393.fas', 32.983, 41.341, 28.279, 32.739
'bali_phy_msa.394.fas', 33.543, 42.092, 28.781, 34.459
'bali_phy_msa.395.fas', 34.32, 42.938, 28.824, 34.393
'bali_phy_msa.396.fas', 33.525, 42.17, 26.59, 34.972
'bali_phy_msa.397.fas', 27.321, 34.717, 22.005, 27.986
'bali_phy_msa.398.fas', 31.947, 40.331, 27.23, 32.243
'bali_phy_msa.399.fas', 32.747, 41.11, 26.524, 33.507
'bali_phy_msa.4.fas', 33.262, 41.76, 28.877, 34.583
'bali_phy_msa.40.fas', 32.365, 40.47, 25.582, 33.102
'bali_phy_msa.400.fas', 34.491, 43.285, 26.558, 34.981
'bali_phy_msa.41.fas', 33.261, 41.757, 29.408, 34.496
'bali_phy_msa.42.fas', 32.313, 40.68, 25.354, 33.793
'bali_phy_msa.43.fas', 33.207, 41.858, 28.766, 33.882
'bali_phy_msa.44.fas', 32.519, 40.856, 27.742, 32.867
'bali_phy_msa.45.fas', 34.788, 43.639, 27.869, 35.468
'bali_phy_msa.46.fas', 33.198, 41.751, 28.966, 33.642
'bali_phy_msa.47.fas', 33.218, 41.724, 28.979, 34.48
'bali_phy_msa.48.fas', 32.931, 41.228, 28.026, 32.74
'bali_phy_msa.49.fas', 33.755, 42.366, 28.912, 34.202
'bali_phy_msa.5.fas', 33.362, 41.935, 28.286, 33.68
'bali_phy_msa.50.fas', 32.857, 41.146, 27.372, 33.059
'bali_phy_msa.51.fas', 32.682, 41.224, 28.135, 33.608
'bali_phy_msa.52.fas', 33.537, 41.949, 27.211, 34.892
'bali_phy_msa.53.fas', 32.168, 40.448, 26.017, 32.523
'bali_phy_msa.54.fas', 32.948, 41.46, 25.799, 33.249
'bali_phy_msa.55.fas', 33.365, 41.854, 28.389, 33.35
'bali_phy_msa.56.fas', 34.427, 43.093, 28.328, 36.019
'bali_phy_msa.57.fas', 33.395, 41.914, 28.674, 33.867
'bali_phy_msa.58.fas', 34.217, 42.962, 30.107, 33.97
'bali_phy_msa.59.fas', 33.417, 41.647, 29.861, 33.17
'bali_phy_msa.6.fas', 33.389, 41.915, 28.92, 34.358
'bali_phy_msa.60.fas', 34.911, 43.714, 27.929, 35.581
'bali_phy_msa.61.fas', 33.649, 42.218, 30.037, 34.759
'bali_phy_msa.62.fas', 32.788, 41.263, 30.707, 33.148
'bali_phy_msa.63.fas', 33.568, 42.303, 31.172, 32.424
'bali_phy_msa.64.fas', 32.899, 41.049, 26.578, 33.505
'bali_phy_msa.65.fas', 33.436, 41.891, 26.017, 33.612
'bali_phy_msa.66.fas', 32.841, 41.097, 28.752, 33.207
'bali_phy_msa.67.fas', 33.236, 41.728, 28.985, 34.249
'bali_phy_msa.68.fas', 34.355, 43.244, 27.675, 35.38
'bali_phy_msa.69.fas', 33.041, 41.458, 27.598, 34.131
'bali_phy_msa.7.fas', 31.981, 40.005, 29.645, 30.852
'bali_phy_msa.70.fas', 32.98, 41.287, 29.561, 32.55
'bali_phy_msa.71.fas', 33.493, 41.919, 27.543, 33.8
'bali_phy_msa.72.fas', 34.656, 43.523, 29.387, 35.204
'bali_phy_msa.73.fas', 33.417, 41.923, 28.264, 33.846
'bali_phy_msa.74.fas', 33.889, 42.41, 27.144, 34.63
'bali_phy_msa.75.fas', 32.876, 41.462, 27.698, 33.763
'bali_phy_msa.76.fas', 32.214, 40.458, 27.401, 33.182
'bali_phy_msa.77.fas', 32.683, 41.125, 26.665, 33.544
'bali_phy_msa.78.fas', 33.788, 42.328, 29.436, 35.035
'bali_phy_msa.79.fas', 33.262, 41.86, 28.783, 34.371
'bali_phy_msa.8.fas', 31.107, 39.01, 27.071, 31.733
'bali_phy_msa.80.fas', 33.655, 42.266, 27.23, 35.209
'bali_phy_msa.81.fas', 34.303, 43.195, 29.292, 34.928
'bali_phy_msa.82.fas', 32.456, 41.06, 28.162, 33.861
'bali_phy_msa.83.fas', 32.213, 40.376, 26.67, 32.84
'bali_phy_msa.84.fas', 33.099, 41.627, 25.98, 33.19
'bali_phy_msa.85.fas', 32.394, 40.849, 26.965, 33.822
'bali_phy_msa.86.fas', 33.252, 41.672, 28.062, 33.646
'bali_phy_msa.87.fas', 32.966, 41.282, 26.992, 34.022
'bali_phy_msa.88.fas', 33.081, 41.463, 27.642, 33.883
'bali_phy_msa.89.fas', 32.052, 40.461, 24.93, 32.746
'bali_phy_msa.9.fas', 30.923, 38.836, 26.236, 30.946
'bali_phy_msa.90.fas', 32.235, 40.421, 27.993, 32.817
'bali_phy_msa.91.fas', 32.599, 40.72, 28.917, 33.424
'bali_phy_msa.92.fas', 31.387, 39.465, 26.185, 30.909
'bali_phy_msa.93.fas', 33.74, 42.392, 27.248, 34.693
'bali_phy_msa.94.fas', 34.468, 43.293, 28.025, 35.763
'bali_phy_msa.95.fas', 32.965, 41.365, 30.493, 31.543
'bali_phy_msa.96.fas', 32.084, 40.285, 25.996, 32.337
'bali_phy_msa.97.fas', 32.16, 40.153, 29.685, 32.851
'bali_phy_msa.98.fas', 33.407, 41.94, 30.292, 33.956
'bali_phy_msa.99.fas', 32.765, 41.126, 30.917, 32.541
'MAFFT_b0#0051_hhH_tree_47_OP_1.2558167082838578_Split_51.fasta', 26.222, 34.072, 18.969, 29.174
'MAFFT_b0#0051_htH_tree_0_OP_1.9201310643830272_Split_51.fasta', 27.648, 33.216, 24.506, 25.991
'MAFFT_b0#0051_htH_tree_57_OP_1.8145645468714477_Split_51.fasta', 27.895, 35.328, 24.476, 27.829
'MAFFT_b0#0051_htH_tree_93_OP_2.2336854992597184_Split_51.fasta', 31.041, 38.944, 21.116, 32.549
'MAFFT_b0#0051_htT_tree_0_OP_1.9201310643830272_Split_51.fasta', 27.648, 33.216, 24.506, 25.991
'MAFFT_b0#0051_htT_tree_57_OP_1.8145645468714477_Split_51.fasta', 27.895, 35.328, 24.476, 27.829
'MAFFT_b0#0051_thH_tree_57_OP_1.8145645468714477_Split_51.fasta', 29.16, 36.758, 26.305, 29.194
'MAFFT_b0#0051_thH_tree_93_OP_2.2336854992597184_Split_51.fasta', 31.599, 39.486, 21.764, 32.946
'MAFFT_b0#0051_thT_tree_0_OP_1.9201310643830272_Split_51.fasta', 28.466, 35.282, 26.577, 27.722
'MAFFT_b0#0051_thT_tree_47_OP_1.2558167082838578_Split_51.fasta', 26.222, 34.072, 18.969, 29.174
'MAFFT_b0#0051_ttH_tree_47_OP_1.2558167082838578_Split_51.fasta', 25.236, 32.77, 18.28, 27.208
'MAFFT_b0#0051_ttH_tree_93_OP_2.2336854992597184_Split_51.fasta', 31.041, 38.944, 21.116, 32.549
'MAFFT_b0#0051_ttT_tree_0_OP_1.9201310643830272_Split_51.fasta', 27.648, 33.216, 24.506, 25.991
'MAFFT_b0#0051_ttT_tree_47_OP_1.2558167082838578_Split_51.fasta', 25.236, 32.77, 18.28, 27.208
'MAFFT_b0#0051_ttT_tree_57_OP_1.8145645468714477_Split_51.fasta', 27.895, 35.328, 24.476, 27.829
'MAFFT_b0#0051_ttT_tree_93_OP_2.2336854992597184_Split_51.fasta', 31.041, 38.944, 21.116, 32.549
'MAFFT_b0#0053_hhH_tree_5_OP_1.3773636194735985_Split_53.fasta', 30.35, 38.647, 24.708, 31.145
'MAFFT_b0#0053_hhH_tree_60_OP_2.2485867324412547_Split_53.fasta', 28.673, 36.477, 24.39, 27.633
'MAFFT_b0#0053_hhT_tree_60_OP_2.2485867324412547_Split_53.fasta', 28.673, 36.477, 24.39, 27.633
'MAFFT_b0#0053_htH_tree_5_OP_1.3773636194735985_Split_53.fasta', 30.872, 39.099, 25.63, 31.263
'MAFFT_b0#0053_htT_tree_5_OP_1.3773636194735985_Split_53.fasta', 30.872, 39.099, 25.63, 31.263
'MAFFT_b0#0053_thH_tree_60_OP_2.2485867324412547_Split_53.fasta', 28.673, 36.477, 24.39, 27.633
'MAFFT_b0#0053_thT_tree_5_OP_1.3773636194735985_Split_53.fasta', 30.294, 38.592, 24.632, 31.068
'MAFFT_b0#0053_ttH_tree_60_OP_2.2485867324412547_Split_53.fasta', 29.105, 37.002, 24.762, 28.081
'MAFFT_b0#0054_hhH_tree_35_OP_2.3157753293540146_Split_54.fasta', 25.454, 32.949, 22.544, 27.761
'MAFFT_b0#0054_htH_tree_35_OP_2.3157753293540146_Split_54.fasta', 25.635, 33.182, 22.733, 27.679
'MAFFT_b0#0054_thH_tree_35_OP_2.3157753293540146_Split_54.fasta', 25.454, 32.949, 22.544, 27.761
'MAFFT_b0#0054_ttT_tree_35_OP_2.3157753293540146_Split_54.fasta', 25.635, 33.182, 22.733, 27.679
'MAFFT_b0#0057_htH_tree_1_OP_1.4037489078147287_Split_57.fasta', 24.242, 31.663, 18.297, 26.415
'MAFFT_b0#0057_htT_tree_1_OP_1.4037489078147287_Split_57.fasta', 24.242, 31.663, 18.297, 26.415
'MAFFT_b0#0057_thT_tree_1_OP_1.4037489078147287_Split_57.fasta', 24.316, 31.754, 18.871, 26.468
'MAFFT_b0#0057_ttT_tree_1_OP_1.4037489078147287_Split_57.fasta', 24.242, 31.663, 18.297, 26.415
'MAFFT_b0#0058_hhH_tree_13_OP_1.7913990869854772_Split_58.fasta', 21.234, 27.723, 17.337, 21.614
'MAFFT_b0#0058_htH_tree_11_OP_1.3146381684889776_Split_58.fasta', 29.817, 37.986, 24.13, 30.488
'MAFFT_b0#0058_htH_tree_13_OP_1.7913990869854772_Split_58.fasta', 21.823, 28.439, 18.853, 21.986
'MAFFT_b0#0058_htT_tree_11_OP_1.3146381684889776_Split_58.fasta', 29.817, 37.986, 24.13, 30.488
'MAFFT_b0#0058_thH_tree_13_OP_1.7913990869854772_Split_58.fasta', 21.234, 27.723, 17.337, 21.614
'MAFFT_b0#0058_ttH_tree_11_OP_1.3146381684889776_Split_58.fasta', 30.487, 38.687, 25.905, 29.864
'MAFFT_b0#0058_ttT_tree_11_OP_1.3146381684889776_Split_58.fasta', 30.487, 38.687, 25.905, 29.864
'MAFFT_b0#0058_ttT_tree_13_OP_1.7913990869854772_Split_58.fasta', 21.823, 28.439, 18.853, 21.986
'MAFFT_b0#0060_hhT_tree_32_OP_1.498379977124041_Split_60.fasta', 27.953, 34.559, 22.427, 26.122
'MAFFT_b0#0060_htH_tree_32_OP_1.498379977124041_Split_60.fasta', 27.815, 34.415, 22.275, 25.991
'MAFFT_b0#0060_htT_tree_32_OP_1.498379977124041_Split_60.fasta', 27.815, 34.415, 22.275, 25.991
'MAFFT_b0#0060_ttH_tree_32_OP_1.498379977124041_Split_60.fasta', 27.815, 34.415, 22.275, 25.991
'MAFFT_b0#0061_hhH_tree_87_OP_1.1834961203615137_Split_61.fasta', 27.624, 35.98, 21.979, 28.691
'MAFFT_b0#0061_hhH_tree_88_OP_2.9570433978664177_Split_61.fasta', 28.581, 35.793, 24.071, 27.976
'MAFFT_b0#0061_hhH_tree_97_OP_2.1094152983091004_Split_61.fasta', 29.347, 36.826, 22.05, 30.953
'MAFFT_b0#0061_hhT_tree_18_OP_1.3304542342131214_Split_61.fasta', 13.771, 19.022, 11.097, 12.628
'MAFFT_b0#0061_hhT_tree_30_OP_2.908145211858187_Split_61.fasta', 31.832, 39.689, 28.801, 32.381
'MAFFT_b0#0061_htH_tree_18_OP_1.3304542342131214_Split_61.fasta', 13.421, 18.593, 10.16, 12.206
'MAFFT_b0#0061_htH_tree_30_OP_2.908145211858187_Split_61.fasta', 31.091, 38.842, 28.65, 30.87
'MAFFT_b0#0061_htH_tree_72_OP_1.8278688995959085_Split_61.fasta', 27.058, 33.638, 21.219, 27.651
'MAFFT_b0#0061_htH_tree_88_OP_2.9570433978664177_Split_61.fasta', 29.134, 36.417, 24.666, 29.971
'MAFFT_b0#0061_htT_tree_87_OP_1.1834961203615137_Split_61.fasta', 27.345, 35.686, 24.374, 29.06
'MAFFT_b0#0061_htT_tree_97_OP_2.1094152983091004_Split_61.fasta', 28.799, 36.091, 21.595, 30.378
'MAFFT_b0#0061_thH_tree_18_OP_1.3304542342131214_Split_61.fasta', 13.771, 19.022, 11.097, 12.628
'MAFFT_b0#0061_thH_tree_72_OP_1.8278688995959085_Split_61.fasta', 27.053, 33.633, 21.214, 27.642
'MAFFT_b0#0061_thT_tree_30_OP_2.908145211858187_Split_61.fasta', 31.832, 39.689, 28.801, 32.381
'MAFFT_b0#0061_thT_tree_72_OP_1.8278688995959085_Split_61.fasta', 27.053, 33.633, 21.214, 27.642
'MAFFT_b0#0061_thT_tree_87_OP_1.1834961203615137_Split_61.fasta', 27.624, 35.98, 21.979, 28.691
'MAFFT_b0#0061_thT_tree_88_OP_2.9570433978664177_Split_61.fasta', 28.581, 35.793, 24.071, 27.976
'MAFFT_b0#0061_thT_tree_97_OP_2.1094152983091004_Split_61.fasta', 29.347, 36.826, 22.05, 30.953
'MAFFT_b0#0061_ttT_tree_18_OP_1.3304542342131214_Split_61.fasta', 13.421, 18.593, 10.16, 12.206
'MAFFT_b0#0061_ttT_tree_30_OP_2.908145211858187_Split_61.fasta', 31.091, 38.842, 28.65, 30.87
'MAFFT_b0#0061_ttT_tree_72_OP_1.8278688995959085_Split_61.fasta', 27.058, 33.638, 21.219, 27.651
'MAFFT_b0#0061_ttT_tree_87_OP_1.1834961203615137_Split_61.fasta', 27.345, 35.686, 24.374, 29.06
'MAFFT_b0#0061_ttT_tree_88_OP_2.9570433978664177_Split_61.fasta', 29.134, 36.417, 24.666, 29.971
'MAFFT_b0#0061_ttT_tree_97_OP_2.1094152983091004_Split_61.fasta', 28.799, 36.091, 21.595, 30.378
'MAFFT_b0#0063_hhH_tree_37_OP_2.065965428692473_Split_63.fasta', 31.059, 38.842, 27.429, 30.401
'MAFFT_b0#0063_hhT_tree_89_OP_2.6540913216611166_Split_63.fasta', 25.833, 32.764, 22.356, 28.562
'MAFFT_b0#0063_htH_tree_37_OP_2.065965428692473_Split_63.fasta', 30.04, 37.601, 26.422, 29.482
'MAFFT_b0#0063_htH_tree_89_OP_2.6540913216611166_Split_63.fasta', 25.198, 31.928, 22.289, 28.101
'MAFFT_b0#0063_thH_tree_37_OP_2.065965428692473_Split_63.fasta', 31.059, 38.842, 27.429, 30.401
'MAFFT_b0#0063_thT_tree_89_OP_2.6540913216611166_Split_63.fasta', 25.837, 32.768, 22.363, 28.568
'MAFFT_b0#0063_ttH_tree_37_OP_2.065965428692473_Split_63.fasta', 30.04, 37.601, 26.422, 29.482
'MAFFT_b0#0063_ttH_tree_89_OP_2.6540913216611166_Split_63.fasta', 25.2, 31.928, 22.298, 28.103
'MAFFT_b0#0065_htH_tree_26_OP_2.2970226808572787_Split_65.fasta', 29.136, 36.635, 25.073, 31.102
'MAFFT_b0#0065_htT_tree_55_OP_1.534121132575311_Split_65.fasta', 18.402, 24.261, 16.258, 20.778
'MAFFT_b0#0065_thH_tree_26_OP_2.2970226808572787_Split_65.fasta', 28.573, 35.949, 24.579, 30.605
'MAFFT_b0#0065_thH_tree_55_OP_1.534121132575311_Split_65.fasta', 17.875, 23.589, 16.135, 19.907
'MAFFT_b0#0065_thT_tree_55_OP_1.534121132575311_Split_65.fasta', 17.875, 23.589, 16.135, 19.907
'MAFFT_b0#0065_ttH_tree_26_OP_2.2970226808572787_Split_65.fasta', 29.098, 36.59, 25.065, 31.034
'MAFFT_b0#0065_ttT_tree_26_OP_2.2970226808572787_Split_65.fasta', 29.098, 36.59, 25.065, 31.034
'MAFFT_b0#0065_ttT_tree_55_OP_1.534121132575311_Split_65.fasta', 18.402, 24.261, 16.258, 20.778
'MAFFT_b0#0066_hhH_tree_77_OP_1.3827668594678542_Split_66.fasta', 23.384, 30.46, 17.072, 25.867
'MAFFT_b0#0066_hhT_tree_99_OP_1.9136688454364907_Split_66.fasta', 27.382, 34.597, 26.21, 27.741
'MAFFT_b0#0066_htT_tree_99_OP_1.9136688454364907_Split_66.fasta', 27.226, 34.453, 26.219, 27.698
'MAFFT_b0#0066_thH_tree_77_OP_1.3827668594678542_Split_66.fasta', 23.384, 30.46, 17.072, 25.867
'MAFFT_b0#0066_thH_tree_99_OP_1.9136688454364907_Split_66.fasta', 27.383, 34.598, 26.211, 27.742
'MAFFT_b0#0066_thT_tree_99_OP_1.9136688454364907_Split_66.fasta', 27.383, 34.598, 26.211, 27.742
'MAFFT_b0#0066_ttH_tree_77_OP_1.3827668594678542_Split_66.fasta', 24.012, 31.237, 16.892, 26.827
'MAFFT_b0#0066_ttT_tree_77_OP_1.3827668594678542_Split_66.fasta', 24.012, 31.237, 16.892, 26.827
'MAFFT_b0#0067_hhT_tree_4_OP_1.1542677766261527_Split_67.fasta', 21.396, 28.474, 16.185, 23.525
'MAFFT_b0#0067_htH_tree_4_OP_1.1542677766261527_Split_67.fasta', 24.713, 32.243, 21.208, 26.09
'MAFFT_b0#0067_htH_tree_76_OP_1.9781210467371317_Split_67.fasta', 30.166, 37.542, 21.545, 31.037
'MAFFT_b0#0067_thH_tree_76_OP_1.9781210467371317_Split_67.fasta', 29.387, 36.741, 20.69, 29.809
'MAFFT_b0#0067_thT_tree_4_OP_1.1542677766261527_Split_67.fasta', 21.396, 28.474, 16.185, 23.525
'MAFFT_b0#0067_ttH_tree_76_OP_1.9781210467371317_Split_67.fasta', 30.166, 37.542, 21.545, 31.037
'MAFFT_b0#0067_ttT_tree_4_OP_1.1542677766261527_Split_67.fasta', 24.713, 32.243, 21.208, 26.09
'MAFFT_b0#0067_ttT_tree_76_OP_1.9781210467371317_Split_67.fasta', 30.166, 37.542, 21.545, 31.037
'MAFFT_b0#0069_htH_tree_20_OP_2.4221981553992458_Split_69.fasta', 19.722, 24.851, 19.788, 22.008
'MAFFT_b0#0069_htH_tree_73_OP_2.973262473304242_Split_69.fasta', 27.324, 34.449, 19.343, 29.859
'MAFFT_b0#0069_htT_tree_20_OP_2.4221981553992458_Split_69.fasta', 19.722, 24.851, 19.788, 22.008
'MAFFT_b0#0069_htT_tree_73_OP_2.973262473304242_Split_69.fasta', 27.324, 34.449, 19.343, 29.859
'MAFFT_b0#0069_thH_tree_20_OP_2.4221981553992458_Split_69.fasta', 19.995, 25.138, 20.013, 22.241
'MAFFT_b0#0069_thH_tree_73_OP_2.973262473304242_Split_69.fasta', 26.785, 33.788, 19.08, 29.621
'MAFFT_b0#0069_thT_tree_20_OP_2.4221981553992458_Split_69.fasta', 19.995, 25.138, 20.013, 22.241
'MAFFT_b0#0069_ttH_tree_73_OP_2.973262473304242_Split_69.fasta', 27.324, 34.449, 19.343, 29.859
'MAFFT_b0#0070_hhH_tree_86_OP_1.7393056698625855_Split_70.fasta', 27.897, 35.193, 21.819, 29.228
'MAFFT_b0#0070_hhT_tree_17_OP_1.818409912056766_Split_70.fasta', 24.003, 30.841, 18.832, 25.232
'MAFFT_b0#0070_htH_tree_86_OP_1.7393056698625855_Split_70.fasta', 26.97, 34.09, 23.419, 27.586
'MAFFT_b0#0070_thH_tree_17_OP_1.818409912056766_Split_70.fasta', 24.513, 31.473, 19.181, 25.1
'MAFFT_b0#0070_thH_tree_86_OP_1.7393056698625855_Split_70.fasta', 27.897, 35.193, 21.819, 29.228
'MAFFT_b0#0070_ttH_tree_17_OP_1.818409912056766_Split_70.fasta', 24.514, 31.473, 19.184, 25.101
'MAFFT_b0#0070_ttT_tree_17_OP_1.818409912056766_Split_70.fasta', 24.514, 31.473, 19.184, 25.101
'MAFFT_b0#0070_ttT_tree_86_OP_1.7393056698625855_Split_70.fasta', 26.97, 34.09, 23.419, 27.586
'MAFFT_b0#0071_thH_tree_83_OP_1.1196527601502904_Split_71.fasta', 32.169, 40.995, 25.988, 34.623
'MAFFT_b0#0071_thT_tree_83_OP_1.1196527601502904_Split_71.fasta', 32.169, 40.995, 25.988, 34.623
'MAFFT_b0#0071_ttH_tree_83_OP_1.1196527601502904_Split_71.fasta', 31.168, 39.736, 26.953, 32.697
'MAFFT_b0#0071_ttT_tree_83_OP_1.1196527601502904_Split_71.fasta', 31.168, 39.736, 26.953, 32.697
'MAFFT_b0#0072_hhH_tree_16_OP_1.904493049197901_Split_72.fasta', 26.016, 33.364, 20.261, 28.261
'MAFFT_b0#0072_hhH_tree_2_OP_2.0780663887168265_Split_72.fasta', 24.275, 29.693, 23.638, 23.443
'MAFFT_b0#0072_htH_tree_2_OP_2.0780663887168265_Split_72.fasta', 23.252, 28.917, 23.508, 22.419
'MAFFT_b0#0072_htT_tree_16_OP_1.904493049197901_Split_72.fasta', 25.273, 32.585, 19.54, 27.626
'MAFFT_b0#0072_htT_tree_2_OP_2.0780663887168265_Split_72.fasta', 23.252, 28.917, 23.508, 22.419
'MAFFT_b0#0072_thH_tree_2_OP_2.0780663887168265_Split_72.fasta', 24.275, 29.693, 23.638, 23.443
'MAFFT_b0#0072_ttH_tree_16_OP_1.904493049197901_Split_72.fasta', 25.273, 32.585, 19.54, 27.626
'MAFFT_b0#0072_ttT_tree_16_OP_1.904493049197901_Split_72.fasta', 25.273, 32.585, 19.54, 27.626
'MAFFT_b0#0073_hhT_tree_96_OP_2.2598618576256135_Split_73.fasta', 32.859, 40.804, 25.543, 33.745
'MAFFT_b0#0073_htH_tree_96_OP_2.2598618576256135_Split_73.fasta', 32.768, 40.699, 25.863, 33.779
'MAFFT_b0#0073_htT_tree_38_OP_1.4036490691810368_Split_73.fasta', 19.24, 24.64, 15.54, 22.105
'MAFFT_b0#0073_htT_tree_96_OP_2.2598618576256135_Split_73.fasta', 32.768, 40.699, 25.863, 33.779
'MAFFT_b0#0073_thT_tree_38_OP_1.4036490691810368_Split_73.fasta', 19.514, 25.034, 15.867, 22.408
'MAFFT_b0#0073_thT_tree_96_OP_2.2598618576256135_Split_73.fasta', 32.859, 40.804, 25.543, 33.745
'MAFFT_b0#0073_ttH_tree_38_OP_1.4036490691810368_Split_73.fasta', 18.326, 23.588, 15.157, 20.733
'MAFFT_b0#0073_ttT_tree_38_OP_1.4036490691810368_Split_73.fasta', 18.326, 23.588, 15.157, 20.733
'MAFFT_b0#0074_hhH_tree_56_OP_1.8151633835449412_Split_74.fasta', 29.61, 37.958, 24.193, 31.104
'MAFFT_b0#0074_hhH_tree_79_OP_1.1319264156945865_Split_74.fasta', 21.909, 28.548, 19.625, 23.374
'MAFFT_b0#0074_htH_tree_56_OP_1.8151633835449412_Split_74.fasta', 29.618, 37.91, 23.92, 31.364
'MAFFT_b0#0074_htT_tree_79_OP_1.1319264156945865_Split_74.fasta', 22.117, 28.863, 20.024, 23.462
'MAFFT_b0#0074_thT_tree_56_OP_1.8151633835449412_Split_74.fasta', 29.61, 37.958, 24.193, 31.104
'MAFFT_b0#0074_ttH_tree_56_OP_1.8151633835449412_Split_74.fasta', 29.618, 37.91, 23.92, 31.364
'MAFFT_b0#0074_ttH_tree_79_OP_1.1319264156945865_Split_74.fasta', 22.117, 28.863, 20.024, 23.462
'MAFFT_b0#0074_ttT_tree_79_OP_1.1319264156945865_Split_74.fasta', 22.117, 28.863, 20.024, 23.462
'MAFFT_b0#0075_hhH_tree_81_OP_1.1314497018902243_Split_75.fasta', 22.517, 30.066, 15.359, 22.413
'MAFFT_b0#0075_hhT_tree_19_OP_1.5848887345678324_Split_75.fasta', 28.191, 35.954, 20.104, 28.876
'MAFFT_b0#0075_htH_tree_19_OP_1.5848887345678324_Split_75.fasta', 28.169, 35.936, 20.079, 28.848
'MAFFT_b0#0075_htH_tree_81_OP_1.1314497018902243_Split_75.fasta', 22.481, 30.033, 15.341, 22.397
'MAFFT_b0#0075_thH_tree_81_OP_1.1314497018902243_Split_75.fasta', 22.653, 30.234, 15.474, 22.538
'MAFFT_b0#0075_thT_tree_19_OP_1.5848887345678324_Split_75.fasta', 28.192, 35.95, 20.991, 28.319
'MAFFT_b0#0075_ttH_tree_19_OP_1.5848887345678324_Split_75.fasta', 28.17, 35.932, 20.964, 28.292
'MAFFT_b0#0075_ttH_tree_81_OP_1.1314497018902243_Split_75.fasta', 22.617, 30.201, 15.456, 22.522
'MAFFT_b0#0077_hhT_tree_15_OP_2.550159221795637_Split_77.fasta', 30.164, 37.968, 23.024, 31.828
'MAFFT_b0#0077_htT_tree_15_OP_2.550159221795637_Split_77.fasta', 28.293, 35.469, 21.609, 29.896
'MAFFT_b0#0077_thH_tree_15_OP_2.550159221795637_Split_77.fasta', 30.164, 37.968, 23.024, 31.828
'MAFFT_b0#0077_thT_tree_15_OP_2.550159221795637_Split_77.fasta', 30.164, 37.968, 23.024, 31.828
'MAFFT_b0#0079_hhH_tree_53_OP_2.8446810696084794_Split_79.fasta', 28.822, 35.947, 25.51, 29.333
'MAFFT_b0#0079_hhT_tree_53_OP_2.8446810696084794_Split_79.fasta', 28.822, 35.947, 25.51, 29.333
'MAFFT_b0#0079_htT_tree_53_OP_2.8446810696084794_Split_79.fasta', 28.789, 35.907, 25.494, 29.292
'MAFFT_b0#0079_ttH_tree_53_OP_2.8446810696084794_Split_79.fasta', 28.753, 35.864, 25.471, 29.212
'MAFFT_b0#0081_hhH_tree_28_OP_2.8015195195451144_Split_81.fasta', 23.417, 30.332, 20.425, 25.898
'MAFFT_b0#0081_hhT_tree_28_OP_2.8015195195451144_Split_81.fasta', 23.417, 30.332, 20.425, 25.898
'MAFFT_b0#0081_htH_tree_70_OP_2.86216121405654_Split_81.fasta', 29.734, 37.415, 26.166, 29.898
'MAFFT_b0#0081_htT_tree_70_OP_2.86216121405654_Split_81.fasta', 29.734, 37.415, 26.166, 29.898
'MAFFT_b0#0081_thH_tree_70_OP_2.86216121405654_Split_81.fasta', 30.191, 37.941, 26.41, 30.142
'MAFFT_b0#0081_thT_tree_28_OP_2.8015195195451144_Split_81.fasta', 23.417, 30.332, 20.425, 25.898
'MAFFT_b0#0081_ttH_tree_28_OP_2.8015195195451144_Split_81.fasta', 23.933, 30.956, 21.089, 26.313
'MAFFT_b0#0081_ttH_tree_70_OP_2.86216121405654_Split_81.fasta', 29.734, 37.415, 26.166, 29.898
'MAFFT_b0#0085_hhH_tree_6_OP_2.614406638642872_Split_85.fasta', 21.984, 27.736, 16.133, 24.722
'MAFFT_b0#0085_htH_tree_6_OP_2.614406638642872_Split_85.fasta', 21.955, 27.702, 16.143, 24.676
'MAFFT_b0#0085_htT_tree_43_OP_1.1593268235540946_Split_85.fasta', 29.452, 37.905, 24.876, 30.764
'MAFFT_b0#0085_htT_tree_6_OP_2.614406638642872_Split_85.fasta', 21.955, 27.702, 16.143, 24.676
'MAFFT_b0#0085_thT_tree_43_OP_1.1593268235540946_Split_85.fasta', 29.715, 38.139, 25.456, 28.764
'MAFFT_b0#0085_thT_tree_6_OP_2.614406638642872_Split_85.fasta', 21.984, 27.736, 16.133, 24.722
'MAFFT_b0#0085_ttH_tree_43_OP_1.1593268235540946_Split_85.fasta', 29.452, 37.905, 24.876, 30.764
'MAFFT_b0#0085_ttT_tree_43_OP_1.1593268235540946_Split_85.fasta', 29.452, 37.905, 24.876, 30.764
'MAFFT_b0#0086_hhH_tree_98_OP_1.0089131553899002_Split_86.fasta', 23.525, 31.22, 19.392, 23.969
'MAFFT_b0#0086_hhT_tree_98_OP_1.0089131553899002_Split_86.fasta', 23.525, 31.22, 19.392, 23.969
'MAFFT_b0#0086_htH_tree_98_OP_1.0089131553899002_Split_86.fasta', 23.706, 31.495, 20.303, 24.7
'MAFFT_b0#0086_thH_tree_98_OP_1.0089131553899002_Split_86.fasta', 23.525, 31.22, 19.392, 23.969
'MAFFT_b0#0088_hhH_tree_24_OP_2.5256879150632905_Split_88.fasta', 25.952, 33.229, 23.029, 25.533
'MAFFT_b0#0088_htH_tree_24_OP_2.5256879150632905_Split_88.fasta', 26.173, 33.557, 23.404, 25.836
'MAFFT_b0#0088_htT_tree_24_OP_2.5256879150632905_Split_88.fasta', 26.173, 33.557, 23.404, 25.836
'MAFFT_b0#0088_thH_tree_24_OP_2.5256879150632905_Split_88.fasta', 25.952, 33.229, 23.029, 25.533
'MAFFT_b0#0089_hhH_tree_3_OP_2.728084439580989_Split_89.fasta', 25.919, 32.352, 24.031, 27.32
'MAFFT_b0#0089_hhT_tree_3_OP_2.728084439580989_Split_89.fasta', 25.919, 32.352, 24.031, 27.32
'MAFFT_b0#0089_htH_tree_3_OP_2.728084439580989_Split_89.fasta', 25.574, 31.883, 24.761, 27.171
'MAFFT_b0#0089_htT_tree_3_OP_2.728084439580989_Split_89.fasta', 25.574, 31.883, 24.761, 27.171
'MAFFT_b0#0091_hhH_tree_58_OP_2.470758940826272_Split_91.fasta', 26.119, 32.214, 18.354, 29.001
'MAFFT_b0#0091_htH_tree_58_OP_2.470758940826272_Split_91.fasta', 26.119, 32.214, 18.354, 29.001
'MAFFT_b0#0091_thH_tree_58_OP_2.470758940826272_Split_91.fasta', 26.632, 32.86, 18.965, 29.606
'MAFFT_b0#0091_thT_tree_58_OP_2.470758940826272_Split_91.fasta', 26.632, 32.86, 18.965, 29.606
'MAFFT_b0#0092_hhH_tree_42_OP_1.3915835484150982_Split_92.fasta', 28.534, 35.331, 26.107, 29.771
'MAFFT_b0#0092_htH_tree_42_OP_1.3915835484150982_Split_92.fasta', 28.075, 34.861, 25.5, 29.714
'MAFFT_b0#0092_thH_tree_42_OP_1.3915835484150982_Split_92.fasta', 28.519, 35.304, 26.123, 29.792
'MAFFT_b0#0092_thT_tree_42_OP_1.3915835484150982_Split_92.fasta', 28.519, 35.304, 26.123, 29.792
'MAFFT_b0#0093_hhH_tree_50_OP_1.9153041649578615_Split_93.fasta', 21.129, 27.406, 17.668, 23.24
'MAFFT_b0#0093_htH_tree_49_OP_1.2895147288295243_Split_93.fasta', 28.203, 36.783, 23.927, 26.711
'MAFFT_b0#0093_htH_tree_50_OP_1.9153041649578615_Split_93.fasta', 24.137, 30.737, 19.164, 26.595
'MAFFT_b0#0093_htT_tree_50_OP_1.9153041649578615_Split_93.fasta', 24.137, 30.737, 19.164, 26.595
'MAFFT_b0#0093_thH_tree_49_OP_1.2895147288295243_Split_93.fasta', 27.192, 35.488, 24.133, 25.786
'MAFFT_b0#0093_thT_tree_49_OP_1.2895147288295243_Split_93.fasta', 27.192, 35.488, 24.133, 25.786
'MAFFT_b0#0093_ttT_tree_49_OP_1.2895147288295243_Split_93.fasta', 27.146, 35.454, 21.733, 26.6
'MAFFT_b0#0093_ttT_tree_50_OP_1.9153041649578615_Split_93.fasta', 23.423, 29.891, 18.451, 25.808
'MAFFT_b0#0094_hhH_tree_61_OP_2.233368308529553_Split_94.fasta', 30.856, 38.444, 23.2, 32.324
'MAFFT_b0#0094_hhT_tree_63_OP_2.7597843575557506_Split_94.fasta', 27.893, 34.815, 22.904, 27.618
'MAFFT_b0#0094_htT_tree_63_OP_2.7597843575557506_Split_94.fasta', 29.066, 35.984, 22.841, 30.359
'MAFFT_b0#0094_thH_tree_61_OP_2.233368308529553_Split_94.fasta', 30.772, 38.34, 23.128, 32.259
'MAFFT_b0#0094_thH_tree_63_OP_2.7597843575557506_Split_94.fasta', 28.368, 35.391, 23.249, 28.105
'MAFFT_b0#0094_thT_tree_61_OP_2.233368308529553_Split_94.fasta', 30.772, 38.34, 23.128, 32.259
'MAFFT_b0#0094_thT_tree_63_OP_2.7597843575557506_Split_94.fasta', 28.368, 35.391, 23.249, 28.105
'MAFFT_b0#0094_ttH_tree_61_OP_2.233368308529553_Split_94.fasta', 29.899, 37.268, 21.739, 31.257
'MAFFT_b0#0095_hhH_tree_36_OP_1.861931102167887_Split_95.fasta', 24.111, 30.069, 18.926, 25.057
'MAFFT_b0#0095_hhT_tree_25_OP_1.0509666088927379_Split_95.fasta', 22.104, 29.252, 17.803, 22.21
'MAFFT_b0#0095_hhT_tree_36_OP_1.861931102167887_Split_95.fasta', 24.111, 30.069, 18.926, 25.057
'MAFFT_b0#0095_htT_tree_25_OP_1.0509666088927379_Split_95.fasta', 22.104, 29.252, 17.803, 22.21
'MAFFT_b0#0095_htT_tree_36_OP_1.861931102167887_Split_95.fasta', 24.111, 30.069, 18.926, 25.057
'MAFFT_b0#0095_thT_tree_25_OP_1.0509666088927379_Split_95.fasta', 21.776, 28.94, 19.099, 20.877
'MAFFT_b0#0095_thT_tree_36_OP_1.861931102167887_Split_95.fasta', 24.078, 30.028, 18.923, 25.015
'MAFFT_b0#0095_ttH_tree_25_OP_1.0509666088927379_Split_95.fasta', 21.776, 28.94, 19.099, 20.877
'MAFFT_b1#0001_hhH_tree_41_OP_1.752396225471006_Split_1.fasta', 14.037, 20.137, 12.301, 14.575
'MAFFT_b1#0001_hhH_tree_68_OP_2.7543395888868245_Split_1.fasta', 17.691, 23.477, 14.597, 18.58
'MAFFT_b1#0001_hhT_tree_41_OP_1.752396225471006_Split_1.fasta', 14.037, 20.137, 12.301, 14.575
'MAFFT_b1#0001_hhT_tree_68_OP_2.7543395888868245_Split_1.fasta', 17.691, 23.477, 14.597, 18.58
'MAFFT_b1#0001_htH_tree_41_OP_1.752396225471006_Split_1.fasta', 14.624, 20.723, 13.173, 15.134
'MAFFT_b1#0001_htH_tree_68_OP_2.7543395888868245_Split_1.fasta', 18.602, 24.429, 16.366, 19.303
'MAFFT_b1#0001_htT_tree_41_OP_1.752396225471006_Split_1.fasta', 14.624, 20.723, 13.173, 15.134
'MAFFT_b1#0001_htT_tree_68_OP_2.7543395888868245_Split_1.fasta', 18.602, 24.429, 16.366, 19.303
'MAFFT_b1#0003_hhH_tree_7_OP_2.423506546963713_Split_3.fasta', 29.394, 36.53, 22.989, 30.583
'MAFFT_b1#0003_hhT_tree_7_OP_2.423506546963713_Split_3.fasta', 29.394, 36.53, 22.989, 30.583
'MAFFT_b1#0003_htH_tree_7_OP_2.423506546963713_Split_3.fasta', 30.34, 37.514, 22.199, 31.066
'MAFFT_b1#0003_htT_tree_7_OP_2.423506546963713_Split_3.fasta', 30.34, 37.514, 22.199, 31.066
'MAFFT_b1#0006_hhH_tree_12_OP_2.973153388725351_Split_6.fasta', 27.392, 34.311, 18.468, 29.234
'MAFFT_b1#0006_hhH_tree_82_OP_2.6007870123262946_Split_6.fasta', 31.697, 39.836, 29.264, 30.991
'MAFFT_b1#0006_hhT_tree_12_OP_2.973153388725351_Split_6.fasta', 27.392, 34.311, 18.468, 29.234
'MAFFT_b1#0006_hhT_tree_82_OP_2.6007870123262946_Split_6.fasta', 31.697, 39.836, 29.264, 30.991
'MAFFT_b1#0006_htH_tree_12_OP_2.973153388725351_Split_6.fasta', 27.808, 34.845, 18.743, 29.648
'MAFFT_b1#0006_htH_tree_82_OP_2.6007870123262946_Split_6.fasta', 30.639, 38.885, 26.837, 31.098
'MAFFT_b1#0006_htT_tree_12_OP_2.973153388725351_Split_6.fasta', 27.808, 34.845, 18.743, 29.648
'MAFFT_b1#0006_htT_tree_82_OP_2.6007870123262946_Split_6.fasta', 30.639, 38.885, 26.837, 31.098
'MAFFT_b1#0007_hhH_tree_40_OP_1.431276692692299_Split_7.fasta', 29.765, 38.039, 21.919, 31.216
'MAFFT_b1#0007_hhT_tree_40_OP_1.431276692692299_Split_7.fasta', 29.765, 38.039, 21.919, 31.216
'MAFFT_b1#0007_htH_tree_40_OP_1.431276692692299_Split_7.fasta', 29.941, 38.291, 22.235, 31.503
'MAFFT_b1#0007_htT_tree_40_OP_1.431276692692299_Split_7.fasta', 29.941, 38.291, 22.235, 31.503
'MAFFT_b1#0008_hhH_tree_29_OP_1.1774471868850718_Split_8.fasta', 24.269, 30.603, 18.405, 25.579
'MAFFT_b1#0008_hhT_tree_29_OP_1.1774471868850718_Split_8.fasta', 24.269, 30.603, 18.405, 25.579
'MAFFT_b1#0008_htH_tree_29_OP_1.1774471868850718_Split_8.fasta', 24.265, 30.598, 18.401, 25.574
'MAFFT_b1#0008_htT_tree_29_OP_1.1774471868850718_Split_8.fasta', 24.265, 30.598, 18.401, 25.574
'MAFFT_b1#0010_hhH_tree_48_OP_1.0349214069593133_Split_10.fasta', 25.307, 33.274, 21.149, 24.982
'MAFFT_b1#0010_hhH_tree_51_OP_1.018044877173671_Split_10.fasta', 27.241, 34.952, 23.546, 28.982
'MAFFT_b1#0010_hhT_tree_48_OP_1.0349214069593133_Split_10.fasta', 25.307, 33.274, 21.149, 24.982
'MAFFT_b1#0010_hhT_tree_51_OP_1.018044877173671_Split_10.fasta', 27.241, 34.952, 23.546, 28.982
'MAFFT_b1#0010_htH_tree_48_OP_1.0349214069593133_Split_10.fasta', 23.767, 31.347, 18.561, 24.853
'MAFFT_b1#0010_htH_tree_51_OP_1.018044877173671_Split_10.fasta', 25.915, 33.59, 22.315, 27.372
'MAFFT_b1#0010_htT_tree_48_OP_1.0349214069593133_Split_10.fasta', 23.767, 31.347, 18.561, 24.853
'MAFFT_b1#0010_htT_tree_51_OP_1.018044877173671_Split_10.fasta', 25.915, 33.59, 22.315, 27.372
'MAFFT_b1#0011_hhH_tree_84_OP_2.680201119072135_Split_11.fasta', 23.31, 30.015, 16.286, 26.816
'MAFFT_b1#0011_hhT_tree_84_OP_2.680201119072135_Split_11.fasta', 23.31, 30.015, 16.286, 26.816
'MAFFT_b1#0011_htH_tree_84_OP_2.680201119072135_Split_11.fasta', 23.516, 30.314, 18.36, 25.451
'MAFFT_b1#0011_htT_tree_84_OP_2.680201119072135_Split_11.fasta', 23.516, 30.314, 18.36, 25.451
'MAFFT_b1#0012_hhH_tree_62_OP_2.4330105528955412_Split_12.fasta', 23.374, 29.255, 17.477, 25.668
'MAFFT_b1#0012_hhT_tree_62_OP_2.4330105528955412_Split_12.fasta', 23.374, 29.255, 17.477, 25.668
'MAFFT_b1#0012_htH_tree_62_OP_2.4330105528955412_Split_12.fasta', 22.516, 28.209, 20.805, 24.027
'MAFFT_b1#0012_htT_tree_62_OP_2.4330105528955412_Split_12.fasta', 22.516, 28.209, 20.805, 24.027
'MAFFT_b1#0014_hhH_tree_44_OP_2.639288724484837_Split_14.fasta', 28.55, 35.879, 23.946, 29.416
'MAFFT_b1#0014_hhH_tree_67_OP_1.9260663748429023_Split_14.fasta', 29.324, 36.847, 20.716, 31.948
'MAFFT_b1#0014_hhT_tree_44_OP_2.639288724484837_Split_14.fasta', 28.55, 35.879, 23.946, 29.416
'MAFFT_b1#0014_hhT_tree_67_OP_1.9260663748429023_Split_14.fasta', 29.324, 36.847, 20.716, 31.948
'MAFFT_b1#0014_htH_tree_44_OP_2.639288724484837_Split_14.fasta', 29.029, 36.463, 24.269, 29.916
'MAFFT_b1#0014_htH_tree_67_OP_1.9260663748429023_Split_14.fasta', 28.284, 35.429, 24.67, 31.087
'MAFFT_b1#0014_htT_tree_44_OP_2.639288724484837_Split_14.fasta', 29.029, 36.463, 24.269, 29.916
'MAFFT_b1#0014_htT_tree_67_OP_1.9260663748429023_Split_14.fasta', 28.284, 35.429, 24.67, 31.087
'MAFFT_b1#0016_hhH_tree_33_OP_2.3139125348148384_Split_16.fasta', 23.919, 30.905, 22.253, 25.546
'MAFFT_b1#0016_hhT_tree_33_OP_2.3139125348148384_Split_16.fasta', 23.919, 30.905, 22.253, 25.546
'MAFFT_b1#0016_htH_tree_33_OP_2.3139125348148384_Split_16.fasta', 24.175, 31.253, 23.439, 26.489
'MAFFT_b1#0016_htT_tree_33_OP_2.3139125348148384_Split_16.fasta', 24.175, 31.253, 23.439, 26.489
'MAFFT_b1#0017_hhH_tree_45_OP_2.295265953595705_Split_17.fasta', 21.695, 27.443, 16.512, 24.718
'MAFFT_b1#0017_hhH_tree_90_OP_2.1610607075340664_Split_17.fasta', 28.894, 36.094, 24.848, 29.51
'MAFFT_b1#0017_hhT_tree_45_OP_2.295265953595705_Split_17.fasta', 21.695, 27.443, 16.512, 24.718
'MAFFT_b1#0017_hhT_tree_90_OP_2.1610607075340664_Split_17.fasta', 28.894, 36.094, 24.848, 29.51
'MAFFT_b1#0017_htH_tree_45_OP_2.295265953595705_Split_17.fasta', 20.728, 26.268, 16.567, 23.482
'MAFFT_b1#0017_htH_tree_90_OP_2.1610607075340664_Split_17.fasta', 28.56, 35.672, 24.938, 28.788
'MAFFT_b1#0017_htT_tree_45_OP_2.295265953595705_Split_17.fasta', 20.728, 26.268, 16.567, 23.482
'MAFFT_b1#0017_htT_tree_90_OP_2.1610607075340664_Split_17.fasta', 28.56, 35.672, 24.938, 28.788
'MAFFT_b1#0019_hhH_tree_54_OP_1.6636194832224898_Split_19.fasta', 26.293, 33.617, 20.451, 28.004
'MAFFT_b1#0019_hhH_tree_94_OP_2.5553791369687318_Split_19.fasta', 25.4, 31.692, 21.948, 24.683
'MAFFT_b1#0019_hhT_tree_54_OP_1.6636194832224898_Split_19.fasta', 26.293, 33.617, 20.451, 28.004
'MAFFT_b1#0019_hhT_tree_94_OP_2.5553791369687318_Split_19.fasta', 25.4, 31.692, 21.948, 24.683
'MAFFT_b1#0019_htH_tree_54_OP_1.6636194832224898_Split_19.fasta', 26.255, 33.597, 20.413, 27.916
'MAFFT_b1#0019_htH_tree_94_OP_2.5553791369687318_Split_19.fasta', 25.767, 32.137, 22.256, 25.041
'MAFFT_b1#0019_htT_tree_54_OP_1.6636194832224898_Split_19.fasta', 26.255, 33.597, 20.413, 27.916
'MAFFT_b1#0019_htT_tree_94_OP_2.5553791369687318_Split_19.fasta', 25.767, 32.137, 22.256, 25.041
'MAFFT_b1#0022_hhH_tree_39_OP_1.522040361295851_Split_22.fasta', 29.383, 37.493, 24.46, 32.521
'MAFFT_b1#0022_hhH_tree_64_OP_2.935413362566628_Split_22.fasta', 27.977, 35.104, 18.113, 29.617
'MAFFT_b1#0022_hhT_tree_39_OP_1.522040361295851_Split_22.fasta', 29.383, 37.493, 24.46, 32.521
'MAFFT_b1#0022_hhT_tree_64_OP_2.935413362566628_Split_22.fasta', 27.977, 35.104, 18.113, 29.617
'MAFFT_b1#0022_htH_tree_39_OP_1.522040361295851_Split_22.fasta', 28.883, 36.949, 26.147, 29.933
'MAFFT_b1#0022_htH_tree_64_OP_2.935413362566628_Split_22.fasta', 28.428, 35.662, 18.441, 30.165
'MAFFT_b1#0022_htT_tree_39_OP_1.522040361295851_Split_22.fasta', 28.883, 36.949, 26.147, 29.933
'MAFFT_b1#0022_htT_tree_64_OP_2.935413362566628_Split_22.fasta', 28.428, 35.662, 18.441, 30.165
'MAFFT_b1#0024_hhH_tree_34_OP_2.407510533391993_Split_24.fasta', 25.029, 31.921, 21.332, 24.858
'MAFFT_b1#0024_hhT_tree_34_OP_2.407510533391993_Split_24.fasta', 25.029, 31.921, 21.332, 24.858
'MAFFT_b1#0024_htH_tree_34_OP_2.407510533391993_Split_24.fasta', 23.83, 30.331, 20.288, 23.441
'MAFFT_b1#0024_htT_tree_34_OP_2.407510533391993_Split_24.fasta', 23.83, 30.331, 20.288, 23.441
'MAFFT_b1#0025_hhH_tree_59_OP_2.170731131311491_Split_25.fasta', 27.67, 35.173, 22.393, 29.857
'MAFFT_b1#0025_hhH_tree_85_OP_2.480824599307775_Split_25.fasta', 26.29, 33.66, 23.507, 28.158
'MAFFT_b1#0025_hhT_tree_59_OP_2.170731131311491_Split_25.fasta', 27.67, 35.173, 22.393, 29.857
'MAFFT_b1#0025_hhT_tree_85_OP_2.480824599307775_Split_25.fasta', 26.29, 33.66, 23.507, 28.158
'MAFFT_b1#0025_htH_tree_59_OP_2.170731131311491_Split_25.fasta', 26.7, 33.963, 21.435, 28.882
'MAFFT_b1#0025_htH_tree_85_OP_2.480824599307775_Split_25.fasta', 26.698, 34.162, 23.832, 28.509
'MAFFT_b1#0025_htT_tree_59_OP_2.170731131311491_Split_25.fasta', 26.7, 33.963, 21.435, 28.882
'MAFFT_b1#0025_htT_tree_85_OP_2.480824599307775_Split_25.fasta', 26.698, 34.162, 23.832, 28.509
'MAFFT_b1#0026_hhH_tree_21_OP_2.1310205653910055_Split_26.fasta', 20.037, 26.12, 19.394, 19.426
'MAFFT_b1#0026_hhH_tree_80_OP_2.5217903856188704_Split_26.fasta', 26.021, 33.162, 23.309, 28.174
'MAFFT_b1#0026_hhT_tree_21_OP_2.1310205653910055_Split_26.fasta', 20.037, 26.12, 19.394, 19.426
'MAFFT_b1#0026_hhT_tree_80_OP_2.5217903856188704_Split_26.fasta', 26.021, 33.162, 23.309, 28.174
'MAFFT_b1#0026_htH_tree_21_OP_2.1310205653910055_Split_26.fasta', 20.206, 26.328, 17.865, 20.119
'MAFFT_b1#0026_htH_tree_80_OP_2.5217903856188704_Split_26.fasta', 26.448, 33.682, 23.616, 28.61
'MAFFT_b1#0026_htT_tree_21_OP_2.1310205653910055_Split_26.fasta', 20.206, 26.328, 17.865, 20.119
'MAFFT_b1#0026_htT_tree_80_OP_2.5217903856188704_Split_26.fasta', 26.448, 33.682, 23.616, 28.61
'MAFFT_b1#0027_hhH_tree_10_OP_1.9679388553310329_Split_27.fasta', 27.345, 34.975, 22.151, 28.332
'MAFFT_b1#0027_hhT_tree_10_OP_1.9679388553310329_Split_27.fasta', 27.345, 34.975, 22.151, 28.332
'MAFFT_b1#0027_htH_tree_10_OP_1.9679388553310329_Split_27.fasta', 27.309, 34.94, 24.404, 25.738
'MAFFT_b1#0027_htT_tree_10_OP_1.9679388553310329_Split_27.fasta', 27.309, 34.94, 24.404, 25.738
'MAFFT_b1#0028_hhH_tree_66_OP_2.9673947251158412_Split_28.fasta', 25.314, 31.827, 21.772, 26.406
'MAFFT_b1#0028_hhT_tree_66_OP_2.9673947251158412_Split_28.fasta', 25.314, 31.827, 21.772, 26.406
'MAFFT_b1#0028_htH_tree_66_OP_2.9673947251158412_Split_28.fasta', 24.478, 30.796, 17.199, 26.377
'MAFFT_b1#0028_htT_tree_66_OP_2.9673947251158412_Split_28.fasta', 24.478, 30.796, 17.199, 26.377
'MAFFT_b1#0029_hhH_tree_27_OP_1.6859321025856457_Split_29.fasta', 26.46, 32.861, 23.739, 27.289
'MAFFT_b1#0029_hhT_tree_27_OP_1.6859321025856457_Split_29.fasta', 26.46, 32.861, 23.739, 27.289
'MAFFT_b1#0029_htH_tree_27_OP_1.6859321025856457_Split_29.fasta', 25.261, 31.36, 23.135, 25.767
'MAFFT_b1#0029_htT_tree_27_OP_1.6859321025856457_Split_29.fasta', 25.261, 31.36, 23.135, 25.767
'MAFFT_b1#0031_hhH_tree_23_OP_2.940403370408288_Split_31.fasta', 24.232, 31.156, 22.101, 27.577
'MAFFT_b1#0031_hhH_tree_78_OP_1.9842214843426838_Split_31.fasta', 17.005, 22.298, 12.109, 16.112
'MAFFT_b1#0031_hhT_tree_23_OP_2.940403370408288_Split_31.fasta', 24.232, 31.156, 22.101, 27.577
'MAFFT_b1#0031_hhT_tree_78_OP_1.9842214843426838_Split_31.fasta', 17.005, 22.298, 12.109, 16.112
'MAFFT_b1#0031_htH_tree_23_OP_2.940403370408288_Split_31.fasta', 25.137, 32.144, 22.749, 28.257
'MAFFT_b1#0031_htH_tree_78_OP_1.9842214843426838_Split_31.fasta', 17.255, 22.594, 11.769, 16.378
'MAFFT_b1#0031_htT_tree_23_OP_2.940403370408288_Split_31.fasta', 25.137, 32.144, 22.749, 28.257
'MAFFT_b1#0031_htT_tree_78_OP_1.9842214843426838_Split_31.fasta', 17.255, 22.594, 11.769, 16.378
'MAFFT_b1#0035_hhH_tree_71_OP_2.3680950705345123_Split_35.fasta', 28.387, 36.044, 22.247, 29.276
'MAFFT_b1#0035_hhH_tree_75_OP_2.4023709813773846_Split_35.fasta', 28.427, 35.466, 27.232, 29.585
'MAFFT_b1#0035_hhH_tree_9_OP_1.5653274151471246_Split_35.fasta', 24.0, 30.721, 17.022, 26.658
'MAFFT_b1#0035_hhT_tree_71_OP_2.3680950705345123_Split_35.fasta', 28.387, 36.044, 22.247, 29.276
'MAFFT_b1#0035_hhT_tree_75_OP_2.4023709813773846_Split_35.fasta', 28.427, 35.466, 27.232, 29.585
'MAFFT_b1#0035_hhT_tree_9_OP_1.5653274151471246_Split_35.fasta', 24.0, 30.721, 17.022, 26.658
'MAFFT_b1#0035_htH_tree_71_OP_2.3680950705345123_Split_35.fasta', 28.353, 36.008, 22.217, 29.242
'MAFFT_b1#0035_htH_tree_75_OP_2.4023709813773846_Split_35.fasta', 28.432, 35.47, 27.237, 29.59
'MAFFT_b1#0035_htH_tree_9_OP_1.5653274151471246_Split_35.fasta', 24.355, 30.66, 20.03, 25.448
'MAFFT_b1#0035_htT_tree_71_OP_2.3680950705345123_Split_35.fasta', 28.353, 36.008, 22.217, 29.242
'MAFFT_b1#0035_htT_tree_75_OP_2.4023709813773846_Split_35.fasta', 28.432, 35.47, 27.237, 29.59
'MAFFT_b1#0035_htT_tree_9_OP_1.5653274151471246_Split_35.fasta', 24.355, 30.66, 20.03, 25.448
'MAFFT_b1#0036_hhH_tree_69_OP_2.9824622002885617_Split_36.fasta', 25.667, 32.738, 18.663, 25.69
'MAFFT_b1#0036_hhH_tree_74_OP_2.943304477827338_Split_36.fasta', 24.422, 31.307, 18.807, 26.472
'MAFFT_b1#0036_hhH_tree_91_OP_2.3523277060939405_Split_36.fasta', 23.663, 29.615, 22.201, 24.83
'MAFFT_b1#0036_hhT_tree_69_OP_2.9824622002885617_Split_36.fasta', 25.667, 32.738, 18.663, 25.69
'MAFFT_b1#0036_hhT_tree_74_OP_2.943304477827338_Split_36.fasta', 24.422, 31.307, 18.807, 26.472
'MAFFT_b1#0036_hhT_tree_91_OP_2.3523277060939405_Split_36.fasta', 23.663, 29.615, 22.201, 24.83
'MAFFT_b1#0036_htH_tree_69_OP_2.9824622002885617_Split_36.fasta', 26.171, 33.38, 20.458, 25.88
'MAFFT_b1#0036_htH_tree_74_OP_2.943304477827338_Split_36.fasta', 24.75, 31.664, 21.489, 25.668
'MAFFT_b1#0036_htH_tree_91_OP_2.3523277060939405_Split_36.fasta', 24.13, 30.23, 22.561, 25.229
'MAFFT_b1#0036_htT_tree_69_OP_2.9824622002885617_Split_36.fasta', 26.171, 33.38, 20.458, 25.88
'MAFFT_b1#0036_htT_tree_74_OP_2.943304477827338_Split_36.fasta', 24.75, 31.664, 21.489, 25.668
'MAFFT_b1#0036_htT_tree_91_OP_2.3523277060939405_Split_36.fasta', 24.13, 30.23, 22.561, 25.229
'MAFFT_b1#0037_hhH_tree_46_OP_2.5904987735791676_Split_37.fasta', 27.169, 33.396, 22.614, 27.822
'MAFFT_b1#0037_hhH_tree_65_OP_1.3986977410996977_Split_37.fasta', 30.189, 38.649, 22.579, 33.433
'MAFFT_b1#0037_hhT_tree_46_OP_2.5904987735791676_Split_37.fasta', 27.169, 33.396, 22.614, 27.822
'MAFFT_b1#0037_hhT_tree_65_OP_1.3986977410996977_Split_37.fasta', 30.189, 38.649, 22.579, 33.433
'MAFFT_b1#0037_htH_tree_46_OP_2.5904987735791676_Split_37.fasta', 27.468, 33.586, 21.578, 29.025
'MAFFT_b1#0037_htH_tree_65_OP_1.3986977410996977_Split_37.fasta', 30.09, 38.545, 22.527, 33.319
'MAFFT_b1#0037_htT_tree_46_OP_2.5904987735791676_Split_37.fasta', 27.468, 33.586, 21.578, 29.025
'MAFFT_b1#0037_htT_tree_65_OP_1.3986977410996977_Split_37.fasta', 30.09, 38.545, 22.527, 33.319
'MAFFT_b1#0039_hhH_tree_22_OP_1.0333726057419617_Split_39.fasta', 32.374, 41.167, 23.444, 34.493
'MAFFT_b1#0039_hhT_tree_22_OP_1.0333726057419617_Split_39.fasta', 32.374, 41.167, 23.444, 34.493
'MAFFT_b1#0039_htH_tree_22_OP_1.0333726057419617_Split_39.fasta', 32.007, 40.664, 29.446, 32.701
'MAFFT_b1#0039_htT_tree_22_OP_1.0333726057419617_Split_39.fasta', 32.007, 40.664, 29.446, 32.701
'MAFFT_b1#0041_hhH_tree_31_OP_2.371648195541206_Split_41.fasta', 25.965, 33.105, 18.684, 28.897
'MAFFT_b1#0041_hhH_tree_8_OP_2.990366431633018_Split_41.fasta', 30.274, 37.656, 26.552, 32.627
'MAFFT_b1#0041_hhT_tree_31_OP_2.371648195541206_Split_41.fasta', 25.965, 33.105, 18.684, 28.897
'MAFFT_b1#0041_hhT_tree_8_OP_2.990366431633018_Split_41.fasta', 30.274, 37.656, 26.552, 32.627
'MAFFT_b1#0041_htH_tree_31_OP_2.371648195541206_Split_41.fasta', 26.667, 33.906, 19.348, 29.631
'MAFFT_b1#0041_htH_tree_8_OP_2.990366431633018_Split_41.fasta', 30.319, 37.692, 26.616, 32.681
'MAFFT_b1#0041_htT_tree_31_OP_2.371648195541206_Split_41.fasta', 26.667, 33.906, 19.348, 29.631
'MAFFT_b1#0041_htT_tree_8_OP_2.990366431633018_Split_41.fasta', 30.319, 37.692, 26.616, 32.681
'MAFFT_b1#0042_hhH_tree_92_OP_1.133352346367843_Split_42.fasta', 24.585, 31.762, 18.007, 25.743
'MAFFT_b1#0042_hhT_tree_92_OP_1.133352346367843_Split_42.fasta', 24.585, 31.762, 18.007, 25.743
'MAFFT_b1#0042_htH_tree_92_OP_1.133352346367843_Split_42.fasta', 24.209, 31.299, 20.183, 22.601
'MAFFT_b1#0042_htT_tree_92_OP_1.133352346367843_Split_42.fasta', 24.209, 31.299, 20.183, 22.601
'MAFFT_b1#0043_hhH_tree_95_OP_2.498402958697362_Split_43.fasta', 33.856, 42.155, 30.404, 33.787
'MAFFT_b1#0043_hhT_tree_95_OP_2.498402958697362_Split_43.fasta', 33.856, 42.155, 30.404, 33.787
'MAFFT_b1#0043_htH_tree_95_OP_2.498402958697362_Split_43.fasta', 32.463, 40.476, 28.918, 31.794
'MAFFT_b1#0043_htT_tree_95_OP_2.498402958697362_Split_43.fasta', 32.463, 40.476, 28.918, 31.794
'MAFFT_b1#0044_hhH_tree_14_OP_1.7440813830902329_Split_44.fasta', 19.03, 25.197, 15.695, 20.64
'MAFFT_b1#0044_hhH_tree_52_OP_2.165361006866358_Split_44.fasta', 27.166, 34.65, 24.222, 28.197
'MAFFT_b1#0044_hhT_tree_14_OP_1.7440813830902329_Split_44.fasta', 19.03, 25.197, 15.695, 20.64
'MAFFT_b1#0044_hhT_tree_52_OP_2.165361006866358_Split_44.fasta', 27.166, 34.65, 24.222, 28.197
'MAFFT_b1#0044_htH_tree_14_OP_1.7440813830902329_Split_44.fasta', 19.008, 25.18, 15.656, 20.603
'MAFFT_b1#0044_htH_tree_52_OP_2.165361006866358_Split_44.fasta', 27.503, 35.141, 24.405, 28.526
'MAFFT_b1#0044_htT_tree_14_OP_1.7440813830902329_Split_44.fasta', 19.008, 25.18, 15.656, 20.603
'MAFFT_b1#0044_htT_tree_52_OP_2.165361006866358_Split_44.fasta', 27.503, 35.141, 24.405, 28.526
'MSA.BALIPHY.aln.best.23410.fas', 33.597, 42.248, 28.962, 34.583
'MSA.MAFFT.aln.With_Names', 34.951, 43.589, 26.422, 37.496
'MSA.MUSCLE.aln.best.23410.fas', 29.403, 34.657, 25.955, 27.189
'MSA.PRANK.aln.With_Names', 12.74, 17.711, 9.769, 12.475
'MUSCLE_diversified_replicate.abc.1.afa', 28.732, 35.991, 23.166, 28.006
'MUSCLE_diversified_replicate.abc.101.afa', 24.951, 31.854, 21.392, 23.675
'MUSCLE_diversified_replicate.abc.105.afa', 27.228, 34.098, 23.293, 27.264
'MUSCLE_diversified_replicate.abc.109.afa', 31.402, 38.305, 28.364, 31.326
'MUSCLE_diversified_replicate.abc.113.afa', 31.906, 38.955, 29.344, 31.914
'MUSCLE_diversified_replicate.abc.117.afa', 26.846, 34.143, 22.337, 25.913
'MUSCLE_diversified_replicate.abc.121.afa', 26.878, 34.058, 24.259, 26.355
'MUSCLE_diversified_replicate.abc.125.afa', 28.209, 35.17, 25.142, 26.934
'MUSCLE_diversified_replicate.abc.129.afa', 27.442, 34.648, 23.839, 26.813
'MUSCLE_diversified_replicate.abc.13.afa', 30.183, 37.261, 26.457, 28.24
'MUSCLE_diversified_replicate.abc.133.afa', 33.05, 40.27, 28.442, 33.532
'MUSCLE_diversified_replicate.abc.137.afa', 26.096, 33.264, 22.378, 24.434
'MUSCLE_diversified_replicate.abc.141.afa', 25.089, 31.949, 22.739, 24.292
'MUSCLE_diversified_replicate.abc.145.afa', 27.915, 34.819, 25.682, 27.28
'MUSCLE_diversified_replicate.abc.149.afa', 31.212, 38.485, 26.858, 31.92
'MUSCLE_diversified_replicate.abc.153.afa', 27.916, 34.932, 23.708, 27.244
'MUSCLE_diversified_replicate.abc.157.afa', 24.173, 31.257, 20.566, 23.874
'MUSCLE_diversified_replicate.abc.161.afa', 30.848, 37.518, 28.369, 30.677
'MUSCLE_diversified_replicate.abc.165.afa', 26.025, 33.065, 22.991, 26.022
'MUSCLE_diversified_replicate.abc.169.afa', 29.046, 35.787, 25.503, 28.558
'MUSCLE_diversified_replicate.abc.17.afa', 29.291, 35.713, 27.663, 28.997
'MUSCLE_diversified_replicate.abc.173.afa', 28.978, 35.854, 25.083, 27.608
'MUSCLE_diversified_replicate.abc.177.afa', 26.362, 33.432, 22.613, 25.957
'MUSCLE_diversified_replicate.abc.181.afa', 28.489, 35.465, 25.006, 28.068
'MUSCLE_diversified_replicate.abc.185.afa', 25.807, 32.747, 22.611, 25.38
'MUSCLE_diversified_replicate.abc.189.afa', 25.878, 33.125, 22.122, 26.671
'MUSCLE_diversified_replicate.abc.193.afa', 25.873, 32.883, 21.867, 25.164
'MUSCLE_diversified_replicate.abc.197.afa', 28.526, 35.486, 25.044, 27.386
'MUSCLE_diversified_replicate.abc.201.afa', 28.76, 35.943, 23.974, 27.975
'MUSCLE_diversified_replicate.abc.205.afa', 29.271, 36.462, 24.745, 28.614
'MUSCLE_diversified_replicate.abc.209.afa', 27.786, 34.88, 23.925, 27.578
'MUSCLE_diversified_replicate.abc.21.afa', 25.716, 32.54, 23.433, 25.707
'MUSCLE_diversified_replicate.abc.213.afa', 27.869, 33.885, 25.981, 28.201
'MUSCLE_diversified_replicate.abc.217.afa', 29.104, 36.359, 24.862, 28.658
'MUSCLE_diversified_replicate.abc.221.afa', 29.891, 36.855, 25.347, 29.451
'MUSCLE_diversified_replicate.abc.225.afa', 25.311, 32.442, 21.979, 24.48
'MUSCLE_diversified_replicate.abc.229.afa', 25.546, 32.295, 22.298, 26.154
'MUSCLE_diversified_replicate.abc.233.afa', 27.477, 34.025, 25.071, 27.442
'MUSCLE_diversified_replicate.abc.237.afa', 24.287, 31.06, 21.535, 24.384
'MUSCLE_diversified_replicate.abc.241.afa', 28.585, 35.628, 24.354, 28.222
'MUSCLE_diversified_replicate.abc.245.afa', 25.992, 32.901, 22.351, 25.086
'MUSCLE_diversified_replicate.abc.249.afa', 27.651, 34.99, 23.695, 27.17
'MUSCLE_diversified_replicate.abc.25.afa', 19.914, 22.11, 16.479, 16.24
'MUSCLE_diversified_replicate.abc.253.afa', 29.907, 36.366, 27.691, 30.192
'MUSCLE_diversified_replicate.abc.257.afa', 29.625, 36.801, 24.796, 28.293
'MUSCLE_diversified_replicate.abc.261.afa', 23.94, 30.616, 20.308, 24.0
'MUSCLE_diversified_replicate.abc.265.afa', 25.839, 32.649, 22.417, 25.324
'MUSCLE_diversified_replicate.abc.269.afa', 29.167, 36.35, 25.266, 28.771
'MUSCLE_diversified_replicate.abc.273.afa', 24.947, 31.682, 22.557, 25.182
'MUSCLE_diversified_replicate.abc.277.afa', 25.525, 32.561, 22.221, 25.061
'MUSCLE_diversified_replicate.abc.281.afa', 26.502, 33.859, 22.995, 25.978
'MUSCLE_diversified_replicate.abc.285.afa', 29.692, 37.484, 23.893, 29.449
'MUSCLE_diversified_replicate.abc.289.afa', 28.782, 35.995, 26.605, 27.826
'MUSCLE_diversified_replicate.abc.29.afa', 24.636, 31.226, 21.831, 24.537
'MUSCLE_diversified_replicate.abc.293.afa', 28.888, 35.976, 25.146, 28.051
'MUSCLE_diversified_replicate.abc.297.afa', 28.216, 35.22, 25.606, 27.007
'MUSCLE_diversified_replicate.abc.301.afa', 22.084, 27.473, 17.679, 19.444
'MUSCLE_diversified_replicate.abc.305.afa', 28.375, 35.36, 24.61, 27.822
'MUSCLE_diversified_replicate.abc.309.afa', 27.538, 35.062, 23.696, 27.572
'MUSCLE_diversified_replicate.abc.313.afa', 24.013, 30.801, 21.187, 24.479
'MUSCLE_diversified_replicate.abc.317.afa', 23.547, 30.222, 19.874, 23.557
'MUSCLE_diversified_replicate.abc.321.afa', 29.773, 37.074, 26.413, 27.908
'MUSCLE_diversified_replicate.abc.325.afa', 27.112, 34.215, 23.628, 26.714
'MUSCLE_diversified_replicate.abc.329.afa', 25.302, 32.356, 21.985, 24.722
'MUSCLE_diversified_replicate.abc.33.afa', 26.088, 33.199, 22.463, 25.887
'MUSCLE_diversified_replicate.abc.333.afa', 32.805, 39.95, 30.289, 32.781
'MUSCLE_diversified_replicate.abc.337.afa', 30.959, 37.878, 27.89, 31.609
'MUSCLE_diversified_replicate.abc.341.afa', 24.49, 31.131, 21.286, 24.181
'MUSCLE_diversified_replicate.abc.345.afa', 31.379, 38.595, 26.771, 32.336
'MUSCLE_diversified_replicate.abc.349.afa', 29.602, 36.868, 25.84, 28.21
'MUSCLE_diversified_replicate.abc.353.afa', 26.859, 34.134, 23.548, 26.744
'MUSCLE_diversified_replicate.abc.357.afa', 27.991, 34.82, 23.873, 27.546
'MUSCLE_diversified_replicate.abc.361.afa', 25.496, 32.078, 22.67, 25.445
'MUSCLE_diversified_replicate.abc.365.afa', 28.833, 36.396, 23.565, 28.725
'MUSCLE_diversified_replicate.abc.369.afa', 28.086, 34.965, 24.433, 27.451
'MUSCLE_diversified_replicate.abc.37.afa', 28.784, 35.99, 23.737, 27.854
'MUSCLE_diversified_replicate.abc.373.afa', 29.453, 36.797, 25.63, 29.348
'MUSCLE_diversified_replicate.abc.377.afa', 26.985, 33.812, 23.719, 26.534
'MUSCLE_diversified_replicate.abc.381.afa', 26.085, 32.911, 22.681, 25.563
'MUSCLE_diversified_replicate.abc.385.afa', 30.681, 38.242, 26.054, 29.83
'MUSCLE_diversified_replicate.abc.389.afa', 24.947, 31.724, 22.082, 24.272
'MUSCLE_diversified_replicate.abc.393.afa', 28.769, 35.691, 24.827, 28.254
'MUSCLE_diversified_replicate.abc.397.afa', 29.164, 36.111, 24.485, 28.263
'MUSCLE_diversified_replicate.abc.41.afa', 25.262, 32.04, 22.836, 25.101
'MUSCLE_diversified_replicate.abc.45.afa', 30.231, 37.041, 28.088, 30.83
'MUSCLE_diversified_replicate.abc.49.afa', 29.16, 36.316, 25.701, 28.771
'MUSCLE_diversified_replicate.abc.5.afa', 28.981, 36.194, 24.259, 28.079
'MUSCLE_diversified_replicate.abc.53.afa', 24.746, 31.358, 22.164, 24.443
'MUSCLE_diversified_replicate.abc.57.afa', 28.285, 35.59, 25.608, 28.071
'MUSCLE_diversified_replicate.abc.61.afa', 32.039, 39.314, 28.616, 32.334
'MUSCLE_diversified_replicate.abc.65.afa', 28.464, 35.506, 25.762, 26.727
'MUSCLE_diversified_replicate.abc.69.afa', 22.358, 28.726, 20.401, 22.314
'MUSCLE_diversified_replicate.abc.73.afa', 26.656, 33.846, 23.564, 26.414
'MUSCLE_diversified_replicate.abc.77.afa', 27.671, 34.548, 23.559, 27.22
'MUSCLE_diversified_replicate.abc.81.afa', 29.987, 37.566, 26.675, 29.039
'MUSCLE_diversified_replicate.abc.85.afa', 28.801, 35.888, 24.316, 27.703
'MUSCLE_diversified_replicate.abc.89.afa', 29.352, 36.713, 25.872, 28.601
'MUSCLE_diversified_replicate.abc.9.afa', 27.159, 34.465, 22.945, 26.372
'MUSCLE_diversified_replicate.abc.93.afa', 26.715, 33.965, 23.088, 26.57
'MUSCLE_diversified_replicate.abc.97.afa', 32.062, 39.225, 28.21, 33.226
'MUSCLE_diversified_replicate.acb.10.afa', 27.59, 34.946, 23.36, 27.532
'MUSCLE_diversified_replicate.acb.102.afa', 23.855, 29.625, 22.017, 25.044
'MUSCLE_diversified_replicate.acb.106.afa', 29.482, 36.661, 26.319, 29.282
'MUSCLE_diversified_replicate.acb.110.afa', 28.276, 35.109, 25.742, 26.705
'MUSCLE_diversified_replicate.acb.114.afa', 27.817, 34.862, 23.374, 27.04
'MUSCLE_diversified_replicate.acb.118.afa', 22.3, 28.274, 19.736, 22.724
'MUSCLE_diversified_replicate.acb.122.afa', 25.177, 32.268, 20.386, 24.533
'MUSCLE_diversified_replicate.acb.126.afa', 26.412, 33.586, 23.075, 25.678
'MUSCLE_diversified_replicate.acb.130.afa', 28.761, 35.819, 24.248, 28.201
'MUSCLE_diversified_replicate.acb.134.afa', 23.8, 29.831, 23.046, 22.586
'MUSCLE_diversified_replicate.acb.138.afa', 30.126, 37.465, 26.869, 28.14
'MUSCLE_diversified_replicate.acb.14.afa', 29.115, 35.282, 27.711, 29.64
'MUSCLE_diversified_replicate.acb.142.afa', 30.306, 37.196, 25.923, 31.334
'MUSCLE_diversified_replicate.acb.146.afa', 28.553, 35.58, 25.891, 27.055
'MUSCLE_diversified_replicate.acb.150.afa', 31.9, 39.262, 27.405, 33.294
'MUSCLE_diversified_replicate.acb.154.afa', 26.072, 32.779, 23.215, 25.424
'MUSCLE_diversified_replicate.acb.158.afa', 27.289, 33.681, 23.788, 26.559
'MUSCLE_diversified_replicate.acb.162.afa', 32.516, 39.794, 29.912, 33.196
'MUSCLE_diversified_replicate.acb.166.afa', 29.231, 36.612, 25.147, 27.896
'MUSCLE_diversified_replicate.acb.170.afa', 28.864, 36.25, 23.877, 28.386
'MUSCLE_diversified_replicate.acb.174.afa', 30.654, 37.225, 26.83, 31.227
'MUSCLE_diversified_replicate.acb.178.afa', 29.15, 35.776, 25.566, 29.916
'MUSCLE_diversified_replicate.acb.18.afa', 28.945, 35.852, 25.282, 28.458
'MUSCLE_diversified_replicate.acb.182.afa', 24.6, 31.026, 22.317, 25.835
'MUSCLE_diversified_replicate.acb.186.afa', 27.799, 34.937, 27.239, 25.305
'MUSCLE_diversified_replicate.acb.190.afa', 30.264, 37.351, 25.768, 29.332
'MUSCLE_diversified_replicate.acb.194.afa', 31.726, 38.705, 29.438, 31.979
'MUSCLE_diversified_replicate.acb.198.afa', 30.916, 37.55, 29.393, 29.7
'MUSCLE_diversified_replicate.acb.2.afa', 30.336, 37.082, 28.038, 28.971
'MUSCLE_diversified_replicate.acb.202.afa', 27.786, 34.798, 22.766, 26.921
'MUSCLE_diversified_replicate.acb.206.afa', 25.748, 32.407, 23.373, 26.002
'MUSCLE_diversified_replicate.acb.210.afa', 25.103, 31.206, 24.948, 23.853
'MUSCLE_diversified_replicate.acb.214.afa', 31.408, 38.385, 26.954, 31.87
'MUSCLE_diversified_replicate.acb.218.afa', 31.445, 38.341, 29.101, 31.585
'MUSCLE_diversified_replicate.acb.22.afa', 27.792, 34.226, 24.852, 27.643
'MUSCLE_diversified_replicate.acb.222.afa', 27.565, 34.302, 24.532, 26.08
'MUSCLE_diversified_replicate.acb.226.afa', 30.773, 37.565, 26.236, 31.229
'MUSCLE_diversified_replicate.acb.230.afa', 25.199, 31.354, 23.927, 26.231
'MUSCLE_diversified_replicate.acb.234.afa', 28.325, 35.642, 23.51, 28.114
'MUSCLE_diversified_replicate.acb.238.afa', 25.879, 32.515, 23.979, 24.916
'MUSCLE_diversified_replicate.acb.242.afa', 27.614, 35.472, 23.395, 27.074
'MUSCLE_diversified_replicate.acb.246.afa', 26.881, 34.291, 22.655, 26.103
'MUSCLE_diversified_replicate.acb.250.afa', 26.081, 33.152, 22.318, 25.421
'MUSCLE_diversified_replicate.acb.254.afa', 28.719, 35.982, 23.522, 27.741
'MUSCLE_diversified_replicate.acb.258.afa', 25.77, 32.002, 24.025, 24.626
'MUSCLE_diversified_replicate.acb.26.afa', 29.654, 36.883, 24.837, 28.867
'MUSCLE_diversified_replicate.acb.262.afa', 31.192, 38.029, 27.565, 31.701
'MUSCLE_diversified_replicate.acb.266.afa', 28.25, 34.898, 24.885, 27.82
'MUSCLE_diversified_replicate.acb.270.afa', 20.872, 23.318, 17.933, 17.514
'MUSCLE_diversified_replicate.acb.274.afa', 28.662, 35.842, 24.907, 27.967
'MUSCLE_diversified_replicate.acb.278.afa', 23.873, 29.618, 23.902, 22.776
'MUSCLE_diversified_replicate.acb.282.afa', 24.909, 31.425, 22.708, 25.493
'MUSCLE_diversified_replicate.acb.286.afa', 32.314, 39.339, 30.107, 32.379
'MUSCLE_diversified_replicate.acb.290.afa', 32.571, 39.585, 29.012, 33.27
'MUSCLE_diversified_replicate.acb.294.afa', 25.943, 32.665, 23.046, 25.763
'MUSCLE_diversified_replicate.acb.298.afa', 27.896, 34.749, 25.596, 27.04
'MUSCLE_diversified_replicate.acb.30.afa', 23.353, 29.205, 21.896, 23.792
'MUSCLE_diversified_replicate.acb.302.afa', 23.817, 29.734, 21.56, 25.053
'MUSCLE_diversified_replicate.acb.306.afa', 29.28, 35.971, 26.086, 29.467
'MUSCLE_diversified_replicate.acb.310.afa', 24.688, 30.775, 24.777, 23.335
'MUSCLE_diversified_replicate.acb.314.afa', 28.014, 33.993, 25.821, 27.783
'MUSCLE_diversified_replicate.acb.318.afa', 32.533, 39.602, 28.638, 32.957
'MUSCLE_diversified_replicate.acb.322.afa', 28.182, 34.468, 25.876, 28.63
'MUSCLE_diversified_replicate.acb.326.afa', 19.03, 20.222, 16.29, 16.603
'MUSCLE_diversified_replicate.acb.330.afa', 30.091, 36.662, 27.687, 30.994
'MUSCLE_diversified_replicate.acb.334.afa', 29.107, 36.301, 24.709, 27.294
'MUSCLE_diversified_replicate.acb.338.afa', 26.18, 32.477, 22.876, 25.832
'MUSCLE_diversified_replicate.acb.34.afa', 31.567, 38.326, 29.089, 32.755
'MUSCLE_diversified_replicate.acb.342.afa', 31.197, 37.966, 29.646, 32.085
'MUSCLE_diversified_replicate.acb.346.afa', 28.331, 35.728, 24.932, 26.79
'MUSCLE_diversified_replicate.acb.350.afa', 23.416, 29.545, 20.121, 23.857
'MUSCLE_diversified_replicate.acb.354.afa', 24.923, 31.227, 23.594, 24.384
'MUSCLE_diversified_replicate.acb.358.afa', 27.492, 34.543, 23.03, 26.781
'MUSCLE_diversified_replicate.acb.362.afa', 30.71, 37.311, 26.65, 31.789
'MUSCLE_diversified_replicate.acb.366.afa', 28.858, 35.157, 26.592, 30.148
'MUSCLE_diversified_replicate.acb.370.afa', 27.581, 33.988, 25.328, 26.854
'MUSCLE_diversified_replicate.acb.374.afa', 25.911, 32.403, 22.194, 25.127
'MUSCLE_diversified_replicate.acb.378.afa', 30.979, 37.831, 26.491, 31.258
'MUSCLE_diversified_replicate.acb.38.afa', 28.788, 36.103, 24.183, 28.416
'MUSCLE_diversified_replicate.acb.382.afa', 26.159, 32.058, 24.169, 27.435
'MUSCLE_diversified_replicate.acb.386.afa', 31.787, 38.926, 27.583, 32.974
'MUSCLE_diversified_replicate.acb.390.afa', 24.85, 31.191, 22.537, 24.928
'MUSCLE_diversified_replicate.acb.394.afa', 22.933, 28.521, 21.169, 24.286
'MUSCLE_diversified_replicate.acb.398.afa', 25.188, 31.361, 24.165, 24.404
'MUSCLE_diversified_replicate.acb.42.afa', 25.952, 32.442, 23.449, 26.589
'MUSCLE_diversified_replicate.acb.46.afa', 25.758, 32.462, 23.209, 26.036
'MUSCLE_diversified_replicate.acb.50.afa', 23.483, 29.211, 23.779, 22.444
'MUSCLE_diversified_replicate.acb.54.afa', 27.865, 33.821, 26.565, 28.424
'MUSCLE_diversified_replicate.acb.58.afa', 28.607, 34.887, 27.143, 28.74
'MUSCLE_diversified_replicate.acb.6.afa', 29.338, 36.608, 25.313, 28.578
'MUSCLE_diversified_replicate.acb.62.afa', 28.363, 35.303, 24.921, 27.756
'MUSCLE_diversified_replicate.acb.66.afa', 27.987, 34.617, 24.162, 27.079
'MUSCLE_diversified_replicate.acb.70.afa', 25.982, 32.63, 21.378, 24.308
'MUSCLE_diversified_replicate.acb.74.afa', 25.075, 31.188, 25.088, 23.685
'MUSCLE_diversified_replicate.acb.78.afa', 23.866, 30.149, 22.333, 24.109
'MUSCLE_diversified_replicate.acb.82.afa', 25.907, 32.492, 21.499, 25.745
'MUSCLE_diversified_replicate.acb.86.afa', 28.135, 34.985, 24.865, 27.875
'MUSCLE_diversified_replicate.acb.90.afa', 28.884, 35.996, 23.948, 28.434
'MUSCLE_diversified_replicate.acb.94.afa', 32.028, 39.138, 29.043, 33.164
'MUSCLE_diversified_replicate.acb.98.afa', 24.491, 30.451, 21.653, 25.287
'MUSCLE_diversified_replicate.bca.103.afa', 26.224, 33.355, 23.3, 25.455
'MUSCLE_diversified_replicate.bca.107.afa', 29.837, 37.282, 26.08, 27.928
'MUSCLE_diversified_replicate.bca.11.afa', 29.018, 35.899, 26.128, 28.752
'MUSCLE_diversified_replicate.bca.111.afa', 25.124, 31.734, 22.37, 24.5
'MUSCLE_diversified_replicate.bca.115.afa', 19.606, 24.502, 14.913, 16.978
'MUSCLE_diversified_replicate.bca.119.afa', 27.102, 34.421, 22.983, 25.934
'MUSCLE_diversified_replicate.bca.123.afa', 30.203, 37.66, 24.518, 29.501
'MUSCLE_diversified_replicate.bca.127.afa', 29.708, 37.425, 25.549, 29.719
'MUSCLE_diversified_replicate.bca.131.afa', 27.045, 34.104, 23.292, 25.56
'MUSCLE_diversified_replicate.bca.135.afa', 26.034, 33.013, 22.512, 25.309
'MUSCLE_diversified_replicate.bca.139.afa', 28.872, 35.988, 25.043, 28.426
'MUSCLE_diversified_replicate.bca.143.afa', 26.045, 33.158, 22.689, 25.615
'MUSCLE_diversified_replicate.bca.147.afa', 26.457, 32.398, 24.529, 26.123
'MUSCLE_diversified_replicate.bca.15.afa', 21.214, 22.849, 19.288, 18.498
'MUSCLE_diversified_replicate.bca.151.afa', 25.428, 32.2, 22.07, 24.844
'MUSCLE_diversified_replicate.bca.155.afa', 30.522, 37.325, 28.085, 30.278
'MUSCLE_diversified_replicate.bca.159.afa', 27.239, 34.116, 23.824, 27.606
'MUSCLE_diversified_replicate.bca.163.afa', 26.398, 33.58, 21.636, 25.588
'MUSCLE_diversified_replicate.bca.167.afa', 22.489, 29.176, 18.608, 21.993
'MUSCLE_diversified_replicate.bca.171.afa', 31.885, 38.86, 30.368, 31.103
'MUSCLE_diversified_replicate.bca.175.afa', 27.228, 33.089, 26.203, 26.019
'MUSCLE_diversified_replicate.bca.179.afa', 27.877, 33.803, 26.53, 28.172
'MUSCLE_diversified_replicate.bca.183.afa', 29.291, 36.548, 24.618, 28.324
'MUSCLE_diversified_replicate.bca.187.afa', 29.259, 36.261, 27.865, 27.393
'MUSCLE_diversified_replicate.bca.19.afa', 28.643, 36.165, 23.493, 28.233
'MUSCLE_diversified_replicate.bca.191.afa', 28.711, 35.83, 24.161, 28.641
'MUSCLE_diversified_replicate.bca.195.afa', 26.495, 33.844, 21.882, 26.52
'MUSCLE_diversified_replicate.bca.199.afa', 27.757, 33.729, 25.929, 27.985
'MUSCLE_diversified_replicate.bca.203.afa', 31.927, 38.985, 28.272, 32.544
'MUSCLE_diversified_replicate.bca.207.afa', 28.716, 35.8, 24.768, 28.414
'MUSCLE_diversified_replicate.bca.211.afa', 26.774, 33.845, 23.444, 26.834
'MUSCLE_diversified_replicate.bca.215.afa', 28.311, 35.488, 23.389, 27.799
'MUSCLE_diversified_replicate.bca.219.afa', 31.233, 38.236, 27.006, 31.815
'MUSCLE_diversified_replicate.bca.223.afa', 28.12, 35.298, 23.381, 27.354
'MUSCLE_diversified_replicate.bca.227.afa', 29.945, 37.37, 25.41, 29.398
'MUSCLE_diversified_replicate.bca.23.afa', 27.622, 34.275, 23.627, 26.9
'MUSCLE_diversified_replicate.bca.231.afa', 21.791, 27.81, 21.222, 22.59
'MUSCLE_diversified_replicate.bca.235.afa', 26.689, 33.368, 23.504, 27.298
'MUSCLE_diversified_replicate.bca.239.afa', 29.79, 37.166, 25.959, 28.481
'MUSCLE_diversified_replicate.bca.243.afa', 31.506, 38.303, 27.983, 32.143
'MUSCLE_diversified_replicate.bca.247.afa', 27.352, 34.748, 23.884, 26.675
'MUSCLE_diversified_replicate.bca.251.afa', 26.212, 33.433, 21.756, 25.813
'MUSCLE_diversified_replicate.bca.255.afa', 29.415, 36.701, 26.638, 27.567
'MUSCLE_diversified_replicate.bca.259.afa', 29.085, 36.454, 26.787, 28.319
'MUSCLE_diversified_replicate.bca.263.afa', 27.289, 34.489, 25.609, 25.683
'MUSCLE_diversified_replicate.bca.267.afa', 26.888, 33.673, 24.361, 26.036
'MUSCLE_diversified_replicate.bca.27.afa', 26.321, 33.418, 23.325, 26.007
'MUSCLE_diversified_replicate.bca.271.afa', 32.28, 39.079, 28.764, 33.014
'MUSCLE_diversified_replicate.bca.275.afa', 20.994, 22.512, 17.98, 17.642
'MUSCLE_diversified_replicate.bca.279.afa', 27.621, 34.579, 24.884, 26.254
'MUSCLE_diversified_replicate.bca.283.afa', 26.272, 33.457, 23.341, 25.966
'MUSCLE_diversified_replicate.bca.287.afa', 28.224, 35.165, 25.559, 26.942
'MUSCLE_diversified_replicate.bca.291.afa', 29.552, 36.952, 25.005, 28.99
'MUSCLE_diversified_replicate.bca.295.afa', 28.521, 35.554, 24.398, 27.882
'MUSCLE_diversified_replicate.bca.299.afa', 24.272, 30.852, 21.484, 23.947
'MUSCLE_diversified_replicate.bca.3.afa', 28.436, 34.941, 24.435, 28.11
'MUSCLE_diversified_replicate.bca.303.afa', 25.459, 32.467, 21.362, 24.58
'MUSCLE_diversified_replicate.bca.307.afa', 27.562, 34.382, 23.326, 27.474
'MUSCLE_diversified_replicate.bca.31.afa', 30.783, 37.537, 27.699, 31.561
'MUSCLE_diversified_replicate.bca.311.afa', 28.593, 35.573, 27.078, 26.21
'MUSCLE_diversified_replicate.bca.315.afa', 27.898, 34.952, 24.385, 27.704
'MUSCLE_diversified_replicate.bca.319.afa', 28.692, 36.004, 24.705, 26.875
'MUSCLE_diversified_replicate.bca.323.afa', 25.812, 32.909, 21.494, 25.901
'MUSCLE_diversified_replicate.bca.327.afa', 29.553, 36.172, 26.193, 30.963
'MUSCLE_diversified_replicate.bca.331.afa', 26.291, 33.364, 22.511, 25.304
'MUSCLE_diversified_replicate.bca.335.afa', 31.112, 37.822, 29.492, 30.464
'MUSCLE_diversified_replicate.bca.339.afa', 25.023, 31.712, 21.62, 23.888
'MUSCLE_diversified_replicate.bca.343.afa', 27.367, 34.19, 23.306, 27.28
'MUSCLE_diversified_replicate.bca.347.afa', 28.67, 35.372, 26.194, 28.694
'MUSCLE_diversified_replicate.bca.35.afa', 31.27, 38.277, 27.283, 31.952
'MUSCLE_diversified_replicate.bca.351.afa', 24.074, 30.611, 21.231, 23.014
'MUSCLE_diversified_replicate.bca.355.afa', 26.422, 32.494, 24.605, 25.683
'MUSCLE_diversified_replicate.bca.359.afa', 26.515, 33.7, 23.246, 26.341
'MUSCLE_diversified_replicate.bca.363.afa', 30.849, 37.769, 26.828, 31.711
'MUSCLE_diversified_replicate.bca.367.afa', 24.69, 31.47, 21.814, 22.879
'MUSCLE_diversified_replicate.bca.371.afa', 30.306, 36.95, 26.851, 31.083
'MUSCLE_diversified_replicate.bca.375.afa', 28.292, 35.285, 24.984, 27.732
'MUSCLE_diversified_replicate.bca.379.afa', 29.465, 36.668, 26.117, 28.446
'MUSCLE_diversified_replicate.bca.383.afa', 29.977, 37.184, 25.807, 29.37
'MUSCLE_diversified_replicate.bca.387.afa', 29.003, 36.345, 28.221, 27.118
'MUSCLE_diversified_replicate.bca.39.afa', 28.765, 35.354, 25.381, 28.439
'MUSCLE_diversified_replicate.bca.391.afa', 26.555, 33.516, 22.89, 26.018
'MUSCLE_diversified_replicate.bca.395.afa', 32.089, 39.324, 28.977, 33.146
'MUSCLE_diversified_replicate.bca.399.afa', 25.492, 32.594, 21.794, 25.281
'MUSCLE_diversified_replicate.bca.43.afa', 27.617, 35.146, 24.171, 27.333
'MUSCLE_diversified_replicate.bca.47.afa', 25.219, 32.213, 22.001, 24.634
'MUSCLE_diversified_replicate.bca.51.afa', 25.543, 32.297, 22.912, 25.632
'MUSCLE_diversified_replicate.bca.55.afa', 27.244, 34.064, 22.982, 26.535
'MUSCLE_diversified_replicate.bca.59.afa', 29.381, 36.068, 26.211, 29.807
'MUSCLE_diversified_replicate.bca.63.afa', 26.274, 32.75, 22.915, 25.849
'MUSCLE_diversified_replicate.bca.67.afa', 23.317, 30.052, 19.402, 23.148
'MUSCLE_diversified_replicate.bca.7.afa', 25.52, 32.396, 21.871, 25.224
'MUSCLE_diversified_replicate.bca.71.afa', 26.971, 34.333, 23.576, 27.098
'MUSCLE_diversified_replicate.bca.75.afa', 25.269, 32.359, 20.541, 25.367
'MUSCLE_diversified_replicate.bca.79.afa', 25.187, 31.899, 22.361, 24.996
'MUSCLE_diversified_replicate.bca.83.afa', 27.09, 34.55, 23.457, 27.312
'MUSCLE_diversified_replicate.bca.87.afa', 25.324, 31.966, 22.233, 24.823
'MUSCLE_diversified_replicate.bca.91.afa', 26.713, 33.984, 22.604, 25.948
'MUSCLE_diversified_replicate.bca.95.afa', 26.038, 33.08, 22.264, 25.271
'MUSCLE_diversified_replicate.bca.99.afa', 24.626, 31.241, 21.203, 23.97
'MUSCLE_diversified_replicate.none.0.afa', 29.403, 34.657, 25.955, 27.189
'MUSCLE_diversified_replicate.none.100.afa', 22.194, 26.343, 18.218, 19.016
'MUSCLE_diversified_replicate.none.104.afa', 21.341, 25.163, 17.379, 18.32
'MUSCLE_diversified_replicate.none.108.afa', 22.423, 26.591, 19.614, 19.127
'MUSCLE_diversified_replicate.none.112.afa', 26.696, 33.039, 24.314, 25.082
'MUSCLE_diversified_replicate.none.116.afa', 20.666, 23.519, 17.497, 16.657
'MUSCLE_diversified_replicate.none.12.afa', 29.208, 34.205, 25.867, 27.475
'MUSCLE_diversified_replicate.none.120.afa', 29.648, 34.969, 26.529, 28.418
'MUSCLE_diversified_replicate.none.124.afa', 29.364, 34.66, 25.82, 27.402
'MUSCLE_diversified_replicate.none.128.afa', 28.802, 33.87, 25.915, 27.655
'MUSCLE_diversified_replicate.none.132.afa', 31.411, 38.134, 29.363, 31.649
'MUSCLE_diversified_replicate.none.136.afa', 28.754, 33.62, 25.475, 26.327
'MUSCLE_diversified_replicate.none.140.afa', 22.288, 26.556, 18.697, 19.794
'MUSCLE_diversified_replicate.none.144.afa', 27.562, 31.774, 24.397, 24.696
'MUSCLE_diversified_replicate.none.148.afa', 23.359, 28.068, 20.174, 20.684
'MUSCLE_diversified_replicate.none.152.afa', 28.201, 32.499, 24.935, 25.429
'MUSCLE_diversified_replicate.none.156.afa', 33.69, 40.799, 31.737, 33.213
'MUSCLE_diversified_replicate.none.16.afa', 29.502, 34.576, 26.362, 27.682
'MUSCLE_diversified_replicate.none.160.afa', 23.11, 27.561, 18.74, 19.956
'MUSCLE_diversified_replicate.none.164.afa', 29.739, 35.144, 25.793, 27.918
'MUSCLE_diversified_replicate.none.168.afa', 23.252, 27.882, 18.972, 20.324
'MUSCLE_diversified_replicate.none.172.afa', 23.174, 27.678, 19.187, 20.363
'MUSCLE_diversified_replicate.none.176.afa', 22.457, 26.703, 18.095, 19.208
'MUSCLE_diversified_replicate.none.180.afa', 29.585, 34.809, 26.095, 27.43
'MUSCLE_diversified_replicate.none.184.afa', 33.168, 40.417, 30.785, 33.484
'MUSCLE_diversified_replicate.none.188.afa', 27.509, 31.611, 24.783, 24.656
'MUSCLE_diversified_replicate.none.192.afa', 22.83, 27.048, 19.159, 20.642
'MUSCLE_diversified_replicate.none.196.afa', 28.574, 33.644, 25.406, 27.24
'MUSCLE_diversified_replicate.none.20.afa', 32.109, 38.856, 28.599, 32.49
'MUSCLE_diversified_replicate.none.200.afa', 27.156, 31.043, 24.037, 24.536
'MUSCLE_diversified_replicate.none.204.afa', 28.971, 34.009, 25.308, 26.767
'MUSCLE_diversified_replicate.none.208.afa', 26.54, 33.141, 23.697, 24.997
'MUSCLE_diversified_replicate.none.212.afa', 21.929, 25.873, 17.665, 18.651
'MUSCLE_diversified_replicate.none.216.afa', 21.94, 26.046, 17.605, 18.658
'MUSCLE_diversified_replicate.none.220.afa', 21.488, 25.661, 17.154, 18.372
'MUSCLE_diversified_replicate.none.224.afa', 27.094, 33.932, 25.652, 25.895
'MUSCLE_diversified_replicate.none.228.afa', 29.905, 35.86, 29.109, 29.15
'MUSCLE_diversified_replicate.none.232.afa', 29.308, 34.536, 26.165, 28.175
'MUSCLE_diversified_replicate.none.236.afa', 22.94, 27.269, 18.721, 19.925
'MUSCLE_diversified_replicate.none.24.afa', 26.957, 30.907, 23.911, 24.53
'MUSCLE_diversified_replicate.none.240.afa', 29.818, 35.172, 25.843, 27.905
'MUSCLE_diversified_replicate.none.244.afa', 21.918, 26.016, 18.06, 19.005
'MUSCLE_diversified_replicate.none.248.afa', 22.469, 26.511, 19.021, 19.85
'MUSCLE_diversified_replicate.none.252.afa', 29.513, 34.799, 26.374, 28.403
'MUSCLE_diversified_replicate.none.256.afa', 29.6, 34.891, 26.792, 28.161
'MUSCLE_diversified_replicate.none.260.afa', 21.783, 25.547, 18.161, 19.276
'MUSCLE_diversified_replicate.none.264.afa', 22.222, 26.071, 18.951, 18.73
'MUSCLE_diversified_replicate.none.268.afa', 19.083, 21.576, 16.139, 14.931
'MUSCLE_diversified_replicate.none.272.afa', 29.433, 34.621, 26.542, 28.405
'MUSCLE_diversified_replicate.none.276.afa', 29.294, 34.376, 26.629, 27.878
'MUSCLE_diversified_replicate.none.28.afa', 29.191, 34.288, 26.111, 26.878
'MUSCLE_diversified_replicate.none.280.afa', 28.501, 33.288, 25.843, 26.942
'MUSCLE_diversified_replicate.none.284.afa', 28.853, 33.736, 25.449, 27.01
'MUSCLE_diversified_replicate.none.288.afa', 29.444, 34.62, 26.497, 28.313
'MUSCLE_diversified_replicate.none.292.afa', 23.648, 28.451, 21.05, 20.921
'MUSCLE_diversified_replicate.none.296.afa', 22.273, 26.564, 18.796, 19.429
'MUSCLE_diversified_replicate.none.300.afa', 22.636, 27.049, 19.155, 20.12
'MUSCLE_diversified_replicate.none.304.afa', 27.774, 32.157, 24.419, 25.051
'MUSCLE_diversified_replicate.none.308.afa', 29.787, 35.173, 26.697, 28.342
'MUSCLE_diversified_replicate.none.312.afa', 29.003, 34.06, 25.516, 26.975
'MUSCLE_diversified_replicate.none.316.afa', 31.925, 38.694, 27.678, 32.452
'MUSCLE_diversified_replicate.none.32.afa', 28.911, 33.997, 25.764, 26.878
'MUSCLE_diversified_replicate.none.320.afa', 29.131, 34.351, 26.151, 27.969
'MUSCLE_diversified_replicate.none.324.afa', 28.528, 33.478, 26.321, 27.388
'MUSCLE_diversified_replicate.none.328.afa', 29.736, 34.96, 26.643, 28.532
'MUSCLE_diversified_replicate.none.332.afa', 29.463, 34.665, 25.921, 27.261
'MUSCLE_diversified_replicate.none.336.afa', 28.538, 33.263, 28.051, 27.559
'MUSCLE_diversified_replicate.none.340.afa', 29.153, 34.199, 25.489, 26.921
'MUSCLE_diversified_replicate.none.344.afa', 26.292, 32.832, 24.52, 24.406
'MUSCLE_diversified_replicate.none.348.afa', 21.816, 25.906, 18.261, 19.024
'MUSCLE_diversified_replicate.none.352.afa', 29.128, 34.394, 24.897, 27.407
'MUSCLE_diversified_replicate.none.356.afa', 27.604, 31.884, 24.765, 25.533
'MUSCLE_diversified_replicate.none.36.afa', 28.236, 33.167, 25.232, 26.384
'MUSCLE_diversified_replicate.none.360.afa', 28.729, 33.693, 24.718, 26.572
'MUSCLE_diversified_replicate.none.364.afa', 21.566, 25.68, 17.622, 18.621
'MUSCLE_diversified_replicate.none.368.afa', 29.203, 34.596, 25.563, 27.109
'MUSCLE_diversified_replicate.none.372.afa', 26.666, 33.301, 23.225, 24.871
'MUSCLE_diversified_replicate.none.376.afa', 28.936, 34.042, 26.27, 27.772
'MUSCLE_diversified_replicate.none.380.afa', 21.757, 25.826, 17.738, 18.887
'MUSCLE_diversified_replicate.none.384.afa', 29.002, 33.887, 27.376, 28.786
'MUSCLE_diversified_replicate.none.388.afa', 21.76, 26.108, 17.927, 18.893
'MUSCLE_diversified_replicate.none.392.afa', 21.351, 25.527, 18.099, 18.756
'MUSCLE_diversified_replicate.none.396.afa', 25.586, 31.862, 22.453, 24.117
'MUSCLE_diversified_replicate.none.4.afa', 29.373, 34.538, 25.626, 27.233
'MUSCLE_diversified_replicate.none.40.afa', 21.835, 25.958, 19.185, 18.459
'MUSCLE_diversified_replicate.none.44.afa', 22.312, 26.425, 18.534, 19.346
'MUSCLE_diversified_replicate.none.48.afa', 28.983, 34.045, 25.38, 26.654
'MUSCLE_diversified_replicate.none.52.afa', 22.663, 26.899, 18.293, 19.477
'MUSCLE_diversified_replicate.none.56.afa', 21.798, 25.441, 17.962, 18.495
'MUSCLE_diversified_replicate.none.60.afa', 28.928, 33.983, 25.405, 26.882
'MUSCLE_diversified_replicate.none.64.afa', 28.483, 33.47, 25.607, 26.99
'MUSCLE_diversified_replicate.none.68.afa', 29.624, 34.862, 26.539, 26.943
'MUSCLE_diversified_replicate.none.72.afa', 29.582, 34.884, 26.465, 28.114
'MUSCLE_diversified_replicate.none.76.afa', 26.834, 31.518, 23.974, 25.464
'MUSCLE_diversified_replicate.none.8.afa', 20.838, 24.328, 17.72, 16.975
'MUSCLE_diversified_replicate.none.80.afa', 22.198, 26.411, 18.124, 19.018
'MUSCLE_diversified_replicate.none.84.afa', 28.53, 33.218, 27.438, 27.522
'MUSCLE_diversified_replicate.none.88.afa', 29.153, 34.317, 25.958, 27.549
'MUSCLE_diversified_replicate.none.92.afa', 29.01, 34.164, 25.593, 27.504
'MUSCLE_diversified_replicate.none.96.afa', 29.18, 34.21, 25.561, 27.13
'PRANK_b0#0050_hhH_tree_63_OP_0.36203966777708846_Split_50.fasta', -11.356, -8.384, -14.78, -11.738
'PRANK_b0#0050_hhT_tree_63_OP_0.36203966777708846_Split_50.fasta', 10.743, 17.051, 6.829, 10.735
'PRANK_b0#0050_htT_tree_63_OP_0.36203966777708846_Split_50.fasta', 9.74, 16.019, 5.388, 9.898
'PRANK_b0#0050_ttH_tree_63_OP_0.36203966777708846_Split_50.fasta', -10.903, -8.052, -13.482, -11.184
'PRANK_b0#0051_hhT_tree_7_OP_0.4287654329803016_Split_51.fasta', -5.117, -1.475, -10.113, -7.009
'PRANK_b0#0051_htH_tree_7_OP_0.4287654329803016_Split_51.fasta', -4.108, 0.034, -9.606, -5.912
'PRANK_b0#0051_htT_tree_7_OP_0.4287654329803016_Split_51.fasta', -8.269, -5.764, -11.689, -10.384
'PRANK_b0#0051_ttT_tree_7_OP_0.4287654329803016_Split_51.fasta', -8.122, -5.613, -11.484, -10.215
'PRANK_b0#0053_hhH_tree_13_OP_0.09692142234876278_Split_53.fasta', -8.508, -6.925, -8.454, -10.04
'PRANK_b0#0053_htT_tree_13_OP_0.09692142234876278_Split_53.fasta', -12.278, -11.062, -14.071, -12.154
'PRANK_b0#0053_htT_tree_69_OP_0.05304651807751681_Split_53.fasta', 10.419, 15.019, 7.92, 11.227
'PRANK_b0#0053_thT_tree_69_OP_0.05304651807751681_Split_53.fasta', 10.084, 14.633, 7.355, 10.987
'PRANK_b0#0053_ttH_tree_13_OP_0.09692142234876278_Split_53.fasta', -8.544, -6.959, -8.501, -10.07
'PRANK_b0#0053_ttH_tree_69_OP_0.05304651807751681_Split_53.fasta', 16.467, 21.158, 13.664, 18.061
'PRANK_b0#0053_ttT_tree_13_OP_0.09692142234876278_Split_53.fasta', -7.282, -5.293, -9.071, -7.052
'PRANK_b0#0053_ttT_tree_69_OP_0.05304651807751681_Split_53.fasta', 10.084, 14.633, 7.355, 10.987
'PRANK_b0#0054_hhT_tree_37_OP_0.3234162682987525_Split_54.fasta', 14.818, 21.672, 11.038, 15.508
'PRANK_b0#0054_htH_tree_11_OP_0.0660385202278223_Split_54.fasta', -4.585, -2.48, -5.808, -4.876
'PRANK_b0#0054_htT_tree_37_OP_0.3234162682987525_Split_54.fasta', 16.492, 23.549, 13.055, 16.847
'PRANK_b0#0054_htT_tree_60_OP_0.2742882468420108_Split_54.fasta', 10.89, 17.269, 9.815, 8.698
'PRANK_b0#0054_thH_tree_11_OP_0.0660385202278223_Split_54.fasta', -4.148, -2.018, -5.381, -4.337
'PRANK_b0#0054_thH_tree_60_OP_0.2742882468420108_Split_54.fasta', 10.53, 16.78, 7.988, 9.499
'PRANK_b0#0054_thT_tree_11_OP_0.0660385202278223_Split_54.fasta', -5.99, -5.078, -7.039, -7.958
'PRANK_b0#0054_thT_tree_60_OP_0.2742882468420108_Split_54.fasta', 10.795, 17.133, 9.638, 8.47
'PRANK_b0#0054_ttH_tree_11_OP_0.0660385202278223_Split_54.fasta', -4.047, -1.924, -5.268, -4.263
'PRANK_b0#0054_ttH_tree_37_OP_0.3234162682987525_Split_54.fasta', 12.048, 18.574, 10.555, 12.886
'PRANK_b0#0054_ttT_tree_37_OP_0.3234162682987525_Split_54.fasta', 12.982, 19.554, 9.615, 13.889
'PRANK_b0#0054_ttT_tree_60_OP_0.2742882468420108_Split_54.fasta', 10.783, 17.114, 9.632, 8.456
'PRANK_b0#0055_hhH_tree_96_OP_0.3899661250904219_Split_55.fasta', 1.092, 5.835, -2.359, 1.15
'PRANK_b0#0055_hhT_tree_23_OP_0.41879358418754387_Split_55.fasta', -0.304, 4.269, -1.406, 1.034
'PRANK_b0#0055_hhT_tree_40_OP_0.08821008325435137_Split_55.fasta', 3.146, 7.34, 0.592, 2.863
'PRANK_b0#0055_hhT_tree_96_OP_0.3899661250904219_Split_55.fasta', 0.762, 5.688, -2.501, 0.495
'PRANK_b0#0055_htH_tree_96_OP_0.3899661250904219_Split_55.fasta', 1.882, 6.835, -1.753, 1.961
'PRANK_b0#0055_thH_tree_23_OP_0.41879358418754387_Split_55.fasta', 3.204, 8.094, 1.781, 3.924
'PRANK_b0#0055_thH_tree_40_OP_0.08821008325435137_Split_55.fasta', 5.369, 9.721, 2.429, 4.514
'PRANK_b0#0055_thT_tree_40_OP_0.08821008325435137_Split_55.fasta', 3.146, 7.34, 0.592, 2.863
'PRANK_b0#0055_ttH_tree_23_OP_0.41879358418754387_Split_55.fasta', 2.828, 7.736, 1.685, 3.804
'PRANK_b0#0055_ttT_tree_23_OP_0.41879358418754387_Split_55.fasta', -0.528, 3.975, -1.63, 0.189
'PRANK_b0#0055_ttT_tree_40_OP_0.08821008325435137_Split_55.fasta', 3.146, 7.34, 0.592, 2.863
'PRANK_b0#0055_ttT_tree_96_OP_0.3899661250904219_Split_55.fasta', 0.269, 5.15, -2.938, -0.054
'PRANK_b0#0056_hhH_tree_56_OP_0.23502932209680477_Split_56.fasta', 4.61, 9.764, 2.854, 4.636
'PRANK_b0#0056_htH_tree_56_OP_0.23502932209680477_Split_56.fasta', 4.06, 9.146, 2.603, 4.141
'PRANK_b0#0056_htT_tree_99_OP_0.18594199344926288_Split_56.fasta', 12.019, 18.416, 9.66, 11.786
'PRANK_b0#0056_thH_tree_99_OP_0.18594199344926288_Split_56.fasta', 13.17, 19.637, 7.977, 13.24
'PRANK_b0#0056_thT_tree_56_OP_0.23502932209680477_Split_56.fasta', 5.023, 10.213, 3.384, 5.217
'PRANK_b0#0056_thT_tree_99_OP_0.18594199344926288_Split_56.fasta', 12.019, 18.416, 9.66, 11.786
'PRANK_b0#0056_ttH_tree_56_OP_0.23502932209680477_Split_56.fasta', 3.503, 8.425, 2.014, 3.229
'PRANK_b0#0056_ttH_tree_99_OP_0.18594199344926288_Split_56.fasta', 13.266, 19.732, 8.037, 13.327
'PRANK_b0#0057_htH_tree_64_OP_0.05970650417263379_Split_57.fasta', 0.083, 4.653, 1.075, 3.275
'PRANK_b0#0057_thH_tree_64_OP_0.05970650417263379_Split_57.fasta', 0.094, 4.658, 1.103, 3.28
'PRANK_b0#0057_thT_tree_64_OP_0.05970650417263379_Split_57.fasta', -0.112, 4.205, 0.988, 2.994
'PRANK_b0#0057_ttH_tree_64_OP_0.05970650417263379_Split_57.fasta', 0.094, 4.658, 1.103, 3.28
'PRANK_b0#0058_hhH_tree_84_OP_0.3564845080908704_Split_58.fasta', -1.591, 1.929, -1.902, -2.321
'PRANK_b0#0058_hhT_tree_84_OP_0.3564845080908704_Split_58.fasta', -1.027, 2.347, -1.446, -1.925
'PRANK_b0#0058_hhT_tree_97_OP_0.1673876920856745_Split_58.fasta', 5.16, 6.271, 2.544, 1.285
'PRANK_b0#0058_htT_tree_84_OP_0.3564845080908704_Split_58.fasta', -1.011, 2.384, -1.439, -1.873
'PRANK_b0#0058_htT_tree_97_OP_0.1673876920856745_Split_58.fasta', 5.057, 6.066, 2.45, 1.149
'PRANK_b0#0058_thH_tree_97_OP_0.1673876920856745_Split_58.fasta', 6.301, 7.134, 3.627, 1.8
'PRANK_b0#0058_thT_tree_97_OP_0.1673876920856745_Split_58.fasta', 4.74, 5.698, 2.028, 0.758
'PRANK_b0#0058_ttT_tree_84_OP_0.3564845080908704_Split_58.fasta', 0.022, 3.684, -1.711, 0.574
'PRANK_b0#0059_hhT_tree_80_OP_0.3860599313375234_Split_59.fasta', 3.354, 8.511, 1.109, 1.279
'PRANK_b0#0059_htH_tree_36_OP_0.21650135794201675_Split_59.fasta', 1.325, 5.361, 0.556, 2.102
'PRANK_b0#0059_htH_tree_80_OP_0.3860599313375234_Split_59.fasta', 2.264, 7.261, 0.317, 0.665
'PRANK_b0#0059_htH_tree_85_OP_0.16592734946943577_Split_59.fasta', 3.024, 8.191, 1.514, 1.623
'PRANK_b0#0059_htT_tree_36_OP_0.21650135794201675_Split_59.fasta', 0.607, 5.411, -1.122, 1.371
'PRANK_b0#0059_htT_tree_80_OP_0.3860599313375234_Split_59.fasta', 2.569, 7.699, 0.244, 0.574
'PRANK_b0#0059_htT_tree_85_OP_0.16592734946943577_Split_59.fasta', 4.754, 9.935, 0.595, 4.981
'PRANK_b0#0059_thH_tree_36_OP_0.21650135794201675_Split_59.fasta', 1.108, 5.057, -0.213, 1.722
'PRANK_b0#0059_thH_tree_85_OP_0.16592734946943577_Split_59.fasta', 3.1, 8.304, 1.546, 1.711
'PRANK_b0#0059_ttH_tree_80_OP_0.3860599313375234_Split_59.fasta', 2.249, 7.291, 0.29, 0.647
'PRANK_b0#0059_ttH_tree_85_OP_0.16592734946943577_Split_59.fasta', 3.121, 8.329, 1.561, 1.735
'PRANK_b0#0059_ttT_tree_36_OP_0.21650135794201675_Split_59.fasta', 0.575, 5.369, -1.14, 1.326
'PRANK_b0#0060_hhH_tree_24_OP_0.35224591752289836_Split_60.fasta', 8.065, 13.37, 3.662, 7.154
'PRANK_b0#0060_hhT_tree_24_OP_0.35224591752289836_Split_60.fasta', 9.904, 15.711, 7.0, 8.853
'PRANK_b0#0060_ttH_tree_24_OP_0.35224591752289836_Split_60.fasta', 8.128, 13.436, 3.716, 7.206
'PRANK_b0#0060_ttT_tree_24_OP_0.35224591752289836_Split_60.fasta', 9.755, 15.601, 7.095, 8.443
'PRANK_b0#0061_hhH_tree_16_OP_0.3566466444359746_Split_61.fasta', -11.026, -6.278, -12.04, -8.928
'PRANK_b0#0061_thT_tree_16_OP_0.3566466444359746_Split_61.fasta', -2.072, 3.175, -4.251, -1.218
'PRANK_b0#0061_ttH_tree_16_OP_0.3566466444359746_Split_61.fasta', -10.905, -6.135, -11.944, -8.763
'PRANK_b0#0061_ttT_tree_16_OP_0.3566466444359746_Split_61.fasta', -1.909, 3.312, -3.713, -1.01
'PRANK_b0#0062_hhH_tree_0_OP_0.4657131574362508_Split_62.fasta', 2.292, 7.53, 2.614, 1.188
'PRANK_b0#0062_hhT_tree_81_OP_0.4058614503238694_Split_62.fasta', 3.922, 10.062, 1.864, 4.085
'PRANK_b0#0062_htH_tree_0_OP_0.4657131574362508_Split_62.fasta', 2.935, 8.464, 3.243, 1.172
'PRANK_b0#0062_htT_tree_81_OP_0.4058614503238694_Split_62.fasta', 4.711, 11.032, 2.557, 4.835
'PRANK_b0#0062_thH_tree_81_OP_0.4058614503238694_Split_62.fasta', 5.845, 11.876, 3.577, 5.703
'PRANK_b0#0062_thT_tree_0_OP_0.4657131574362508_Split_62.fasta', 3.198, 8.722, 3.157, 2.439
'PRANK_b0#0062_thT_tree_81_OP_0.4058614503238694_Split_62.fasta', 4.711, 11.032, 2.557, 4.835
'PRANK_b0#0062_ttT_tree_0_OP_0.4657131574362508_Split_62.fasta', 1.955, 7.374, 2.009, 0.866
'PRANK_b0#0063_htH_tree_71_OP_0.26664288485028304_Split_63.fasta', 11.42, 17.014, 8.144, 12.161
'PRANK_b0#0063_htT_tree_71_OP_0.26664288485028304_Split_63.fasta', 13.007, 19.191, 7.892, 13.827
'PRANK_b0#0063_thH_tree_71_OP_0.26664288485028304_Split_63.fasta', 11.37, 16.964, 8.126, 12.149
'PRANK_b0#0063_thT_tree_71_OP_0.26664288485028304_Split_63.fasta', 13.061, 19.235, 7.96, 13.878
'PRANK_b0#0065_hhH_tree_48_OP_0.33799514808893955_Split_65.fasta', 3.644, 9.013, 3.919, 3.945
'PRANK_b0#0065_htH_tree_48_OP_0.33799514808893955_Split_65.fasta', 4.572, 10.201, 4.62, 4.998
'PRANK_b0#0065_thH_tree_48_OP_0.33799514808893955_Split_65.fasta', 3.725, 9.104, 3.998, 4.044
'PRANK_b0#0065_thT_tree_48_OP_0.33799514808893955_Split_65.fasta', 5.417, 11.039, 4.946, 5.892
'PRANK_b0#0067_hhH_tree_6_OP_0.18497671267226667_Split_67.fasta', 10.785, 16.351, 9.684, 7.95
'PRANK_b0#0067_htH_tree_6_OP_0.18497671267226667_Split_67.fasta', 10.845, 16.408, 9.745, 8.009
'PRANK_b0#0067_thT_tree_6_OP_0.18497671267226667_Split_67.fasta', 12.013, 17.716, 11.154, 9.547
'PRANK_b0#0067_ttT_tree_6_OP_0.18497671267226667_Split_67.fasta', 11.996, 17.695, 11.143, 9.524
'PRANK_b0#0070_htH_tree_30_OP_0.20469024912096356_Split_70.fasta', 11.429, 17.293, 10.037, 12.969
'PRANK_b0#0070_htH_tree_43_OP_0.41666011848334805_Split_70.fasta', 16.145, 23.291, 12.286, 16.395
'PRANK_b0#0070_htT_tree_30_OP_0.20469024912096356_Split_70.fasta', 12.962, 18.759, 10.053, 14.766
'PRANK_b0#0070_thH_tree_30_OP_0.20469024912096356_Split_70.fasta', 10.44, 16.23, 8.902, 12.109
'PRANK_b0#0070_thH_tree_43_OP_0.41666011848334805_Split_70.fasta', 16.134, 23.287, 12.253, 16.356
'PRANK_b0#0070_ttH_tree_43_OP_0.41666011848334805_Split_70.fasta', 15.765, 22.994, 11.489, 16.378
'PRANK_b0#0070_ttT_tree_30_OP_0.20469024912096356_Split_70.fasta', 12.903, 18.668, 10.042, 14.745
'PRANK_b0#0070_ttT_tree_43_OP_0.41666011848334805_Split_70.fasta', 16.019, 23.175, 11.012, 16.186
'PRANK_b0#0073_htT_tree_10_OP_0.17197861239551077_Split_73.fasta', 3.073, 5.632, 4.79, 3.65
'PRANK_b0#0073_thH_tree_10_OP_0.17197861239551077_Split_73.fasta', 6.536, 10.519, 7.392, 9.006
'PRANK_b0#0073_ttH_tree_10_OP_0.17197861239551077_Split_73.fasta', 6.505, 10.499, 7.353, 8.971
'PRANK_b0#0073_ttT_tree_10_OP_0.17197861239551077_Split_73.fasta', 3.073, 5.632, 4.79, 3.65
'PRANK_b0#0077_hhH_tree_35_OP_0.23719613041625226_Split_77.fasta', -7.053, -3.055, -5.803, -5.606
'PRANK_b0#0077_hhT_tree_35_OP_0.23719613041625226_Split_77.fasta', -8.523, -4.431, -8.653, -6.29
'PRANK_b0#0077_htT_tree_35_OP_0.23719613041625226_Split_77.fasta', -9.8, -5.884, -9.633, -7.584
'PRANK_b0#0077_htT_tree_79_OP_0.39849921812999034_Split_77.fasta', 5.128, 8.466, 1.033, 2.813
'PRANK_b0#0077_thH_tree_35_OP_0.23719613041625226_Split_77.fasta', -7.867, -3.873, -6.436, -6.398
'PRANK_b0#0077_thH_tree_79_OP_0.39849921812999034_Split_77.fasta', 4.238, 7.351, 0.604, 1.648
'PRANK_b0#0077_thT_tree_79_OP_0.39849921812999034_Split_77.fasta', 5.45, 8.892, 0.981, 1.635
'PRANK_b0#0077_ttT_tree_79_OP_0.39849921812999034_Split_77.fasta', 5.496, 8.938, 1.256, 1.413
'PRANK_b0#0078_hhH_tree_86_OP_0.2347265646541319_Split_78.fasta', -0.161, 6.471, -3.999, 3.924
'PRANK_b0#0078_hhT_tree_53_OP_0.05303947942235687_Split_78.fasta', 7.012, 11.807, 5.088, 6.691
'PRANK_b0#0078_htH_tree_53_OP_0.05303947942235687_Split_78.fasta', 0.639, 4.883, 0.087, -1.102
'PRANK_b0#0078_htH_tree_86_OP_0.2347265646541319_Split_78.fasta', -0.083, 6.439, -3.668, 4.458
'PRANK_b0#0078_thH_tree_86_OP_0.2347265646541319_Split_78.fasta', -0.195, 6.361, -3.949, 3.859
'PRANK_b0#0078_thT_tree_53_OP_0.05303947942235687_Split_78.fasta', 7.012, 11.807, 5.088, 6.691
'PRANK_b0#0078_ttH_tree_53_OP_0.05303947942235687_Split_78.fasta', 0.597, 4.832, -0.622, -0.278
'PRANK_b0#0078_ttT_tree_86_OP_0.2347265646541319_Split_78.fasta', -0.186, 6.255, -3.712, 4.252
'PRANK_b0#0079_hhH_tree_88_OP_0.1810795500099957_Split_79.fasta', -1.099, 3.486, -2.408, 0.995
'PRANK_b0#0079_hhT_tree_88_OP_0.1810795500099957_Split_79.fasta', 0.039, 4.63, -1.394, 2.21
'PRANK_b0#0079_ttH_tree_88_OP_0.1810795500099957_Split_79.fasta', -1.089, 3.494, -2.399, 1.005
'PRANK_b0#0079_ttT_tree_88_OP_0.1810795500099957_Split_79.fasta', -0.1, 4.492, -1.533, 2.052
'PRANK_b0#0080_hhT_tree_3_OP_0.05125309180508808_Split_80.fasta', 20.725, 28.414, 19.889, 19.994
'PRANK_b0#0080_htH_tree_3_OP_0.05125309180508808_Split_80.fasta', 21.109, 28.817, 20.393, 20.572
'PRANK_b0#0080_htT_tree_3_OP_0.05125309180508808_Split_80.fasta', 20.54, 28.262, 19.729, 19.853
'PRANK_b0#0080_ttH_tree_3_OP_0.05125309180508808_Split_80.fasta', 21.056, 28.75, 20.318, 20.485
'PRANK_b0#0081_hhH_tree_5_OP_0.22898839817158656_Split_81.fasta', 13.443, 20.652, 11.797, 13.599
'PRANK_b0#0081_hhT_tree_51_OP_0.3986228120499837_Split_81.fasta', 15.889, 22.376, 12.51, 16.029
'PRANK_b0#0081_hhT_tree_73_OP_0.04516409856856096_Split_81.fasta', 19.966, 26.862, 15.025, 19.949
'PRANK_b0#0081_htH_tree_51_OP_0.3986228120499837_Split_81.fasta', 16.145, 22.924, 12.613, 16.639
'PRANK_b0#0081_htT_tree_5_OP_0.22898839817158656_Split_81.fasta', 13.824, 20.986, 11.471, 14.476
'PRANK_b0#0081_htT_tree_73_OP_0.04516409856856096_Split_81.fasta', 19.966, 26.862, 15.025, 19.949
'PRANK_b0#0081_thH_tree_5_OP_0.22898839817158656_Split_81.fasta', 13.424, 20.635, 11.764, 13.62
'PRANK_b0#0081_thH_tree_73_OP_0.04516409856856096_Split_81.fasta', 19.09, 25.666, 12.518, 19.668
'PRANK_b0#0081_thT_tree_51_OP_0.3986228120499837_Split_81.fasta', 15.221, 21.703, 13.061, 15.504
'PRANK_b0#0081_ttH_tree_51_OP_0.3986228120499837_Split_81.fasta', 16.892, 23.657, 14.55, 17.113
'PRANK_b0#0081_ttH_tree_73_OP_0.04516409856856096_Split_81.fasta', 19.071, 25.549, 12.413, 19.506
'PRANK_b0#0081_ttT_tree_5_OP_0.22898839817158656_Split_81.fasta', 13.825, 20.992, 11.469, 14.469
'PRANK_b0#0085_hhT_tree_59_OP_0.3079281034987719_Split_85.fasta', 0.183, 5.258, -4.216, 0.696
'PRANK_b0#0085_thT_tree_59_OP_0.3079281034987719_Split_85.fasta', -0.032, 5.052, -4.427, 0.431
'PRANK_b0#0085_ttH_tree_59_OP_0.3079281034987719_Split_85.fasta', -0.005, 5.07, -4.398, 0.343
'PRANK_b0#0085_ttT_tree_59_OP_0.3079281034987719_Split_85.fasta', 0.1, 5.184, -4.207, 0.488
'PRANK_b0#0086_hhH_tree_46_OP_0.17943757149806483_Split_86.fasta', 13.484, 19.951, 10.392, 12.515
'PRANK_b0#0086_hhT_tree_46_OP_0.17943757149806483_Split_86.fasta', 13.71, 20.126, 11.775, 11.837
'PRANK_b0#0086_hhT_tree_47_OP_0.4322745197435511_Split_86.fasta', 1.768, 8.027, -1.768, 1.425
'PRANK_b0#0086_htT_tree_47_OP_0.4322745197435511_Split_86.fasta', 1.472, 7.678, -2.847, 0.81
'PRANK_b0#0086_thT_tree_46_OP_0.17943757149806483_Split_86.fasta', 13.632, 20.108, 10.909, 12.755
'PRANK_b0#0086_thT_tree_47_OP_0.4322745197435511_Split_86.fasta', 2.833, 9.227, -1.73, 2.446
'PRANK_b0#0086_ttH_tree_46_OP_0.17943757149806483_Split_86.fasta', 14.111, 20.497, 13.07, 12.144
'PRANK_b0#0086_ttH_tree_47_OP_0.4322745197435511_Split_86.fasta', 1.396, 7.644, 0.092, 0.022
'PRANK_b0#0087_hhT_tree_44_OP_0.200818760412537_Split_87.fasta', 4.068, 8.331, 3.212, 4.977
'PRANK_b0#0087_htT_tree_44_OP_0.200818760412537_Split_87.fasta', 4.074, 8.338, 3.22, 4.983
'PRANK_b0#0087_thT_tree_44_OP_0.200818760412537_Split_87.fasta', 4.111, 8.374, 3.265, 5.02
'PRANK_b0#0087_ttT_tree_44_OP_0.200818760412537_Split_87.fasta', 4.088, 8.362, 2.138, 5.052
'PRANK_b0#0088_hhH_tree_14_OP_0.3064418702671071_Split_88.fasta', -11.036, -8.294, -12.45, -12.131
'PRANK_b0#0088_hhT_tree_92_OP_0.23387605000900108_Split_88.fasta', 14.737, 21.1, 12.08, 16.141
'PRANK_b0#0088_htH_tree_92_OP_0.23387605000900108_Split_88.fasta', 13.675, 19.631, 11.029, 15.152
'PRANK_b0#0088_htT_tree_14_OP_0.3064418702671071_Split_88.fasta', -9.829, -6.895, -10.075, -8.401
'PRANK_b0#0088_thH_tree_92_OP_0.23387605000900108_Split_88.fasta', 13.975, 19.967, 11.267, 15.438
'PRANK_b0#0088_thT_tree_14_OP_0.3064418702671071_Split_88.fasta', -9.761, -6.849, -10.021, -8.388
'PRANK_b0#0088_thT_tree_92_OP_0.23387605000900108_Split_88.fasta', 14.548, 20.586, 12.1, 16.107
'PRANK_b0#0088_ttH_tree_14_OP_0.3064418702671071_Split_88.fasta', -11.036, -8.294, -12.45, -12.131
'PRANK_b0#0089_hhH_tree_21_OP_0.22890592879188038_Split_89.fasta', 13.752, 20.562, 12.616, 11.302
'PRANK_b0#0089_htT_tree_21_OP_0.22890592879188038_Split_89.fasta', 13.299, 20.143, 12.162, 10.704
'PRANK_b0#0089_thH_tree_21_OP_0.22890592879188038_Split_89.fasta', 14.409, 21.405, 13.069, 11.946
'PRANK_b0#0089_ttT_tree_21_OP_0.22890592879188038_Split_89.fasta', 13.894, 20.903, 12.627, 11.357
'PRANK_b0#0090_hhT_tree_95_OP_0.1030307002700046_Split_90.fasta', 18.092, 25.334, 11.857, 16.432
'PRANK_b0#0090_thH_tree_95_OP_0.1030307002700046_Split_90.fasta', 19.699, 27.196, 11.356, 18.58
'PRANK_b0#0090_ttH_tree_95_OP_0.1030307002700046_Split_90.fasta', 20.314, 27.961, 15.046, 19.424
'PRANK_b0#0090_ttT_tree_95_OP_0.1030307002700046_Split_90.fasta', 18.712, 26.107, 12.288, 17.009
'PRANK_b0#0091_hhH_tree_4_OP_0.3917727204478945_Split_91.fasta', 5.484, 10.907, 3.466, 4.639
'PRANK_b0#0091_htT_tree_4_OP_0.3917727204478945_Split_91.fasta', 5.518, 10.807, 4.27, 4.489
'PRANK_b0#0091_thH_tree_4_OP_0.3917727204478945_Split_91.fasta', 5.13, 10.62, 2.845, 4.254
'PRANK_b0#0091_thT_tree_4_OP_0.3917727204478945_Split_91.fasta', 4.749, 10.013, 3.555, 3.955
'PRANK_b0#0096_hhH_tree_77_OP_0.06320220646162977_Split_96.fasta', 6.288, 10.595, 3.597, 8.102
'PRANK_b0#0096_hhT_tree_77_OP_0.06320220646162977_Split_96.fasta', 0.847, 3.584, -0.564, 3.241
'PRANK_b0#0096_htH_tree_77_OP_0.06320220646162977_Split_96.fasta', 6.288, 10.595, 3.597, 8.102
'PRANK_b0#0096_ttT_tree_77_OP_0.06320220646162977_Split_96.fasta', 0.609, 3.415, -0.822, 2.83
'PRANK_b1#0000_hhH_tree_61_OP_0.4330011748014624_Split_0.fasta', 0.187, 4.982, -0.385, -1.042
'PRANK_b1#0000_hhT_tree_61_OP_0.4330011748014624_Split_0.fasta', 0.813, 5.602, 1.072, -0.605
'PRANK_b1#0000_htH_tree_61_OP_0.4330011748014624_Split_0.fasta', 0.195, 4.992, -0.385, -1.032
'PRANK_b1#0000_htT_tree_61_OP_0.4330011748014624_Split_0.fasta', 0.837, 5.623, 1.094, -0.595
'PRANK_b1#0001_hhH_tree_89_OP_0.08315440018559267_Split_1.fasta', 23.744, 31.06, 19.702, 22.649
'PRANK_b1#0001_hhT_tree_89_OP_0.08315440018559267_Split_1.fasta', 23.874, 31.117, 19.858, 22.757
'PRANK_b1#0001_htH_tree_89_OP_0.08315440018559267_Split_1.fasta', 23.733, 31.034, 19.709, 22.641
'PRANK_b1#0001_htT_tree_89_OP_0.08315440018559267_Split_1.fasta', 23.741, 30.986, 19.724, 22.634
'PRANK_b1#0004_hhH_tree_20_OP_0.1825262028599538_Split_4.fasta', 4.78, 10.444, 1.368, 4.826
'PRANK_b1#0004_hhH_tree_2_OP_0.0971126692608415_Split_4.fasta', 2.761, 4.595, -1.697, -1.107
'PRANK_b1#0004_hhT_tree_20_OP_0.1825262028599538_Split_4.fasta', 7.886, 13.266, 4.603, 7.896
'PRANK_b1#0004_hhT_tree_2_OP_0.0971126692608415_Split_4.fasta', 1.506, 6.766, -1.628, 1.186
'PRANK_b1#0004_htH_tree_20_OP_0.1825262028599538_Split_4.fasta', 5.584, 11.262, 2.462, 5.387
'PRANK_b1#0004_htH_tree_2_OP_0.0971126692608415_Split_4.fasta', 2.655, 4.457, -1.442, -1.559
'PRANK_b1#0004_htT_tree_20_OP_0.1825262028599538_Split_4.fasta', 7.802, 13.164, 4.536, 7.818
'PRANK_b1#0004_htT_tree_2_OP_0.0971126692608415_Split_4.fasta', 1.604, 6.977, -1.618, 1.297
'PRANK_b1#0005_hhH_tree_67_OP_0.008476858088944328_Split_5.fasta', 23.799, 30.828, 23.325, 22.676
'PRANK_b1#0005_hhT_tree_67_OP_0.008476858088944328_Split_5.fasta', 20.949, 27.706, 20.758, 19.965
'PRANK_b1#0005_htH_tree_67_OP_0.008476858088944328_Split_5.fasta', 23.79, 30.819, 23.317, 22.668
'PRANK_b1#0005_htT_tree_67_OP_0.008476858088944328_Split_5.fasta', 20.915, 27.668, 20.705, 19.915
'PRANK_b1#0006_hhH_tree_90_OP_0.4673207261707267_Split_6.fasta', 3.043, 9.121, 0.892, 2.484
'PRANK_b1#0006_hhT_tree_90_OP_0.4673207261707267_Split_6.fasta', 2.419, 8.428, 0.688, 1.366
'PRANK_b1#0006_htH_tree_90_OP_0.4673207261707267_Split_6.fasta', 3.21, 9.354, 0.901, 2.452
'PRANK_b1#0006_htT_tree_90_OP_0.4673207261707267_Split_6.fasta', 3.311, 9.433, 0.839, 2.147
'PRANK_b1#0007_hhH_tree_41_OP_0.02098294888047958_Split_7.fasta', 4.022, 8.057, 2.157, 4.619
'PRANK_b1#0007_hhT_tree_41_OP_0.02098294888047958_Split_7.fasta', 4.792, 9.095, 1.925, 5.302
'PRANK_b1#0007_htH_tree_41_OP_0.02098294888047958_Split_7.fasta', 4.022, 8.057, 2.157, 4.619
'PRANK_b1#0007_htT_tree_41_OP_0.02098294888047958_Split_7.fasta', 4.792, 9.095, 1.925, 5.302
'PRANK_b1#0008_hhH_tree_15_OP_0.23700500204391878_Split_8.fasta', -2.927, -0.984, -3.881, -3.741
'PRANK_b1#0008_hhT_tree_15_OP_0.23700500204391878_Split_8.fasta', -9.461, -7.497, -10.552, -9.714
'PRANK_b1#0008_htH_tree_15_OP_0.23700500204391878_Split_8.fasta', -4.175, -2.334, -5.534, -5.296
'PRANK_b1#0008_htT_tree_15_OP_0.23700500204391878_Split_8.fasta', -3.226, 0.484, -4.297, -3.045
'PRANK_b1#0009_hhH_tree_29_OP_0.3263217068805121_Split_9.fasta', -12.345, -10.145, -14.219, -14.133
'PRANK_b1#0009_hhT_tree_29_OP_0.3263217068805121_Split_9.fasta', -13.145, -10.931, -15.04, -13.726
'PRANK_b1#0009_htH_tree_29_OP_0.3263217068805121_Split_9.fasta', -12.412, -10.215, -14.019, -14.271
'PRANK_b1#0009_htT_tree_29_OP_0.3263217068805121_Split_9.fasta', -13.252, -11.003, -15.485, -14.391
'PRANK_b1#0010_hhH_tree_55_OP_0.12131382649812672_Split_10.fasta', 14.846, 21.027, 9.347, 14.858
'PRANK_b1#0010_hhH_tree_78_OP_0.2199134490774199_Split_10.fasta', -15.933, -12.731, -17.098, -14.978
'PRANK_b1#0010_hhH_tree_93_OP_0.22235197408396468_Split_10.fasta', 18.105, 25.076, 17.763, 16.053
'PRANK_b1#0010_hhT_tree_55_OP_0.12131382649812672_Split_10.fasta', 14.979, 21.254, 9.389, 14.68
'PRANK_b1#0010_hhT_tree_78_OP_0.2199134490774199_Split_10.fasta', -17.284, -14.017, -18.087, -16.187
'PRANK_b1#0010_hhT_tree_93_OP_0.22235197408396468_Split_10.fasta', 18.254, 25.314, 17.875, 16.192
'PRANK_b1#0010_htH_tree_55_OP_0.12131382649812672_Split_10.fasta', 14.815, 20.99, 9.328, 14.826
'PRANK_b1#0010_htH_tree_78_OP_0.2199134490774199_Split_10.fasta', -16.001, -12.806, -16.875, -15.044
'PRANK_b1#0010_htH_tree_93_OP_0.22235197408396468_Split_10.fasta', 18.006, 24.963, 17.696, 15.937
'PRANK_b1#0010_htT_tree_55_OP_0.12131382649812672_Split_10.fasta', 14.872, 21.131, 9.277, 14.567
'PRANK_b1#0010_htT_tree_78_OP_0.2199134490774199_Split_10.fasta', -17.287, -14.019, -18.091, -16.189
'PRANK_b1#0010_htT_tree_93_OP_0.22235197408396468_Split_10.fasta', 18.429, 25.439, 18.182, 16.754
'PRANK_b1#0012_hhH_tree_39_OP_0.22687500454657905_Split_12.fasta', 20.693, 27.941, 16.72, 21.134
'PRANK_b1#0012_hhH_tree_42_OP_0.0496315149686164_Split_12.fasta', 14.112, 20.385, 9.946, 15.608
'PRANK_b1#0012_hhT_tree_39_OP_0.22687500454657905_Split_12.fasta', 21.456, 28.851, 16.052, 22.649
'PRANK_b1#0012_hhT_tree_42_OP_0.0496315149686164_Split_12.fasta', 14.811, 20.894, 11.126, 15.589
'PRANK_b1#0012_htH_tree_39_OP_0.22687500454657905_Split_12.fasta', 20.67, 27.923, 16.681, 21.093
'PRANK_b1#0012_htH_tree_42_OP_0.0496315149686164_Split_12.fasta', 13.926, 20.127, 9.814, 15.437
'PRANK_b1#0012_htT_tree_39_OP_0.22687500454657905_Split_12.fasta', 21.459, 28.858, 16.048, 22.658
'PRANK_b1#0012_htT_tree_42_OP_0.0496315149686164_Split_12.fasta', 14.83, 20.922, 11.122, 15.591
'PRANK_b1#0015_hhH_tree_18_OP_0.2024155938605975_Split_15.fasta', 18.829, 26.748, 12.939, 19.155
'PRANK_b1#0015_hhT_tree_18_OP_0.2024155938605975_Split_15.fasta', 20.631, 28.779, 16.277, 20.737
'PRANK_b1#0015_htH_tree_18_OP_0.2024155938605975_Split_15.fasta', 19.194, 27.202, 14.43, 20.041
'PRANK_b1#0015_htT_tree_18_OP_0.2024155938605975_Split_15.fasta', 20.62, 28.761, 16.269, 20.716
'PRANK_b1#0017_hhH_tree_25_OP_0.40331807202508463_Split_17.fasta', 4.887, 8.672, 4.146, 2.811
'PRANK_b1#0017_hhT_tree_25_OP_0.40331807202508463_Split_17.fasta', 3.668, 7.011, 0.587, 2.09
'PRANK_b1#0017_htH_tree_25_OP_0.40331807202508463_Split_17.fasta', 3.156, 6.617, 2.972, 1.496
'PRANK_b1#0017_htT_tree_25_OP_0.40331807202508463_Split_17.fasta', 2.78, 5.702, -0.808, 1.798
'PRANK_b1#0018_hhH_tree_75_OP_0.4799762788828158_Split_18.fasta', 2.784, 7.138, 0.182, 3.808
'PRANK_b1#0018_hhT_tree_75_OP_0.4799762788828158_Split_18.fasta', 3.846, 8.344, 0.83, 4.039
'PRANK_b1#0018_htH_tree_75_OP_0.4799762788828158_Split_18.fasta', 2.147, 6.593, 0.094, 3.395
'PRANK_b1#0018_htT_tree_75_OP_0.4799762788828158_Split_18.fasta', 2.654, 7.076, -0.351, 3.206
'PRANK_b1#0020_hhH_tree_32_OP_0.46510307915842913_Split_20.fasta', -16.385, -14.267, -17.193, -18.492
'PRANK_b1#0020_hhH_tree_45_OP_0.34336798907063576_Split_20.fasta', 18.431, 26.249, 13.322, 21.033
'PRANK_b1#0020_hhT_tree_32_OP_0.46510307915842913_Split_20.fasta', -14.079, -11.128, -15.743, -14.899
'PRANK_b1#0020_hhT_tree_45_OP_0.34336798907063576_Split_20.fasta', 17.189, 24.907, 13.177, 18.76
'PRANK_b1#0020_htH_tree_32_OP_0.46510307915842913_Split_20.fasta', -17.059, -14.822, -17.418, -18.764
'PRANK_b1#0020_htH_tree_45_OP_0.34336798907063576_Split_20.fasta', 18.405, 26.239, 13.306, 20.948
'PRANK_b1#0020_htT_tree_32_OP_0.46510307915842913_Split_20.fasta', -13.912, -10.948, -15.577, -14.808
'PRANK_b1#0020_htT_tree_45_OP_0.34336798907063576_Split_20.fasta', 16.5, 24.314, 12.986, 17.131
'PRANK_b1#0021_hhH_tree_72_OP_0.03379288926432422_Split_21.fasta', 14.302, 18.065, 11.875, 13.952
'PRANK_b1#0021_hhT_tree_72_OP_0.03379288926432422_Split_21.fasta', 11.2, 13.248, 6.371, 6.357
'PRANK_b1#0021_htH_tree_72_OP_0.03379288926432422_Split_21.fasta', 14.325, 18.089, 11.897, 13.978
'PRANK_b1#0021_htT_tree_72_OP_0.03379288926432422_Split_21.fasta', 10.866, 12.873, 6.344, 6.279
'PRANK_b1#0022_hhH_tree_82_OP_0.3028561213552523_Split_22.fasta', -0.325, 1.837, -4.247, -3.903
'PRANK_b1#0022_hhH_tree_83_OP_0.37330283834351374_Split_22.fasta', 22.056, 29.622, 15.894, 22.478
'PRANK_b1#0022_hhT_tree_82_OP_0.3028561213552523_Split_22.fasta', 1.279, 5.317, 0.871, 0.286
'PRANK_b1#0022_hhT_tree_83_OP_0.37330283834351374_Split_22.fasta', 10.667, 15.913, 7.161, 8.66
'PRANK_b1#0022_htH_tree_82_OP_0.3028561213552523_Split_22.fasta', 0.416, 2.785, -3.536, -3.033
'PRANK_b1#0022_htH_tree_83_OP_0.37330283834351374_Split_22.fasta', 22.13, 29.713, 15.975, 22.573
'PRANK_b1#0022_htT_tree_82_OP_0.3028561213552523_Split_22.fasta', 1.352, 5.391, 0.961, 0.366
'PRANK_b1#0022_htT_tree_83_OP_0.37330283834351374_Split_22.fasta', 10.956, 16.259, 7.682, 8.787
'PRANK_b1#0024_hhH_tree_12_OP_0.12503863659849623_Split_24.fasta', 10.435, 16.341, 7.807, 14.504
'PRANK_b1#0024_hhH_tree_28_OP_0.026059464327883253_Split_24.fasta', 17.771, 23.595, 15.03, 18.912
'PRANK_b1#0024_hhH_tree_34_OP_0.3871869419205337_Split_24.fasta', 15.999, 22.841, 13.929, 16.052
'PRANK_b1#0024_hhH_tree_58_OP_0.4060880752132891_Split_24.fasta', 12.78, 18.92, 10.499, 12.007
'PRANK_b1#0024_hhH_tree_65_OP_0.2277419037379937_Split_24.fasta', 4.716, 11.201, 1.763, 6.626
'PRANK_b1#0024_hhT_tree_12_OP_0.12503863659849623_Split_24.fasta', 9.932, 15.788, 7.265, 13.979
'PRANK_b1#0024_hhT_tree_28_OP_0.026059464327883253_Split_24.fasta', 17.878, 23.851, 13.713, 19.942
'PRANK_b1#0024_hhT_tree_34_OP_0.3871869419205337_Split_24.fasta', 10.232, 15.8, 10.294, 10.333
'PRANK_b1#0024_hhT_tree_58_OP_0.4060880752132891_Split_24.fasta', 12.972, 19.415, 9.632, 12.42
'PRANK_b1#0024_hhT_tree_65_OP_0.2277419037379937_Split_24.fasta', 5.29, 11.271, 2.543, 6.851
'PRANK_b1#0024_htH_tree_12_OP_0.12503863659849623_Split_24.fasta', 10.316, 16.198, 7.71, 14.383
'PRANK_b1#0024_htH_tree_28_OP_0.026059464327883253_Split_24.fasta', 17.771, 23.595, 15.03, 18.912
'PRANK_b1#0024_htH_tree_34_OP_0.3871869419205337_Split_24.fasta', 13.791, 19.707, 11.278, 13.937
'PRANK_b1#0024_htH_tree_58_OP_0.4060880752132891_Split_24.fasta', 15.946, 22.901, 11.601, 15.589
'PRANK_b1#0024_htH_tree_65_OP_0.2277419037379937_Split_24.fasta', 4.779, 11.324, 1.753, 6.7
'PRANK_b1#0024_htT_tree_12_OP_0.12503863659849623_Split_24.fasta', 9.932, 15.788, 7.265, 13.979
'PRANK_b1#0024_htT_tree_28_OP_0.026059464327883253_Split_24.fasta', 17.872, 23.844, 13.707, 19.934
'PRANK_b1#0024_htT_tree_34_OP_0.3871869419205337_Split_24.fasta', 12.202, 18.311, 11.961, 12.203
'PRANK_b1#0024_htT_tree_58_OP_0.4060880752132891_Split_24.fasta', 13.005, 19.493, 9.64, 12.493
'PRANK_b1#0024_htT_tree_65_OP_0.2277419037379937_Split_24.fasta', 5.31, 11.287, 2.552, 6.844
'PRANK_b1#0026_hhH_tree_87_OP_0.11403984600375927_Split_26.fasta', 1.392, 4.081, 1.934, 0.747
'PRANK_b1#0026_hhT_tree_87_OP_0.11403984600375927_Split_26.fasta', 5.8, 8.195, 4.7, 5.244
'PRANK_b1#0026_htH_tree_87_OP_0.11403984600375927_Split_26.fasta', 1.443, 4.113, 2.019, 0.83
'PRANK_b1#0026_htT_tree_87_OP_0.11403984600375927_Split_26.fasta', 5.813, 8.204, 4.718, 5.263
'PRANK_b1#0028_hhH_tree_70_OP_0.3490789034502281_Split_28.fasta', -4.764, 0.648, -8.718, -4.546
'PRANK_b1#0028_hhT_tree_70_OP_0.3490789034502281_Split_28.fasta', 0.226, 5.967, 0.483, -2.283
'PRANK_b1#0028_htH_tree_70_OP_0.3490789034502281_Split_28.fasta', 2.042, 8.358, -2.96, 0.723
'PRANK_b1#0028_htT_tree_70_OP_0.3490789034502281_Split_28.fasta', 3.577, 9.797, -1.118, 2.221
'PRANK_b1#0029_hhH_tree_1_OP_0.05363264786522631_Split_29.fasta', -3.394, 1.049, -4.387, -3.902
'PRANK_b1#0029_hhH_tree_62_OP_0.09025347905865139_Split_29.fasta', -5.829, -2.668, -6.204, -3.457
'PRANK_b1#0029_hhT_tree_1_OP_0.05363264786522631_Split_29.fasta', -4.22, 0.102, -7.272, -3.459
'PRANK_b1#0029_hhT_tree_62_OP_0.09025347905865139_Split_29.fasta', -3.532, -0.306, -2.179, -1.109
'PRANK_b1#0029_htH_tree_1_OP_0.05363264786522631_Split_29.fasta', -3.434, 0.996, -6.493, -2.633
'PRANK_b1#0029_htH_tree_62_OP_0.09025347905865139_Split_29.fasta', -5.829, -2.668, -6.204, -3.457
'PRANK_b1#0029_htT_tree_1_OP_0.05363264786522631_Split_29.fasta', -4.138, 0.197, -5.007, -4.68
'PRANK_b1#0029_htT_tree_62_OP_0.09025347905865139_Split_29.fasta', -3.527, -0.301, -2.178, -1.107
'PRANK_b1#0030_hhH_tree_68_OP_0.2161589229083642_Split_30.fasta', 17.153, 24.168, 8.635, 16.015
'PRANK_b1#0030_hhT_tree_68_OP_0.2161589229083642_Split_30.fasta', 17.67, 24.727, 11.122, 16.521
'PRANK_b1#0030_htH_tree_68_OP_0.2161589229083642_Split_30.fasta', 18.7, 25.64, 10.452, 17.607
'PRANK_b1#0030_htT_tree_68_OP_0.2161589229083642_Split_30.fasta', 17.588, 24.642, 11.047, 16.452
'PRANK_b1#0032_hhH_tree_17_OP_0.0883996370966601_Split_32.fasta', -3.456, 0.983, -5.335, -4.021
'PRANK_b1#0032_hhH_tree_31_OP_0.2991272106085847_Split_32.fasta', 24.662, 32.161, 18.965, 24.833
'PRANK_b1#0032_hhH_tree_57_OP_0.01035969654869301_Split_32.fasta', 17.291, 22.835, 14.981, 19.405
'PRANK_b1#0032_hhH_tree_74_OP_0.34003546929790274_Split_32.fasta', 17.19, 24.589, 8.975, 15.552
'PRANK_b1#0032_hhH_tree_76_OP_0.3744455664317578_Split_32.fasta', -0.079, 5.0, -5.192, -1.025
'PRANK_b1#0032_hhT_tree_17_OP_0.0883996370966601_Split_32.fasta', -5.64, -1.791, -7.655, -5.852
'PRANK_b1#0032_hhT_tree_31_OP_0.2991272106085847_Split_32.fasta', 23.432, 30.936, 18.502, 23.518
'PRANK_b1#0032_hhT_tree_57_OP_0.01035969654869301_Split_32.fasta', 17.756, 23.51, 15.751, 19.784
'PRANK_b1#0032_hhT_tree_74_OP_0.34003546929790274_Split_32.fasta', 4.075, 9.198, -0.319, 3.196
'PRANK_b1#0032_hhT_tree_76_OP_0.3744455664317578_Split_32.fasta', -2.535, 1.858, -5.531, -3.659
'PRANK_b1#0032_htH_tree_17_OP_0.0883996370966601_Split_32.fasta', -3.357, 1.078, -5.267, -3.947
'PRANK_b1#0032_htH_tree_31_OP_0.2991272106085847_Split_32.fasta', 24.659, 32.182, 18.939, 24.805
'PRANK_b1#0032_htH_tree_57_OP_0.01035969654869301_Split_32.fasta', 17.291, 22.835, 14.981, 19.405
'PRANK_b1#0032_htH_tree_74_OP_0.34003546929790274_Split_32.fasta', 5.907, 10.983, 2.407, 4.877
'PRANK_b1#0032_htH_tree_76_OP_0.3744455664317578_Split_32.fasta', -0.101, 4.995, -5.227, -1.023
'PRANK_b1#0032_htT_tree_17_OP_0.0883996370966601_Split_32.fasta', -5.534, -1.669, -7.553, -5.752
'PRANK_b1#0032_htT_tree_31_OP_0.2991272106085847_Split_32.fasta', 23.432, 30.936, 18.502, 23.518
'PRANK_b1#0032_htT_tree_57_OP_0.01035969654869301_Split_32.fasta', 17.733, 23.489, 15.686, 19.81
'PRANK_b1#0032_htT_tree_74_OP_0.34003546929790274_Split_32.fasta', 16.999, 24.384, 8.864, 15.177
'PRANK_b1#0032_htT_tree_76_OP_0.3744455664317578_Split_32.fasta', -2.535, 1.858, -5.531, -3.659
'PRANK_b1#0034_hhH_tree_33_OP_0.48048927330141855_Split_34.fasta', -12.723, -7.76, -14.921, -13.026
'PRANK_b1#0034_hhH_tree_52_OP_0.03486385316080837_Split_34.fasta', -1.504, 1.612, -2.059, 0.261
'PRANK_b1#0034_hhT_tree_33_OP_0.48048927330141855_Split_34.fasta', -2.136, 2.789, -3.73, -3.244
'PRANK_b1#0034_hhT_tree_52_OP_0.03486385316080837_Split_34.fasta', -4.912, -2.487, -2.59, -3.047
'PRANK_b1#0034_htH_tree_33_OP_0.48048927330141855_Split_34.fasta', -1.856, 3.385, -3.894, -2.309
'PRANK_b1#0034_htH_tree_52_OP_0.03486385316080837_Split_34.fasta', -1.504, 1.609, -2.059, 0.26
'PRANK_b1#0034_htT_tree_33_OP_0.48048927330141855_Split_34.fasta', -1.809, 3.187, -3.455, -2.885
'PRANK_b1#0034_htT_tree_52_OP_0.03486385316080837_Split_34.fasta', -4.912, -2.487, -2.59, -3.047
'PRANK_b1#0036_hhH_tree_8_OP_0.3698786236358351_Split_36.fasta', 9.861, 17.873, 5.228, 10.082
'PRANK_b1#0036_hhT_tree_8_OP_0.3698786236358351_Split_36.fasta', 9.702, 17.692, 5.191, 9.883
'PRANK_b1#0036_htH_tree_8_OP_0.3698786236358351_Split_36.fasta', 9.886, 17.629, 5.81, 10.9
'PRANK_b1#0036_htT_tree_8_OP_0.3698786236358351_Split_36.fasta', 10.73, 18.674, 8.129, 10.455
'PRANK_b1#0037_hhH_tree_19_OP_0.2601680197593299_Split_37.fasta', 12.672, 17.556, 9.558, 13.828
'PRANK_b1#0037_hhT_tree_19_OP_0.2601680197593299_Split_37.fasta', 13.404, 18.396, 10.143, 14.73
'PRANK_b1#0037_htH_tree_19_OP_0.2601680197593299_Split_37.fasta', 12.587, 17.42, 9.535, 13.722
'PRANK_b1#0037_htT_tree_19_OP_0.2601680197593299_Split_37.fasta', 13.384, 18.376, 10.106, 14.693
'PRANK_b1#0038_hhH_tree_22_OP_0.1313757710015392_Split_38.fasta', 7.504, 12.507, 6.966, 5.755
'PRANK_b1#0038_hhH_tree_38_OP_0.29843463616112814_Split_38.fasta', 21.001, 28.74, 16.022, 21.706
'PRANK_b1#0038_hhH_tree_91_OP_0.31689700001611826_Split_38.fasta', 14.977, 21.445, 11.914, 13.888
'PRANK_b1#0038_hhT_tree_22_OP_0.1313757710015392_Split_38.fasta', 6.859, 11.962, 6.206, 5.349
'PRANK_b1#0038_hhT_tree_38_OP_0.29843463616112814_Split_38.fasta', 20.962, 28.699, 18.227, 20.84
'PRANK_b1#0038_hhT_tree_91_OP_0.31689700001611826_Split_38.fasta', 15.542, 21.985, 12.415, 14.686
'PRANK_b1#0038_htH_tree_22_OP_0.1313757710015392_Split_38.fasta', 7.66, 12.643, 7.139, 5.889
'PRANK_b1#0038_htH_tree_38_OP_0.29843463616112814_Split_38.fasta', 21.04, 28.776, 16.047, 21.711
'PRANK_b1#0038_htH_tree_91_OP_0.31689700001611826_Split_38.fasta', 15.83, 22.517, 11.717, 16.531
'PRANK_b1#0038_htT_tree_22_OP_0.1313757710015392_Split_38.fasta', 6.864, 11.931, 6.244, 5.414
'PRANK_b1#0038_htT_tree_38_OP_0.29843463616112814_Split_38.fasta', 20.962, 28.699, 18.227, 20.84
'PRANK_b1#0038_htT_tree_91_OP_0.31689700001611826_Split_38.fasta', 15.025, 21.305, 11.731, 14.072
'PRANK_b1#0040_hhH_tree_27_OP_0.14896923282821622_Split_40.fasta', 24.627, 32.906, 18.28, 26.504
'PRANK_b1#0040_hhH_tree_9_OP_0.3803136599863731_Split_40.fasta', -5.365, -1.111, -7.506, -7.711
'PRANK_b1#0040_hhT_tree_27_OP_0.14896923282821622_Split_40.fasta', 24.774, 33.071, 18.1, 27.172
'PRANK_b1#0040_hhT_tree_9_OP_0.3803136599863731_Split_40.fasta', -7.854, -3.99, -9.961, -9.963
'PRANK_b1#0040_htH_tree_27_OP_0.14896923282821622_Split_40.fasta', 24.629, 32.908, 18.286, 26.508
'PRANK_b1#0040_htH_tree_9_OP_0.3803136599863731_Split_40.fasta', -5.807, -1.628, -7.788, -8.098
'PRANK_b1#0040_htT_tree_27_OP_0.14896923282821622_Split_40.fasta', 25.165, 33.436, 18.96, 27.049
'PRANK_b1#0040_htT_tree_9_OP_0.3803136599863731_Split_40.fasta', -7.444, -3.481, -9.701, -9.566
'PRANK_b1#0041_hhH_tree_98_OP_0.2156405548443302_Split_41.fasta', -5.739, -1.619, -5.468, -4.819
'PRANK_b1#0041_hhT_tree_98_OP_0.2156405548443302_Split_41.fasta', -3.997, 0.071, -3.277, -3.496
'PRANK_b1#0041_htH_tree_98_OP_0.2156405548443302_Split_41.fasta', -5.745, -1.648, -5.596, -5.049
'PRANK_b1#0041_htT_tree_98_OP_0.2156405548443302_Split_41.fasta', -4.138, -0.05, -3.428, -3.622
'PRANK_b1#0042_hhH_tree_26_OP_0.19458729828343746_Split_42.fasta', 22.467, 30.505, 16.058, 22.236
'PRANK_b1#0042_hhH_tree_50_OP_0.41441335319694456_Split_42.fasta', 7.771, 13.418, 7.387, 7.114
'PRANK_b1#0042_hhT_tree_26_OP_0.19458729828343746_Split_42.fasta', 19.428, 26.647, 20.389, 16.461
'PRANK_b1#0042_hhT_tree_50_OP_0.41441335319694456_Split_42.fasta', 6.924, 11.993, 6.83, 5.989
'PRANK_b1#0042_htH_tree_26_OP_0.19458729828343746_Split_42.fasta', 20.073, 27.521, 14.072, 19.666
'PRANK_b1#0042_htH_tree_50_OP_0.41441335319694456_Split_42.fasta', 7.179, 12.513, 7.041, 6.386
'PRANK_b1#0042_htT_tree_26_OP_0.19458729828343746_Split_42.fasta', 19.515, 26.755, 20.464, 16.551
'PRANK_b1#0042_htT_tree_50_OP_0.41441335319694456_Split_42.fasta', 6.872, 11.944, 6.753, 5.928
'PRANK_b1#0044_hhH_tree_66_OP_0.002445136450722696_Split_44.fasta', 12.452, 17.759, 6.757, 12.197
'PRANK_b1#0044_hhT_tree_66_OP_0.002445136450722696_Split_44.fasta', 8.82, 13.926, 6.331, 6.837
'PRANK_b1#0044_htH_tree_66_OP_0.002445136450722696_Split_44.fasta', 17.704, 23.89, 17.188, 16.154
'PRANK_b1#0044_htT_tree_66_OP_0.002445136450722696_Split_44.fasta', 16.669, 22.975, 16.46, 15.571
'PRANK_b1#0047_hhH_tree_49_OP_0.3808211405032018_Split_47.fasta', 5.774, 11.507, 4.595, 4.939
'PRANK_b1#0047_hhH_tree_54_OP_0.19617966006842125_Split_47.fasta', 4.445, 8.71, 1.889, 3.6
'PRANK_b1#0047_hhH_tree_94_OP_0.02673109171310184_Split_47.fasta', 18.277, 25.111, 19.468, 18.847
'PRANK_b1#0047_hhT_tree_49_OP_0.3808211405032018_Split_47.fasta', 8.732, 14.613, 5.442, 9.38
'PRANK_b1#0047_hhT_tree_54_OP_0.19617966006842125_Split_47.fasta', 19.491, 26.019, 14.263, 19.961
'PRANK_b1#0047_hhT_tree_94_OP_0.02673109171310184_Split_47.fasta', 19.061, 26.61, 18.441, 19.201
'PRANK_b1#0047_htH_tree_49_OP_0.3808211405032018_Split_47.fasta', 9.099, 15.027, 5.782, 9.305
'PRANK_b1#0047_htH_tree_54_OP_0.19617966006842125_Split_47.fasta', 4.447, 8.707, 1.883, 3.604
'PRANK_b1#0047_htH_tree_94_OP_0.02673109171310184_Split_47.fasta', 17.384, 24.024, 18.714, 16.807
'PRANK_b1#0047_htT_tree_49_OP_0.3808211405032018_Split_47.fasta', 8.915, 14.767, 5.627, 9.556
'PRANK_b1#0047_htT_tree_54_OP_0.19617966006842125_Split_47.fasta', 19.757, 26.326, 14.442, 20.384
'PRANK_b1#0047_htT_tree_94_OP_0.02673109171310184_Split_47.fasta', 19.088, 26.638, 18.488, 19.243
'23410', 35.198, 44.265, 30.179, 35.316
