code_PAM250_GO_-10_GE_-0.5,sp_HENIKOFF_with_gaps_PAM250_GO_-10_GE_-0.5,sp_HENIKOFF_without_gaps_PAM250_GO_-10_GE_-0.5,sp_CLUSTAL_WEIGHTS_mid_root_PAM250_GO_-10_GE_-0.5,sp_CLUSTAL_WEIGHTS_diff_sum_PAM250_GO_-10_GE_-0.5
'bali_phy_msa.1.fas', -47.06, -49.12, -41.076, -47.97
'bali_phy_msa.10.fas', 21.738, 29.214, 16.797, 21.683
'bali_phy_msa.100.fas', 22.956, 30.267, 16.756, 21.964
'bali_phy_msa.101.fas', 22.003, 29.391, 18.259, 21.651
'bali_phy_msa.102.fas', 17.573, 23.859, 14.536, 16.6
'bali_phy_msa.103.fas', 20.915, 27.911, 17.292, 20.16
'bali_phy_msa.104.fas', 23.282, 31.152, 19.183, 22.901
'bali_phy_msa.105.fas', 21.729, 28.762, 18.345, 21.297
'bali_phy_msa.106.fas', 21.972, 29.715, 20.448, 21.116
'bali_phy_msa.107.fas', 22.575, 29.625, 16.793, 22.181
'bali_phy_msa.108.fas', 20.738, 27.581, 16.755, 20.532
'bali_phy_msa.109.fas', 23.359, 30.847, 18.248, 23.081
'bali_phy_msa.11.fas', 21.835, 28.803, 16.627, 21.502
'bali_phy_msa.110.fas', 22.811, 29.959, 18.273, 22.902
'bali_phy_msa.111.fas', 19.918, 26.612, 16.363, 19.319
'bali_phy_msa.112.fas', 21.458, 28.301, 18.654, 20.724
'bali_phy_msa.113.fas', 20.6, 27.537, 17.275, 19.696
'bali_phy_msa.114.fas', 21.338, 28.619, 16.251, 21.02
'bali_phy_msa.115.fas', 23.404, 31.004, 16.89, 23.73
'bali_phy_msa.116.fas', 22.594, 29.949, 17.92, 21.657
'bali_phy_msa.117.fas', 17.917, 24.053, 14.623, 16.535
'bali_phy_msa.118.fas', 21.944, 29.132, 16.022, 21.449
'bali_phy_msa.119.fas', 21.826, 28.988, 17.626, 21.066
'bali_phy_msa.12.fas', 23.347, 30.852, 16.934, 22.507
'bali_phy_msa.120.fas', 21.125, 27.934, 17.3, 20.348
'bali_phy_msa.121.fas', 21.396, 28.101, 17.1, 19.998
'bali_phy_msa.122.fas', 23.238, 30.546, 16.849, 23.234
'bali_phy_msa.123.fas', 21.314, 28.204, 15.59, 21.811
'bali_phy_msa.124.fas', 19.357, 25.715, 15.035, 18.366
'bali_phy_msa.125.fas', 22.74, 29.801, 21.318, 21.703
'bali_phy_msa.126.fas', 19.713, 26.165, 16.77, 18.987
'bali_phy_msa.127.fas', 21.624, 28.517, 16.194, 21.716
'bali_phy_msa.128.fas', 23.139, 30.589, 17.309, 21.627
'bali_phy_msa.129.fas', 22.443, 29.509, 16.524, 22.171
'bali_phy_msa.13.fas', 22.893, 30.432, 17.84, 23.007
'bali_phy_msa.130.fas', 21.347, 28.571, 17.544, 20.928
'bali_phy_msa.131.fas', 21.385, 28.654, 16.513, 20.947
'bali_phy_msa.132.fas', 22.098, 29.079, 18.281, 21.596
'bali_phy_msa.133.fas', 21.58, 28.573, 16.955, 20.101
'bali_phy_msa.134.fas', 21.898, 29.262, 17.815, 21.62
'bali_phy_msa.135.fas', 22.997, 30.173, 19.024, 22.222
'bali_phy_msa.136.fas', 22.162, 29.422, 16.888, 22.381
'bali_phy_msa.137.fas', 22.382, 29.439, 17.471, 22.035
'bali_phy_msa.138.fas', 21.495, 28.527, 18.027, 21.21
'bali_phy_msa.139.fas', 20.763, 27.38, 16.798, 20.657
'bali_phy_msa.14.fas', 23.694, 31.451, 17.879, 23.892
'bali_phy_msa.140.fas', 22.063, 29.206, 16.634, 22.597
'bali_phy_msa.141.fas', 21.262, 28.115, 18.808, 20.575
'bali_phy_msa.142.fas', 24.477, 32.216, 18.782, 24.746
'bali_phy_msa.143.fas', 23.58, 31.28, 19.238, 23.08
'bali_phy_msa.144.fas', 20.772, 27.684, 16.347, 19.973
'bali_phy_msa.145.fas', 18.71, 24.831, 15.571, 17.826
'bali_phy_msa.146.fas', 22.59, 29.899, 16.422, 22.192
'bali_phy_msa.147.fas', 21.448, 28.437, 20.532, 21.062
'bali_phy_msa.148.fas', 20.592, 27.532, 16.763, 19.99
'bali_phy_msa.149.fas', 20.584, 27.538, 16.95, 20.462
'bali_phy_msa.15.fas', 21.579, 28.566, 16.912, 21.296
'bali_phy_msa.150.fas', 18.39, 24.915, 13.296, 17.56
'bali_phy_msa.151.fas', 16.212, 21.985, 14.483, 15.479
'bali_phy_msa.152.fas', 22.323, 29.369, 18.33, 21.548
'bali_phy_msa.153.fas', 21.711, 29.138, 15.314, 21.787
'bali_phy_msa.154.fas', 20.813, 27.646, 16.513, 20.251
'bali_phy_msa.155.fas', 21.383, 28.382, 18.298, 21.351
'bali_phy_msa.156.fas', 22.599, 29.719, 19.27, 22.47
'bali_phy_msa.157.fas', 20.45, 27.468, 16.4, 20.55
'bali_phy_msa.158.fas', 19.633, 26.64, 16.619, 18.972
'bali_phy_msa.159.fas', 21.104, 27.946, 17.712, 20.981
'bali_phy_msa.16.fas', 20.494, 27.204, 16.565, 19.639
'bali_phy_msa.160.fas', 23.073, 30.634, 18.887, 22.604
'bali_phy_msa.161.fas', 22.707, 30.134, 19.213, 22.649
'bali_phy_msa.162.fas', 23.428, 31.074, 20.158, 23.075
'bali_phy_msa.163.fas', 19.762, 26.285, 16.087, 18.806
'bali_phy_msa.164.fas', 21.115, 28.17, 17.44, 20.404
'bali_phy_msa.165.fas', 23.698, 31.176, 17.302, 23.307
'bali_phy_msa.166.fas', 19.834, 26.414, 16.283, 18.667
'bali_phy_msa.167.fas', 18.504, 24.69, 15.389, 17.777
'bali_phy_msa.168.fas', 20.453, 27.396, 16.76, 19.859
'bali_phy_msa.169.fas', 17.573, 23.893, 13.132, 17.127
'bali_phy_msa.17.fas', 20.874, 27.861, 15.742, 20.436
'bali_phy_msa.170.fas', 20.922, 27.931, 15.858, 19.445
'bali_phy_msa.171.fas', 23.008, 30.483, 19.147, 22.574
'bali_phy_msa.172.fas', 21.886, 29.225, 17.752, 20.855
'bali_phy_msa.173.fas', 21.962, 29.208, 18.529, 22.016
'bali_phy_msa.174.fas', 22.654, 30.144, 17.82, 21.318
'bali_phy_msa.175.fas', 20.717, 27.986, 14.057, 20.662
'bali_phy_msa.176.fas', 22.339, 29.473, 18.25, 21.659
'bali_phy_msa.177.fas', 19.595, 26.203, 14.761, 18.81
'bali_phy_msa.178.fas', 22.515, 29.783, 17.189, 22.473
'bali_phy_msa.179.fas', 23.406, 30.946, 19.626, 23.443
'bali_phy_msa.18.fas', 22.856, 30.058, 17.383, 22.937
'bali_phy_msa.180.fas', 19.063, 25.619, 14.178, 18.643
'bali_phy_msa.181.fas', 21.007, 27.991, 16.684, 20.215
'bali_phy_msa.182.fas', 21.726, 28.623, 17.745, 21.136
'bali_phy_msa.183.fas', 22.006, 29.521, 15.72, 21.601
'bali_phy_msa.184.fas', 23.321, 30.705, 18.431, 22.019
'bali_phy_msa.185.fas', 20.387, 27.408, 14.79, 20.013
'bali_phy_msa.186.fas', 21.969, 29.046, 17.135, 21.38
'bali_phy_msa.187.fas', 22.956, 30.041, 17.55, 22.343
'bali_phy_msa.188.fas', 21.454, 28.486, 17.573, 21.044
'bali_phy_msa.189.fas', 21.926, 29.036, 15.687, 21.708
'bali_phy_msa.19.fas', 19.415, 26.212, 16.173, 18.67
'bali_phy_msa.190.fas', 19.656, 26.229, 14.189, 19.7
'bali_phy_msa.191.fas', 18.883, 25.3, 13.823, 17.544
'bali_phy_msa.192.fas', 22.191, 29.813, 17.851, 21.654
'bali_phy_msa.193.fas', 22.189, 29.378, 15.302, 21.096
'bali_phy_msa.194.fas', 21.284, 28.206, 17.13, 20.675
'bali_phy_msa.195.fas', 22.423, 29.674, 18.053, 23.111
'bali_phy_msa.196.fas', 21.697, 29.047, 16.951, 21.466
'bali_phy_msa.197.fas', 22.279, 29.933, 18.244, 21.378
'bali_phy_msa.198.fas', 23.599, 30.839, 19.539, 22.898
'bali_phy_msa.199.fas', 18.388, 24.644, 16.086, 17.567
'bali_phy_msa.2.fas', 19.351, 25.778, 16.921, 19.119
'bali_phy_msa.20.fas', 20.924, 27.646, 17.45, 20.703
'bali_phy_msa.200.fas', 20.534, 27.712, 17.631, 20.335
'bali_phy_msa.201.fas', 21.703, 28.908, 18.296, 21.279
'bali_phy_msa.202.fas', 19.624, 26.236, 18.693, 18.199
'bali_phy_msa.203.fas', 22.736, 30.051, 18.82, 22.393
'bali_phy_msa.204.fas', 19.806, 26.529, 14.053, 19.227
'bali_phy_msa.205.fas', 20.929, 27.873, 16.923, 21.068
'bali_phy_msa.206.fas', 19.898, 26.293, 17.557, 18.838
'bali_phy_msa.207.fas', 16.313, 22.568, 12.959, 16.002
'bali_phy_msa.208.fas', 14.879, 20.655, 11.192, 13.769
'bali_phy_msa.209.fas', 20.997, 27.825, 17.87, 20.461
'bali_phy_msa.21.fas', 22.819, 30.001, 19.417, 22.652
'bali_phy_msa.210.fas', 22.813, 29.737, 18.897, 21.969
'bali_phy_msa.211.fas', 19.316, 25.685, 16.383, 18.267
'bali_phy_msa.212.fas', 22.158, 29.352, 16.111, 22.893
'bali_phy_msa.213.fas', 21.775, 28.668, 17.652, 20.598
'bali_phy_msa.214.fas', 22.137, 29.356, 18.532, 21.561
'bali_phy_msa.215.fas', 20.456, 27.151, 16.537, 19.692
'bali_phy_msa.216.fas', 19.805, 26.454, 15.967, 18.21
'bali_phy_msa.217.fas', 24.411, 32.116, 18.094, 23.68
'bali_phy_msa.218.fas', 21.974, 29.065, 16.766, 21.914
'bali_phy_msa.219.fas', 20.961, 28.13, 16.556, 20.735
'bali_phy_msa.22.fas', 23.306, 30.701, 18.365, 22.801
'bali_phy_msa.220.fas', 21.531, 28.455, 16.189, 21.358
'bali_phy_msa.221.fas', 22.856, 30.18, 19.275, 22.86
'bali_phy_msa.222.fas', 22.233, 29.322, 18.658, 22.057
'bali_phy_msa.223.fas', 19.602, 26.488, 15.903, 19.149
'bali_phy_msa.224.fas', 21.345, 28.057, 17.812, 20.665
'bali_phy_msa.225.fas', 19.104, 25.606, 15.134, 18.042
'bali_phy_msa.226.fas', 22.504, 29.796, 18.159, 21.898
'bali_phy_msa.227.fas', 17.544, 23.867, 14.661, 16.562
'bali_phy_msa.228.fas', 20.938, 27.897, 17.24, 20.507
'bali_phy_msa.229.fas', 21.782, 28.811, 18.007, 21.601
'bali_phy_msa.23.fas', 21.605, 28.839, 17.591, 21.829
'bali_phy_msa.230.fas', 22.729, 30.066, 18.977, 22.161
'bali_phy_msa.231.fas', 21.46, 28.641, 17.182, 21.227
'bali_phy_msa.232.fas', 21.157, 28.03, 15.555, 20.297
'bali_phy_msa.233.fas', 22.491, 29.708, 21.233, 19.434
'bali_phy_msa.234.fas', 22.258, 29.537, 16.989, 21.432
'bali_phy_msa.235.fas', 22.148, 29.365, 16.69, 21.125
'bali_phy_msa.236.fas', 20.987, 27.827, 15.848, 20.372
'bali_phy_msa.237.fas', 21.679, 28.668, 15.306, 21.175
'bali_phy_msa.238.fas', 22.443, 29.648, 16.059, 21.92
'bali_phy_msa.239.fas', 21.664, 28.713, 17.714, 21.685
'bali_phy_msa.24.fas', 23.131, 30.701, 19.117, 22.778
'bali_phy_msa.240.fas', 22.443, 29.567, 18.59, 21.941
'bali_phy_msa.241.fas', 20.852, 27.715, 20.383, 19.365
'bali_phy_msa.242.fas', 20.797, 27.629, 16.257, 20.113
'bali_phy_msa.243.fas', 22.653, 30.222, 18.024, 21.555
'bali_phy_msa.244.fas', 22.197, 29.082, 18.9, 21.139
'bali_phy_msa.245.fas', 22.554, 30.094, 16.83, 22.215
'bali_phy_msa.246.fas', 23.682, 31.096, 19.297, 23.053
'bali_phy_msa.247.fas', 20.581, 27.27, 16.628, 20.912
'bali_phy_msa.248.fas', 23.606, 31.238, 18.683, 23.853
'bali_phy_msa.249.fas', 21.933, 28.981, 17.422, 21.559
'bali_phy_msa.25.fas', 23.302, 30.899, 19.247, 22.908
'bali_phy_msa.250.fas', 19.402, 25.742, 15.926, 18.052
'bali_phy_msa.251.fas', 22.767, 30.076, 15.835, 21.649
'bali_phy_msa.252.fas', 22.588, 29.757, 19.023, 22.244
'bali_phy_msa.253.fas', 20.824, 27.99, 16.661, 19.819
'bali_phy_msa.254.fas', 15.235, 20.727, 10.616, 14.353
'bali_phy_msa.255.fas', 17.529, 24.154, 14.223, 17.249
'bali_phy_msa.256.fas', 20.051, 26.612, 16.803, 18.842
'bali_phy_msa.257.fas', 21.159, 28.29, 18.819, 20.24
'bali_phy_msa.258.fas', 20.257, 26.986, 17.179, 19.341
'bali_phy_msa.259.fas', 19.797, 26.702, 16.399, 19.305
'bali_phy_msa.26.fas', 22.478, 29.493, 18.958, 21.831
'bali_phy_msa.260.fas', 21.809, 29.037, 15.768, 21.87
'bali_phy_msa.261.fas', 21.987, 28.796, 18.25, 20.811
'bali_phy_msa.262.fas', 21.768, 28.681, 16.797, 20.445
'bali_phy_msa.263.fas', 22.348, 29.856, 16.975, 21.264
'bali_phy_msa.264.fas', 21.566, 28.741, 16.95, 21.043
'bali_phy_msa.265.fas', 22.595, 30.219, 17.223, 22.225
'bali_phy_msa.266.fas', 22.59, 29.8, 19.138, 22.208
'bali_phy_msa.267.fas', 23.514, 31.362, 19.484, 23.427
'bali_phy_msa.268.fas', 20.402, 27.183, 14.496, 19.965
'bali_phy_msa.269.fas', 21.582, 28.808, 16.269, 20.482
'bali_phy_msa.27.fas', 22.591, 29.859, 18.195, 22.301
'bali_phy_msa.270.fas', 17.634, 23.824, 13.381, 15.776
'bali_phy_msa.271.fas', 12.062, 17.102, 10.008, 11.317
'bali_phy_msa.272.fas', 21.643, 28.78, 17.832, 21.983
'bali_phy_msa.273.fas', 21.503, 28.697, 17.395, 20.995
'bali_phy_msa.274.fas', 21.602, 28.496, 18.253, 20.652
'bali_phy_msa.275.fas', 23.19, 30.493, 18.223, 22.713
'bali_phy_msa.276.fas', 23.25, 30.485, 18.809, 22.424
'bali_phy_msa.277.fas', 18.473, 24.678, 14.88, 17.668
'bali_phy_msa.278.fas', 21.992, 29.42, 17.856, 22.585
'bali_phy_msa.279.fas', 21.027, 27.902, 17.427, 21.036
'bali_phy_msa.28.fas', 22.772, 29.97, 18.829, 22.259
'bali_phy_msa.280.fas', 20.068, 26.761, 19.371, 18.896
'bali_phy_msa.281.fas', 22.883, 30.13, 18.774, 23.032
'bali_phy_msa.282.fas', 21.194, 28.182, 17.235, 20.835
'bali_phy_msa.283.fas', 20.328, 27.122, 16.084, 20.066
'bali_phy_msa.284.fas', 21.867, 28.845, 18.23, 21.261
'bali_phy_msa.285.fas', 20.919, 28.045, 16.898, 20.202
'bali_phy_msa.286.fas', 20.97, 27.89, 16.079, 20.514
'bali_phy_msa.287.fas', 23.964, 31.351, 19.339, 23.412
'bali_phy_msa.288.fas', 20.668, 27.469, 16.634, 20.266
'bali_phy_msa.289.fas', 19.578, 26.208, 16.14, 19.097
'bali_phy_msa.29.fas', 22.206, 29.49, 18.446, 21.567
'bali_phy_msa.290.fas', 22.08, 29.157, 18.757, 21.733
'bali_phy_msa.291.fas', 20.698, 27.754, 14.4, 19.456
'bali_phy_msa.292.fas', 20.914, 27.593, 17.612, 20.496
'bali_phy_msa.293.fas', 21.211, 28.189, 16.956, 20.781
'bali_phy_msa.294.fas', 21.055, 28.063, 17.726, 20.704
'bali_phy_msa.295.fas', 23.011, 30.41, 19.137, 22.701
'bali_phy_msa.296.fas', 21.213, 28.291, 16.403, 20.151
'bali_phy_msa.297.fas', 21.865, 29.125, 18.209, 21.518
'bali_phy_msa.298.fas', 20.511, 27.342, 17.911, 20.766
'bali_phy_msa.299.fas', 21.224, 28.159, 17.893, 20.618
'bali_phy_msa.3.fas', 21.025, 28.155, 17.079, 20.19
'bali_phy_msa.30.fas', 22.651, 29.802, 18.311, 21.459
'bali_phy_msa.300.fas', 20.798, 27.673, 17.168, 20.139
'bali_phy_msa.301.fas', 20.441, 27.038, 15.817, 19.656
'bali_phy_msa.302.fas', 21.348, 28.361, 17.827, 20.866
'bali_phy_msa.303.fas', 21.113, 28.302, 19.554, 19.362
'bali_phy_msa.304.fas', 19.675, 26.578, 16.006, 19.256
'bali_phy_msa.305.fas', 21.936, 29.105, 17.799, 20.99
'bali_phy_msa.306.fas', 22.223, 29.919, 17.557, 21.917
'bali_phy_msa.307.fas', 23.031, 30.465, 19.14, 23.23
'bali_phy_msa.308.fas', 19.957, 26.888, 16.541, 19.37
'bali_phy_msa.309.fas', 22.548, 29.684, 18.591, 21.74
'bali_phy_msa.31.fas', 21.424, 28.679, 16.177, 21.853
'bali_phy_msa.310.fas', 20.923, 27.874, 18.187, 20.021
'bali_phy_msa.311.fas', 22.463, 29.714, 18.328, 21.799
'bali_phy_msa.312.fas', 23.957, 31.412, 18.861, 24.437
'bali_phy_msa.313.fas', 20.444, 27.184, 15.885, 19.546
'bali_phy_msa.314.fas', 22.889, 30.243, 18.377, 22.775
'bali_phy_msa.315.fas', 21.658, 28.702, 18.501, 21.664
'bali_phy_msa.316.fas', 20.97, 28.032, 17.976, 20.47
'bali_phy_msa.317.fas', 21.268, 28.274, 14.534, 20.399
'bali_phy_msa.318.fas', 23.212, 30.859, 21.073, 22.594
'bali_phy_msa.319.fas', 23.278, 30.724, 19.312, 23.201
'bali_phy_msa.32.fas', 22.714, 29.937, 18.15, 22.165
'bali_phy_msa.320.fas', 21.351, 28.423, 17.726, 20.627
'bali_phy_msa.321.fas', 22.673, 29.989, 18.26, 22.239
'bali_phy_msa.322.fas', 21.764, 28.902, 17.578, 21.142
'bali_phy_msa.323.fas', 22.799, 30.18, 17.408, 21.61
'bali_phy_msa.324.fas', 22.097, 29.144, 18.29, 21.967
'bali_phy_msa.325.fas', 24.316, 31.873, 18.263, 24.263
'bali_phy_msa.326.fas', 23.979, 31.259, 19.862, 23.15
'bali_phy_msa.327.fas', 22.361, 29.894, 18.13, 21.759
'bali_phy_msa.328.fas', 21.915, 28.905, 18.666, 21.553
'bali_phy_msa.329.fas', 20.362, 27.135, 16.293, 20.286
'bali_phy_msa.33.fas', 20.972, 27.928, 15.946, 21.164
'bali_phy_msa.330.fas', 20.682, 27.562, 16.037, 19.649
'bali_phy_msa.331.fas', 20.363, 27.483, 17.063, 19.763
'bali_phy_msa.332.fas', 20.603, 27.314, 21.429, 19.827
'bali_phy_msa.333.fas', 22.593, 30.179, 16.404, 23.089
'bali_phy_msa.334.fas', 23.117, 30.492, 17.284, 22.946
'bali_phy_msa.335.fas', 19.473, 25.888, 14.893, 18.592
'bali_phy_msa.336.fas', 21.492, 28.784, 17.828, 20.795
'bali_phy_msa.337.fas', 22.199, 29.384, 18.695, 21.713
'bali_phy_msa.338.fas', 21.911, 29.262, 16.713, 21.165
'bali_phy_msa.339.fas', 23.411, 30.869, 17.984, 22.663
'bali_phy_msa.34.fas', 24.615, 32.644, 17.701, 23.24
'bali_phy_msa.340.fas', 23.1, 30.374, 17.44, 22.629
'bali_phy_msa.341.fas', 23.462, 31.087, 19.255, 22.714
'bali_phy_msa.342.fas', 21.201, 28.013, 19.998, 19.407
'bali_phy_msa.343.fas', 19.838, 26.844, 16.006, 18.757
'bali_phy_msa.344.fas', 21.412, 28.414, 16.176, 21.859
'bali_phy_msa.345.fas', 22.392, 29.624, 17.03, 22.006
'bali_phy_msa.346.fas', 22.738, 30.071, 19.368, 21.154
'bali_phy_msa.347.fas', 22.804, 30.197, 18.711, 22.248
'bali_phy_msa.348.fas', 20.641, 27.396, 17.912, 20.9
'bali_phy_msa.349.fas', 22.074, 29.147, 18.509, 22.334
'bali_phy_msa.35.fas', 21.289, 28.818, 14.346, 20.831
'bali_phy_msa.350.fas', 21.993, 29.176, 20.205, 20.416
'bali_phy_msa.351.fas', 20.669, 27.537, 18.521, 20.587
'bali_phy_msa.352.fas', 21.375, 28.409, 17.588, 21.297
'bali_phy_msa.353.fas', 22.143, 29.554, 18.014, 22.066
'bali_phy_msa.354.fas', 21.064, 27.922, 17.914, 20.625
'bali_phy_msa.355.fas', 21.472, 28.751, 17.489, 21.184
'bali_phy_msa.356.fas', 20.059, 26.767, 16.792, 19.868
'bali_phy_msa.357.fas', 23.107, 30.587, 17.391, 23.836
'bali_phy_msa.358.fas', 19.979, 26.71, 16.27, 19.843
'bali_phy_msa.359.fas', 21.494, 28.386, 17.054, 20.702
'bali_phy_msa.36.fas', 21.984, 29.362, 17.634, 22.197
'bali_phy_msa.360.fas', 23.895, 31.64, 17.58, 23.257
'bali_phy_msa.361.fas', 23.041, 30.3, 18.722, 23.188
'bali_phy_msa.362.fas', 22.119, 29.344, 19.289, 21.711
'bali_phy_msa.363.fas', 24.449, 32.045, 19.178, 23.804
'bali_phy_msa.364.fas', 22.011, 28.838, 18.053, 22.083
'bali_phy_msa.365.fas', 22.062, 29.146, 17.028, 21.403
'bali_phy_msa.366.fas', 22.466, 29.912, 19.136, 21.162
'bali_phy_msa.367.fas', 19.894, 26.625, 16.662, 19.397
'bali_phy_msa.368.fas', 20.634, 27.946, 16.896, 20.338
'bali_phy_msa.369.fas', 23.019, 30.685, 18.974, 22.736
'bali_phy_msa.37.fas', 20.985, 27.736, 17.667, 20.296
'bali_phy_msa.370.fas', 21.928, 28.955, 18.023, 21.463
'bali_phy_msa.371.fas', 22.057, 29.298, 16.989, 22.665
'bali_phy_msa.372.fas', 23.232, 30.954, 19.119, 22.583
'bali_phy_msa.373.fas', 20.728, 27.455, 16.649, 19.91
'bali_phy_msa.374.fas', 23.549, 30.99, 16.722, 23.524
'bali_phy_msa.375.fas', 22.697, 29.845, 22.032, 21.39
'bali_phy_msa.376.fas', 23.729, 31.205, 17.955, 23.534
'bali_phy_msa.377.fas', 18.802, 25.448, 15.711, 18.205
'bali_phy_msa.378.fas', 18.405, 25.086, 14.352, 17.604
'bali_phy_msa.379.fas', 23.365, 31.223, 19.827, 22.838
'bali_phy_msa.38.fas', 21.693, 29.126, 16.551, 21.022
'bali_phy_msa.380.fas', 23.014, 30.498, 16.812, 22.414
'bali_phy_msa.381.fas', 22.232, 29.772, 18.894, 21.232
'bali_phy_msa.382.fas', 21.752, 29.138, 17.725, 21.003
'bali_phy_msa.383.fas', 20.015, 26.754, 16.98, 18.85
'bali_phy_msa.384.fas', 20.842, 27.983, 14.641, 20.192
'bali_phy_msa.385.fas', 18.433, 24.993, 17.907, 17.118
'bali_phy_msa.386.fas', 22.947, 30.404, 16.147, 22.406
'bali_phy_msa.387.fas', 20.244, 26.775, 18.556, 17.154
'bali_phy_msa.388.fas', 20.237, 27.357, 17.031, 19.613
'bali_phy_msa.389.fas', 19.044, 25.495, 13.778, 18.898
'bali_phy_msa.39.fas', 20.179, 27.293, 15.577, 19.229
'bali_phy_msa.390.fas', 22.415, 29.668, 16.915, 21.958
'bali_phy_msa.391.fas', 21.505, 28.502, 15.715, 20.919
'bali_phy_msa.392.fas', 22.419, 29.837, 17.767, 22.944
'bali_phy_msa.393.fas', 21.322, 28.366, 17.159, 19.812
'bali_phy_msa.394.fas', 22.484, 29.725, 17.853, 22.225
'bali_phy_msa.395.fas', 23.213, 30.487, 18.007, 21.945
'bali_phy_msa.396.fas', 22.669, 30.096, 16.403, 22.897
'bali_phy_msa.397.fas', 13.896, 19.618, 9.726, 13.178
'bali_phy_msa.398.fas', 19.796, 26.771, 15.864, 18.793
'bali_phy_msa.399.fas', 21.32, 28.332, 15.829, 20.867
'bali_phy_msa.4.fas', 22.486, 29.716, 18.796, 22.495
'bali_phy_msa.40.fas', 21.184, 27.942, 15.255, 20.494
'bali_phy_msa.400.fas', 23.354, 30.831, 16.378, 22.578
'bali_phy_msa.41.fas', 21.987, 29.134, 18.813, 21.997
'bali_phy_msa.42.fas', 20.263, 27.253, 14.113, 20.463
'bali_phy_msa.43.fas', 22.346, 29.849, 18.346, 21.815
'bali_phy_msa.44.fas', 21.057, 28.033, 16.979, 20.147
'bali_phy_msa.45.fas', 23.374, 30.9, 17.128, 22.864
'bali_phy_msa.46.fas', 21.967, 29.331, 18.182, 21.149
'bali_phy_msa.47.fas', 22.032, 29.265, 18.48, 21.966
'bali_phy_msa.48.fas', 20.788, 27.447, 16.671, 19.059
'bali_phy_msa.49.fas', 22.299, 29.577, 18.052, 21.532
'bali_phy_msa.5.fas', 21.866, 29.093, 17.345, 20.925
'bali_phy_msa.50.fas', 21.487, 28.406, 16.67, 20.362
'bali_phy_msa.51.fas', 21.535, 28.914, 17.643, 21.313
'bali_phy_msa.52.fas', 21.835, 28.787, 16.504, 22.004
'bali_phy_msa.53.fas', 20.478, 27.395, 14.969, 19.425
'bali_phy_msa.54.fas', 21.265, 28.365, 14.885, 20.336
'bali_phy_msa.55.fas', 22.398, 29.695, 17.657, 21.138
'bali_phy_msa.56.fas', 23.721, 31.167, 18.352, 24.007
'bali_phy_msa.57.fas', 21.87, 29.143, 17.621, 21.164
'bali_phy_msa.58.fas', 23.437, 30.939, 19.991, 22.007
'bali_phy_msa.59.fas', 21.4, 27.986, 18.78, 19.717
'bali_phy_msa.6.fas', 21.986, 29.193, 18.145, 21.731
'bali_phy_msa.60.fas', 24.083, 31.653, 17.647, 23.403
'bali_phy_msa.61.fas', 22.598, 29.821, 19.417, 22.46
'bali_phy_msa.62.fas', 21.115, 28.271, 19.882, 20.308
'bali_phy_msa.63.fas', 21.794, 29.28, 20.331, 19.546
'bali_phy_msa.64.fas', 20.866, 27.489, 15.365, 20.033
'bali_phy_msa.65.fas', 21.556, 28.544, 15.143, 20.287
'bali_phy_msa.66.fas', 21.235, 27.959, 17.821, 20.144
'bali_phy_msa.67.fas', 21.986, 29.138, 18.314, 21.885
'bali_phy_msa.68.fas', 23.128, 30.874, 17.116, 22.954
'bali_phy_msa.69.fas', 21.724, 28.812, 16.96, 21.628
'bali_phy_msa.7.fas', 19.685, 26.208, 18.203, 17.3
'bali_phy_msa.70.fas', 21.479, 28.345, 18.909, 19.691
'bali_phy_msa.71.fas', 22.078, 29.131, 16.917, 21.154
'bali_phy_msa.72.fas', 23.459, 31.028, 18.983, 22.651
'bali_phy_msa.73.fas', 22.571, 29.792, 18.007, 21.607
'bali_phy_msa.74.fas', 22.739, 29.976, 16.507, 22.381
'bali_phy_msa.75.fas', 21.861, 29.247, 17.248, 21.535
'bali_phy_msa.76.fas', 21.109, 27.987, 16.988, 20.718
'bali_phy_msa.77.fas', 20.784, 27.716, 15.759, 20.288
'bali_phy_msa.78.fas', 22.697, 29.935, 19.113, 22.589
'bali_phy_msa.79.fas', 22.029, 29.312, 18.409, 21.79
'bali_phy_msa.8.fas', 18.104, 24.303, 14.866, 17.272
'bali_phy_msa.80.fas', 22.499, 29.78, 16.933, 22.956
'bali_phy_msa.81.fas', 22.591, 30.021, 18.57, 21.842
'bali_phy_msa.82.fas', 21.054, 28.407, 17.582, 21.183
'bali_phy_msa.83.fas', 20.525, 27.372, 15.72, 19.85
'bali_phy_msa.84.fas', 21.698, 28.851, 15.235, 20.422
'bali_phy_msa.85.fas', 20.306, 27.247, 15.928, 20.361
'bali_phy_msa.86.fas', 21.518, 28.463, 17.123, 20.663
'bali_phy_msa.87.fas', 21.959, 28.952, 16.724, 21.429
'bali_phy_msa.88.fas', 21.067, 28.013, 16.394, 20.618
'bali_phy_msa.89.fas', 20.081, 26.993, 13.789, 19.455
'bali_phy_msa.9.fas', 18.327, 24.598, 14.625, 16.836
'bali_phy_msa.90.fas', 20.321, 27.047, 16.904, 19.335
'bali_phy_msa.91.fas', 21.012, 27.578, 18.037, 20.452
'bali_phy_msa.92.fas', 18.382, 24.733, 14.107, 16.497
'bali_phy_msa.93.fas', 22.814, 30.208, 16.914, 22.381
'bali_phy_msa.94.fas', 23.37, 30.887, 17.807, 23.21
'bali_phy_msa.95.fas', 21.4, 28.486, 19.483, 18.612
'bali_phy_msa.96.fas', 20.066, 26.728, 14.78, 18.814
'bali_phy_msa.97.fas', 20.904, 27.552, 19.233, 20.339
'bali_phy_msa.98.fas', 22.211, 29.487, 19.767, 21.498
'bali_phy_msa.99.fas', 22.216, 29.337, 21.086, 20.954
'MAFFT_b0#0051_hhH_tree_47_OP_1.2558167082838578_Split_51.fasta', 14.76, 21.876, 7.902, 16.785
'MAFFT_b0#0051_htH_tree_0_OP_1.9201310643830272_Split_51.fasta', 17.432, 21.952, 14.577, 14.848
'MAFFT_b0#0051_htH_tree_57_OP_1.8145645468714477_Split_51.fasta', 17.204, 23.571, 14.805, 15.9
'MAFFT_b0#0051_htH_tree_93_OP_2.2336854992597184_Split_51.fasta', 20.999, 28.165, 11.632, 21.574
'MAFFT_b0#0051_htT_tree_0_OP_1.9201310643830272_Split_51.fasta', 17.432, 21.952, 14.577, 14.848
'MAFFT_b0#0051_htT_tree_57_OP_1.8145645468714477_Split_51.fasta', 17.204, 23.571, 14.805, 15.9
'MAFFT_b0#0051_thH_tree_57_OP_1.8145645468714477_Split_51.fasta', 19.088, 25.717, 16.952, 17.959
'MAFFT_b0#0051_thH_tree_93_OP_2.2336854992597184_Split_51.fasta', 21.576, 28.739, 12.277, 21.978
'MAFFT_b0#0051_thT_tree_0_OP_1.9201310643830272_Split_51.fasta', 18.11, 24.109, 16.667, 16.642
'MAFFT_b0#0051_thT_tree_47_OP_1.2558167082838578_Split_51.fasta', 14.76, 21.876, 7.902, 16.785
'MAFFT_b0#0051_ttH_tree_47_OP_1.2558167082838578_Split_51.fasta', 13.755, 20.502, 7.401, 14.736
'MAFFT_b0#0051_ttH_tree_93_OP_2.2336854992597184_Split_51.fasta', 20.999, 28.165, 11.632, 21.574
'MAFFT_b0#0051_ttT_tree_0_OP_1.9201310643830272_Split_51.fasta', 17.432, 21.952, 14.577, 14.848
'MAFFT_b0#0051_ttT_tree_47_OP_1.2558167082838578_Split_51.fasta', 13.755, 20.502, 7.401, 14.736
'MAFFT_b0#0051_ttT_tree_57_OP_1.8145645468714477_Split_51.fasta', 17.204, 23.571, 14.805, 15.9
'MAFFT_b0#0051_ttT_tree_93_OP_2.2336854992597184_Split_51.fasta', 20.999, 28.165, 11.632, 21.574
'MAFFT_b0#0053_hhH_tree_5_OP_1.3773636194735985_Split_53.fasta', 18.343, 25.9, 13.127, 18.404
'MAFFT_b0#0053_hhH_tree_60_OP_2.2485867324412547_Split_53.fasta', 19.386, 26.634, 15.606, 17.324
'MAFFT_b0#0053_hhT_tree_60_OP_2.2485867324412547_Split_53.fasta', 19.386, 26.634, 15.606, 17.324
'MAFFT_b0#0053_htH_tree_5_OP_1.3773636194735985_Split_53.fasta', 19.535, 26.976, 14.807, 19.135
'MAFFT_b0#0053_htT_tree_5_OP_1.3773636194735985_Split_53.fasta', 19.535, 26.976, 14.807, 19.135
'MAFFT_b0#0053_thH_tree_60_OP_2.2485867324412547_Split_53.fasta', 19.386, 26.634, 15.606, 17.324
'MAFFT_b0#0053_thT_tree_5_OP_1.3773636194735985_Split_53.fasta', 18.312, 25.862, 13.095, 18.351
'MAFFT_b0#0053_ttH_tree_60_OP_2.2485867324412547_Split_53.fasta', 19.73, 27.048, 15.903, 17.685
'MAFFT_b0#0054_hhH_tree_35_OP_2.3157753293540146_Split_54.fasta', 16.076, 22.488, 13.923, 17.174
'MAFFT_b0#0054_htH_tree_35_OP_2.3157753293540146_Split_54.fasta', 16.232, 22.697, 14.112, 17.124
'MAFFT_b0#0054_thH_tree_35_OP_2.3157753293540146_Split_54.fasta', 16.076, 22.488, 13.923, 17.174
'MAFFT_b0#0054_ttT_tree_35_OP_2.3157753293540146_Split_54.fasta', 16.232, 22.697, 14.112, 17.124
'MAFFT_b0#0057_htH_tree_1_OP_1.4037489078147287_Split_57.fasta', 12.107, 18.656, 6.268, 13.324
'MAFFT_b0#0057_htT_tree_1_OP_1.4037489078147287_Split_57.fasta', 12.107, 18.656, 6.268, 13.324
'MAFFT_b0#0057_thT_tree_1_OP_1.4037489078147287_Split_57.fasta', 12.189, 18.753, 6.953, 13.409
'MAFFT_b0#0057_ttT_tree_1_OP_1.4037489078147287_Split_57.fasta', 12.107, 18.656, 6.268, 13.324
'MAFFT_b0#0058_hhH_tree_13_OP_1.7913990869854772_Split_58.fasta', 10.508, 16.159, 6.952, 9.99
'MAFFT_b0#0058_htH_tree_11_OP_1.3146381684889776_Split_58.fasta', 19.023, 26.345, 14.045, 18.542
'MAFFT_b0#0058_htH_tree_13_OP_1.7913990869854772_Split_58.fasta', 10.591, 16.292, 8.128, 9.57
'MAFFT_b0#0058_htT_tree_11_OP_1.3146381684889776_Split_58.fasta', 19.023, 26.345, 14.045, 18.542
'MAFFT_b0#0058_thH_tree_13_OP_1.7913990869854772_Split_58.fasta', 10.508, 16.159, 6.952, 9.99
'MAFFT_b0#0058_ttH_tree_11_OP_1.3146381684889776_Split_58.fasta', 20.358, 27.712, 16.463, 18.457
'MAFFT_b0#0058_ttT_tree_11_OP_1.3146381684889776_Split_58.fasta', 20.358, 27.712, 16.463, 18.457
'MAFFT_b0#0058_ttT_tree_13_OP_1.7913990869854772_Split_58.fasta', 10.591, 16.292, 8.128, 9.57
'MAFFT_b0#0060_hhT_tree_32_OP_1.498379977124041_Split_60.fasta', 18.987, 25.176, 13.974, 16.632
'MAFFT_b0#0060_htH_tree_32_OP_1.498379977124041_Split_60.fasta', 18.721, 24.915, 13.658, 16.359
'MAFFT_b0#0060_htT_tree_32_OP_1.498379977124041_Split_60.fasta', 18.721, 24.915, 13.658, 16.359
'MAFFT_b0#0060_ttH_tree_32_OP_1.498379977124041_Split_60.fasta', 18.721, 24.915, 13.658, 16.359
'MAFFT_b0#0061_hhH_tree_87_OP_1.1834961203615137_Split_61.fasta', 14.045, 21.216, 9.459, 13.702
'MAFFT_b0#0061_hhH_tree_88_OP_2.9570433978664177_Split_61.fasta', 20.046, 26.593, 15.907, 18.711
'MAFFT_b0#0061_hhH_tree_97_OP_2.1094152983091004_Split_61.fasta', 19.014, 25.68, 11.968, 19.597
'MAFFT_b0#0061_hhT_tree_18_OP_1.3304542342131214_Split_61.fasta', 1.647, 5.872, -0.264, -0.647
'MAFFT_b0#0061_hhT_tree_30_OP_2.908145211858187_Split_61.fasta', 22.785, 29.818, 20.067, 22.447
'MAFFT_b0#0061_htH_tree_18_OP_1.3304542342131214_Split_61.fasta', 2.396, 6.745, -0.394, 0.303
'MAFFT_b0#0061_htH_tree_30_OP_2.908145211858187_Split_61.fasta', 21.557, 28.393, 19.497, 20.33
'MAFFT_b0#0061_htH_tree_72_OP_1.8278688995959085_Split_61.fasta', 17.909, 23.592, 12.619, 17.616
'MAFFT_b0#0061_htH_tree_88_OP_2.9570433978664177_Split_61.fasta', 20.602, 27.166, 16.511, 20.66
'MAFFT_b0#0061_htT_tree_87_OP_1.1834961203615137_Split_61.fasta', 13.657, 20.789, 11.518, 14.075
'MAFFT_b0#0061_htT_tree_97_OP_2.1094152983091004_Split_61.fasta', 19.291, 25.925, 12.537, 19.901
'MAFFT_b0#0061_thH_tree_18_OP_1.3304542342131214_Split_61.fasta', 1.647, 5.872, -0.264, -0.647
'MAFFT_b0#0061_thH_tree_72_OP_1.8278688995959085_Split_61.fasta', 17.9, 23.584, 12.612, 17.6
'MAFFT_b0#0061_thT_tree_30_OP_2.908145211858187_Split_61.fasta', 22.785, 29.818, 20.067, 22.447
'MAFFT_b0#0061_thT_tree_72_OP_1.8278688995959085_Split_61.fasta', 17.9, 23.584, 12.612, 17.6
'MAFFT_b0#0061_thT_tree_87_OP_1.1834961203615137_Split_61.fasta', 14.045, 21.216, 9.459, 13.702
'MAFFT_b0#0061_thT_tree_88_OP_2.9570433978664177_Split_61.fasta', 20.046, 26.593, 15.907, 18.711
'MAFFT_b0#0061_thT_tree_97_OP_2.1094152983091004_Split_61.fasta', 19.014, 25.68, 11.968, 19.597
'MAFFT_b0#0061_ttT_tree_18_OP_1.3304542342131214_Split_61.fasta', 2.396, 6.745, -0.394, 0.303
'MAFFT_b0#0061_ttT_tree_30_OP_2.908145211858187_Split_61.fasta', 21.557, 28.393, 19.497, 20.33
'MAFFT_b0#0061_ttT_tree_72_OP_1.8278688995959085_Split_61.fasta', 17.909, 23.592, 12.619, 17.616
'MAFFT_b0#0061_ttT_tree_87_OP_1.1834961203615137_Split_61.fasta', 13.657, 20.789, 11.518, 14.075
'MAFFT_b0#0061_ttT_tree_88_OP_2.9570433978664177_Split_61.fasta', 20.602, 27.166, 16.511, 20.66
'MAFFT_b0#0061_ttT_tree_97_OP_2.1094152983091004_Split_61.fasta', 19.291, 25.925, 12.537, 19.901
'MAFFT_b0#0063_hhH_tree_37_OP_2.065965428692473_Split_63.fasta', 20.831, 27.724, 17.882, 18.907
'MAFFT_b0#0063_hhT_tree_89_OP_2.6540913216611166_Split_63.fasta', 15.631, 21.595, 12.723, 17.206
'MAFFT_b0#0063_htH_tree_37_OP_2.065965428692473_Split_63.fasta', 20.553, 27.408, 17.479, 18.843
'MAFFT_b0#0063_htH_tree_89_OP_2.6540913216611166_Split_63.fasta', 15.818, 21.744, 13.49, 17.676
'MAFFT_b0#0063_thH_tree_37_OP_2.065965428692473_Split_63.fasta', 20.831, 27.724, 17.882, 18.907
'MAFFT_b0#0063_thT_tree_89_OP_2.6540913216611166_Split_63.fasta', 15.633, 21.597, 12.727, 17.209
'MAFFT_b0#0063_ttH_tree_37_OP_2.065965428692473_Split_63.fasta', 20.553, 27.408, 17.479, 18.843
'MAFFT_b0#0063_ttH_tree_89_OP_2.6540913216611166_Split_63.fasta', 15.822, 21.747, 13.497, 17.681
'MAFFT_b0#0065_htH_tree_26_OP_2.2970226808572787_Split_65.fasta', 18.844, 25.535, 15.686, 19.683
'MAFFT_b0#0065_htT_tree_55_OP_1.534121132575311_Split_65.fasta', 6.824, 11.579, 5.463, 7.913
'MAFFT_b0#0065_thH_tree_26_OP_2.2970226808572787_Split_65.fasta', 18.106, 24.673, 15.03, 19.029
'MAFFT_b0#0065_thH_tree_55_OP_1.534121132575311_Split_65.fasta', 6.711, 11.419, 5.495, 7.657
'MAFFT_b0#0065_thT_tree_55_OP_1.534121132575311_Split_65.fasta', 6.711, 11.419, 5.495, 7.657
'MAFFT_b0#0065_ttH_tree_26_OP_2.2970226808572787_Split_65.fasta', 18.789, 25.465, 15.665, 19.596
'MAFFT_b0#0065_ttT_tree_26_OP_2.2970226808572787_Split_65.fasta', 18.789, 25.465, 15.665, 19.596
'MAFFT_b0#0065_ttT_tree_55_OP_1.534121132575311_Split_65.fasta', 6.824, 11.579, 5.463, 7.913
'MAFFT_b0#0066_hhH_tree_77_OP_1.3827668594678542_Split_66.fasta', 11.906, 18.148, 6.228, 13.449
'MAFFT_b0#0066_hhT_tree_99_OP_1.9136688454364907_Split_66.fasta', 17.008, 23.235, 16.204, 16.073
'MAFFT_b0#0066_htT_tree_99_OP_1.9136688454364907_Split_66.fasta', 16.758, 22.995, 16.098, 15.922
'MAFFT_b0#0066_thH_tree_77_OP_1.3827668594678542_Split_66.fasta', 11.906, 18.148, 6.228, 13.449
'MAFFT_b0#0066_thH_tree_99_OP_1.9136688454364907_Split_66.fasta', 17.01, 23.236, 16.207, 16.076
'MAFFT_b0#0066_thT_tree_99_OP_1.9136688454364907_Split_66.fasta', 17.01, 23.236, 16.207, 16.076
'MAFFT_b0#0066_ttH_tree_77_OP_1.3827668594678542_Split_66.fasta', 12.076, 18.367, 5.807, 13.775
'MAFFT_b0#0066_ttT_tree_77_OP_1.3827668594678542_Split_66.fasta', 12.076, 18.367, 5.807, 13.775
'MAFFT_b0#0067_hhT_tree_4_OP_1.1542677766261527_Split_67.fasta', 7.586, 13.815, 2.961, 9.015
'MAFFT_b0#0067_htH_tree_4_OP_1.1542677766261527_Split_67.fasta', 11.94, 18.691, 9.114, 12.431
'MAFFT_b0#0067_htH_tree_76_OP_1.9781210467371317_Split_67.fasta', 19.987, 26.605, 11.913, 20.269
'MAFFT_b0#0067_thH_tree_76_OP_1.9781210467371317_Split_67.fasta', 18.648, 25.272, 10.388, 18.438
'MAFFT_b0#0067_thT_tree_4_OP_1.1542677766261527_Split_67.fasta', 7.586, 13.815, 2.961, 9.015
'MAFFT_b0#0067_ttH_tree_76_OP_1.9781210467371317_Split_67.fasta', 19.987, 26.605, 11.913, 20.269
'MAFFT_b0#0067_ttT_tree_4_OP_1.1542677766261527_Split_67.fasta', 11.94, 18.691, 9.114, 12.431
'MAFFT_b0#0067_ttT_tree_76_OP_1.9781210467371317_Split_67.fasta', 19.987, 26.605, 11.913, 20.269
'MAFFT_b0#0069_htH_tree_20_OP_2.4221981553992458_Split_69.fasta', 9.919, 14.034, 10.798, 11.213
'MAFFT_b0#0069_htH_tree_73_OP_2.973262473304242_Split_69.fasta', 18.619, 25.066, 11.353, 20.395
'MAFFT_b0#0069_htT_tree_20_OP_2.4221981553992458_Split_69.fasta', 9.919, 14.034, 10.798, 11.213
'MAFFT_b0#0069_htT_tree_73_OP_2.973262473304242_Split_69.fasta', 18.619, 25.066, 11.353, 20.395
'MAFFT_b0#0069_thH_tree_20_OP_2.4221981553992458_Split_69.fasta', 10.296, 14.428, 11.105, 11.529
'MAFFT_b0#0069_thH_tree_73_OP_2.973262473304242_Split_69.fasta', 18.269, 24.628, 11.384, 20.248
'MAFFT_b0#0069_thT_tree_20_OP_2.4221981553992458_Split_69.fasta', 10.296, 14.428, 11.105, 11.529
'MAFFT_b0#0069_ttH_tree_73_OP_2.973262473304242_Split_69.fasta', 18.619, 25.066, 11.353, 20.395
'MAFFT_b0#0070_hhH_tree_86_OP_1.7393056698625855_Split_70.fasta', 17.342, 23.798, 11.603, 17.542
'MAFFT_b0#0070_hhT_tree_17_OP_1.818409912056766_Split_70.fasta', 14.331, 20.534, 9.066, 14.811
'MAFFT_b0#0070_htH_tree_86_OP_1.7393056698625855_Split_70.fasta', 17.01, 23.449, 13.868, 16.688
'MAFFT_b0#0070_thH_tree_17_OP_1.818409912056766_Split_70.fasta', 14.759, 21.064, 9.336, 14.476
'MAFFT_b0#0070_thH_tree_86_OP_1.7393056698625855_Split_70.fasta', 17.342, 23.798, 11.603, 17.542
'MAFFT_b0#0070_ttH_tree_17_OP_1.818409912056766_Split_70.fasta', 14.761, 21.064, 9.341, 14.478
'MAFFT_b0#0070_ttT_tree_17_OP_1.818409912056766_Split_70.fasta', 14.761, 21.064, 9.341, 14.478
'MAFFT_b0#0070_ttT_tree_86_OP_1.7393056698625855_Split_70.fasta', 17.01, 23.449, 13.868, 16.688
'MAFFT_b0#0071_thH_tree_83_OP_1.1196527601502904_Split_71.fasta', 19.406, 26.951, 14.572, 20.134
'MAFFT_b0#0071_thT_tree_83_OP_1.1196527601502904_Split_71.fasta', 19.406, 26.951, 14.572, 20.134
'MAFFT_b0#0071_ttH_tree_83_OP_1.1196527601502904_Split_71.fasta', 17.978, 25.152, 15.196, 17.74
'MAFFT_b0#0071_ttT_tree_83_OP_1.1196527601502904_Split_71.fasta', 17.978, 25.152, 15.196, 17.74
'MAFFT_b0#0072_hhH_tree_16_OP_1.904493049197901_Split_72.fasta', 15.609, 22.281, 10.195, 17.119
'MAFFT_b0#0072_hhH_tree_2_OP_2.0780663887168265_Split_72.fasta', 15.338, 20.323, 14.387, 13.994
'MAFFT_b0#0072_htH_tree_2_OP_2.0780663887168265_Split_72.fasta', 13.348, 18.463, 13.335, 11.957
'MAFFT_b0#0072_htT_tree_16_OP_1.904493049197901_Split_72.fasta', 14.544, 21.193, 9.227, 16.207
'MAFFT_b0#0072_htT_tree_2_OP_2.0780663887168265_Split_72.fasta', 13.348, 18.463, 13.335, 11.957
'MAFFT_b0#0072_thH_tree_2_OP_2.0780663887168265_Split_72.fasta', 15.338, 20.323, 14.387, 13.994
'MAFFT_b0#0072_ttH_tree_16_OP_1.904493049197901_Split_72.fasta', 14.544, 21.193, 9.227, 16.207
'MAFFT_b0#0072_ttT_tree_16_OP_1.904493049197901_Split_72.fasta', 14.544, 21.193, 9.227, 16.207
'MAFFT_b0#0073_hhT_tree_96_OP_2.2598618576256135_Split_73.fasta', 23.701, 30.837, 16.982, 23.667
'MAFFT_b0#0073_htH_tree_96_OP_2.2598618576256135_Split_73.fasta', 23.546, 30.686, 17.145, 23.634
'MAFFT_b0#0073_htT_tree_38_OP_1.4036490691810368_Split_73.fasta', 7.463, 11.901, 4.45, 9.069
'MAFFT_b0#0073_htT_tree_96_OP_2.2598618576256135_Split_73.fasta', 23.546, 30.686, 17.145, 23.634
'MAFFT_b0#0073_thT_tree_38_OP_1.4036490691810368_Split_73.fasta', 7.497, 11.982, 4.601, 9.135
'MAFFT_b0#0073_thT_tree_96_OP_2.2598618576256135_Split_73.fasta', 23.701, 30.837, 16.982, 23.667
'MAFFT_b0#0073_ttH_tree_38_OP_1.4036490691810368_Split_73.fasta', 5.871, 10.031, 3.187, 7.085
'MAFFT_b0#0073_ttT_tree_38_OP_1.4036490691810368_Split_73.fasta', 5.871, 10.031, 3.187, 7.085
'MAFFT_b0#0074_hhH_tree_56_OP_1.8151633835449412_Split_74.fasta', 19.276, 27.038, 14.197, 20.322
'MAFFT_b0#0074_hhH_tree_79_OP_1.1319264156945865_Split_74.fasta', 8.96, 14.379, 7.323, 9.358
'MAFFT_b0#0074_htH_tree_56_OP_1.8151633835449412_Split_74.fasta', 19.409, 27.101, 13.956, 20.741
'MAFFT_b0#0074_htT_tree_79_OP_1.1319264156945865_Split_74.fasta', 9.129, 14.644, 7.484, 9.619
'MAFFT_b0#0074_thT_tree_56_OP_1.8151633835449412_Split_74.fasta', 19.276, 27.038, 14.197, 20.322
'MAFFT_b0#0074_ttH_tree_56_OP_1.8151633835449412_Split_74.fasta', 19.409, 27.101, 13.956, 20.741
'MAFFT_b0#0074_ttH_tree_79_OP_1.1319264156945865_Split_74.fasta', 9.129, 14.644, 7.484, 9.619
'MAFFT_b0#0074_ttT_tree_79_OP_1.1319264156945865_Split_74.fasta', 9.129, 14.644, 7.484, 9.619
'MAFFT_b0#0075_hhH_tree_81_OP_1.1314497018902243_Split_75.fasta', 11.238, 17.835, 4.333, 10.407
'MAFFT_b0#0075_hhT_tree_19_OP_1.5848887345678324_Split_75.fasta', 17.612, 24.639, 9.817, 17.222
'MAFFT_b0#0075_htH_tree_19_OP_1.5848887345678324_Split_75.fasta', 17.587, 24.619, 9.788, 17.193
'MAFFT_b0#0075_htH_tree_81_OP_1.1314497018902243_Split_75.fasta', 11.199, 17.799, 4.316, 10.395
'MAFFT_b0#0075_thH_tree_81_OP_1.1314497018902243_Split_75.fasta', 11.416, 18.06, 4.48, 10.576
'MAFFT_b0#0075_thT_tree_19_OP_1.5848887345678324_Split_75.fasta', 16.931, 23.846, 10.155, 15.893
'MAFFT_b0#0075_ttH_tree_19_OP_1.5848887345678324_Split_75.fasta', 16.906, 23.826, 10.124, 15.864
'MAFFT_b0#0075_ttH_tree_81_OP_1.1314497018902243_Split_75.fasta', 11.378, 18.024, 4.464, 10.563
'MAFFT_b0#0077_hhT_tree_15_OP_2.550159221795637_Split_77.fasta', 20.942, 28.051, 14.478, 21.809
'MAFFT_b0#0077_htT_tree_15_OP_2.550159221795637_Split_77.fasta', 18.057, 24.389, 12.205, 18.838
'MAFFT_b0#0077_thH_tree_15_OP_2.550159221795637_Split_77.fasta', 20.942, 28.051, 14.478, 21.809
'MAFFT_b0#0077_thT_tree_15_OP_2.550159221795637_Split_77.fasta', 20.942, 28.051, 14.478, 21.809
'MAFFT_b0#0079_hhH_tree_53_OP_2.8446810696084794_Split_79.fasta', 18.964, 25.007, 16.604, 17.892
'MAFFT_b0#0079_hhT_tree_53_OP_2.8446810696084794_Split_79.fasta', 18.964, 25.007, 16.604, 17.892
'MAFFT_b0#0079_htT_tree_53_OP_2.8446810696084794_Split_79.fasta', 18.906, 24.94, 16.571, 17.821
'MAFFT_b0#0079_ttH_tree_53_OP_2.8446810696084794_Split_79.fasta', 18.845, 24.863, 16.534, 17.718
'MAFFT_b0#0081_hhH_tree_28_OP_2.8015195195451144_Split_81.fasta', 13.432, 19.53, 11.347, 14.983
'MAFFT_b0#0081_hhT_tree_28_OP_2.8015195195451144_Split_81.fasta', 13.432, 19.53, 11.347, 14.983
'MAFFT_b0#0081_htH_tree_70_OP_2.86216121405654_Split_81.fasta', 20.114, 27.015, 17.308, 19.323
'MAFFT_b0#0081_htT_tree_70_OP_2.86216121405654_Split_81.fasta', 20.114, 27.015, 17.308, 19.323
'MAFFT_b0#0081_thH_tree_70_OP_2.86216121405654_Split_81.fasta', 20.8, 27.782, 17.741, 19.747
'MAFFT_b0#0081_thT_tree_28_OP_2.8015195195451144_Split_81.fasta', 13.432, 19.53, 11.347, 14.983
'MAFFT_b0#0081_ttH_tree_28_OP_2.8015195195451144_Split_81.fasta', 13.877, 20.061, 11.947, 15.298
'MAFFT_b0#0081_ttH_tree_70_OP_2.86216121405654_Split_81.fasta', 20.114, 27.015, 17.308, 19.323
'MAFFT_b0#0085_hhH_tree_6_OP_2.614406638642872_Split_85.fasta', 13.699, 18.997, 7.931, 15.6
'MAFFT_b0#0085_htH_tree_6_OP_2.614406638642872_Split_85.fasta', 13.656, 18.944, 7.934, 15.541
'MAFFT_b0#0085_htT_tree_43_OP_1.1593268235540946_Split_85.fasta', 15.505, 22.562, 12.424, 15.433
'MAFFT_b0#0085_htT_tree_6_OP_2.614406638642872_Split_85.fasta', 13.656, 18.944, 7.934, 15.541
'MAFFT_b0#0085_thT_tree_43_OP_1.1593268235540946_Split_85.fasta', 16.015, 23.135, 13.085, 13.501
'MAFFT_b0#0085_thT_tree_6_OP_2.614406638642872_Split_85.fasta', 13.699, 18.997, 7.931, 15.6
'MAFFT_b0#0085_ttH_tree_43_OP_1.1593268235540946_Split_85.fasta', 15.505, 22.562, 12.424, 15.433
'MAFFT_b0#0085_ttT_tree_43_OP_1.1593268235540946_Split_85.fasta', 15.505, 22.562, 12.424, 15.433
'MAFFT_b0#0086_hhH_tree_98_OP_1.0089131553899002_Split_86.fasta', 8.792, 15.477, 5.564, 8.43
'MAFFT_b0#0086_hhT_tree_98_OP_1.0089131553899002_Split_86.fasta', 8.792, 15.477, 5.564, 8.43
'MAFFT_b0#0086_htH_tree_98_OP_1.0089131553899002_Split_86.fasta', 8.729, 15.461, 6.335, 8.827
'MAFFT_b0#0086_thH_tree_98_OP_1.0089131553899002_Split_86.fasta', 8.792, 15.477, 5.564, 8.43
'MAFFT_b0#0088_hhH_tree_24_OP_2.5256879150632905_Split_88.fasta', 16.516, 23.078, 14.113, 15.109
'MAFFT_b0#0088_htH_tree_24_OP_2.5256879150632905_Split_88.fasta', 16.553, 23.187, 14.318, 15.238
'MAFFT_b0#0088_htT_tree_24_OP_2.5256879150632905_Split_88.fasta', 16.553, 23.187, 14.318, 15.238
'MAFFT_b0#0088_thH_tree_24_OP_2.5256879150632905_Split_88.fasta', 16.516, 23.078, 14.113, 15.109
'MAFFT_b0#0089_hhH_tree_3_OP_2.728084439580989_Split_89.fasta', 17.748, 23.691, 16.042, 18.087
'MAFFT_b0#0089_hhT_tree_3_OP_2.728084439580989_Split_89.fasta', 17.748, 23.691, 16.042, 18.087
'MAFFT_b0#0089_htH_tree_3_OP_2.728084439580989_Split_89.fasta', 17.704, 23.568, 16.97, 18.272
'MAFFT_b0#0089_htT_tree_3_OP_2.728084439580989_Split_89.fasta', 17.704, 23.568, 16.97, 18.272
'MAFFT_b0#0091_hhH_tree_58_OP_2.470758940826272_Split_91.fasta', 15.535, 20.737, 8.255, 17.225
'MAFFT_b0#0091_htH_tree_58_OP_2.470758940826272_Split_91.fasta', 15.535, 20.737, 8.255, 17.225
'MAFFT_b0#0091_thH_tree_58_OP_2.470758940826272_Split_91.fasta', 17.118, 22.685, 9.739, 19.121
'MAFFT_b0#0091_thT_tree_58_OP_2.470758940826272_Split_91.fasta', 17.118, 22.685, 9.739, 19.121
'MAFFT_b0#0092_hhH_tree_42_OP_1.3915835484150982_Split_92.fasta', 17.526, 23.39, 16.237, 17.593
'MAFFT_b0#0092_htH_tree_42_OP_1.3915835484150982_Split_92.fasta', 16.895, 22.789, 15.439, 17.345
'MAFFT_b0#0092_thH_tree_42_OP_1.3915835484150982_Split_92.fasta', 17.508, 23.36, 16.252, 17.608
'MAFFT_b0#0092_thT_tree_42_OP_1.3915835484150982_Split_92.fasta', 17.508, 23.36, 16.252, 17.608
'MAFFT_b0#0093_hhH_tree_50_OP_1.9153041649578615_Split_93.fasta', 11.032, 16.572, 7.658, 12.098
'MAFFT_b0#0093_htH_tree_49_OP_1.2895147288295243_Split_93.fasta', 16.511, 24.561, 12.737, 14.137
'MAFFT_b0#0093_htH_tree_50_OP_1.9153041649578615_Split_93.fasta', 14.419, 20.204, 9.578, 15.579
'MAFFT_b0#0093_htT_tree_50_OP_1.9153041649578615_Split_93.fasta', 14.419, 20.204, 9.578, 15.579
'MAFFT_b0#0093_thH_tree_49_OP_1.2895147288295243_Split_93.fasta', 15.247, 22.86, 13.116, 12.824
'MAFFT_b0#0093_thT_tree_49_OP_1.2895147288295243_Split_93.fasta', 15.247, 22.86, 13.116, 12.824
'MAFFT_b0#0093_ttT_tree_49_OP_1.2895147288295243_Split_93.fasta', 15.196, 22.824, 10.457, 13.559
'MAFFT_b0#0093_ttT_tree_50_OP_1.9153041649578615_Split_93.fasta', 14.314, 20.093, 9.354, 15.571
'MAFFT_b0#0094_hhH_tree_61_OP_2.233368308529553_Split_94.fasta', 21.628, 28.474, 14.477, 21.993
'MAFFT_b0#0094_hhT_tree_63_OP_2.7597843575557506_Split_94.fasta', 18.333, 24.63, 13.665, 17.125
'MAFFT_b0#0094_htT_tree_63_OP_2.7597843575557506_Split_94.fasta', 20.535, 26.83, 14.768, 20.826
'MAFFT_b0#0094_thH_tree_61_OP_2.233368308529553_Split_94.fasta', 21.534, 28.36, 14.394, 21.921
'MAFFT_b0#0094_thH_tree_63_OP_2.7597843575557506_Split_94.fasta', 18.74, 25.115, 13.966, 17.547
'MAFFT_b0#0094_thT_tree_61_OP_2.233368308529553_Split_94.fasta', 21.534, 28.36, 14.394, 21.921
'MAFFT_b0#0094_thT_tree_63_OP_2.7597843575557506_Split_94.fasta', 18.74, 25.115, 13.966, 17.547
'MAFFT_b0#0094_ttH_tree_61_OP_2.233368308529553_Split_94.fasta', 21.406, 28.17, 13.532, 21.807
'MAFFT_b0#0095_hhH_tree_36_OP_1.861931102167887_Split_95.fasta', 14.262, 19.211, 10.034, 13.997
'MAFFT_b0#0095_hhT_tree_25_OP_1.0509666088927379_Split_95.fasta', 8.985, 15.167, 5.267, 7.769
'MAFFT_b0#0095_hhT_tree_36_OP_1.861931102167887_Split_95.fasta', 14.262, 19.211, 10.034, 13.997
'MAFFT_b0#0095_htT_tree_25_OP_1.0509666088927379_Split_95.fasta', 8.985, 15.167, 5.267, 7.769
'MAFFT_b0#0095_htT_tree_36_OP_1.861931102167887_Split_95.fasta', 14.262, 19.211, 10.034, 13.997
'MAFFT_b0#0095_thT_tree_25_OP_1.0509666088927379_Split_95.fasta', 8.512, 14.693, 6.451, 6.369
'MAFFT_b0#0095_thT_tree_36_OP_1.861931102167887_Split_95.fasta', 14.221, 19.157, 10.021, 13.943
'MAFFT_b0#0095_ttH_tree_25_OP_1.0509666088927379_Split_95.fasta', 8.512, 14.693, 6.451, 6.369
'MAFFT_b1#0001_hhH_tree_41_OP_1.752396225471006_Split_1.fasta', 2.854, 8.241, 1.313, 2.521
'MAFFT_b1#0001_hhH_tree_68_OP_2.7543395888868245_Split_1.fasta', 8.582, 13.823, 5.923, 8.833
'MAFFT_b1#0001_hhT_tree_41_OP_1.752396225471006_Split_1.fasta', 2.854, 8.241, 1.313, 2.521
'MAFFT_b1#0001_hhT_tree_68_OP_2.7543395888868245_Split_1.fasta', 8.582, 13.823, 5.923, 8.833
'MAFFT_b1#0001_htH_tree_41_OP_1.752396225471006_Split_1.fasta', 4.151, 9.571, 2.982, 3.72
'MAFFT_b1#0001_htH_tree_68_OP_2.7543395888868245_Split_1.fasta', 10.204, 15.45, 8.46, 10.205
'MAFFT_b1#0001_htT_tree_41_OP_1.752396225471006_Split_1.fasta', 4.151, 9.571, 2.982, 3.72
'MAFFT_b1#0001_htT_tree_68_OP_2.7543395888868245_Split_1.fasta', 10.204, 15.45, 8.46, 10.205
'MAFFT_b1#0003_hhH_tree_7_OP_2.423506546963713_Split_3.fasta', 19.141, 25.76, 12.802, 19.879
'MAFFT_b1#0003_hhT_tree_7_OP_2.423506546963713_Split_3.fasta', 19.141, 25.76, 12.802, 19.879
'MAFFT_b1#0003_htH_tree_7_OP_2.423506546963713_Split_3.fasta', 21.316, 27.997, 13.333, 21.627
'MAFFT_b1#0003_htT_tree_7_OP_2.423506546963713_Split_3.fasta', 21.316, 27.997, 13.333, 21.627
'MAFFT_b1#0006_hhH_tree_12_OP_2.973153388725351_Split_6.fasta', 18.365, 24.59, 9.708, 19.099
'MAFFT_b1#0006_hhH_tree_82_OP_2.6007870123262946_Split_6.fasta', 22.117, 29.729, 20.049, 20.532
'MAFFT_b1#0006_hhT_tree_12_OP_2.973153388725351_Split_6.fasta', 18.365, 24.59, 9.708, 19.099
'MAFFT_b1#0006_hhT_tree_82_OP_2.6007870123262946_Split_6.fasta', 22.117, 29.729, 20.049, 20.532
'MAFFT_b1#0006_htH_tree_12_OP_2.973153388725351_Split_6.fasta', 18.721, 25.042, 9.945, 19.447
'MAFFT_b1#0006_htH_tree_82_OP_2.6007870123262946_Split_6.fasta', 21.077, 28.815, 17.732, 20.641
'MAFFT_b1#0006_htT_tree_12_OP_2.973153388725351_Split_6.fasta', 18.721, 25.042, 9.945, 19.447
'MAFFT_b1#0006_htT_tree_82_OP_2.6007870123262946_Split_6.fasta', 21.077, 28.815, 17.732, 20.641
'MAFFT_b1#0007_hhH_tree_40_OP_1.431276692692299_Split_7.fasta', 18.78, 26.048, 11.229, 19.065
'MAFFT_b1#0007_hhT_tree_40_OP_1.431276692692299_Split_7.fasta', 18.78, 26.048, 11.229, 19.065
'MAFFT_b1#0007_htH_tree_40_OP_1.431276692692299_Split_7.fasta', 18.913, 26.252, 11.498, 19.319
'MAFFT_b1#0007_htT_tree_40_OP_1.431276692692299_Split_7.fasta', 18.913, 26.252, 11.498, 19.319
'MAFFT_b1#0008_hhH_tree_29_OP_1.1774471868850718_Split_8.fasta', 11.38, 16.349, 5.915, 11.362
'MAFFT_b1#0008_hhT_tree_29_OP_1.1774471868850718_Split_8.fasta', 11.38, 16.349, 5.915, 11.362
'MAFFT_b1#0008_htH_tree_29_OP_1.1774471868850718_Split_8.fasta', 11.383, 16.353, 5.915, 11.362
'MAFFT_b1#0008_htT_tree_29_OP_1.1774471868850718_Split_8.fasta', 11.383, 16.353, 5.915, 11.362
'MAFFT_b1#0010_hhH_tree_48_OP_1.0349214069593133_Split_10.fasta', 11.22, 18.242, 7.508, 10.467
'MAFFT_b1#0010_hhH_tree_51_OP_1.018044877173671_Split_10.fasta', 13.351, 19.962, 10.154, 13.583
'MAFFT_b1#0010_hhT_tree_48_OP_1.0349214069593133_Split_10.fasta', 11.22, 18.242, 7.508, 10.467
'MAFFT_b1#0010_hhT_tree_51_OP_1.018044877173671_Split_10.fasta', 13.351, 19.962, 10.154, 13.583
'MAFFT_b1#0010_htH_tree_48_OP_1.0349214069593133_Split_10.fasta', 10.114, 16.578, 5.306, 10.756
'MAFFT_b1#0010_htH_tree_51_OP_1.018044877173671_Split_10.fasta', 11.129, 17.649, 8.113, 10.899
'MAFFT_b1#0010_htT_tree_48_OP_1.0349214069593133_Split_10.fasta', 10.114, 16.578, 5.306, 10.756
'MAFFT_b1#0010_htT_tree_51_OP_1.018044877173671_Split_10.fasta', 11.129, 17.649, 8.113, 10.899
'MAFFT_b1#0011_hhH_tree_84_OP_2.680201119072135_Split_11.fasta', 12.736, 18.596, 6.501, 15.173
'MAFFT_b1#0011_hhT_tree_84_OP_2.680201119072135_Split_11.fasta', 12.736, 18.596, 6.501, 15.173
'MAFFT_b1#0011_htH_tree_84_OP_2.680201119072135_Split_11.fasta', 14.28, 20.391, 9.792, 15.15
'MAFFT_b1#0011_htT_tree_84_OP_2.680201119072135_Split_11.fasta', 14.28, 20.391, 9.792, 15.15
'MAFFT_b1#0012_hhH_tree_62_OP_2.4330105528955412_Split_12.fasta', 13.147, 17.98, 7.763, 14.429
'MAFFT_b1#0012_hhT_tree_62_OP_2.4330105528955412_Split_12.fasta', 13.147, 17.98, 7.763, 14.429
'MAFFT_b1#0012_htH_tree_62_OP_2.4330105528955412_Split_12.fasta', 12.925, 17.691, 11.789, 13.494
'MAFFT_b1#0012_htT_tree_62_OP_2.4330105528955412_Split_12.fasta', 12.925, 17.691, 11.789, 13.494
'MAFFT_b1#0014_hhH_tree_44_OP_2.639288724484837_Split_14.fasta', 20.082, 26.895, 15.876, 19.977
'MAFFT_b1#0014_hhH_tree_67_OP_1.9260663748429023_Split_14.fasta', 18.91, 25.566, 10.995, 20.48
'MAFFT_b1#0014_hhT_tree_44_OP_2.639288724484837_Split_14.fasta', 20.082, 26.895, 15.876, 19.977
'MAFFT_b1#0014_hhT_tree_67_OP_1.9260663748429023_Split_14.fasta', 18.91, 25.566, 10.995, 20.48
'MAFFT_b1#0014_htH_tree_44_OP_2.639288724484837_Split_14.fasta', 20.474, 27.369, 16.135, 20.389
'MAFFT_b1#0014_htH_tree_67_OP_1.9260663748429023_Split_14.fasta', 18.319, 24.689, 15.72, 20.082
'MAFFT_b1#0014_htT_tree_44_OP_2.639288724484837_Split_14.fasta', 20.474, 27.369, 16.135, 20.389
'MAFFT_b1#0014_htT_tree_67_OP_1.9260663748429023_Split_14.fasta', 18.319, 24.689, 15.72, 20.082
'MAFFT_b1#0016_hhH_tree_33_OP_2.3139125348148384_Split_16.fasta', 14.4, 20.859, 13.51, 15.23
'MAFFT_b1#0016_hhT_tree_33_OP_2.3139125348148384_Split_16.fasta', 14.4, 20.859, 13.51, 15.23
'MAFFT_b1#0016_htH_tree_33_OP_2.3139125348148384_Split_16.fasta', 14.559, 21.069, 14.402, 16.168
'MAFFT_b1#0016_htT_tree_33_OP_2.3139125348148384_Split_16.fasta', 14.559, 21.069, 14.402, 16.168
'MAFFT_b1#0017_hhH_tree_45_OP_2.295265953595705_Split_17.fasta', 11.914, 16.588, 7.553, 13.956
'MAFFT_b1#0017_hhH_tree_90_OP_2.1610607075340664_Split_17.fasta', 19.631, 25.946, 16.341, 19.159
'MAFFT_b1#0017_hhT_tree_45_OP_2.295265953595705_Split_17.fasta', 11.914, 16.588, 7.553, 13.956
'MAFFT_b1#0017_hhT_tree_90_OP_2.1610607075340664_Split_17.fasta', 19.631, 25.946, 16.341, 19.159
'MAFFT_b1#0017_htH_tree_45_OP_2.295265953595705_Split_17.fasta', 10.261, 14.611, 6.985, 11.922
'MAFFT_b1#0017_htH_tree_90_OP_2.1610607075340664_Split_17.fasta', 19.32, 25.589, 16.239, 18.519
'MAFFT_b1#0017_htT_tree_45_OP_2.295265953595705_Split_17.fasta', 10.261, 14.611, 6.985, 11.922
'MAFFT_b1#0017_htT_tree_90_OP_2.1610607075340664_Split_17.fasta', 19.32, 25.589, 16.239, 18.519
'MAFFT_b1#0019_hhH_tree_54_OP_1.6636194832224898_Split_19.fasta', 15.02, 21.612, 10.083, 15.825
'MAFFT_b1#0019_hhH_tree_94_OP_2.5553791369687318_Split_19.fasta', 15.704, 21.09, 13.005, 14.165
'MAFFT_b1#0019_hhT_tree_54_OP_1.6636194832224898_Split_19.fasta', 15.02, 21.612, 10.083, 15.825
'MAFFT_b1#0019_hhT_tree_94_OP_2.5553791369687318_Split_19.fasta', 15.704, 21.09, 13.005, 14.165
'MAFFT_b1#0019_htH_tree_54_OP_1.6636194832224898_Split_19.fasta', 14.987, 21.6, 10.046, 15.747
'MAFFT_b1#0019_htH_tree_94_OP_2.5553791369687318_Split_19.fasta', 15.946, 21.379, 13.212, 14.403
'MAFFT_b1#0019_htT_tree_54_OP_1.6636194832224898_Split_19.fasta', 14.987, 21.6, 10.046, 15.747
'MAFFT_b1#0019_htT_tree_94_OP_2.5553791369687318_Split_19.fasta', 15.946, 21.379, 13.212, 14.403
'MAFFT_b1#0022_hhH_tree_39_OP_1.522040361295851_Split_22.fasta', 18.646, 25.863, 14.627, 20.937
'MAFFT_b1#0022_hhH_tree_64_OP_2.935413362566628_Split_22.fasta', 19.041, 25.441, 9.981, 19.637
'MAFFT_b1#0022_hhT_tree_39_OP_1.522040361295851_Split_22.fasta', 18.646, 25.863, 14.627, 20.937
'MAFFT_b1#0022_hhT_tree_64_OP_2.935413362566628_Split_22.fasta', 19.041, 25.441, 9.981, 19.637
'MAFFT_b1#0022_htH_tree_39_OP_1.522040361295851_Split_22.fasta', 18.075, 25.276, 16.123, 18.346
'MAFFT_b1#0022_htH_tree_64_OP_2.935413362566628_Split_22.fasta', 19.384, 25.871, 10.23, 20.076
'MAFFT_b1#0022_htT_tree_39_OP_1.522040361295851_Split_22.fasta', 18.075, 25.276, 16.123, 18.346
'MAFFT_b1#0022_htT_tree_64_OP_2.935413362566628_Split_22.fasta', 19.384, 25.871, 10.23, 20.076
'MAFFT_b1#0024_hhH_tree_34_OP_2.407510533391993_Split_24.fasta', 14.502, 20.503, 11.323, 13.294
'MAFFT_b1#0024_hhT_tree_34_OP_2.407510533391993_Split_24.fasta', 14.502, 20.503, 11.323, 13.294
'MAFFT_b1#0024_htH_tree_34_OP_2.407510533391993_Split_24.fasta', 13.668, 19.294, 10.666, 12.243
'MAFFT_b1#0024_htT_tree_34_OP_2.407510533391993_Split_24.fasta', 13.668, 19.294, 10.666, 12.243
'MAFFT_b1#0025_hhH_tree_59_OP_2.170731131311491_Split_25.fasta', 17.496, 24.377, 12.888, 18.558
'MAFFT_b1#0025_hhH_tree_85_OP_2.480824599307775_Split_25.fasta', 16.639, 23.451, 14.083, 17.656
'MAFFT_b1#0025_hhT_tree_59_OP_2.170731131311491_Split_25.fasta', 17.496, 24.377, 12.888, 18.558
'MAFFT_b1#0025_hhT_tree_85_OP_2.480824599307775_Split_25.fasta', 16.639, 23.451, 14.083, 17.656
'MAFFT_b1#0025_htH_tree_59_OP_2.170731131311491_Split_25.fasta', 17.052, 23.826, 12.33, 18.26
'MAFFT_b1#0025_htH_tree_85_OP_2.480824599307775_Split_25.fasta', 17.017, 23.876, 14.391, 17.954
'MAFFT_b1#0025_htT_tree_59_OP_2.170731131311491_Split_25.fasta', 17.052, 23.826, 12.33, 18.26
'MAFFT_b1#0025_htT_tree_85_OP_2.480824599307775_Split_25.fasta', 17.017, 23.876, 14.391, 17.954
'MAFFT_b1#0026_hhH_tree_21_OP_2.1310205653910055_Split_26.fasta', 9.988, 15.454, 9.904, 8.869
'MAFFT_b1#0026_hhH_tree_80_OP_2.5217903856188704_Split_26.fasta', 16.84, 23.477, 14.752, 18.259
'MAFFT_b1#0026_hhT_tree_21_OP_2.1310205653910055_Split_26.fasta', 9.988, 15.454, 9.904, 8.869
'MAFFT_b1#0026_hhT_tree_80_OP_2.5217903856188704_Split_26.fasta', 16.84, 23.477, 14.752, 18.259
'MAFFT_b1#0026_htH_tree_21_OP_2.1310205653910055_Split_26.fasta', 10.353, 15.863, 8.74, 9.576
'MAFFT_b1#0026_htH_tree_80_OP_2.5217903856188704_Split_26.fasta', 17.174, 23.886, 14.983, 18.6
'MAFFT_b1#0026_htT_tree_21_OP_2.1310205653910055_Split_26.fasta', 10.353, 15.863, 8.74, 9.576
'MAFFT_b1#0026_htT_tree_80_OP_2.5217903856188704_Split_26.fasta', 17.174, 23.886, 14.983, 18.6
'MAFFT_b1#0027_hhH_tree_10_OP_1.9679388553310329_Split_27.fasta', 17.958, 25.109, 12.862, 18.469
'MAFFT_b1#0027_hhT_tree_10_OP_1.9679388553310329_Split_27.fasta', 17.958, 25.109, 12.862, 18.469
'MAFFT_b1#0027_htH_tree_10_OP_1.9679388553310329_Split_27.fasta', 17.925, 25.082, 14.944, 15.95
'MAFFT_b1#0027_htT_tree_10_OP_1.9679388553310329_Split_27.fasta', 17.925, 25.082, 14.944, 15.95
'MAFFT_b1#0028_hhH_tree_66_OP_2.9673947251158412_Split_28.fasta', 16.625, 22.547, 13.518, 16.934
'MAFFT_b1#0028_hhT_tree_66_OP_2.9673947251158412_Split_28.fasta', 16.625, 22.547, 13.518, 16.934
'MAFFT_b1#0028_htH_tree_66_OP_2.9673947251158412_Split_28.fasta', 15.291, 20.918, 8.433, 16.195
'MAFFT_b1#0028_htT_tree_66_OP_2.9673947251158412_Split_28.fasta', 15.291, 20.918, 8.433, 16.195
'MAFFT_b1#0029_hhH_tree_27_OP_1.6859321025856457_Split_29.fasta', 15.842, 21.469, 13.326, 15.588
'MAFFT_b1#0029_hhT_tree_27_OP_1.6859321025856457_Split_29.fasta', 15.842, 21.469, 13.326, 15.588
'MAFFT_b1#0029_htH_tree_27_OP_1.6859321025856457_Split_29.fasta', 14.435, 19.663, 12.756, 13.925
'MAFFT_b1#0029_htT_tree_27_OP_1.6859321025856457_Split_29.fasta', 14.435, 19.663, 12.756, 13.925
'MAFFT_b1#0031_hhH_tree_23_OP_2.940403370408288_Split_31.fasta', 13.373, 19.299, 12.01, 15.603
'MAFFT_b1#0031_hhH_tree_78_OP_1.9842214843426838_Split_31.fasta', 8.296, 13.128, 3.266, 6.747
'MAFFT_b1#0031_hhT_tree_23_OP_2.940403370408288_Split_31.fasta', 13.373, 19.299, 12.01, 15.603
'MAFFT_b1#0031_hhT_tree_78_OP_1.9842214843426838_Split_31.fasta', 8.296, 13.128, 3.266, 6.747
'MAFFT_b1#0031_htH_tree_23_OP_2.940403370408288_Split_31.fasta', 14.543, 20.588, 12.872, 16.497
'MAFFT_b1#0031_htH_tree_78_OP_1.9842214843426838_Split_31.fasta', 8.848, 13.727, 3.105, 7.311
'MAFFT_b1#0031_htT_tree_23_OP_2.940403370408288_Split_31.fasta', 14.543, 20.588, 12.872, 16.497
'MAFFT_b1#0031_htT_tree_78_OP_1.9842214843426838_Split_31.fasta', 8.848, 13.727, 3.105, 7.311
'MAFFT_b1#0035_hhH_tree_71_OP_2.3680950705345123_Split_35.fasta', 18.466, 25.387, 12.744, 18.821
'MAFFT_b1#0035_hhH_tree_75_OP_2.4023709813773846_Split_35.fasta', 17.627, 23.701, 16.795, 17.75
'MAFFT_b1#0035_hhH_tree_9_OP_1.5653274151471246_Split_35.fasta', 12.636, 18.641, 5.664, 14.391
'MAFFT_b1#0035_hhT_tree_71_OP_2.3680950705345123_Split_35.fasta', 18.466, 25.387, 12.744, 18.821
'MAFFT_b1#0035_hhT_tree_75_OP_2.4023709813773846_Split_35.fasta', 17.627, 23.701, 16.795, 17.75
'MAFFT_b1#0035_hhT_tree_9_OP_1.5653274151471246_Split_35.fasta', 12.636, 18.641, 5.664, 14.391
'MAFFT_b1#0035_htH_tree_71_OP_2.3680950705345123_Split_35.fasta', 18.439, 25.36, 12.715, 18.789
'MAFFT_b1#0035_htH_tree_75_OP_2.4023709813773846_Split_35.fasta', 17.635, 23.707, 16.804, 17.757
'MAFFT_b1#0035_htH_tree_9_OP_1.5653274151471246_Split_35.fasta', 14.501, 20.087, 10.101, 14.942
'MAFFT_b1#0035_htT_tree_71_OP_2.3680950705345123_Split_35.fasta', 18.439, 25.36, 12.715, 18.789
'MAFFT_b1#0035_htT_tree_75_OP_2.4023709813773846_Split_35.fasta', 17.635, 23.707, 16.804, 17.757
'MAFFT_b1#0035_htT_tree_9_OP_1.5653274151471246_Split_35.fasta', 14.501, 20.087, 10.101, 14.942
'MAFFT_b1#0036_hhH_tree_69_OP_2.9824622002885617_Split_36.fasta', 16.282, 22.799, 9.371, 15.851
'MAFFT_b1#0036_hhH_tree_74_OP_2.943304477827338_Split_36.fasta', 15.008, 21.067, 10.397, 15.678
'MAFFT_b1#0036_hhH_tree_91_OP_2.3523277060939405_Split_36.fasta', 14.488, 19.726, 13.314, 14.889
'MAFFT_b1#0036_hhT_tree_69_OP_2.9824622002885617_Split_36.fasta', 16.282, 22.799, 9.371, 15.851
'MAFFT_b1#0036_hhT_tree_74_OP_2.943304477827338_Split_36.fasta', 15.008, 21.067, 10.397, 15.678
'MAFFT_b1#0036_hhT_tree_91_OP_2.3523277060939405_Split_36.fasta', 14.488, 19.726, 13.314, 14.889
'MAFFT_b1#0036_htH_tree_69_OP_2.9824622002885617_Split_36.fasta', 16.996, 23.651, 11.423, 16.224
'MAFFT_b1#0036_htH_tree_74_OP_2.943304477827338_Split_36.fasta', 15.612, 21.768, 13.141, 15.266
'MAFFT_b1#0036_htH_tree_91_OP_2.3523277060939405_Split_36.fasta', 14.78, 20.123, 13.483, 15.064
'MAFFT_b1#0036_htT_tree_69_OP_2.9824622002885617_Split_36.fasta', 16.996, 23.651, 11.423, 16.224
'MAFFT_b1#0036_htT_tree_74_OP_2.943304477827338_Split_36.fasta', 15.612, 21.768, 13.141, 15.266
'MAFFT_b1#0036_htT_tree_91_OP_2.3523277060939405_Split_36.fasta', 14.78, 20.123, 13.483, 15.064
'MAFFT_b1#0037_hhH_tree_46_OP_2.5904987735791676_Split_37.fasta', 18.3, 23.936, 14.008, 18.048
'MAFFT_b1#0037_hhH_tree_65_OP_1.3986977410996977_Split_37.fasta', 19.798, 27.487, 12.862, 21.804
'MAFFT_b1#0037_hhT_tree_46_OP_2.5904987735791676_Split_37.fasta', 18.3, 23.936, 14.008, 18.048
'MAFFT_b1#0037_hhT_tree_65_OP_1.3986977410996977_Split_37.fasta', 19.798, 27.487, 12.862, 21.804
'MAFFT_b1#0037_htH_tree_46_OP_2.5904987735791676_Split_37.fasta', 17.535, 22.911, 12.044, 18.218
'MAFFT_b1#0037_htH_tree_65_OP_1.3986977410996977_Split_37.fasta', 19.677, 27.355, 12.789, 21.67
'MAFFT_b1#0037_htT_tree_46_OP_2.5904987735791676_Split_37.fasta', 17.535, 22.911, 12.044, 18.218
'MAFFT_b1#0037_htT_tree_65_OP_1.3986977410996977_Split_37.fasta', 19.677, 27.355, 12.789, 21.67
'MAFFT_b1#0039_hhH_tree_22_OP_1.0333726057419617_Split_39.fasta', 20.115, 27.773, 12.178, 20.597
'MAFFT_b1#0039_hhT_tree_22_OP_1.0333726057419617_Split_39.fasta', 20.115, 27.773, 12.178, 20.597
'MAFFT_b1#0039_htH_tree_22_OP_1.0333726057419617_Split_39.fasta', 19.171, 26.568, 17.339, 18.143
'MAFFT_b1#0039_htT_tree_22_OP_1.0333726057419617_Split_39.fasta', 19.171, 26.568, 17.339, 18.143
'MAFFT_b1#0041_hhH_tree_31_OP_2.371648195541206_Split_41.fasta', 15.905, 22.429, 9.096, 18.254
'MAFFT_b1#0041_hhH_tree_8_OP_2.990366431633018_Split_41.fasta', 21.122, 27.823, 17.508, 22.826
'MAFFT_b1#0041_hhT_tree_31_OP_2.371648195541206_Split_41.fasta', 15.905, 22.429, 9.096, 18.254
'MAFFT_b1#0041_hhT_tree_8_OP_2.990366431633018_Split_41.fasta', 21.122, 27.823, 17.508, 22.826
'MAFFT_b1#0041_htH_tree_31_OP_2.371648195541206_Split_41.fasta', 16.327, 22.918, 9.539, 18.664
'MAFFT_b1#0041_htH_tree_8_OP_2.990366431633018_Split_41.fasta', 21.197, 27.883, 17.604, 22.902
'MAFFT_b1#0041_htT_tree_31_OP_2.371648195541206_Split_41.fasta', 16.327, 22.918, 9.539, 18.664
'MAFFT_b1#0041_htT_tree_8_OP_2.990366431633018_Split_41.fasta', 21.197, 27.883, 17.604, 22.902
'MAFFT_b1#0042_hhH_tree_92_OP_1.133352346367843_Split_42.fasta', 11.335, 17.667, 5.213, 11.308
'MAFFT_b1#0042_hhT_tree_92_OP_1.133352346367843_Split_42.fasta', 11.335, 17.667, 5.213, 11.308
'MAFFT_b1#0042_htH_tree_92_OP_1.133352346367843_Split_42.fasta', 11.349, 17.573, 8.138, 8.407
'MAFFT_b1#0042_htT_tree_92_OP_1.133352346367843_Split_42.fasta', 11.349, 17.573, 8.138, 8.407
'MAFFT_b1#0043_hhH_tree_95_OP_2.498402958697362_Split_43.fasta', 23.808, 31.284, 21.227, 22.812
'MAFFT_b1#0043_hhT_tree_95_OP_2.498402958697362_Split_43.fasta', 23.808, 31.284, 21.227, 22.812
'MAFFT_b1#0043_htH_tree_95_OP_2.498402958697362_Split_43.fasta', 23.021, 30.341, 20.337, 21.553
'MAFFT_b1#0043_htT_tree_95_OP_2.498402958697362_Split_43.fasta', 23.021, 30.341, 20.337, 21.553
'MAFFT_b1#0044_hhH_tree_14_OP_1.7440813830902329_Split_44.fasta', 7.459, 12.894, 4.661, 8.704
'MAFFT_b1#0044_hhH_tree_52_OP_2.165361006866358_Split_44.fasta', 18.957, 25.839, 15.952, 19.213
'MAFFT_b1#0044_hhT_tree_14_OP_1.7440813830902329_Split_44.fasta', 7.459, 12.894, 4.661, 8.704
'MAFFT_b1#0044_hhT_tree_52_OP_2.165361006866358_Split_44.fasta', 18.957, 25.839, 15.952, 19.213
'MAFFT_b1#0044_htH_tree_14_OP_1.7440813830902329_Split_44.fasta', 7.428, 12.869, 4.61, 8.656
'MAFFT_b1#0044_htH_tree_52_OP_2.165361006866358_Split_44.fasta', 19.105, 26.139, 15.98, 19.362
'MAFFT_b1#0044_htT_tree_14_OP_1.7440813830902329_Split_44.fasta', 7.428, 12.869, 4.61, 8.656
'MAFFT_b1#0044_htT_tree_52_OP_2.165361006866358_Split_44.fasta', 19.105, 26.139, 15.98, 19.362
'MSA.BALIPHY.aln.best.23410.fas', 22.198, 29.544, 18.389, 21.773
'MSA.MAFFT.aln.With_Names', 24.295, 31.866, 16.402, 25.487
'MSA.MUSCLE.aln.best.23410.fas', 20.634, 24.944, 17.039, 17.639
'MSA.PRANK.aln.With_Names', 3.469, 7.558, 1.278, 2.139
'MUSCLE_diversified_replicate.abc.1.afa', 19.377, 25.708, 14.012, 17.662
'MUSCLE_diversified_replicate.abc.101.afa', 15.429, 21.489, 11.739, 13.204
'MUSCLE_diversified_replicate.abc.105.afa', 18.119, 24.172, 14.176, 17.432
'MUSCLE_diversified_replicate.abc.109.afa', 22.116, 28.074, 19.069, 21.164
'MUSCLE_diversified_replicate.abc.113.afa', 22.414, 28.59, 19.886, 21.479
'MUSCLE_diversified_replicate.abc.117.afa', 17.382, 23.697, 13.105, 15.571
'MUSCLE_diversified_replicate.abc.121.afa', 18.087, 24.47, 15.61, 16.689
'MUSCLE_diversified_replicate.abc.125.afa', 18.701, 24.765, 15.845, 16.52
'MUSCLE_diversified_replicate.abc.129.afa', 18.937, 25.322, 15.325, 17.469
'MUSCLE_diversified_replicate.abc.13.afa', 20.872, 27.004, 17.213, 17.928
'MUSCLE_diversified_replicate.abc.133.afa', 23.892, 30.273, 19.395, 23.705
'MUSCLE_diversified_replicate.abc.137.afa', 16.442, 22.647, 13.08, 13.737
'MUSCLE_diversified_replicate.abc.141.afa', 15.38, 21.22, 13.202, 13.497
'MUSCLE_diversified_replicate.abc.145.afa', 18.092, 24.138, 16.012, 16.476
'MUSCLE_diversified_replicate.abc.149.afa', 21.901, 28.324, 17.721, 21.845
'MUSCLE_diversified_replicate.abc.153.afa', 18.149, 24.046, 14.309, 16.533
'MUSCLE_diversified_replicate.abc.157.afa', 13.896, 19.8, 10.755, 12.712
'MUSCLE_diversified_replicate.abc.161.afa', 20.814, 26.447, 18.481, 19.631
'MUSCLE_diversified_replicate.abc.165.afa', 16.831, 23.165, 13.795, 16.115
'MUSCLE_diversified_replicate.abc.169.afa', 19.453, 25.407, 15.746, 17.965
'MUSCLE_diversified_replicate.abc.17.afa', 19.957, 25.577, 18.273, 18.872
'MUSCLE_diversified_replicate.abc.173.afa', 19.541, 25.441, 15.796, 17.26
'MUSCLE_diversified_replicate.abc.177.afa', 17.54, 23.685, 13.876, 16.287
'MUSCLE_diversified_replicate.abc.181.afa', 19.475, 25.565, 16.028, 18.159
'MUSCLE_diversified_replicate.abc.185.afa', 16.715, 22.902, 13.671, 15.56
'MUSCLE_diversified_replicate.abc.189.afa', 16.427, 22.758, 12.958, 16.332
'MUSCLE_diversified_replicate.abc.193.afa', 16.934, 23.04, 12.993, 15.302
'MUSCLE_diversified_replicate.abc.197.afa', 18.806, 24.702, 15.723, 16.733
'MUSCLE_diversified_replicate.abc.201.afa', 19.56, 25.835, 14.827, 17.908
'MUSCLE_diversified_replicate.abc.205.afa', 20.333, 26.597, 15.859, 18.757
'MUSCLE_diversified_replicate.abc.209.afa', 17.985, 23.951, 14.49, 16.814
'MUSCLE_diversified_replicate.abc.21.afa', 16.198, 22.015, 14.236, 15.313
'MUSCLE_diversified_replicate.abc.213.afa', 18.088, 22.977, 16.487, 17.565
'MUSCLE_diversified_replicate.abc.217.afa', 19.932, 26.478, 15.51, 18.632
'MUSCLE_diversified_replicate.abc.221.afa', 20.454, 26.403, 16.105, 19.146
'MUSCLE_diversified_replicate.abc.225.afa', 16.202, 22.358, 12.909, 14.467
'MUSCLE_diversified_replicate.abc.229.afa', 15.781, 21.315, 12.896, 15.314
'MUSCLE_diversified_replicate.abc.233.afa', 18.369, 23.954, 16.169, 17.51
'MUSCLE_diversified_replicate.abc.237.afa', 15.077, 20.966, 12.581, 14.323
'MUSCLE_diversified_replicate.abc.241.afa', 18.72, 24.628, 14.795, 17.277
'MUSCLE_diversified_replicate.abc.245.afa', 16.68, 22.654, 13.102, 14.866
'MUSCLE_diversified_replicate.abc.249.afa', 18.425, 24.847, 14.687, 17.064
'MUSCLE_diversified_replicate.abc.25.afa', 10.188, 11.197, 6.595, 5.59
'MUSCLE_diversified_replicate.abc.253.afa', 20.601, 26.075, 18.547, 20.047
'MUSCLE_diversified_replicate.abc.257.afa', 20.051, 26.211, 15.612, 17.797
'MUSCLE_diversified_replicate.abc.261.afa', 14.367, 19.971, 11.257, 13.478
'MUSCLE_diversified_replicate.abc.265.afa', 16.88, 22.857, 13.713, 15.505
'MUSCLE_diversified_replicate.abc.269.afa', 20.13, 26.396, 16.154, 18.833
'MUSCLE_diversified_replicate.abc.273.afa', 15.34, 21.228, 13.235, 14.854
'MUSCLE_diversified_replicate.abc.277.afa', 15.499, 21.585, 12.456, 14.096
'MUSCLE_diversified_replicate.abc.281.afa', 16.937, 23.395, 13.564, 15.61
'MUSCLE_diversified_replicate.abc.285.afa', 19.869, 26.548, 14.482, 18.656
'MUSCLE_diversified_replicate.abc.289.afa', 19.747, 26.211, 17.602, 17.893
'MUSCLE_diversified_replicate.abc.29.afa', 15.143, 20.566, 12.675, 14.041
'MUSCLE_diversified_replicate.abc.293.afa', 19.523, 25.688, 15.98, 17.876
'MUSCLE_diversified_replicate.abc.297.afa', 18.66, 24.63, 16.194, 16.319
'MUSCLE_diversified_replicate.abc.301.afa', 11.881, 15.9, 7.579, 8.361
'MUSCLE_diversified_replicate.abc.305.afa', 19.261, 25.38, 15.475, 17.782
'MUSCLE_diversified_replicate.abc.309.afa', 18.436, 25.221, 14.571, 17.737
'MUSCLE_diversified_replicate.abc.313.afa', 14.582, 20.496, 12.05, 14.301
'MUSCLE_diversified_replicate.abc.317.afa', 13.509, 19.123, 10.268, 12.577
'MUSCLE_diversified_replicate.abc.321.afa', 20.617, 27.128, 17.373, 17.924
'MUSCLE_diversified_replicate.abc.325.afa', 17.974, 24.174, 14.535, 16.684
'MUSCLE_diversified_replicate.abc.329.afa', 15.59, 21.73, 12.546, 14.265
'MUSCLE_diversified_replicate.abc.33.afa', 17.078, 23.372, 13.425, 16.102
'MUSCLE_diversified_replicate.abc.333.afa', 23.701, 30.023, 21.341, 22.85
'MUSCLE_diversified_replicate.abc.337.afa', 21.491, 27.48, 18.695, 21.34
'MUSCLE_diversified_replicate.abc.341.afa', 15.067, 20.576, 12.17, 13.68
'MUSCLE_diversified_replicate.abc.345.afa', 22.136, 28.534, 17.668, 22.396
'MUSCLE_diversified_replicate.abc.349.afa', 20.515, 26.958, 16.85, 18.238
'MUSCLE_diversified_replicate.abc.353.afa', 17.415, 23.794, 14.219, 16.369
'MUSCLE_diversified_replicate.abc.357.afa', 18.917, 24.915, 14.984, 17.571
'MUSCLE_diversified_replicate.abc.361.afa', 16.647, 22.428, 13.773, 15.826
'MUSCLE_diversified_replicate.abc.365.afa', 18.636, 25.184, 13.745, 17.534
'MUSCLE_diversified_replicate.abc.369.afa', 18.363, 24.259, 14.877, 16.875
'MUSCLE_diversified_replicate.abc.37.afa', 19.316, 25.623, 14.277, 17.412
'MUSCLE_diversified_replicate.abc.373.afa', 20.6, 27.065, 16.904, 19.582
'MUSCLE_diversified_replicate.abc.377.afa', 17.781, 23.797, 14.481, 16.518
'MUSCLE_diversified_replicate.abc.381.afa', 16.453, 22.191, 13.402, 15.0
'MUSCLE_diversified_replicate.abc.385.afa', 21.319, 27.946, 16.795, 19.619
'MUSCLE_diversified_replicate.abc.389.afa', 15.49, 21.381, 12.827, 14.024
'MUSCLE_diversified_replicate.abc.393.afa', 19.447, 25.475, 15.496, 18.08
'MUSCLE_diversified_replicate.abc.397.afa', 19.59, 25.511, 14.953, 17.769
'MUSCLE_diversified_replicate.abc.41.afa', 15.657, 21.502, 13.457, 14.652
'MUSCLE_diversified_replicate.abc.45.afa', 21.027, 26.968, 18.881, 20.88
'MUSCLE_diversified_replicate.abc.49.afa', 19.459, 25.579, 16.24, 18.199
'MUSCLE_diversified_replicate.abc.5.afa', 19.289, 25.604, 14.592, 17.581
'MUSCLE_diversified_replicate.abc.53.afa', 15.322, 20.942, 12.984, 14.235
'MUSCLE_diversified_replicate.abc.57.afa', 19.267, 25.751, 16.633, 18.337
'MUSCLE_diversified_replicate.abc.61.afa', 22.915, 29.304, 19.821, 22.365
'MUSCLE_diversified_replicate.abc.65.afa', 19.13, 25.331, 16.423, 16.476
'MUSCLE_diversified_replicate.abc.69.afa', 12.467, 17.716, 11.031, 11.512
'MUSCLE_diversified_replicate.abc.73.afa', 17.832, 24.139, 14.77, 16.721
'MUSCLE_diversified_replicate.abc.77.afa', 18.358, 24.258, 14.553, 16.952
'MUSCLE_diversified_replicate.abc.81.afa', 20.538, 27.299, 17.445, 18.782
'MUSCLE_diversified_replicate.abc.85.afa', 19.537, 25.605, 15.151, 17.446
'MUSCLE_diversified_replicate.abc.89.afa', 19.533, 25.781, 16.424, 17.602
'MUSCLE_diversified_replicate.abc.9.afa', 17.949, 24.215, 14.007, 16.253
'MUSCLE_diversified_replicate.abc.93.afa', 17.569, 24.149, 13.866, 16.682
'MUSCLE_diversified_replicate.abc.97.afa', 22.732, 28.928, 19.013, 23.043
'MUSCLE_diversified_replicate.acb.10.afa', 18.511, 25.099, 14.408, 17.827
'MUSCLE_diversified_replicate.acb.102.afa', 11.78, 16.037, 10.605, 11.891
'MUSCLE_diversified_replicate.acb.106.afa', 20.139, 26.373, 17.077, 19.025
'MUSCLE_diversified_replicate.acb.110.afa', 18.613, 24.347, 16.605, 16.013
'MUSCLE_diversified_replicate.acb.114.afa', 18.495, 24.509, 14.322, 16.78
'MUSCLE_diversified_replicate.acb.118.afa', 10.889, 15.386, 9.119, 10.347
'MUSCLE_diversified_replicate.acb.122.afa', 15.418, 21.535, 10.933, 13.865
'MUSCLE_diversified_replicate.acb.126.afa', 16.979, 23.174, 13.801, 15.34
'MUSCLE_diversified_replicate.acb.130.afa', 19.638, 25.82, 15.179, 18.189
'MUSCLE_diversified_replicate.acb.134.afa', 12.48, 17.037, 12.171, 10.307
'MUSCLE_diversified_replicate.acb.138.afa', 20.912, 27.387, 17.831, 18.109
'MUSCLE_diversified_replicate.acb.14.afa', 18.605, 23.628, 17.45, 18.323
'MUSCLE_diversified_replicate.acb.142.afa', 21.294, 27.328, 17.108, 21.572
'MUSCLE_diversified_replicate.acb.146.afa', 18.77, 24.692, 16.451, 16.237
'MUSCLE_diversified_replicate.acb.150.afa', 22.528, 28.925, 18.312, 23.046
'MUSCLE_diversified_replicate.acb.154.afa', 16.16, 21.839, 13.561, 14.567
'MUSCLE_diversified_replicate.acb.158.afa', 17.215, 22.525, 14.131, 15.702
'MUSCLE_diversified_replicate.acb.162.afa', 23.221, 29.585, 20.789, 23.111
'MUSCLE_diversified_replicate.acb.166.afa', 19.479, 25.925, 15.733, 17.181
'MUSCLE_diversified_replicate.acb.170.afa', 19.466, 25.863, 14.656, 18.007
'MUSCLE_diversified_replicate.acb.174.afa', 21.11, 26.656, 17.43, 20.68
'MUSCLE_diversified_replicate.acb.178.afa', 19.372, 24.922, 15.981, 19.245
'MUSCLE_diversified_replicate.acb.18.afa', 19.792, 25.738, 16.218, 18.446
'MUSCLE_diversified_replicate.acb.182.afa', 13.347, 18.416, 11.702, 13.741
'MUSCLE_diversified_replicate.acb.186.afa', 18.394, 24.601, 17.853, 15.042
'MUSCLE_diversified_replicate.acb.190.afa', 20.861, 27.055, 16.328, 19.019
'MUSCLE_diversified_replicate.acb.194.afa', 22.451, 28.704, 19.983, 21.873
'MUSCLE_diversified_replicate.acb.198.afa', 21.905, 27.685, 20.334, 19.87
'MUSCLE_diversified_replicate.acb.2.afa', 20.795, 26.51, 18.72, 18.501
'MUSCLE_diversified_replicate.acb.202.afa', 18.098, 24.202, 13.426, 16.078
'MUSCLE_diversified_replicate.acb.206.afa', 14.349, 19.618, 12.696, 13.712
'MUSCLE_diversified_replicate.acb.210.afa', 14.184, 19.044, 14.496, 12.229
'MUSCLE_diversified_replicate.acb.214.afa', 22.444, 28.529, 18.001, 22.135
'MUSCLE_diversified_replicate.acb.218.afa', 22.095, 28.064, 19.987, 21.277
'MUSCLE_diversified_replicate.acb.22.afa', 18.93, 24.563, 15.952, 18.07
'MUSCLE_diversified_replicate.acb.222.afa', 17.861, 23.416, 15.197, 15.295
'MUSCLE_diversified_replicate.acb.226.afa', 21.157, 26.91, 16.708, 20.783
'MUSCLE_diversified_replicate.acb.230.afa', 13.976, 18.695, 13.467, 14.176
'MUSCLE_diversified_replicate.acb.234.afa', 18.966, 25.352, 14.372, 17.842
'MUSCLE_diversified_replicate.acb.238.afa', 15.79, 21.438, 13.975, 14.121
'MUSCLE_diversified_replicate.acb.242.afa', 17.711, 24.589, 14.041, 16.408
'MUSCLE_diversified_replicate.acb.246.afa', 17.007, 23.236, 13.228, 15.321
'MUSCLE_diversified_replicate.acb.250.afa', 16.96, 23.138, 13.234, 15.398
'MUSCLE_diversified_replicate.acb.254.afa', 19.499, 25.902, 14.475, 17.773
'MUSCLE_diversified_replicate.acb.258.afa', 15.456, 20.539, 13.923, 13.402
'MUSCLE_diversified_replicate.acb.26.afa', 20.298, 26.608, 15.637, 18.634
'MUSCLE_diversified_replicate.acb.262.afa', 22.067, 28.021, 18.485, 21.801
'MUSCLE_diversified_replicate.acb.266.afa', 19.037, 24.89, 15.528, 17.763
'MUSCLE_diversified_replicate.acb.270.afa', 10.854, 11.974, 7.821, 6.46
'MUSCLE_diversified_replicate.acb.274.afa', 19.397, 25.789, 15.752, 17.859
'MUSCLE_diversified_replicate.acb.278.afa', 12.228, 16.264, 13.176, 10.072
'MUSCLE_diversified_replicate.acb.282.afa', 13.487, 18.468, 12.087, 13.1
'MUSCLE_diversified_replicate.acb.286.afa', 23.499, 29.831, 21.255, 22.801
'MUSCLE_diversified_replicate.acb.290.afa', 23.368, 29.456, 19.95, 23.268
'MUSCLE_diversified_replicate.acb.294.afa', 15.251, 20.74, 12.856, 14.096
'MUSCLE_diversified_replicate.acb.298.afa', 18.623, 24.595, 16.458, 16.916
'MUSCLE_diversified_replicate.acb.30.afa', 12.008, 16.465, 11.318, 11.493
'MUSCLE_diversified_replicate.acb.302.afa', 12.162, 16.458, 10.738, 12.24
'MUSCLE_diversified_replicate.acb.306.afa', 19.91, 25.502, 17.042, 18.912
'MUSCLE_diversified_replicate.acb.310.afa', 13.717, 18.397, 14.448, 11.529
'MUSCLE_diversified_replicate.acb.314.afa', 17.303, 21.935, 15.669, 16.127
'MUSCLE_diversified_replicate.acb.318.afa', 23.073, 29.157, 19.256, 22.627
'MUSCLE_diversified_replicate.acb.322.afa', 17.336, 22.319, 15.441, 16.821
'MUSCLE_diversified_replicate.acb.326.afa', 8.034, 7.554, 5.0, 4.676
'MUSCLE_diversified_replicate.acb.330.afa', 19.822, 25.344, 17.522, 19.756
'MUSCLE_diversified_replicate.acb.334.afa', 19.602, 25.83, 15.285, 16.789
'MUSCLE_diversified_replicate.acb.338.afa', 16.305, 21.521, 13.22, 15.08
'MUSCLE_diversified_replicate.acb.34.afa', 22.485, 28.359, 19.963, 22.731
'MUSCLE_diversified_replicate.acb.342.afa', 22.138, 28.088, 20.565, 22.348
'MUSCLE_diversified_replicate.acb.346.afa', 19.031, 25.575, 15.808, 16.578
'MUSCLE_diversified_replicate.acb.350.afa', 12.393, 17.234, 9.488, 11.885
'MUSCLE_diversified_replicate.acb.354.afa', 14.733, 19.972, 13.559, 13.46
'MUSCLE_diversified_replicate.acb.358.afa', 17.296, 23.177, 13.124, 15.567
'MUSCLE_diversified_replicate.acb.362.afa', 21.418, 27.047, 17.621, 21.712
'MUSCLE_diversified_replicate.acb.366.afa', 19.563, 24.876, 17.533, 19.968
'MUSCLE_diversified_replicate.acb.370.afa', 17.751, 23.127, 15.733, 16.096
'MUSCLE_diversified_replicate.acb.374.afa', 15.686, 21.145, 12.386, 14.004
'MUSCLE_diversified_replicate.acb.378.afa', 21.735, 27.621, 17.358, 21.145
'MUSCLE_diversified_replicate.acb.38.afa', 18.944, 25.168, 14.667, 17.662
'MUSCLE_diversified_replicate.acb.382.afa', 16.484, 21.478, 14.515, 17.024
'MUSCLE_diversified_replicate.acb.386.afa', 22.656, 28.95, 18.639, 22.957
'MUSCLE_diversified_replicate.acb.390.afa', 12.647, 17.351, 11.115, 11.42
'MUSCLE_diversified_replicate.acb.394.afa', 11.67, 15.879, 10.431, 12.145
'MUSCLE_diversified_replicate.acb.398.afa', 14.577, 19.514, 13.934, 13.058
'MUSCLE_diversified_replicate.acb.42.afa', 14.7, 20.025, 12.699, 14.561
'MUSCLE_diversified_replicate.acb.46.afa', 14.078, 19.254, 12.304, 13.192
'MUSCLE_diversified_replicate.acb.50.afa', 12.07, 16.233, 12.838, 9.868
'MUSCLE_diversified_replicate.acb.54.afa', 17.529, 22.311, 16.439, 17.263
'MUSCLE_diversified_replicate.acb.58.afa', 18.285, 23.37, 17.454, 17.485
'MUSCLE_diversified_replicate.acb.6.afa', 19.914, 26.319, 15.79, 18.292
'MUSCLE_diversified_replicate.acb.62.afa', 18.842, 24.862, 15.577, 17.32
'MUSCLE_diversified_replicate.acb.66.afa', 18.615, 24.326, 14.715, 16.77
'MUSCLE_diversified_replicate.acb.70.afa', 16.131, 21.77, 11.859, 13.473
'MUSCLE_diversified_replicate.acb.74.afa', 13.882, 18.441, 14.73, 11.589
'MUSCLE_diversified_replicate.acb.78.afa', 11.903, 16.698, 11.214, 11.216
'MUSCLE_diversified_replicate.acb.82.afa', 16.308, 22.002, 11.967, 15.222
'MUSCLE_diversified_replicate.acb.86.afa', 19.159, 25.186, 15.752, 18.042
'MUSCLE_diversified_replicate.acb.90.afa', 19.344, 25.533, 14.444, 17.969
'MUSCLE_diversified_replicate.acb.94.afa', 22.747, 28.994, 19.882, 23.164
'MUSCLE_diversified_replicate.acb.98.afa', 13.003, 17.526, 10.744, 12.968
'MUSCLE_diversified_replicate.bca.103.afa', 17.059, 23.34, 14.255, 15.481
'MUSCLE_diversified_replicate.bca.107.afa', 20.268, 26.728, 16.795, 17.39
'MUSCLE_diversified_replicate.bca.11.afa', 20.377, 26.458, 17.232, 19.293
'MUSCLE_diversified_replicate.bca.111.afa', 15.619, 21.281, 12.993, 14.136
'MUSCLE_diversified_replicate.bca.115.afa', 9.408, 13.113, 4.761, 6.0
'MUSCLE_diversified_replicate.bca.119.afa', 17.575, 23.973, 13.651, 15.61
'MUSCLE_diversified_replicate.bca.123.afa', 20.711, 27.226, 15.246, 19.134
'MUSCLE_diversified_replicate.bca.127.afa', 19.911, 26.619, 16.173, 19.027
'MUSCLE_diversified_replicate.bca.131.afa', 17.271, 23.344, 13.821, 14.854
'MUSCLE_diversified_replicate.bca.135.afa', 16.997, 23.035, 13.549, 15.403
'MUSCLE_diversified_replicate.bca.139.afa', 19.231, 25.238, 15.785, 17.735
'MUSCLE_diversified_replicate.bca.143.afa', 17.057, 23.389, 13.632, 15.82
'MUSCLE_diversified_replicate.bca.147.afa', 16.33, 21.178, 14.564, 15.241
'MUSCLE_diversified_replicate.bca.15.afa', 11.304, 11.51, 9.258, 7.667
'MUSCLE_diversified_replicate.bca.151.afa', 16.334, 22.124, 13.079, 14.905
'MUSCLE_diversified_replicate.bca.155.afa', 21.135, 26.981, 18.876, 20.101
'MUSCLE_diversified_replicate.bca.159.afa', 18.4, 24.417, 15.049, 17.977
'MUSCLE_diversified_replicate.bca.163.afa', 17.053, 23.351, 12.526, 15.534
'MUSCLE_diversified_replicate.bca.167.afa', 12.724, 18.427, 9.0, 11.226
'MUSCLE_diversified_replicate.bca.171.afa', 22.787, 28.868, 21.485, 21.188
'MUSCLE_diversified_replicate.bca.175.afa', 17.87, 22.805, 16.66, 16.095
'MUSCLE_diversified_replicate.bca.179.afa', 17.817, 22.682, 16.698, 17.278
'MUSCLE_diversified_replicate.bca.183.afa', 19.982, 26.371, 15.422, 18.2
'MUSCLE_diversified_replicate.bca.187.afa', 19.302, 25.455, 17.826, 16.8
'MUSCLE_diversified_replicate.bca.19.afa', 18.293, 24.805, 13.22, 16.919
'MUSCLE_diversified_replicate.bca.191.afa', 19.509, 25.735, 15.052, 18.507
'MUSCLE_diversified_replicate.bca.195.afa', 17.131, 23.489, 12.849, 16.244
'MUSCLE_diversified_replicate.bca.199.afa', 17.438, 22.16, 16.042, 16.82
'MUSCLE_diversified_replicate.bca.203.afa', 22.699, 28.823, 19.091, 22.552
'MUSCLE_diversified_replicate.bca.207.afa', 19.244, 25.518, 15.389, 18.112
'MUSCLE_diversified_replicate.bca.211.afa', 17.123, 23.261, 13.965, 16.335
'MUSCLE_diversified_replicate.bca.215.afa', 18.6, 24.812, 13.954, 17.31
'MUSCLE_diversified_replicate.bca.219.afa', 21.864, 27.948, 17.833, 21.575
'MUSCLE_diversified_replicate.bca.223.afa', 18.852, 25.033, 14.28, 17.102
'MUSCLE_diversified_replicate.bca.227.afa', 21.037, 27.769, 16.392, 19.74
'MUSCLE_diversified_replicate.bca.23.afa', 17.697, 23.387, 13.681, 16.027
'MUSCLE_diversified_replicate.bca.231.afa', 12.654, 17.687, 12.355, 12.524
'MUSCLE_diversified_replicate.bca.235.afa', 17.219, 22.935, 14.366, 17.037
'MUSCLE_diversified_replicate.bca.239.afa', 20.432, 26.869, 16.763, 18.128
'MUSCLE_diversified_replicate.bca.243.afa', 21.698, 27.578, 18.168, 21.377
'MUSCLE_diversified_replicate.bca.247.afa', 18.589, 25.276, 15.083, 17.149
'MUSCLE_diversified_replicate.bca.251.afa', 16.937, 23.296, 12.785, 15.681
'MUSCLE_diversified_replicate.bca.255.afa', 20.324, 26.861, 17.574, 17.577
'MUSCLE_diversified_replicate.bca.259.afa', 19.812, 26.258, 17.805, 18.113
'MUSCLE_diversified_replicate.bca.263.afa', 17.183, 23.273, 16.024, 14.526
'MUSCLE_diversified_replicate.bca.267.afa', 17.513, 23.335, 15.277, 15.622
'MUSCLE_diversified_replicate.bca.27.afa', 17.024, 23.302, 14.062, 15.883
'MUSCLE_diversified_replicate.bca.271.afa', 22.753, 28.65, 19.18, 22.623
'MUSCLE_diversified_replicate.bca.275.afa', 11.075, 11.159, 7.855, 6.57
'MUSCLE_diversified_replicate.bca.279.afa', 18.231, 24.344, 15.657, 15.972
'MUSCLE_diversified_replicate.bca.283.afa', 16.842, 23.154, 14.146, 15.833
'MUSCLE_diversified_replicate.bca.287.afa', 19.189, 25.387, 16.647, 17.102
'MUSCLE_diversified_replicate.bca.291.afa', 20.517, 27.071, 15.947, 19.128
'MUSCLE_diversified_replicate.bca.295.afa', 19.29, 25.414, 15.145, 17.776
'MUSCLE_diversified_replicate.bca.299.afa', 14.898, 20.423, 12.305, 13.693
'MUSCLE_diversified_replicate.bca.3.afa', 18.218, 23.557, 14.58, 17.111
'MUSCLE_diversified_replicate.bca.303.afa', 15.994, 21.868, 12.261, 14.04
'MUSCLE_diversified_replicate.bca.307.afa', 17.729, 23.633, 13.731, 16.802
'MUSCLE_diversified_replicate.bca.31.afa', 21.794, 27.742, 18.607, 21.696
'MUSCLE_diversified_replicate.bca.311.afa', 18.641, 24.478, 17.339, 15.336
'MUSCLE_diversified_replicate.bca.315.afa', 18.457, 24.455, 15.168, 17.243
'MUSCLE_diversified_replicate.bca.319.afa', 19.686, 26.116, 16.024, 16.939
'MUSCLE_diversified_replicate.bca.323.afa', 16.386, 22.575, 12.391, 15.599
'MUSCLE_diversified_replicate.bca.327.afa', 20.477, 26.221, 17.178, 21.03
'MUSCLE_diversified_replicate.bca.331.afa', 17.313, 23.631, 13.442, 15.489
'MUSCLE_diversified_replicate.bca.335.afa', 22.404, 28.383, 20.719, 21.029
'MUSCLE_diversified_replicate.bca.339.afa', 15.794, 21.574, 12.337, 13.709
'MUSCLE_diversified_replicate.bca.343.afa', 17.853, 23.57, 14.252, 16.717
'MUSCLE_diversified_replicate.bca.347.afa', 19.245, 25.066, 16.983, 18.454
'MUSCLE_diversified_replicate.bca.35.afa', 21.662, 27.692, 18.028, 21.639
'MUSCLE_diversified_replicate.bca.351.afa', 14.501, 20.016, 11.833, 12.485
'MUSCLE_diversified_replicate.bca.355.afa', 16.385, 21.477, 14.821, 14.938
'MUSCLE_diversified_replicate.bca.359.afa', 17.472, 23.917, 14.166, 16.587
'MUSCLE_diversified_replicate.bca.363.afa', 21.584, 27.547, 17.861, 21.61
'MUSCLE_diversified_replicate.bca.367.afa', 14.924, 20.706, 12.042, 12.074
'MUSCLE_diversified_replicate.bca.371.afa', 21.19, 26.868, 17.898, 21.104
'MUSCLE_diversified_replicate.bca.375.afa', 18.891, 24.922, 15.72, 17.397
'MUSCLE_diversified_replicate.bca.379.afa', 19.947, 26.355, 16.472, 17.968
'MUSCLE_diversified_replicate.bca.383.afa', 20.66, 27.012, 16.555, 19.197
'MUSCLE_diversified_replicate.bca.387.afa', 19.451, 25.919, 18.869, 16.638
'MUSCLE_diversified_replicate.bca.39.afa', 19.343, 24.982, 16.057, 18.127
'MUSCLE_diversified_replicate.bca.391.afa', 17.111, 23.163, 13.518, 15.675
'MUSCLE_diversified_replicate.bca.395.afa', 22.812, 29.344, 19.706, 23.23
'MUSCLE_diversified_replicate.bca.399.afa', 16.125, 22.163, 12.974, 14.961
'MUSCLE_diversified_replicate.bca.43.afa', 18.536, 25.276, 15.09, 17.48
'MUSCLE_diversified_replicate.bca.47.afa', 15.932, 22.094, 12.825, 14.584
'MUSCLE_diversified_replicate.bca.51.afa', 16.517, 22.421, 13.967, 15.784
'MUSCLE_diversified_replicate.bca.55.afa', 17.179, 22.957, 13.214, 15.677
'MUSCLE_diversified_replicate.bca.59.afa', 19.792, 25.462, 17.014, 19.261
'MUSCLE_diversified_replicate.bca.63.afa', 16.154, 21.51, 13.118, 14.913
'MUSCLE_diversified_replicate.bca.67.afa', 13.676, 19.315, 10.364, 12.597
'MUSCLE_diversified_replicate.bca.7.afa', 16.427, 22.495, 12.722, 15.322
'MUSCLE_diversified_replicate.bca.71.afa', 17.603, 24.155, 14.264, 16.935
'MUSCLE_diversified_replicate.bca.75.afa', 15.733, 21.924, 11.007, 14.835
'MUSCLE_diversified_replicate.bca.79.afa', 16.397, 22.294, 13.549, 15.484
'MUSCLE_diversified_replicate.bca.83.afa', 17.645, 24.205, 14.212, 17.148
'MUSCLE_diversified_replicate.bca.87.afa', 15.329, 20.823, 12.525, 13.774
'MUSCLE_diversified_replicate.bca.91.afa', 17.203, 23.527, 13.166, 15.532
'MUSCLE_diversified_replicate.bca.95.afa', 16.809, 22.849, 13.395, 15.133
'MUSCLE_diversified_replicate.bca.99.afa', 15.503, 21.181, 12.204, 13.934
'MUSCLE_diversified_replicate.none.0.afa', 20.634, 24.944, 17.039, 17.639
'MUSCLE_diversified_replicate.none.100.afa', 12.3, 15.07, 8.24, 8.011
'MUSCLE_diversified_replicate.none.104.afa', 11.268, 13.568, 7.215, 7.011
'MUSCLE_diversified_replicate.none.108.afa', 12.27, 14.987, 9.642, 7.812
'MUSCLE_diversified_replicate.none.112.afa', 16.049, 20.841, 14.392, 12.877
'MUSCLE_diversified_replicate.none.116.afa', 9.541, 10.631, 6.128, 4.049
'MUSCLE_diversified_replicate.none.12.afa', 19.363, 23.0, 15.814, 16.731
'MUSCLE_diversified_replicate.none.120.afa', 20.081, 24.246, 16.685, 17.869
'MUSCLE_diversified_replicate.none.124.afa', 20.156, 24.359, 16.445, 17.335
'MUSCLE_diversified_replicate.none.128.afa', 19.146, 23.004, 15.846, 16.836
'MUSCLE_diversified_replicate.none.132.afa', 22.01, 27.805, 19.985, 21.171
'MUSCLE_diversified_replicate.none.136.afa', 19.489, 23.314, 15.992, 16.168
'MUSCLE_diversified_replicate.none.140.afa', 12.057, 14.906, 8.512, 8.641
'MUSCLE_diversified_replicate.none.144.afa', 17.814, 20.811, 14.451, 14.077
'MUSCLE_diversified_replicate.none.148.afa', 12.813, 16.018, 9.527, 8.821
'MUSCLE_diversified_replicate.none.152.afa', 18.749, 21.872, 15.303, 15.108
'MUSCLE_diversified_replicate.none.156.afa', 24.475, 30.609, 22.767, 22.911
'MUSCLE_diversified_replicate.none.16.afa', 20.202, 24.11, 16.983, 17.487
'MUSCLE_diversified_replicate.none.160.afa', 13.118, 16.247, 8.629, 8.83
'MUSCLE_diversified_replicate.none.164.afa', 19.459, 23.558, 15.372, 16.601
'MUSCLE_diversified_replicate.none.168.afa', 13.697, 17.043, 9.429, 9.783
'MUSCLE_diversified_replicate.none.172.afa', 13.443, 16.688, 9.476, 9.622
'MUSCLE_diversified_replicate.none.176.afa', 12.603, 15.465, 8.195, 8.273
'MUSCLE_diversified_replicate.none.180.afa', 20.359, 24.509, 16.656, 17.337
'MUSCLE_diversified_replicate.none.184.afa', 23.552, 29.77, 21.547, 22.74
'MUSCLE_diversified_replicate.none.188.afa', 17.928, 20.755, 15.128, 14.068
'MUSCLE_diversified_replicate.none.192.afa', 13.34, 16.319, 9.531, 10.173
'MUSCLE_diversified_replicate.none.196.afa', 19.181, 23.135, 15.928, 16.913
'MUSCLE_diversified_replicate.none.20.afa', 22.575, 28.298, 19.003, 21.921
'MUSCLE_diversified_replicate.none.200.afa', 17.497, 20.077, 14.161, 13.796
'MUSCLE_diversified_replicate.none.204.afa', 19.418, 23.333, 15.561, 16.252
'MUSCLE_diversified_replicate.none.208.afa', 17.487, 23.002, 15.379, 14.664
'MUSCLE_diversified_replicate.none.212.afa', 11.808, 14.456, 7.437, 7.637
'MUSCLE_diversified_replicate.none.216.afa', 12.126, 14.964, 7.803, 7.932
'MUSCLE_diversified_replicate.none.220.afa', 11.882, 14.838, 7.462, 7.74
'MUSCLE_diversified_replicate.none.224.afa', 17.832, 23.591, 17.228, 15.567
'MUSCLE_diversified_replicate.none.228.afa', 20.241, 24.981, 19.788, 18.251
'MUSCLE_diversified_replicate.none.232.afa', 20.124, 24.338, 16.691, 18.05
'MUSCLE_diversified_replicate.none.236.afa', 13.192, 16.295, 8.847, 9.16
'MUSCLE_diversified_replicate.none.24.afa', 16.854, 19.463, 13.428, 13.37
'MUSCLE_diversified_replicate.none.240.afa', 20.84, 25.233, 16.874, 18.124
'MUSCLE_diversified_replicate.none.244.afa', 12.084, 14.857, 8.091, 8.024
'MUSCLE_diversified_replicate.none.248.afa', 12.005, 14.572, 8.26, 8.014
'MUSCLE_diversified_replicate.none.252.afa', 20.303, 24.543, 16.897, 18.197
'MUSCLE_diversified_replicate.none.256.afa', 20.788, 25.087, 17.808, 18.452
'MUSCLE_diversified_replicate.none.260.afa', 11.605, 13.953, 7.64, 7.758
'MUSCLE_diversified_replicate.none.264.afa', 11.807, 14.13, 8.279, 6.751
'MUSCLE_diversified_replicate.none.268.afa', 9.299, 10.386, 5.692, 4.115
'MUSCLE_diversified_replicate.none.272.afa', 20.024, 24.033, 16.754, 17.913
'MUSCLE_diversified_replicate.none.276.afa', 20.21, 24.266, 17.364, 17.872
'MUSCLE_diversified_replicate.none.28.afa', 20.028, 24.074, 16.775, 16.747
'MUSCLE_diversified_replicate.none.280.afa', 18.762, 22.278, 15.872, 16.251
'MUSCLE_diversified_replicate.none.284.afa', 19.404, 23.132, 15.861, 16.64
'MUSCLE_diversified_replicate.none.288.afa', 20.262, 24.364, 16.984, 18.199
'MUSCLE_diversified_replicate.none.292.afa', 13.341, 16.76, 10.605, 9.278
'MUSCLE_diversified_replicate.none.296.afa', 12.908, 16.035, 9.253, 8.946
'MUSCLE_diversified_replicate.none.300.afa', 13.007, 16.235, 9.43, 9.559
'MUSCLE_diversified_replicate.none.304.afa', 18.076, 21.367, 14.627, 14.493
'MUSCLE_diversified_replicate.none.308.afa', 20.494, 24.855, 17.373, 18.256
'MUSCLE_diversified_replicate.none.312.afa', 19.03, 22.857, 15.446, 16.004
'MUSCLE_diversified_replicate.none.316.afa', 22.568, 28.405, 18.425, 22.211
'MUSCLE_diversified_replicate.none.32.afa', 19.029, 22.824, 15.49, 15.769
'MUSCLE_diversified_replicate.none.320.afa', 19.628, 23.755, 16.251, 17.49
'MUSCLE_diversified_replicate.none.324.afa', 19.044, 22.849, 16.674, 16.987
'MUSCLE_diversified_replicate.none.328.afa', 20.414, 24.508, 17.093, 18.201
'MUSCLE_diversified_replicate.none.332.afa', 20.403, 24.543, 16.66, 17.324
'MUSCLE_diversified_replicate.none.336.afa', 18.174, 21.506, 17.238, 15.952
'MUSCLE_diversified_replicate.none.340.afa', 20.139, 24.162, 16.232, 16.973
'MUSCLE_diversified_replicate.none.344.afa', 16.591, 21.872, 15.685, 13.563
'MUSCLE_diversified_replicate.none.348.afa', 11.906, 14.579, 8.189, 7.973
'MUSCLE_diversified_replicate.none.352.afa', 19.475, 23.626, 15.051, 16.961
'MUSCLE_diversified_replicate.none.356.afa', 18.216, 21.325, 15.171, 15.245
'MUSCLE_diversified_replicate.none.36.afa', 18.415, 22.056, 15.046, 15.371
'MUSCLE_diversified_replicate.none.360.afa', 19.353, 23.129, 15.355, 16.418
'MUSCLE_diversified_replicate.none.364.afa', 11.901, 14.718, 7.915, 7.957
'MUSCLE_diversified_replicate.none.368.afa', 19.029, 23.107, 15.234, 15.868
'MUSCLE_diversified_replicate.none.372.afa', 17.258, 22.855, 14.42, 14.382
'MUSCLE_diversified_replicate.none.376.afa', 19.37, 23.321, 16.514, 17.293
'MUSCLE_diversified_replicate.none.380.afa', 11.867, 14.634, 7.801, 7.988
'MUSCLE_diversified_replicate.none.384.afa', 19.966, 23.84, 17.917, 18.874
'MUSCLE_diversified_replicate.none.388.afa', 12.037, 15.111, 8.17, 8.186
'MUSCLE_diversified_replicate.none.392.afa', 11.747, 14.632, 8.477, 8.13
'MUSCLE_diversified_replicate.none.396.afa', 16.05, 21.243, 13.088, 13.671
'MUSCLE_diversified_replicate.none.4.afa', 20.157, 24.165, 16.444, 17.153
'MUSCLE_diversified_replicate.none.40.afa', 11.288, 13.752, 8.53, 6.406
'MUSCLE_diversified_replicate.none.44.afa', 12.332, 15.025, 8.522, 8.355
'MUSCLE_diversified_replicate.none.48.afa', 18.831, 22.612, 14.878, 15.417
'MUSCLE_diversified_replicate.none.52.afa', 12.554, 15.4, 8.118, 8.248
'MUSCLE_diversified_replicate.none.56.afa', 11.774, 13.929, 7.869, 7.355
'MUSCLE_diversified_replicate.none.60.afa', 19.464, 23.332, 15.804, 16.447
'MUSCLE_diversified_replicate.none.64.afa', 19.067, 22.837, 16.093, 16.64
'MUSCLE_diversified_replicate.none.68.afa', 20.199, 24.384, 16.939, 16.636
'MUSCLE_diversified_replicate.none.72.afa', 20.323, 24.633, 17.162, 18.138
'MUSCLE_diversified_replicate.none.76.afa', 16.985, 20.338, 13.987, 14.514
'MUSCLE_diversified_replicate.none.8.afa', 10.716, 12.669, 7.482, 5.481
'MUSCLE_diversified_replicate.none.80.afa', 12.83, 15.927, 8.646, 8.749
'MUSCLE_diversified_replicate.none.84.afa', 18.705, 22.208, 17.207, 16.457
'MUSCLE_diversified_replicate.none.88.afa', 19.625, 23.78, 16.236, 17.045
'MUSCLE_diversified_replicate.none.92.afa', 19.862, 23.834, 16.322, 17.474
'MUSCLE_diversified_replicate.none.96.afa', 20.28, 24.324, 16.565, 17.393
'PRANK_b0#0050_hhH_tree_63_OP_0.36203966777708846_Split_50.fasta', -35.927, -34.445, -38.519, -37.206
'PRANK_b0#0050_hhT_tree_63_OP_0.36203966777708846_Split_50.fasta', -11.825, -7.093, -14.981, -12.848
'PRANK_b0#0050_htT_tree_63_OP_0.36203966777708846_Split_50.fasta', -13.397, -8.642, -16.957, -14.376
'PRANK_b0#0050_ttH_tree_63_OP_0.36203966777708846_Split_50.fasta', -35.698, -34.366, -37.305, -36.961
'PRANK_b0#0051_hhT_tree_7_OP_0.4287654329803016_Split_51.fasta', -29.107, -27.776, -32.525, -32.587
'PRANK_b0#0051_htH_tree_7_OP_0.4287654329803016_Split_51.fasta', -28.781, -26.867, -32.965, -32.145
'PRANK_b0#0051_htT_tree_7_OP_0.4287654329803016_Split_51.fasta', -32.005, -31.854, -33.767, -36.076
'PRANK_b0#0051_ttT_tree_7_OP_0.4287654329803016_Split_51.fasta', -31.784, -31.632, -33.447, -35.819
'PRANK_b0#0053_hhH_tree_13_OP_0.09692142234876278_Split_53.fasta', -28.699, -28.41, -27.916, -30.954
'PRANK_b0#0053_htT_tree_13_OP_0.09692142234876278_Split_53.fasta', -34.037, -34.259, -34.92, -34.786
'PRANK_b0#0053_htT_tree_69_OP_0.05304651807751681_Split_53.fasta', -6.934, -3.463, -8.655, -6.696
'PRANK_b0#0053_thT_tree_69_OP_0.05304651807751681_Split_53.fasta', -7.426, -4.023, -9.36, -7.101
'PRANK_b0#0053_ttH_tree_13_OP_0.09692142234876278_Split_53.fasta', -28.757, -28.467, -27.994, -31.003
'PRANK_b0#0053_ttH_tree_69_OP_0.05304651807751681_Split_53.fasta', 0.915, 4.462, -1.119, 1.65
'PRANK_b0#0053_ttT_tree_13_OP_0.09692142234876278_Split_53.fasta', -29.386, -29.069, -30.169, -30.07
'PRANK_b0#0053_ttT_tree_69_OP_0.05304651807751681_Split_53.fasta', -7.426, -4.023, -9.36, -7.101
'PRANK_b0#0054_hhT_tree_37_OP_0.3234162682987525_Split_54.fasta', -8.289, -3.635, -10.009, -8.867
'PRANK_b0#0054_htH_tree_11_OP_0.0660385202278223_Split_54.fasta', -18.069, -16.9, -18.63, -19.245
'PRANK_b0#0054_htT_tree_37_OP_0.3234162682987525_Split_54.fasta', -5.224, -0.238, -6.751, -6.324
'PRANK_b0#0054_htT_tree_60_OP_0.2742882468420108_Split_54.fasta', -7.979, -3.587, -7.558, -11.761
'PRANK_b0#0054_thH_tree_11_OP_0.0660385202278223_Split_54.fasta', -17.34, -16.129, -17.92, -18.345
'PRANK_b0#0054_thH_tree_60_OP_0.2742882468420108_Split_54.fasta', -8.451, -4.274, -9.376, -11.339
'PRANK_b0#0054_thT_tree_11_OP_0.0660385202278223_Split_54.fasta', -17.717, -17.388, -18.287, -20.048
'PRANK_b0#0054_thT_tree_60_OP_0.2742882468420108_Split_54.fasta', -7.895, -3.511, -7.615, -11.843
'PRANK_b0#0054_ttH_tree_11_OP_0.0660385202278223_Split_54.fasta', -17.172, -15.973, -17.731, -18.223
'PRANK_b0#0054_ttH_tree_37_OP_0.3234162682987525_Split_54.fasta', -12.261, -7.897, -11.778, -12.63
'PRANK_b0#0054_ttT_tree_37_OP_0.3234162682987525_Split_54.fasta', -10.79, -6.5, -11.963, -11.135
'PRANK_b0#0054_ttT_tree_60_OP_0.2742882468420108_Split_54.fasta', -7.916, -3.543, -7.626, -11.867
'PRANK_b0#0055_hhH_tree_96_OP_0.3899661250904219_Split_55.fasta', -21.643, -18.928, -23.791, -22.829
'PRANK_b0#0055_hhT_tree_23_OP_0.41879358418754387_Split_55.fasta', -24.19, -21.252, -24.996, -23.634
'PRANK_b0#0055_hhT_tree_40_OP_0.08821008325435137_Split_55.fasta', -14.052, -11.279, -15.743, -15.426
'PRANK_b0#0055_hhT_tree_96_OP_0.3899661250904219_Split_55.fasta', -22.5, -19.618, -24.307, -23.989
'PRANK_b0#0055_htH_tree_96_OP_0.3899661250904219_Split_55.fasta', -20.051, -16.937, -22.584, -21.098
'PRANK_b0#0055_thH_tree_23_OP_0.41879358418754387_Split_55.fasta', -19.919, -16.786, -20.893, -20.137
'PRANK_b0#0055_thH_tree_40_OP_0.08821008325435137_Split_55.fasta', -10.196, -7.35, -12.108, -12.348
'PRANK_b0#0055_thT_tree_40_OP_0.08821008325435137_Split_55.fasta', -14.052, -11.279, -15.743, -15.426
'PRANK_b0#0055_ttH_tree_23_OP_0.41879358418754387_Split_55.fasta', -20.142, -16.943, -20.834, -20.008
'PRANK_b0#0055_ttT_tree_23_OP_0.41879358418754387_Split_55.fasta', -24.289, -21.398, -25.122, -24.393
'PRANK_b0#0055_ttT_tree_40_OP_0.08821008325435137_Split_55.fasta', -14.052, -11.279, -15.743, -15.426
'PRANK_b0#0055_ttT_tree_96_OP_0.3899661250904219_Split_55.fasta', -23.371, -20.576, -25.031, -24.913
'PRANK_b0#0056_hhH_tree_56_OP_0.23502932209680477_Split_56.fasta', -17.177, -14.187, -17.514, -18.551
'PRANK_b0#0056_htH_tree_56_OP_0.23502932209680477_Split_56.fasta', -17.623, -14.626, -17.923, -18.913
'PRANK_b0#0056_htT_tree_99_OP_0.18594199344926288_Split_56.fasta', -4.548, 0.629, -6.286, -5.733
'PRANK_b0#0056_thH_tree_99_OP_0.18594199344926288_Split_56.fasta', -3.341, 1.725, -7.575, -4.332
'PRANK_b0#0056_thT_tree_56_OP_0.23502932209680477_Split_56.fasta', -17.028, -13.894, -17.405, -18.205
'PRANK_b0#0056_thT_tree_99_OP_0.18594199344926288_Split_56.fasta', -4.548, 0.629, -6.286, -5.733
'PRANK_b0#0056_ttH_tree_56_OP_0.23502932209680477_Split_56.fasta', -18.258, -15.431, -18.55, -19.849
'PRANK_b0#0056_ttH_tree_99_OP_0.18594199344926288_Split_56.fasta', -3.287, 1.774, -7.549, -4.277
'PRANK_b0#0057_htH_tree_64_OP_0.05970650417263379_Split_57.fasta', -8.438, -4.074, -7.684, -5.625
'PRANK_b0#0057_thH_tree_64_OP_0.05970650417263379_Split_57.fasta', -8.424, -4.067, -7.643, -5.619
'PRANK_b0#0057_thT_tree_64_OP_0.05970650417263379_Split_57.fasta', -8.64, -4.536, -7.742, -5.884
'PRANK_b0#0057_ttH_tree_64_OP_0.05970650417263379_Split_57.fasta', -8.424, -4.067, -7.643, -5.619
'PRANK_b0#0058_hhH_tree_84_OP_0.3564845080908704_Split_58.fasta', -26.739, -25.427, -25.844, -28.455
'PRANK_b0#0058_hhT_tree_84_OP_0.3564845080908704_Split_58.fasta', -24.316, -22.853, -23.593, -26.225
'PRANK_b0#0058_hhT_tree_97_OP_0.1673876920856745_Split_58.fasta', -13.73, -14.449, -16.788, -18.622
'PRANK_b0#0058_htT_tree_84_OP_0.3564845080908704_Split_58.fasta', -24.307, -22.809, -23.582, -26.176
'PRANK_b0#0058_htT_tree_97_OP_0.1673876920856745_Split_58.fasta', -13.863, -14.74, -16.956, -18.853
'PRANK_b0#0058_thH_tree_97_OP_0.1673876920856745_Split_58.fasta', -12.04, -13.31, -15.714, -17.956
'PRANK_b0#0058_thT_tree_97_OP_0.1673876920856745_Split_58.fasta', -14.236, -15.19, -17.473, -19.335
'PRANK_b0#0058_ttT_tree_84_OP_0.3564845080908704_Split_58.fasta', -22.538, -20.626, -23.448, -22.845
'PRANK_b0#0059_hhT_tree_80_OP_0.3860599313375234_Split_59.fasta', -18.384, -14.867, -19.293, -21.532
'PRANK_b0#0059_htH_tree_36_OP_0.21650135794201675_Split_59.fasta', -16.927, -14.321, -16.62, -16.686
'PRANK_b0#0059_htH_tree_80_OP_0.3860599313375234_Split_59.fasta', -18.2, -14.451, -19.159, -20.561
'PRANK_b0#0059_htH_tree_85_OP_0.16592734946943577_Split_59.fasta', -19.107, -15.496, -19.772, -20.76
'PRANK_b0#0059_htT_tree_36_OP_0.21650135794201675_Split_59.fasta', -18.775, -15.087, -19.604, -18.629
'PRANK_b0#0059_htT_tree_80_OP_0.3860599313375234_Split_59.fasta', -19.65, -16.118, -20.721, -22.725
'PRANK_b0#0059_htT_tree_85_OP_0.16592734946943577_Split_59.fasta', -17.041, -13.361, -20.578, -17.577
'PRANK_b0#0059_thH_tree_36_OP_0.21650135794201675_Split_59.fasta', -17.315, -14.725, -17.707, -17.239
'PRANK_b0#0059_thH_tree_85_OP_0.16592734946943577_Split_59.fasta', -19.121, -15.449, -19.814, -20.731
'PRANK_b0#0059_ttH_tree_80_OP_0.3860599313375234_Split_59.fasta', -18.195, -14.411, -19.161, -20.566
'PRANK_b0#0059_ttH_tree_85_OP_0.16592734946943577_Split_59.fasta', -19.102, -15.428, -19.801, -20.71
'PRANK_b0#0059_ttT_tree_36_OP_0.21650135794201675_Split_59.fasta', -18.827, -15.157, -19.634, -18.704
'PRANK_b0#0060_hhH_tree_24_OP_0.35224591752289836_Split_60.fasta', -16.155, -13.23, -18.533, -18.274
'PRANK_b0#0060_hhT_tree_24_OP_0.35224591752289836_Split_60.fasta', -13.88, -10.509, -15.162, -16.367
'PRANK_b0#0060_ttH_tree_24_OP_0.35224591752289836_Split_60.fasta', -16.071, -13.138, -18.466, -18.2
'PRANK_b0#0060_ttT_tree_24_OP_0.35224591752289836_Split_60.fasta', -14.059, -10.654, -15.143, -16.86
'PRANK_b0#0061_hhH_tree_16_OP_0.3566466444359746_Split_61.fasta', -35.059, -31.732, -35.444, -33.922
'PRANK_b0#0061_thT_tree_16_OP_0.3566466444359746_Split_61.fasta', -27.209, -23.965, -28.096, -27.636
'PRANK_b0#0061_ttH_tree_16_OP_0.3566466444359746_Split_61.fasta', -34.858, -31.493, -35.285, -33.646
'PRANK_b0#0061_ttT_tree_16_OP_0.3566466444359746_Split_61.fasta', -27.056, -23.833, -27.437, -27.355
'PRANK_b0#0062_hhH_tree_0_OP_0.4657131574362508_Split_62.fasta', -17.702, -13.969, -16.335, -19.74
'PRANK_b0#0062_hhT_tree_81_OP_0.4058614503238694_Split_62.fasta', -21.289, -17.467, -21.391, -22.239
'PRANK_b0#0062_htH_tree_0_OP_0.4657131574362508_Split_62.fasta', -16.861, -12.826, -15.534, -19.549
'PRANK_b0#0062_htT_tree_81_OP_0.4058614503238694_Split_62.fasta', -20.648, -16.725, -21.023, -21.654
'PRANK_b0#0062_thH_tree_81_OP_0.4058614503238694_Split_62.fasta', -18.537, -14.911, -18.525, -19.935
'PRANK_b0#0062_thT_tree_0_OP_0.4657131574362508_Split_62.fasta', -17.128, -13.007, -15.994, -18.589
'PRANK_b0#0062_thT_tree_81_OP_0.4058614503238694_Split_62.fasta', -20.648, -16.725, -21.023, -21.654
'PRANK_b0#0062_ttT_tree_0_OP_0.4657131574362508_Split_62.fasta', -17.94, -13.926, -16.797, -19.951
'PRANK_b0#0063_htH_tree_71_OP_0.26664288485028304_Split_63.fasta', -9.287, -5.365, -11.725, -9.658
'PRANK_b0#0063_htT_tree_71_OP_0.26664288485028304_Split_63.fasta', -8.836, -4.435, -12.915, -8.835
'PRANK_b0#0063_thH_tree_71_OP_0.26664288485028304_Split_63.fasta', -9.27, -5.354, -11.674, -9.599
'PRANK_b0#0063_thT_tree_71_OP_0.26664288485028304_Split_63.fasta', -8.809, -4.418, -12.872, -8.805
'PRANK_b0#0065_hhH_tree_48_OP_0.33799514808893955_Split_65.fasta', -18.659, -15.211, -16.82, -19.78
'PRANK_b0#0065_htH_tree_48_OP_0.33799514808893955_Split_65.fasta', -17.113, -13.231, -15.653, -18.027
'PRANK_b0#0065_thH_tree_48_OP_0.33799514808893955_Split_65.fasta', -18.613, -15.141, -16.781, -19.694
'PRANK_b0#0065_thT_tree_48_OP_0.33799514808893955_Split_65.fasta', -17.297, -13.722, -16.465, -18.145
'PRANK_b0#0067_hhH_tree_6_OP_0.18497671267226667_Split_67.fasta', -3.795, 0.339, -4.237, -7.75
'PRANK_b0#0067_htH_tree_6_OP_0.18497671267226667_Split_67.fasta', -3.769, 0.365, -4.209, -7.721
'PRANK_b0#0067_thT_tree_6_OP_0.18497671267226667_Split_67.fasta', -3.15, 1.041, -3.309, -6.757
'PRANK_b0#0067_ttT_tree_6_OP_0.18497671267226667_Split_67.fasta', -3.179, 1.006, -3.327, -6.795
'PRANK_b0#0070_htH_tree_30_OP_0.20469024912096356_Split_70.fasta', -7.815, -3.513, -8.514, -7.106
'PRANK_b0#0070_htH_tree_43_OP_0.41666011848334805_Split_70.fasta', -6.59, -1.813, -8.351, -7.604
'PRANK_b0#0070_htT_tree_30_OP_0.20469024912096356_Split_70.fasta', -6.035, -1.805, -8.184, -5.084
'PRANK_b0#0070_thH_tree_30_OP_0.20469024912096356_Split_70.fasta', -9.611, -5.406, -10.42, -8.766
'PRANK_b0#0070_thH_tree_43_OP_0.41666011848334805_Split_70.fasta', -6.613, -1.823, -8.399, -7.659
'PRANK_b0#0070_ttH_tree_43_OP_0.41666011848334805_Split_70.fasta', -7.131, -2.131, -9.382, -7.684
'PRANK_b0#0070_ttT_tree_30_OP_0.20469024912096356_Split_70.fasta', -6.077, -1.887, -8.172, -5.088
'PRANK_b0#0070_ttT_tree_43_OP_0.41666011848334805_Split_70.fasta', -6.756, -1.908, -9.623, -7.796
'PRANK_b0#0073_htT_tree_10_OP_0.17197861239551077_Split_73.fasta', -10.859, -9.526, -9.662, -11.884
'PRANK_b0#0073_thH_tree_10_OP_0.17197861239551077_Split_73.fasta', -8.309, -5.591, -7.638, -7.509
'PRANK_b0#0073_ttH_tree_10_OP_0.17197861239551077_Split_73.fasta', -8.361, -5.623, -7.703, -7.567
'PRANK_b0#0073_ttT_tree_10_OP_0.17197861239551077_Split_73.fasta', -10.859, -9.526, -9.662, -11.884
'PRANK_b0#0077_hhH_tree_35_OP_0.23719613041625226_Split_77.fasta', -20.75, -17.054, -19.623, -19.647
'PRANK_b0#0077_hhT_tree_35_OP_0.23719613041625226_Split_77.fasta', -21.052, -17.129, -21.418, -18.978
'PRANK_b0#0077_htT_tree_35_OP_0.23719613041625226_Split_77.fasta', -22.747, -19.046, -22.72, -20.678
'PRANK_b0#0077_htT_tree_79_OP_0.39849921812999034_Split_77.fasta', -17.888, -17.097, -21.82, -21.807
'PRANK_b0#0077_thH_tree_35_OP_0.23719613041625226_Split_77.fasta', -21.7, -17.934, -20.38, -20.549
'PRANK_b0#0077_thH_tree_79_OP_0.39849921812999034_Split_77.fasta', -18.762, -18.241, -22.244, -22.959
'PRANK_b0#0077_thT_tree_79_OP_0.39849921812999034_Split_77.fasta', -17.212, -16.193, -22.701, -22.711
'PRANK_b0#0077_ttT_tree_79_OP_0.39849921812999034_Split_77.fasta', -17.194, -16.173, -22.461, -22.928
'PRANK_b0#0078_hhH_tree_86_OP_0.2347265646541319_Split_78.fasta', -25.764, -20.651, -28.243, -22.25
'PRANK_b0#0078_hhT_tree_53_OP_0.05303947942235687_Split_78.fasta', -9.672, -6.603, -10.134, -11.062
'PRANK_b0#0078_htH_tree_53_OP_0.05303947942235687_Split_78.fasta', -14.075, -11.379, -13.336, -16.644
'PRANK_b0#0078_htH_tree_86_OP_0.2347265646541319_Split_78.fasta', -25.136, -20.091, -27.3, -21.036
'PRANK_b0#0078_thH_tree_86_OP_0.2347265646541319_Split_78.fasta', -25.707, -20.683, -28.142, -22.25
'PRANK_b0#0078_thT_tree_53_OP_0.05303947942235687_Split_78.fasta', -9.672, -6.603, -10.134, -11.062
'PRANK_b0#0078_ttH_tree_53_OP_0.05303947942235687_Split_78.fasta', -14.124, -11.424, -14.109, -15.838
'PRANK_b0#0078_ttT_tree_86_OP_0.2347265646541319_Split_78.fasta', -25.269, -20.335, -27.39, -21.34
'PRANK_b0#0079_hhH_tree_88_OP_0.1810795500099957_Split_79.fasta', -20.629, -17.433, -21.598, -19.897
'PRANK_b0#0079_hhT_tree_88_OP_0.1810795500099957_Split_79.fasta', -19.368, -16.072, -20.563, -18.416
'PRANK_b0#0079_ttH_tree_88_OP_0.1810795500099957_Split_79.fasta', -20.613, -17.419, -21.583, -19.88
'PRANK_b0#0079_ttT_tree_88_OP_0.1810795500099957_Split_79.fasta', -19.589, -16.292, -20.778, -18.666
'PRANK_b0#0080_hhT_tree_3_OP_0.05125309180508808_Split_80.fasta', 5.975, 12.417, 6.339, 4.152
'PRANK_b0#0080_htH_tree_3_OP_0.05125309180508808_Split_80.fasta', 6.837, 13.299, 7.427, 5.118
'PRANK_b0#0080_htT_tree_3_OP_0.05125309180508808_Split_80.fasta', 5.667, 12.164, 6.072, 3.917
'PRANK_b0#0080_ttH_tree_3_OP_0.05125309180508808_Split_80.fasta', 6.749, 13.186, 7.303, 4.973
'PRANK_b0#0081_hhH_tree_5_OP_0.22898839817158656_Split_81.fasta', -5.594, 0.123, -6.284, -6.699
'PRANK_b0#0081_hhT_tree_51_OP_0.3986228120499837_Split_81.fasta', -5.156, -0.424, -7.206, -6.277
'PRANK_b0#0081_hhT_tree_73_OP_0.04516409856856096_Split_81.fasta', 6.82, 12.786, 2.106, 5.848
'PRANK_b0#0081_htH_tree_51_OP_0.3986228120499837_Split_81.fasta', -4.055, 1.159, -6.491, -4.567
'PRANK_b0#0081_htT_tree_5_OP_0.22898839817158656_Split_81.fasta', -5.393, 0.272, -6.745, -5.885
'PRANK_b0#0081_htT_tree_73_OP_0.04516409856856096_Split_81.fasta', 6.82, 12.786, 2.106, 5.848
'PRANK_b0#0081_thH_tree_5_OP_0.22898839817158656_Split_81.fasta', -5.621, 0.1, -6.341, -6.696
'PRANK_b0#0081_thH_tree_73_OP_0.04516409856856096_Split_81.fasta', 6.093, 11.678, -0.005, 5.678
'PRANK_b0#0081_thT_tree_51_OP_0.3986228120499837_Split_81.fasta', -6.157, -1.452, -6.98, -7.075
'PRANK_b0#0081_ttH_tree_51_OP_0.3986228120499837_Split_81.fasta', -3.419, 1.66, -4.535, -4.385
'PRANK_b0#0081_ttH_tree_73_OP_0.04516409856856096_Split_81.fasta', 6.07, 11.517, -0.138, 5.432
'PRANK_b0#0081_ttT_tree_5_OP_0.22898839817158656_Split_81.fasta', -5.399, 0.272, -6.751, -5.894
'PRANK_b0#0085_hhT_tree_59_OP_0.3079281034987719_Split_85.fasta', -19.686, -15.867, -23.532, -19.77
'PRANK_b0#0085_thT_tree_59_OP_0.3079281034987719_Split_85.fasta', -20.026, -16.204, -23.87, -20.209
'PRANK_b0#0085_ttH_tree_59_OP_0.3079281034987719_Split_85.fasta', -19.983, -16.169, -23.825, -20.272
'PRANK_b0#0085_ttT_tree_59_OP_0.3079281034987719_Split_85.fasta', -19.767, -15.939, -23.482, -19.978
'PRANK_b0#0086_hhH_tree_46_OP_0.17943757149806483_Split_86.fasta', -6.109, -1.735, -7.483, -8.553
'PRANK_b0#0086_hhT_tree_46_OP_0.17943757149806483_Split_86.fasta', -5.727, -1.34, -6.029, -9.099
'PRANK_b0#0086_hhT_tree_47_OP_0.4322745197435511_Split_86.fasta', -24.964, -20.59, -27.005, -26.512
'PRANK_b0#0086_htT_tree_47_OP_0.4322745197435511_Split_86.fasta', -25.436, -21.15, -28.015, -27.228
'PRANK_b0#0086_thT_tree_46_OP_0.17943757149806483_Split_86.fasta', -5.774, -1.338, -6.798, -8.167
'PRANK_b0#0086_thT_tree_47_OP_0.4322745197435511_Split_86.fasta', -23.174, -18.536, -26.186, -24.548
'PRANK_b0#0086_ttH_tree_46_OP_0.17943757149806483_Split_86.fasta', -5.429, -1.154, -4.508, -8.881
'PRANK_b0#0086_ttH_tree_47_OP_0.4322745197435511_Split_86.fasta', -24.664, -20.274, -24.501, -26.907
'PRANK_b0#0087_hhT_tree_44_OP_0.200818760412537_Split_87.fasta', -12.71, -10.286, -12.711, -13.214
'PRANK_b0#0087_htT_tree_44_OP_0.200818760412537_Split_87.fasta', -12.699, -10.276, -12.698, -13.205
'PRANK_b0#0087_thT_tree_44_OP_0.200818760412537_Split_87.fasta', -12.658, -10.234, -12.644, -13.162
'PRANK_b0#0087_ttT_tree_44_OP_0.200818760412537_Split_87.fasta', -12.689, -10.253, -13.637, -13.147
'PRANK_b0#0088_hhH_tree_14_OP_0.3064418702671071_Split_88.fasta', -30.738, -29.696, -31.337, -32.379
'PRANK_b0#0088_hhT_tree_92_OP_0.23387605000900108_Split_88.fasta', -5.3, -0.862, -6.479, -5.136
'PRANK_b0#0088_htH_tree_92_OP_0.23387605000900108_Split_88.fasta', -7.273, -3.214, -8.286, -7.162
'PRANK_b0#0088_htT_tree_14_OP_0.3064418702671071_Split_88.fasta', -29.33, -28.199, -28.549, -28.758
'PRANK_b0#0088_thH_tree_92_OP_0.23387605000900108_Split_88.fasta', -6.761, -2.62, -7.91, -6.721
'PRANK_b0#0088_thT_tree_14_OP_0.3064418702671071_Split_88.fasta', -29.283, -28.188, -28.518, -28.797
'PRANK_b0#0088_thT_tree_92_OP_0.23387605000900108_Split_88.fasta', -5.057, -0.95, -5.894, -4.915
'PRANK_b0#0088_ttH_tree_14_OP_0.3064418702671071_Split_88.fasta', -30.738, -29.696, -31.337, -32.379
'PRANK_b0#0089_hhH_tree_21_OP_0.22890592879188038_Split_89.fasta', -8.094, -3.675, -6.917, -12.325
'PRANK_b0#0089_htT_tree_21_OP_0.22890592879188038_Split_89.fasta', -9.257, -4.816, -8.029, -13.718
'PRANK_b0#0089_thH_tree_21_OP_0.22890592879188038_Split_89.fasta', -7.137, -2.455, -6.247, -11.342
'PRANK_b0#0089_ttT_tree_21_OP_0.22890592879188038_Split_89.fasta', -8.437, -3.759, -7.406, -12.813
'PRANK_b0#0090_hhT_tree_95_OP_0.1030307002700046_Split_90.fasta', 5.545, 11.857, -0.124, 2.784
'PRANK_b0#0090_thH_tree_95_OP_0.1030307002700046_Split_90.fasta', 7.207, 13.771, -0.155, 5.152
'PRANK_b0#0090_ttH_tree_95_OP_0.1030307002700046_Split_90.fasta', 7.575, 14.228, 3.214, 5.748
'PRANK_b0#0090_ttT_tree_95_OP_0.1030307002700046_Split_90.fasta', 5.918, 12.327, 0.131, 3.092
'PRANK_b0#0091_hhH_tree_4_OP_0.3917727204478945_Split_91.fasta', -18.626, -15.52, -19.036, -20.97
'PRANK_b0#0091_htT_tree_4_OP_0.3917727204478945_Split_91.fasta', -19.44, -16.602, -18.743, -22.048
'PRANK_b0#0091_thH_tree_4_OP_0.3917727204478945_Split_91.fasta', -19.123, -15.855, -19.983, -21.305
'PRANK_b0#0091_thT_tree_4_OP_0.3917727204478945_Split_91.fasta', -20.446, -17.616, -19.78, -22.808
'PRANK_b0#0096_hhH_tree_77_OP_0.06320220646162977_Split_96.fasta', -7.125, -3.659, -9.171, -5.974
'PRANK_b0#0096_hhT_tree_77_OP_0.06320220646162977_Split_96.fasta', -12.885, -11.166, -13.767, -11.333
'PRANK_b0#0096_htH_tree_77_OP_0.06320220646162977_Split_96.fasta', -7.125, -3.659, -9.171, -5.974
'PRANK_b0#0096_ttT_tree_77_OP_0.06320220646162977_Split_96.fasta', -13.191, -11.386, -14.062, -11.803
'PRANK_b1#0000_hhH_tree_61_OP_0.4330011748014624_Split_0.fasta', -24.034, -21.287, -22.327, -26.039
'PRANK_b1#0000_hhT_tree_61_OP_0.4330011748014624_Split_0.fasta', -23.298, -20.487, -20.831, -25.441
'PRANK_b1#0000_htH_tree_61_OP_0.4330011748014624_Split_0.fasta', -24.024, -21.276, -22.327, -26.03
'PRANK_b1#0000_htT_tree_61_OP_0.4330011748014624_Split_0.fasta', -23.294, -20.476, -20.828, -25.437
'PRANK_b1#0001_hhH_tree_89_OP_0.08315440018559267_Split_1.fasta', 9.235, 15.451, 5.923, 7.178
'PRANK_b1#0001_hhT_tree_89_OP_0.08315440018559267_Split_1.fasta', 9.385, 15.562, 6.069, 7.306
'PRANK_b1#0001_htH_tree_89_OP_0.08315440018559267_Split_1.fasta', 9.236, 15.431, 5.949, 7.18
'PRANK_b1#0001_htT_tree_89_OP_0.08315440018559267_Split_1.fasta', 9.302, 15.47, 6.002, 7.232
'PRANK_b1#0004_hhH_tree_20_OP_0.1825262028599538_Split_4.fasta', -13.211, -8.875, -15.088, -13.872
'PRANK_b1#0004_hhH_tree_2_OP_0.0971126692608415_Split_4.fasta', -15.785, -15.881, -20.621, -21.042
'PRANK_b1#0004_hhT_tree_20_OP_0.1825262028599538_Split_4.fasta', -8.083, -4.222, -10.222, -9.058
'PRANK_b1#0004_hhT_tree_2_OP_0.0971126692608415_Split_4.fasta', -16.965, -12.962, -19.49, -18.591
'PRANK_b1#0004_htH_tree_20_OP_0.1825262028599538_Split_4.fasta', -11.643, -7.249, -13.358, -12.491
'PRANK_b1#0004_htH_tree_2_OP_0.0971126692608415_Split_4.fasta', -15.815, -15.959, -20.41, -21.525
'PRANK_b1#0004_htT_tree_20_OP_0.1825262028599538_Split_4.fasta', -8.2, -4.368, -10.31, -9.168
'PRANK_b1#0004_htT_tree_2_OP_0.0971126692608415_Split_4.fasta', -16.807, -12.677, -19.439, -18.394
'PRANK_b1#0005_hhH_tree_67_OP_0.008476858088944328_Split_5.fasta', 12.86, 18.767, 13.519, 10.443
'PRANK_b1#0005_hhT_tree_67_OP_0.008476858088944328_Split_5.fasta', 9.377, 15.078, 10.083, 7.287
'PRANK_b1#0005_htH_tree_67_OP_0.008476858088944328_Split_5.fasta', 12.845, 18.751, 13.505, 10.429
'PRANK_b1#0005_htT_tree_67_OP_0.008476858088944328_Split_5.fasta', 9.317, 15.014, 10.002, 7.204
'PRANK_b1#0006_hhH_tree_90_OP_0.4673207261707267_Split_6.fasta', -21.023, -16.737, -22.68, -22.411
'PRANK_b1#0006_hhT_tree_90_OP_0.4673207261707267_Split_6.fasta', -21.774, -17.594, -22.801, -23.678
'PRANK_b1#0006_htH_tree_90_OP_0.4673207261707267_Split_6.fasta', -20.736, -16.335, -22.633, -22.354
'PRANK_b1#0006_htT_tree_90_OP_0.4673207261707267_Split_6.fasta', -20.542, -16.131, -22.403, -22.468
'PRANK_b1#0007_hhH_tree_41_OP_0.02098294888047958_Split_7.fasta', -5.512, -2.052, -6.622, -5.781
'PRANK_b1#0007_hhT_tree_41_OP_0.02098294888047958_Split_7.fasta', -6.886, -3.332, -8.599, -7.21
'PRANK_b1#0007_htH_tree_41_OP_0.02098294888047958_Split_7.fasta', -5.512, -2.052, -6.622, -5.781
'PRANK_b1#0007_htT_tree_41_OP_0.02098294888047958_Split_7.fasta', -6.886, -3.332, -8.599, -7.21
'PRANK_b1#0008_hhH_tree_15_OP_0.23700500204391878_Split_8.fasta', -27.64, -28.233, -27.397, -30.232
'PRANK_b1#0008_hhT_tree_15_OP_0.23700500204391878_Split_8.fasta', -35.022, -35.64, -34.902, -37.044
'PRANK_b1#0008_htH_tree_15_OP_0.23700500204391878_Split_8.fasta', -29.957, -30.817, -30.174, -32.987
'PRANK_b1#0008_htT_tree_15_OP_0.23700500204391878_Split_8.fasta', -28.022, -26.669, -27.766, -29.177
'PRANK_b1#0009_hhH_tree_29_OP_0.3263217068805121_Split_9.fasta', -39.885, -40.756, -39.211, -43.286
'PRANK_b1#0009_hhT_tree_29_OP_0.3263217068805121_Split_9.fasta', -40.034, -40.544, -39.688, -41.781
'PRANK_b1#0009_htH_tree_29_OP_0.3263217068805121_Split_9.fasta', -39.962, -40.844, -39.042, -43.412
'PRANK_b1#0009_htT_tree_29_OP_0.3263217068805121_Split_9.fasta', -40.235, -40.684, -40.182, -42.593
'PRANK_b1#0010_hhH_tree_55_OP_0.12131382649812672_Split_10.fasta', -2.207, 2.702, -6.593, -3.208
'PRANK_b1#0010_hhH_tree_78_OP_0.2199134490774199_Split_10.fasta', -33.411, -31.582, -33.385, -33.002
'PRANK_b1#0010_hhH_tree_93_OP_0.22235197408396468_Split_10.fasta', -0.317, 4.641, 1.037, -3.91
'PRANK_b1#0010_hhT_tree_55_OP_0.12131382649812672_Split_10.fasta', -2.169, 2.885, -6.751, -3.557
'PRANK_b1#0010_hhT_tree_78_OP_0.2199134490774199_Split_10.fasta', -35.4, -33.412, -35.128, -34.906
'PRANK_b1#0010_hhT_tree_93_OP_0.22235197408396468_Split_10.fasta', -0.195, 4.861, 1.145, -3.812
'PRANK_b1#0010_htH_tree_55_OP_0.12131382649812672_Split_10.fasta', -2.257, 2.64, -6.624, -3.261
'PRANK_b1#0010_htH_tree_78_OP_0.2199134490774199_Split_10.fasta', -33.417, -31.602, -33.137, -33.13
'PRANK_b1#0010_htH_tree_93_OP_0.22235197408396468_Split_10.fasta', -0.482, 4.452, 0.924, -4.103
'PRANK_b1#0010_htT_tree_55_OP_0.12131382649812672_Split_10.fasta', -2.291, 2.743, -6.876, -3.686
'PRANK_b1#0010_htT_tree_78_OP_0.2199134490774199_Split_10.fasta', -35.404, -33.414, -35.135, -34.909
'PRANK_b1#0010_htT_tree_93_OP_0.22235197408396468_Split_10.fasta', 0.023, 5.047, 1.692, -3.177
'PRANK_b1#0012_hhH_tree_39_OP_0.22687500454657905_Split_12.fasta', 1.388, 6.673, -0.863, 0.439
'PRANK_b1#0012_hhH_tree_42_OP_0.0496315149686164_Split_12.fasta', 0.207, 5.578, -3.164, 1.129
'PRANK_b1#0012_hhT_tree_39_OP_0.22687500454657905_Split_12.fasta', 2.545, 8.125, -1.174, 2.399
'PRANK_b1#0012_hhT_tree_42_OP_0.0496315149686164_Split_12.fasta', 2.097, 7.132, -0.702, 2.136
'PRANK_b1#0012_htH_tree_39_OP_0.22687500454657905_Split_12.fasta', 1.365, 6.656, -0.897, 0.407
'PRANK_b1#0012_htH_tree_42_OP_0.0496315149686164_Split_12.fasta', -0.063, 5.238, -3.399, 0.821
'PRANK_b1#0012_htT_tree_39_OP_0.22687500454657905_Split_12.fasta', 2.55, 8.136, -1.181, 2.413
'PRANK_b1#0012_htT_tree_42_OP_0.0496315149686164_Split_12.fasta', 2.158, 7.227, -0.693, 2.172
'PRANK_b1#0015_hhH_tree_18_OP_0.2024155938605975_Split_15.fasta', -1.726, 4.421, -5.984, -2.742
'PRANK_b1#0015_hhT_tree_18_OP_0.2024155938605975_Split_15.fasta', 0.763, 7.306, -2.166, -0.272
'PRANK_b1#0015_htH_tree_18_OP_0.2024155938605975_Split_15.fasta', -1.14, 5.18, -4.228, -1.709
'PRANK_b1#0015_htT_tree_18_OP_0.2024155938605975_Split_15.fasta', 0.744, 7.276, -2.178, -0.304
'PRANK_b1#0017_hhH_tree_25_OP_0.40331807202508463_Split_17.fasta', -18.868, -17.312, -19.134, -22.126
'PRANK_b1#0017_hhT_tree_25_OP_0.40331807202508463_Split_17.fasta', -19.491, -18.38, -21.957, -22.515
'PRANK_b1#0017_htH_tree_25_OP_0.40331807202508463_Split_17.fasta', -19.692, -18.288, -19.577, -22.47
'PRANK_b1#0017_htT_tree_25_OP_0.40331807202508463_Split_17.fasta', -20.323, -19.608, -23.771, -22.759
'PRANK_b1#0018_hhH_tree_75_OP_0.4799762788828158_Split_18.fasta', -20.794, -18.83, -21.654, -21.331
'PRANK_b1#0018_hhT_tree_75_OP_0.4799762788828158_Split_18.fasta', -18.822, -16.642, -20.63, -20.239
'PRANK_b1#0018_htH_tree_75_OP_0.4799762788828158_Split_18.fasta', -21.699, -19.569, -22.335, -21.895
'PRANK_b1#0018_htT_tree_75_OP_0.4799762788828158_Split_18.fasta', -20.36, -18.192, -22.416, -21.33
'PRANK_b1#0020_hhH_tree_32_OP_0.46510307915842913_Split_20.fasta', -41.446, -41.896, -40.195, -45.207
'PRANK_b1#0020_hhH_tree_45_OP_0.34336798907063576_Split_20.fasta', -0.65, 5.817, -5.019, 1.124
'PRANK_b1#0020_hhT_tree_32_OP_0.46510307915842913_Split_20.fasta', -36.56, -35.245, -36.821, -38.518
'PRANK_b1#0020_hhT_tree_45_OP_0.34336798907063576_Split_20.fasta', -3.113, 3.021, -6.124, -2.42
'PRANK_b1#0020_htH_tree_32_OP_0.46510307915842913_Split_20.fasta', -42.554, -42.822, -40.769, -45.856
'PRANK_b1#0020_htH_tree_45_OP_0.34336798907063576_Split_20.fasta', -0.727, 5.753, -5.07, 0.998
'PRANK_b1#0020_htT_tree_32_OP_0.46510307915842913_Split_20.fasta', -36.288, -34.973, -36.54, -38.358
'PRANK_b1#0020_htT_tree_45_OP_0.34336798907063576_Split_20.fasta', -3.834, 2.479, -6.507, -3.954
'PRANK_b1#0021_hhH_tree_72_OP_0.03379288926432422_Split_21.fasta', 1.515, 4.279, -0.747, 0.565
'PRANK_b1#0021_hhT_tree_72_OP_0.03379288926432422_Split_21.fasta', -1.85, -0.863, -7.423, -7.642
'PRANK_b1#0021_htH_tree_72_OP_0.03379288926432422_Split_21.fasta', 1.553, 4.318, -0.711, 0.608
'PRANK_b1#0021_htT_tree_72_OP_0.03379288926432422_Split_21.fasta', -2.172, -1.195, -7.394, -7.691
'PRANK_b1#0022_hhH_tree_82_OP_0.3028561213552523_Split_22.fasta', -20.811, -20.556, -24.948, -25.676
'PRANK_b1#0022_hhH_tree_83_OP_0.37330283834351374_Split_22.fasta', 3.023, 8.677, -1.522, 1.69
'PRANK_b1#0022_hhT_tree_82_OP_0.3028561213552523_Split_22.fasta', -19.952, -17.764, -19.277, -22.092
'PRANK_b1#0022_hhT_tree_83_OP_0.37330283834351374_Split_22.fasta', -8.461, -5.28, -9.978, -12.026
'PRANK_b1#0022_htH_tree_82_OP_0.3028561213552523_Split_22.fasta', -19.711, -19.115, -23.893, -24.362
'PRANK_b1#0022_htH_tree_83_OP_0.37330283834351374_Split_22.fasta', 3.181, 8.851, -1.361, 1.864
'PRANK_b1#0022_htT_tree_82_OP_0.3028561213552523_Split_22.fasta', -19.854, -17.665, -19.158, -21.986
'PRANK_b1#0022_htT_tree_83_OP_0.37330283834351374_Split_22.fasta', -8.107, -4.856, -9.265, -11.778
'PRANK_b1#0024_hhH_tree_12_OP_0.12503863659849623_Split_24.fasta', -8.381, -4.179, -10.085, -5.361
'PRANK_b1#0024_hhH_tree_28_OP_0.026059464327883253_Split_24.fasta', 4.544, 9.077, 2.858, 4.521
'PRANK_b1#0024_hhH_tree_34_OP_0.3871869419205337_Split_24.fasta', -6.176, -1.465, -5.882, -6.967
'PRANK_b1#0024_hhH_tree_58_OP_0.4060880752132891_Split_24.fasta', -11.705, -8.185, -11.426, -14.405
'PRANK_b1#0024_hhH_tree_65_OP_0.2277419037379937_Split_24.fasta', -20.506, -15.626, -22.357, -19.609
'PRANK_b1#0024_hhT_tree_12_OP_0.12503863659849623_Split_24.fasta', -9.11, -4.969, -10.779, -6.006
'PRANK_b1#0024_hhT_tree_28_OP_0.026059464327883253_Split_24.fasta', 4.087, 8.781, 0.876, 5.216
'PRANK_b1#0024_hhT_tree_34_OP_0.3871869419205337_Split_24.fasta', -11.179, -7.915, -8.77, -12.377
'PRANK_b1#0024_hhT_tree_58_OP_0.4060880752132891_Split_24.fasta', -10.171, -6.221, -10.888, -12.507
'PRANK_b1#0024_hhT_tree_65_OP_0.2277419037379937_Split_24.fasta', -18.024, -13.642, -19.938, -17.749
'PRANK_b1#0024_htH_tree_12_OP_0.12503863659849623_Split_24.fasta', -8.518, -4.347, -10.194, -5.503
'PRANK_b1#0024_htH_tree_28_OP_0.026059464327883253_Split_24.fasta', 4.544, 9.077, 2.858, 4.521
'PRANK_b1#0024_htH_tree_34_OP_0.3871869419205337_Split_24.fasta', -7.777, -4.085, -8.126, -8.921
'PRANK_b1#0024_htH_tree_58_OP_0.4060880752132891_Split_24.fasta', -7.104, -2.41, -9.316, -8.871
'PRANK_b1#0024_htH_tree_65_OP_0.2277419037379937_Split_24.fasta', -20.26, -15.244, -22.255, -19.335
'PRANK_b1#0024_htT_tree_12_OP_0.12503863659849623_Split_24.fasta', -9.11, -4.969, -10.779, -6.006
'PRANK_b1#0024_htT_tree_28_OP_0.026059464327883253_Split_24.fasta', 4.077, 8.769, 0.865, 5.203
'PRANK_b1#0024_htT_tree_34_OP_0.3871869419205337_Split_24.fasta', -8.786, -4.842, -6.884, -9.976
'PRANK_b1#0024_htT_tree_58_OP_0.4060880752132891_Split_24.fasta', -10.116, -6.112, -10.869, -12.403
'PRANK_b1#0024_htT_tree_65_OP_0.2277419037379937_Split_24.fasta', -18.003, -13.625, -19.927, -17.754
'PRANK_b1#0026_hhH_tree_87_OP_0.11403984600375927_Split_26.fasta', -16.786, -16.078, -14.893, -19.241
'PRANK_b1#0026_hhT_tree_87_OP_0.11403984600375927_Split_26.fasta', -7.778, -6.704, -8.675, -9.449
'PRANK_b1#0026_htH_tree_87_OP_0.11403984600375927_Split_26.fasta', -16.673, -15.992, -14.736, -19.075
'PRANK_b1#0026_htT_tree_87_OP_0.11403984600375927_Split_26.fasta', -7.77, -6.702, -8.659, -9.432
'PRANK_b1#0028_hhH_tree_70_OP_0.3490789034502281_Split_28.fasta', -25.717, -22.207, -27.783, -26.572
'PRANK_b1#0028_hhT_tree_70_OP_0.3490789034502281_Split_28.fasta', -21.213, -17.509, -19.22, -25.316
'PRANK_b1#0028_htH_tree_70_OP_0.3490789034502281_Split_28.fasta', -18.746, -14.427, -22.189, -21.104
'PRANK_b1#0028_htT_tree_70_OP_0.3490789034502281_Split_28.fasta', -17.176, -12.914, -20.449, -19.598
'PRANK_b1#0029_hhH_tree_1_OP_0.05363264786522631_Split_29.fasta', -17.489, -14.119, -17.793, -18.5
'PRANK_b1#0029_hhH_tree_62_OP_0.09025347905865139_Split_29.fasta', -15.979, -12.923, -16.5, -13.857
'PRANK_b1#0029_hhT_tree_1_OP_0.05363264786522631_Split_29.fasta', -18.596, -15.338, -20.864, -18.436
'PRANK_b1#0029_hhT_tree_62_OP_0.09025347905865139_Split_29.fasta', -12.979, -9.947, -11.775, -10.883
'PRANK_b1#0029_htH_tree_1_OP_0.05363264786522631_Split_29.fasta', -17.501, -14.156, -19.789, -17.365
'PRANK_b1#0029_htH_tree_62_OP_0.09025347905865139_Split_29.fasta', -15.979, -12.923, -16.5, -13.857
'PRANK_b1#0029_htT_tree_1_OP_0.05363264786522631_Split_29.fasta', -18.531, -15.25, -18.713, -19.544
'PRANK_b1#0029_htT_tree_62_OP_0.09025347905865139_Split_29.fasta', -12.972, -9.938, -11.773, -10.879
'PRANK_b1#0030_hhH_tree_68_OP_0.2161589229083642_Split_30.fasta', 0.187, 5.695, -7.235, -2.271
'PRANK_b1#0030_hhT_tree_68_OP_0.2161589229083642_Split_30.fasta', 0.627, 6.188, -4.863, -1.741
'PRANK_b1#0030_htH_tree_68_OP_0.2161589229083642_Split_30.fasta', 2.365, 7.667, -4.667, -0.161
'PRANK_b1#0030_htT_tree_68_OP_0.2161589229083642_Split_30.fasta', 0.556, 6.114, -4.922, -1.797
'PRANK_b1#0032_hhH_tree_17_OP_0.0883996370966601_Split_32.fasta', -19.396, -15.968, -20.897, -20.432
'PRANK_b1#0032_hhH_tree_31_OP_0.2991272106085847_Split_32.fasta', 7.351, 13.035, 1.857, 5.948
'PRANK_b1#0032_hhH_tree_57_OP_0.01035969654869301_Split_32.fasta', 5.212, 9.531, 3.517, 6.248
'PRANK_b1#0032_hhH_tree_74_OP_0.34003546929790274_Split_32.fasta', -1.774, 4.17, -9.051, -4.393
'PRANK_b1#0032_hhH_tree_76_OP_0.3744455664317578_Split_32.fasta', -21.977, -18.506, -24.982, -23.767
'PRANK_b1#0032_hhT_tree_17_OP_0.0883996370966601_Split_32.fasta', -21.248, -18.514, -22.748, -22.037
'PRANK_b1#0032_hhT_tree_31_OP_0.2991272106085847_Split_32.fasta', 5.955, 11.647, 1.478, 4.596
'PRANK_b1#0032_hhT_tree_57_OP_0.01035969654869301_Split_32.fasta', 5.83, 10.395, 4.465, 6.808
'PRANK_b1#0032_hhT_tree_74_OP_0.34003546929790274_Split_32.fasta', -13.195, -9.05, -17.202, -14.85
'PRANK_b1#0032_hhT_tree_76_OP_0.3744455664317578_Split_32.fasta', -23.588, -20.928, -24.693, -25.888
'PRANK_b1#0032_htH_tree_17_OP_0.0883996370966601_Split_32.fasta', -19.231, -15.811, -20.784, -20.308
'PRANK_b1#0032_htH_tree_31_OP_0.2991272106085847_Split_32.fasta', 7.35, 13.062, 1.83, 5.915
'PRANK_b1#0032_htH_tree_57_OP_0.01035969654869301_Split_32.fasta', 5.212, 9.531, 3.517, 6.248
'PRANK_b1#0032_htH_tree_74_OP_0.34003546929790274_Split_32.fasta', -12.059, -8.246, -14.724, -14.122
'PRANK_b1#0032_htH_tree_76_OP_0.3744455664317578_Split_32.fasta', -21.954, -18.464, -24.966, -23.722
'PRANK_b1#0032_htT_tree_17_OP_0.0883996370966601_Split_32.fasta', -21.071, -18.311, -22.58, -21.869
'PRANK_b1#0032_htT_tree_31_OP_0.2991272106085847_Split_32.fasta', 5.955, 11.647, 1.478, 4.596
'PRANK_b1#0032_htT_tree_57_OP_0.01035969654869301_Split_32.fasta', 5.76, 10.331, 4.361, 6.795
'PRANK_b1#0032_htT_tree_74_OP_0.34003546929790274_Split_32.fasta', -1.919, 4.075, -9.201, -4.767
'PRANK_b1#0032_htT_tree_76_OP_0.3744455664317578_Split_32.fasta', -23.588, -20.928, -24.693, -25.888
'PRANK_b1#0034_hhH_tree_33_OP_0.48048927330141855_Split_34.fasta', -38.652, -35.573, -39.651, -39.347
'PRANK_b1#0034_hhH_tree_52_OP_0.03486385316080837_Split_34.fasta', -9.534, -6.806, -10.002, -8.189
'PRANK_b1#0034_hhT_tree_33_OP_0.48048927330141855_Split_34.fasta', -31.362, -28.94, -31.545, -33.406
'PRANK_b1#0034_hhT_tree_52_OP_0.03486385316080837_Split_34.fasta', -12.654, -10.661, -9.991, -11.341
'PRANK_b1#0034_htH_tree_33_OP_0.48048927330141855_Split_34.fasta', -31.702, -28.801, -31.887, -32.755
'PRANK_b1#0034_htH_tree_52_OP_0.03486385316080837_Split_34.fasta', -9.527, -6.804, -9.991, -8.184
'PRANK_b1#0034_htT_tree_33_OP_0.48048927330141855_Split_34.fasta', -30.816, -28.276, -31.087, -32.809
'PRANK_b1#0034_htT_tree_52_OP_0.03486385316080837_Split_34.fasta', -12.654, -10.661, -9.991, -11.341
'PRANK_b1#0036_hhH_tree_8_OP_0.3698786236358351_Split_36.fasta', -14.576, -8.267, -18.071, -15.581
'PRANK_b1#0036_hhT_tree_8_OP_0.3698786236358351_Split_36.fasta', -15.215, -8.895, -18.543, -16.313
'PRANK_b1#0036_htH_tree_8_OP_0.3698786236358351_Split_36.fasta', -14.069, -8.139, -16.55, -14.484
'PRANK_b1#0036_htT_tree_8_OP_0.3698786236358351_Split_36.fasta', -13.504, -7.347, -14.743, -14.978
'PRANK_b1#0037_hhH_tree_19_OP_0.2601680197593299_Split_37.fasta', -7.262, -4.444, -9.238, -7.571
'PRANK_b1#0037_hhT_tree_19_OP_0.2601680197593299_Split_37.fasta', -6.395, -3.451, -8.488, -6.5
'PRANK_b1#0037_htH_tree_19_OP_0.2601680197593299_Split_37.fasta', -7.334, -4.59, -9.239, -7.653
'PRANK_b1#0037_htT_tree_19_OP_0.2601680197593299_Split_37.fasta', -6.439, -3.493, -8.552, -6.559
'PRANK_b1#0038_hhH_tree_22_OP_0.1313757710015392_Split_38.fasta', -9.25, -5.419, -8.979, -12.069
'PRANK_b1#0038_hhH_tree_38_OP_0.29843463616112814_Split_38.fasta', 1.565, 7.748, -2.337, 1.011
'PRANK_b1#0038_hhH_tree_91_OP_0.31689700001611826_Split_38.fasta', -5.495, -1.189, -6.845, -8.372
'PRANK_b1#0038_hhT_tree_22_OP_0.1313757710015392_Split_38.fasta', -10.396, -6.384, -10.32, -12.816
'PRANK_b1#0038_hhT_tree_38_OP_0.29843463616112814_Split_38.fasta', 1.556, 7.715, -0.073, 0.11
'PRANK_b1#0038_hhT_tree_91_OP_0.31689700001611826_Split_38.fasta', -6.147, -2.029, -7.486, -8.704
'PRANK_b1#0038_htH_tree_22_OP_0.1313757710015392_Split_38.fasta', -9.133, -5.317, -8.852, -11.965
'PRANK_b1#0038_htH_tree_38_OP_0.29843463616112814_Split_38.fasta', 1.578, 7.756, -2.334, 0.989
'PRANK_b1#0038_htH_tree_91_OP_0.31689700001611826_Split_38.fasta', -5.593, -1.113, -7.705, -6.471
'PRANK_b1#0038_htT_tree_22_OP_0.1313757710015392_Split_38.fasta', -10.356, -6.382, -10.267, -12.725
'PRANK_b1#0038_htT_tree_38_OP_0.29843463616112814_Split_38.fasta', 1.556, 7.715, -0.073, 0.11
'PRANK_b1#0038_htT_tree_91_OP_0.31689700001611826_Split_38.fasta', -5.659, -1.665, -7.36, -8.505
'PRANK_b1#0040_hhH_tree_27_OP_0.14896923282821622_Split_40.fasta', 8.434, 15.38, 3.353, 9.128
'PRANK_b1#0040_hhH_tree_9_OP_0.3803136599863731_Split_40.fasta', -30.333, -28.49, -30.914, -34.525
'PRANK_b1#0040_hhT_tree_27_OP_0.14896923282821622_Split_40.fasta', 9.011, 15.997, 3.425, 10.203
'PRANK_b1#0040_hhT_tree_9_OP_0.3803136599863731_Split_40.fasta', -34.02, -32.622, -34.252, -37.528
'PRANK_b1#0040_htH_tree_27_OP_0.14896923282821622_Split_40.fasta', 8.436, 15.381, 3.357, 9.132
'PRANK_b1#0040_htH_tree_9_OP_0.3803136599863731_Split_40.fasta', -31.028, -29.318, -31.366, -35.177
'PRANK_b1#0040_htT_tree_27_OP_0.14896923282821622_Split_40.fasta', 9.33, 16.269, 4.383, 9.99
'PRANK_b1#0040_htT_tree_9_OP_0.3803136599863731_Split_40.fasta', -33.374, -31.82, -33.823, -36.868
'PRANK_b1#0041_hhH_tree_98_OP_0.2156405548443302_Split_41.fasta', -24.568, -21.647, -23.381, -24.54
'PRANK_b1#0041_hhT_tree_98_OP_0.2156405548443302_Split_41.fasta', -21.875, -19.276, -19.819, -22.252
'PRANK_b1#0041_htH_tree_98_OP_0.2156405548443302_Split_41.fasta', -24.557, -21.654, -23.458, -24.764
'PRANK_b1#0041_htT_tree_98_OP_0.2156405548443302_Split_41.fasta', -21.963, -19.353, -19.909, -22.328
'PRANK_b1#0042_hhH_tree_26_OP_0.19458729828343746_Split_42.fasta', 6.77, 13.15, 1.499, 4.906
'PRANK_b1#0042_hhH_tree_50_OP_0.41441335319694456_Split_42.fasta', -18.194, -14.959, -17.086, -19.611
'PRANK_b1#0042_hhT_tree_26_OP_0.19458729828343746_Split_42.fasta', 3.27, 8.833, 5.303, -1.132
'PRANK_b1#0042_hhT_tree_50_OP_0.41441335319694456_Split_42.fasta', -19.491, -17.026, -18.019, -21.347
'PRANK_b1#0042_htH_tree_26_OP_0.19458729828343746_Split_42.fasta', 3.709, 9.589, -1.05, 1.796
'PRANK_b1#0042_htH_tree_50_OP_0.41441335319694456_Split_42.fasta', -19.236, -16.425, -17.838, -20.907
'PRANK_b1#0042_htT_tree_26_OP_0.19458729828343746_Split_42.fasta', 3.333, 8.926, 5.346, -1.079
'PRANK_b1#0042_htT_tree_50_OP_0.41441335319694456_Split_42.fasta', -19.554, -17.089, -18.106, -21.419
'PRANK_b1#0044_hhH_tree_66_OP_0.002445136450722696_Split_44.fasta', -1.326, 2.421, -5.65, -2.65
'PRANK_b1#0044_hhT_tree_66_OP_0.002445136450722696_Split_44.fasta', -5.021, -1.269, -6.647, -7.814
'PRANK_b1#0044_htH_tree_66_OP_0.002445136450722696_Split_44.fasta', 4.512, 9.279, 4.84, 1.862
'PRANK_b1#0044_htT_tree_66_OP_0.002445136450722696_Split_44.fasta', 1.482, 6.245, 2.218, -0.661
'PRANK_b1#0047_hhH_tree_49_OP_0.3808211405032018_Split_47.fasta', -16.99, -13.007, -17.029, -18.428
'PRANK_b1#0047_hhH_tree_54_OP_0.19617966006842125_Split_47.fasta', -11.631, -8.874, -13.137, -13.798
'PRANK_b1#0047_hhH_tree_94_OP_0.02673109171310184_Split_47.fasta', 5.467, 10.98, 7.921, 5.016
'PRANK_b1#0047_hhT_tree_49_OP_0.3808211405032018_Split_47.fasta', -13.964, -9.939, -15.872, -13.927
'PRANK_b1#0047_hhT_tree_54_OP_0.19617966006842125_Split_47.fasta', 3.021, 7.584, -0.818, 2.19
'PRANK_b1#0047_hhT_tree_94_OP_0.02673109171310184_Split_47.fasta', 7.551, 13.877, 8.282, 6.59
'PRANK_b1#0047_htH_tree_49_OP_0.3808211405032018_Split_47.fasta', -13.536, -9.372, -15.741, -14.271
'PRANK_b1#0047_htH_tree_54_OP_0.19617966006842125_Split_47.fasta', -11.616, -8.879, -13.115, -13.779
'PRANK_b1#0047_htH_tree_94_OP_0.02673109171310184_Split_47.fasta', 3.978, 9.168, 6.829, 2.314
'PRANK_b1#0047_htT_tree_49_OP_0.3808211405032018_Split_47.fasta', -13.743, -9.734, -15.648, -13.72
'PRANK_b1#0047_htT_tree_54_OP_0.19617966006842125_Split_47.fasta', 3.486, 8.132, -0.378, 2.815
'PRANK_b1#0047_htT_tree_94_OP_0.02673109171310184_Split_47.fasta', 7.597, 13.924, 8.353, 6.656
'23410', 24.564, 32.428, 19.897, 23.439
