code_PAM250_GO_-10_GE_-1,sp_HENIKOFF_with_gaps_PAM250_GO_-10_GE_-1,sp_HENIKOFF_without_gaps_PAM250_GO_-10_GE_-1,sp_CLUSTAL_WEIGHTS_mid_root_PAM250_GO_-10_GE_-1,sp_CLUSTAL_WEIGHTS_diff_sum_PAM250_GO_-10_GE_-1
'bali_phy_msa.1.fas', -68.003, -69.952, -57.784, -70.035
'bali_phy_msa.10.fas', -9.896, -5.527, -11.718, -13.346
'bali_phy_msa.100.fas', -8.981, -4.852, -11.848, -13.611
'bali_phy_msa.101.fas', -9.668, -5.435, -10.037, -13.806
'bali_phy_msa.102.fas', -14.912, -11.993, -14.72, -19.681
'bali_phy_msa.103.fas', -11.003, -7.285, -11.44, -15.574
'bali_phy_msa.104.fas', -8.225, -3.484, -9.021, -12.274
'bali_phy_msa.105.fas', -10.299, -6.545, -10.266, -14.363
'bali_phy_msa.106.fas', -9.545, -5.031, -7.817, -14.132
'bali_phy_msa.107.fas', -9.143, -5.285, -12.048, -12.994
'bali_phy_msa.108.fas', -10.834, -7.12, -11.763, -14.497
'bali_phy_msa.109.fas', -8.356, -4.073, -10.43, -12.216
'bali_phy_msa.11.fas', -9.983, -6.206, -12.394, -13.719
'bali_phy_msa.110.fas', -8.937, -5.014, -10.42, -12.443
'bali_phy_msa.111.fas', -11.963, -8.489, -12.777, -15.973
'bali_phy_msa.112.fas', -10.171, -6.481, -10.055, -14.451
'bali_phy_msa.113.fas', -11.143, -7.428, -11.153, -15.659
'bali_phy_msa.114.fas', -10.843, -6.767, -12.52, -14.702
'bali_phy_msa.115.fas', -7.995, -3.455, -11.662, -10.923
'bali_phy_msa.116.fas', -9.451, -5.295, -11.161, -14.077
'bali_phy_msa.117.fas', -14.014, -11.073, -14.04, -19.146
'bali_phy_msa.118.fas', -9.775, -5.711, -12.689, -13.734
'bali_phy_msa.119.fas', -10.159, -6.195, -11.292, -14.744
'bali_phy_msa.12.fas', -8.363, -4.047, -11.947, -12.851
'bali_phy_msa.120.fas', -11.182, -7.7, -12.067, -15.899
'bali_phy_msa.121.fas', -10.594, -7.182, -11.748, -15.812
'bali_phy_msa.122.fas', -8.351, -4.155, -11.826, -11.713
'bali_phy_msa.123.fas', -10.231, -6.454, -12.856, -12.949
'bali_phy_msa.124.fas', -12.962, -9.943, -14.484, -17.471
'bali_phy_msa.125.fas', -8.612, -4.628, -6.859, -13.334
'bali_phy_msa.126.fas', -12.127, -9.011, -12.021, -16.591
'bali_phy_msa.127.fas', -9.986, -6.212, -12.502, -13.154
'bali_phy_msa.128.fas', -8.616, -4.389, -11.486, -13.841
'bali_phy_msa.129.fas', -9.3, -5.42, -12.311, -12.863
'bali_phy_msa.13.fas', -8.924, -4.497, -10.951, -12.04
'bali_phy_msa.130.fas', -10.568, -6.514, -11.653, -14.679
'bali_phy_msa.131.fas', -10.407, -6.271, -12.18, -14.607
'bali_phy_msa.132.fas', -9.692, -5.89, -10.336, -13.866
'bali_phy_msa.133.fas', -10.16, -6.337, -11.619, -15.304
'bali_phy_msa.134.fas', -9.87, -5.727, -10.862, -13.694
'bali_phy_msa.135.fas', -8.507, -4.458, -9.314, -12.957
'bali_phy_msa.136.fas', -9.496, -5.395, -11.736, -12.656
'bali_phy_msa.137.fas', -9.4, -5.543, -11.235, -13.489
'bali_phy_msa.138.fas', -10.509, -6.784, -10.666, -14.295
'bali_phy_msa.139.fas', -11.225, -7.809, -12.21, -14.984
'bali_phy_msa.14.fas', -7.851, -3.186, -10.22, -11.046
'bali_phy_msa.140.fas', -9.537, -5.515, -12.096, -12.315
'bali_phy_msa.141.fas', -10.725, -7.119, -10.355, -14.988
'bali_phy_msa.142.fas', -7.007, -2.344, -9.47, -10.113
'bali_phy_msa.143.fas', -7.897, -3.378, -9.207, -12.114
'bali_phy_msa.144.fas', -11.087, -7.352, -12.572, -15.352
'bali_phy_msa.145.fas', -13.249, -10.354, -13.443, -17.875
'bali_phy_msa.146.fas', -9.155, -4.966, -12.612, -13.058
'bali_phy_msa.147.fas', -10.291, -6.494, -7.854, -14.471
'bali_phy_msa.148.fas', -11.51, -7.817, -12.505, -15.85
'bali_phy_msa.149.fas', -11.305, -7.566, -11.792, -15.009
'bali_phy_msa.15.fas', -10.704, -7.196, -12.612, -14.447
'bali_phy_msa.150.fas', -13.717, -10.467, -15.799, -18.149
'bali_phy_msa.151.fas', -16.107, -13.577, -14.263, -20.668
'bali_phy_msa.152.fas', -9.489, -5.651, -10.298, -14.029
'bali_phy_msa.153.fas', -10.14, -5.931, -13.808, -13.619
'bali_phy_msa.154.fas', -10.943, -7.208, -12.432, -14.86
'bali_phy_msa.155.fas', -10.339, -6.52, -10.038, -14.025
'bali_phy_msa.156.fas', -9.124, -5.194, -9.298, -13.113
'bali_phy_msa.157.fas', -11.59, -7.747, -12.73, -14.897
'bali_phy_msa.158.fas', -12.395, -8.747, -12.568, -16.585
'bali_phy_msa.159.fas', -10.798, -7.203, -10.787, -14.566
'bali_phy_msa.16.fas', -11.456, -8.009, -12.402, -15.946
'bali_phy_msa.160.fas', -8.583, -4.175, -9.679, -12.899
'bali_phy_msa.161.fas', -8.986, -4.712, -9.122, -12.805
'bali_phy_msa.162.fas', -8.106, -3.546, -7.941, -12.087
'bali_phy_msa.163.fas', -12.143, -8.913, -12.698, -16.767
'bali_phy_msa.164.fas', -10.55, -6.69, -11.118, -15.018
'bali_phy_msa.165.fas', -7.993, -3.687, -11.216, -11.941
'bali_phy_msa.166.fas', -12.087, -8.79, -12.633, -17.059
'bali_phy_msa.167.fas', -13.438, -10.526, -13.313, -17.948
'bali_phy_msa.168.fas', -11.484, -7.804, -12.315, -15.499
'bali_phy_msa.169.fas', -14.764, -11.748, -16.776, -18.709
'bali_phy_msa.17.fas', -11.593, -7.991, -14.087, -15.53
'bali_phy_msa.170.fas', -10.872, -7.033, -13.128, -15.81
'bali_phy_msa.171.fas', -8.437, -4.042, -8.941, -12.536
'bali_phy_msa.172.fas', -9.762, -5.574, -10.823, -14.369
'bali_phy_msa.173.fas', -9.808, -5.704, -9.942, -13.441
'bali_phy_msa.174.fas', -9.086, -4.809, -10.576, -14.123
'bali_phy_msa.175.fas', -11.128, -6.975, -14.923, -14.483
'bali_phy_msa.176.fas', -9.352, -5.389, -10.375, -13.592
'bali_phy_msa.177.fas', -12.581, -9.222, -14.617, -16.999
'bali_phy_msa.178.fas', -8.973, -4.815, -11.362, -12.385
'bali_phy_msa.179.fas', -7.959, -3.494, -8.357, -11.506
'bali_phy_msa.18.fas', -8.808, -4.743, -11.303, -12.153
'bali_phy_msa.180.fas', -13.067, -9.822, -15.04, -16.901
'bali_phy_msa.181.fas', -10.848, -7.016, -11.961, -15.414
'bali_phy_msa.182.fas', -10.239, -6.59, -11.004, -14.719
'bali_phy_msa.183.fas', -9.488, -5.057, -12.864, -13.312
'bali_phy_msa.184.fas', -8.35, -4.17, -10.114, -13.378
'bali_phy_msa.185.fas', -11.767, -7.977, -14.517, -15.39
'bali_phy_msa.186.fas', -9.929, -6.065, -11.792, -14.096
'bali_phy_msa.187.fas', -8.53, -4.49, -11.017, -12.765
'bali_phy_msa.188.fas', -10.471, -6.649, -11.417, -14.615
'bali_phy_msa.189.fas', -9.734, -5.733, -12.996, -13.118
'bali_phy_msa.19.fas', -12.561, -8.992, -12.67, -17.014
'bali_phy_msa.190.fas', -12.16, -8.787, -14.658, -15.508
'bali_phy_msa.191.fas', -13.464, -10.388, -15.558, -18.613
'bali_phy_msa.192.fas', -9.133, -4.593, -10.196, -13.395
'bali_phy_msa.193.fas', -9.963, -6.055, -13.855, -14.735
'bali_phy_msa.194.fas', -10.169, -6.334, -11.136, -14.432
'bali_phy_msa.195.fas', -9.207, -5.013, -9.995, -11.984
'bali_phy_msa.196.fas', -10.008, -5.763, -11.938, -13.673
'bali_phy_msa.197.fas', -9.242, -5.018, -10.507, -13.561
'bali_phy_msa.198.fas', -7.926, -3.835, -8.769, -12.457
'bali_phy_msa.199.fas', -13.967, -11.027, -13.042, -18.456
'bali_phy_msa.2.fas', -12.652, -9.577, -11.77, -16.748
'bali_phy_msa.20.fas', -11.166, -7.776, -11.1, -15.226
'bali_phy_msa.200.fas', -11.282, -7.255, -10.945, -15.133
'bali_phy_msa.201.fas', -9.741, -5.648, -9.845, -13.913
'bali_phy_msa.202.fas', -12.41, -9.128, -9.744, -17.564
'bali_phy_msa.203.fas', -8.808, -4.655, -9.608, -12.915
'bali_phy_msa.204.fas', -12.312, -8.884, -15.313, -16.522
'bali_phy_msa.205.fas', -10.574, -6.752, -11.545, -13.831
'bali_phy_msa.206.fas', -11.967, -8.783, -10.827, -16.779
'bali_phy_msa.207.fas', -16.562, -13.704, -16.325, -20.644
'bali_phy_msa.208.fas', -18.61, -16.355, -19.351, -23.528
'bali_phy_msa.209.fas', -10.964, -7.343, -10.967, -15.246
'bali_phy_msa.21.fas', -8.674, -4.587, -8.769, -12.458
'bali_phy_msa.210.fas', -9.137, -5.544, -9.895, -13.829
'bali_phy_msa.211.fas', -12.554, -9.455, -12.353, -17.345
'bali_phy_msa.212.fas', -9.541, -5.489, -12.44, -12.015
'bali_phy_msa.213.fas', -10.062, -6.384, -11.276, -14.946
'bali_phy_msa.214.fas', -9.706, -5.711, -9.873, -14.049
'bali_phy_msa.215.fas', -11.724, -8.343, -12.7, -16.044
'bali_phy_msa.216.fas', -12.364, -8.976, -13.241, -17.791
'bali_phy_msa.217.fas', -7.091, -2.474, -10.325, -11.392
'bali_phy_msa.218.fas', -9.647, -5.679, -11.837, -13.083
'bali_phy_msa.219.fas', -10.858, -6.876, -12.203, -14.658
'bali_phy_msa.22.fas', -8.337, -4.114, -9.912, -12.718
'bali_phy_msa.220.fas', -10.495, -6.8, -12.257, -14.116
'bali_phy_msa.221.fas', -8.932, -4.866, -9.255, -12.726
'bali_phy_msa.222.fas', -9.407, -5.465, -9.841, -13.225
'bali_phy_msa.223.fas', -12.317, -8.59, -13.088, -16.476
'bali_phy_msa.224.fas', -10.656, -7.178, -11.213, -15.008
'bali_phy_msa.225.fas', -13.056, -9.815, -13.951, -17.824
'bali_phy_msa.226.fas', -9.154, -4.999, -10.49, -13.489
'bali_phy_msa.227.fas', -14.562, -11.502, -14.691, -19.116
'bali_phy_msa.228.fas', -11.144, -7.385, -11.838, -15.35
'bali_phy_msa.229.fas', -9.801, -5.941, -10.442, -13.6
'bali_phy_msa.23.fas', -10.034, -5.926, -11.046, -13.42
'bali_phy_msa.230.fas', -9.04, -4.918, -9.653, -13.383
'bali_phy_msa.231.fas', -10.536, -6.656, -11.993, -14.277
'bali_phy_msa.232.fas', -10.676, -7.034, -13.045, -15.082
'bali_phy_msa.233.fas', -9.204, -5.122, -7.621, -15.903
'bali_phy_msa.234.fas', -9.671, -5.61, -12.131, -14.017
'bali_phy_msa.235.fas', -9.47, -5.404, -11.872, -14.073
'bali_phy_msa.236.fas', -10.954, -7.303, -13.293, -15.192
'bali_phy_msa.237.fas', -10.344, -6.655, -14.025, -14.276
'bali_phy_msa.238.fas', -9.528, -5.549, -13.115, -13.473
'bali_phy_msa.239.fas', -10.175, -6.281, -11.14, -13.669
'bali_phy_msa.24.fas', -8.418, -3.997, -9.149, -12.433
'bali_phy_msa.240.fas', -8.997, -5.0, -9.752, -13.337
'bali_phy_msa.241.fas', -11.166, -7.664, -8.557, -16.466
'bali_phy_msa.242.fas', -11.235, -7.681, -12.749, -15.521
'bali_phy_msa.243.fas', -8.885, -4.431, -10.323, -13.671
'bali_phy_msa.244.fas', -9.615, -6.04, -9.563, -14.407
'bali_phy_msa.245.fas', -8.783, -4.306, -11.287, -12.688
'bali_phy_msa.246.fas', -7.776, -3.469, -8.909, -12.164
'bali_phy_msa.247.fas', -11.693, -8.329, -12.299, -14.871
'bali_phy_msa.248.fas', -7.806, -3.225, -9.636, -10.953
'bali_phy_msa.249.fas', -9.742, -5.839, -11.128, -13.834
'bali_phy_msa.25.fas', -8.21, -3.718, -8.983, -12.265
'bali_phy_msa.250.fas', -12.675, -9.586, -13.003, -17.872
'bali_phy_msa.251.fas', -8.818, -4.645, -12.869, -13.47
'bali_phy_msa.252.fas', -9.021, -4.98, -9.415, -12.992
'bali_phy_msa.253.fas', -11.286, -7.409, -12.582, -16.039
'bali_phy_msa.254.fas', -17.027, -14.894, -18.765, -21.444
'bali_phy_msa.255.fas', -14.718, -11.298, -15.143, -18.679
'bali_phy_msa.256.fas', -11.677, -8.307, -11.913, -16.651
'bali_phy_msa.257.fas', -10.58, -6.623, -9.525, -15.046
'bali_phy_msa.258.fas', -11.705, -8.233, -11.603, -16.403
'bali_phy_msa.259.fas', -11.866, -8.175, -12.348, -15.881
'bali_phy_msa.26.fas', -9.218, -5.373, -9.395, -13.662
'bali_phy_msa.260.fas', -9.754, -5.641, -12.849, -12.926
'bali_phy_msa.261.fas', -9.897, -6.356, -10.53, -14.81
'bali_phy_msa.262.fas', -9.983, -6.311, -12.023, -15.022
'bali_phy_msa.263.fas', -9.529, -5.164, -11.942, -14.17
'bali_phy_msa.264.fas', -9.97, -5.907, -11.69, -14.07
'bali_phy_msa.265.fas', -9.324, -4.882, -11.817, -13.249
'bali_phy_msa.266.fas', -9.033, -4.957, -9.247, -13.156
'bali_phy_msa.267.fas', -7.929, -3.181, -8.595, -11.683
'bali_phy_msa.268.fas', -11.748, -8.262, -14.625, -15.561
'bali_phy_msa.269.fas', -10.143, -6.127, -12.435, -14.804
'bali_phy_msa.27.fas', -9.021, -4.908, -10.364, -12.958
'bali_phy_msa.270.fas', -14.708, -11.788, -15.624, -20.322
'bali_phy_msa.271.fas', -21.426, -19.904, -20.123, -25.948
'bali_phy_msa.272.fas', -10.031, -6.024, -10.869, -12.965
'bali_phy_msa.273.fas', -10.08, -6.021, -11.144, -14.11
'bali_phy_msa.274.fas', -10.138, -6.621, -10.663, -14.757
'bali_phy_msa.275.fas', -8.546, -4.437, -10.501, -12.559
'bali_phy_msa.276.fas', -8.366, -4.324, -9.701, -13.005
'bali_phy_msa.277.fas', -13.735, -10.858, -14.02, -18.199
'bali_phy_msa.278.fas', -9.738, -5.415, -11.02, -12.574
'bali_phy_msa.279.fas', -10.909, -7.258, -11.521, -14.382
'bali_phy_msa.28.fas', -8.872, -4.871, -9.611, -13.163
'bali_phy_msa.280.fas', -11.713, -8.159, -9.212, -16.547
'bali_phy_msa.281.fas', -8.811, -4.727, -9.702, -12.524
'bali_phy_msa.282.fas', -10.78, -7.081, -11.854, -14.702
'bali_phy_msa.283.fas', -11.6, -8.026, -12.618, -15.386
'bali_phy_msa.284.fas', -9.931, -6.181, -10.483, -14.312
'bali_phy_msa.285.fas', -11.232, -7.409, -11.913, -15.508
'bali_phy_msa.286.fas', -11.024, -7.305, -13.048, -15.043
'bali_phy_msa.287.fas', -7.61, -3.386, -9.222, -11.975
'bali_phy_msa.288.fas', -11.273, -7.697, -12.243, -15.241
'bali_phy_msa.289.fas', -12.406, -9.02, -13.128, -16.5
'bali_phy_msa.29.fas', -9.767, -5.752, -10.567, -14.107
'bali_phy_msa.290.fas', -9.789, -6.006, -9.954, -13.899
'bali_phy_msa.291.fas', -11.148, -7.285, -14.519, -15.992
'bali_phy_msa.292.fas', -10.86, -7.405, -10.669, -15.05
'bali_phy_msa.293.fas', -10.691, -6.934, -11.887, -14.735
'bali_phy_msa.294.fas', -10.431, -6.53, -10.384, -14.582
'bali_phy_msa.295.fas', -8.485, -4.197, -9.125, -12.555
'bali_phy_msa.296.fas', -10.676, -6.806, -12.736, -15.248
'bali_phy_msa.297.fas', -9.815, -5.747, -10.282, -13.834
'bali_phy_msa.298.fas', -10.852, -7.112, -10.152, -13.997
'bali_phy_msa.299.fas', -10.534, -6.766, -10.624, -14.951
'bali_phy_msa.3.fas', -11.108, -7.55, -12.223, -15.391
'bali_phy_msa.30.fas', -8.851, -4.836, -10.239, -13.81
'bali_phy_msa.300.fas', -11.175, -7.698, -11.74, -15.396
'bali_phy_msa.301.fas', -11.933, -8.701, -13.56, -16.202
'bali_phy_msa.302.fas', -10.128, -6.234, -10.515, -14.384
'bali_phy_msa.303.fas', -10.689, -6.697, -8.348, -16.267
'bali_phy_msa.304.fas', -12.459, -8.813, -13.093, -16.679
'bali_phy_msa.305.fas', -9.771, -5.741, -10.971, -14.455
'bali_phy_msa.306.fas', -9.353, -4.768, -11.046, -13.4
'bali_phy_msa.307.fas', -8.51, -4.213, -9.041, -12.172
'bali_phy_msa.308.fas', -11.847, -8.102, -11.676, -16.235
'bali_phy_msa.309.fas', -9.142, -5.164, -9.852, -13.727
'bali_phy_msa.31.fas', -10.461, -6.391, -12.392, -13.367
'bali_phy_msa.310.fas', -11.18, -7.503, -10.347, -15.821
'bali_phy_msa.311.fas', -9.183, -5.17, -10.204, -13.666
'bali_phy_msa.312.fas', -7.559, -3.212, -9.441, -10.455
'bali_phy_msa.313.fas', -11.754, -8.316, -13.111, -16.358
'bali_phy_msa.314.fas', -8.969, -4.775, -10.493, -12.713
'bali_phy_msa.315.fas', -9.969, -6.148, -10.029, -13.705
'bali_phy_msa.316.fas', -11.042, -7.289, -11.173, -15.176
'bali_phy_msa.317.fas', -10.406, -6.541, -14.489, -14.795
'bali_phy_msa.318.fas', -8.524, -4.014, -7.365, -12.88
'bali_phy_msa.319.fas', -8.46, -4.127, -8.968, -12.253
'bali_phy_msa.32.fas', -9.234, -5.259, -10.957, -13.289
'bali_phy_msa.320.fas', -10.592, -6.755, -11.414, -15.077
'bali_phy_msa.321.fas', -9.095, -5.002, -10.556, -13.21
'bali_phy_msa.322.fas', -9.906, -5.925, -10.835, -14.244
'bali_phy_msa.323.fas', -8.878, -4.638, -11.517, -13.527
'bali_phy_msa.324.fas', -9.854, -5.976, -10.973, -13.251
'bali_phy_msa.325.fas', -7.185, -2.72, -10.346, -10.707
'bali_phy_msa.326.fas', -7.539, -3.369, -8.266, -12.067
'bali_phy_msa.327.fas', -9.229, -4.89, -10.256, -13.154
'bali_phy_msa.328.fas', -9.643, -5.785, -9.815, -13.662
'bali_phy_msa.329.fas', -11.414, -7.839, -12.555, -15.085
'bali_phy_msa.33.fas', -11.372, -7.732, -13.184, -14.617
'bali_phy_msa.330.fas', -11.247, -7.557, -13.26, -15.709
'bali_phy_msa.331.fas', -11.792, -7.955, -11.711, -16.087
'bali_phy_msa.332.fas', -11.174, -7.679, -6.51, -15.691
'bali_phy_msa.333.fas', -8.899, -4.43, -12.112, -11.816
'bali_phy_msa.334.fas', -8.579, -4.317, -11.582, -12.171
'bali_phy_msa.335.fas', -12.859, -9.804, -14.566, -17.48
'bali_phy_msa.336.fas', -10.375, -6.314, -10.719, -14.79
'bali_phy_msa.337.fas', -9.347, -5.264, -9.735, -13.637
'bali_phy_msa.338.fas', -9.904, -5.671, -12.244, -14.107
'bali_phy_msa.339.fas', -8.23, -3.897, -10.832, -12.556
'bali_phy_msa.34.fas', -6.769, -2.098, -11.042, -11.562
'bali_phy_msa.340.fas', -8.733, -4.716, -11.512, -12.806
'bali_phy_msa.341.fas', -7.985, -3.567, -8.958, -12.397
'bali_phy_msa.342.fas', -10.911, -7.36, -8.25, -16.547
'bali_phy_msa.343.fas', -12.208, -8.46, -13.191, -16.737
'bali_phy_msa.344.fas', -10.401, -6.552, -13.047, -13.383
'bali_phy_msa.345.fas', -9.225, -5.113, -11.51, -13.003
'bali_phy_msa.346.fas', -8.884, -4.672, -8.766, -14.251
'bali_phy_msa.347.fas', -9.025, -4.807, -10.083, -13.354
'bali_phy_msa.348.fas', -11.199, -7.607, -10.517, -14.417
'bali_phy_msa.349.fas', -9.621, -5.659, -10.04, -12.848
'bali_phy_msa.35.fas', -10.318, -5.874, -14.384, -14.149
'bali_phy_msa.350.fas', -9.697, -5.653, -7.453, -14.932
'bali_phy_msa.351.fas', -11.176, -7.541, -9.969, -14.88
'bali_phy_msa.352.fas', -10.289, -6.431, -10.9, -13.967
'bali_phy_msa.353.fas', -9.514, -5.317, -10.479, -13.093
'bali_phy_msa.354.fas', -11.027, -7.465, -10.697, -15.29
'bali_phy_msa.355.fas', -10.306, -6.291, -11.268, -14.28
'bali_phy_msa.356.fas', -11.738, -8.281, -12.068, -15.698
'bali_phy_msa.357.fas', -8.346, -3.944, -10.966, -10.871
'bali_phy_msa.358.fas', -11.959, -8.393, -12.697, -15.483
'bali_phy_msa.359.fas', -10.334, -6.619, -11.641, -14.789
'bali_phy_msa.36.fas', -9.764, -5.509, -11.162, -12.833
'bali_phy_msa.360.fas', -7.655, -3.018, -10.914, -11.857
'bali_phy_msa.361.fas', -8.725, -4.581, -10.035, -11.855
'bali_phy_msa.362.fas', -9.658, -5.595, -9.449, -13.723
'bali_phy_msa.363.fas', -6.978, -2.472, -8.926, -11.323
'bali_phy_msa.364.fas', -10.046, -6.442, -11.3, -13.343
'bali_phy_msa.365.fas', -9.893, -6.007, -12.183, -14.095
'bali_phy_msa.366.fas', -8.941, -4.601, -9.007, -13.876
'bali_phy_msa.367.fas', -12.024, -8.534, -11.789, -16.239
'bali_phy_msa.368.fas', -11.238, -7.255, -12.015, -15.057
'bali_phy_msa.369.fas', -8.281, -3.77, -9.102, -12.292
'bali_phy_msa.37.fas', -11.115, -7.708, -11.177, -15.695
'bali_phy_msa.370.fas', -9.464, -5.499, -10.185, -13.549
'bali_phy_msa.371.fas', -9.859, -5.875, -11.847, -12.729
'bali_phy_msa.372.fas', -8.191, -3.572, -9.027, -12.528
'bali_phy_msa.373.fas', -11.231, -7.866, -12.221, -15.789
'bali_phy_msa.374.fas', -7.787, -3.393, -11.878, -11.012
'bali_phy_msa.375.fas', -9.103, -5.16, -5.587, -14.265
'bali_phy_msa.376.fas', -7.671, -3.265, -10.509, -11.366
'bali_phy_msa.377.fas', -13.389, -9.998, -13.303, -17.734
'bali_phy_msa.378.fas', -13.697, -10.266, -14.53, -18.032
'bali_phy_msa.379.fas', -8.176, -3.425, -8.271, -12.387
'bali_phy_msa.38.fas', -10.168, -5.889, -12.533, -14.286
'bali_phy_msa.380.fas', -8.647, -4.296, -12.176, -12.864
'bali_phy_msa.381.fas', -9.24, -4.769, -9.508, -13.625
'bali_phy_msa.382.fas', -10.262, -6.119, -11.202, -14.785
'bali_phy_msa.383.fas', -12.002, -8.516, -12.052, -16.874
'bali_phy_msa.384.fas', -10.945, -7.11, -14.443, -15.205
'bali_phy_msa.385.fas', -13.317, -9.936, -10.683, -18.495
'bali_phy_msa.386.fas', -8.593, -4.246, -12.483, -12.618
'bali_phy_msa.387.fas', -11.66, -8.395, -10.443, -18.6
'bali_phy_msa.388.fas', -11.541, -7.621, -11.605, -16.023
'bali_phy_msa.389.fas', -13.045, -9.869, -15.173, -16.532
'bali_phy_msa.39.fas', -11.692, -7.743, -13.219, -16.196
'bali_phy_msa.390.fas', -9.622, -5.672, -12.054, -13.604
'bali_phy_msa.391.fas', -10.215, -6.433, -13.126, -14.178
'bali_phy_msa.392.fas', -9.327, -5.05, -11.141, -12.024
'bali_phy_msa.393.fas', -10.612, -6.816, -11.715, -15.571
'bali_phy_msa.394.fas', -9.163, -5.154, -11.054, -12.849
'bali_phy_msa.395.fas', -8.349, -4.22, -10.701, -13.318
'bali_phy_msa.396.fas', -8.876, -4.54, -12.256, -11.892
'bali_phy_msa.397.fas', -19.021, -16.683, -20.326, -23.347
'bali_phy_msa.398.fas', -12.332, -8.653, -13.336, -17.019
'bali_phy_msa.399.fas', -10.374, -6.52, -12.921, -14.353
'bali_phy_msa.4.fas', -9.066, -4.983, -9.58, -12.702
'bali_phy_msa.40.fas', -10.729, -7.208, -13.692, -14.924
'bali_phy_msa.400.fas', -8.491, -4.234, -12.436, -12.8
'bali_phy_msa.41.fas', -9.403, -5.343, -9.422, -12.953
'bali_phy_msa.42.fas', -11.867, -8.115, -15.048, -15.093
'bali_phy_msa.43.fas', -9.419, -5.035, -10.345, -13.633
'bali_phy_msa.44.fas', -10.941, -7.192, -12.267, -15.52
'bali_phy_msa.45.fas', -8.239, -3.825, -11.629, -12.179
'bali_phy_msa.46.fas', -9.58, -5.344, -10.103, -14.098
'bali_phy_msa.47.fas', -9.775, -5.756, -10.11, -13.539
'bali_phy_msa.48.fas', -10.766, -7.27, -11.523, -16.289
'bali_phy_msa.49.fas', -9.67, -5.605, -10.885, -14.117
'bali_phy_msa.5.fas', -10.247, -6.29, -11.9, -14.909
'bali_phy_msa.50.fas', -10.263, -6.525, -12.438, -14.914
'bali_phy_msa.51.fas', -10.08, -5.893, -10.748, -13.726
'bali_phy_msa.52.fas', -9.822, -6.025, -12.068, -12.953
'bali_phy_msa.53.fas', -11.755, -8.14, -14.448, -16.359
'bali_phy_msa.54.fas', -10.445, -6.527, -14.016, -14.813
'bali_phy_msa.55.fas', -9.458, -5.423, -11.526, -14.307
'bali_phy_msa.56.fas', -7.821, -3.487, -10.305, -10.843
'bali_phy_msa.57.fas', -10.082, -5.983, -11.514, -14.414
'bali_phy_msa.58.fas', -8.116, -3.79, -8.34, -13.071
'bali_phy_msa.59.fas', -10.356, -6.98, -9.888, -15.614
'bali_phy_msa.6.fas', -9.825, -5.81, -10.513, -13.788
'bali_phy_msa.60.fas', -7.483, -3.003, -10.859, -11.771
'bali_phy_msa.61.fas', -9.121, -5.061, -9.314, -12.681
'bali_phy_msa.62.fas', -10.689, -6.693, -8.538, -15.316
'bali_phy_msa.63.fas', -10.131, -5.806, -8.201, -16.093
'bali_phy_msa.64.fas', -10.956, -7.51, -13.52, -15.293
'bali_phy_msa.65.fas', -9.815, -5.921, -13.322, -14.689
'bali_phy_msa.66.fas', -10.618, -7.144, -11.079, -15.514
'bali_phy_msa.67.fas', -9.901, -5.895, -10.501, -13.502
'bali_phy_msa.68.fas', -8.592, -3.956, -11.467, -12.161
'bali_phy_msa.69.fas', -10.484, -6.658, -12.146, -13.996
'bali_phy_msa.7.fas', -12.611, -9.426, -10.915, -18.918
'bali_phy_msa.70.fas', -10.297, -6.599, -9.496, -15.903
'bali_phy_msa.71.fas', -9.916, -6.144, -12.083, -14.591
'bali_phy_msa.72.fas', -8.304, -3.901, -9.447, -12.855
'bali_phy_msa.73.fas', -9.088, -4.989, -10.532, -13.828
'bali_phy_msa.74.fas', -9.144, -5.047, -12.847, -12.827
'bali_phy_msa.75.fas', -9.637, -5.352, -11.25, -13.498
'bali_phy_msa.76.fas', -10.756, -7.086, -11.901, -14.756
'bali_phy_msa.77.fas', -11.118, -7.342, -12.934, -15.1
'bali_phy_msa.78.fas', -8.956, -4.913, -9.295, -12.802
'bali_phy_msa.79.fas', -9.638, -5.49, -9.926, -13.615
'bali_phy_msa.8.fas', -13.872, -10.861, -14.325, -18.384
'bali_phy_msa.80.fas', -9.234, -5.095, -11.783, -11.955
'bali_phy_msa.81.fas', -8.977, -4.691, -9.66, -13.473
'bali_phy_msa.82.fas', -10.821, -6.703, -10.999, -14.448
'bali_phy_msa.83.fas', -11.73, -8.23, -14.0, -15.826
'bali_phy_msa.84.fas', -10.144, -6.277, -13.995, -15.041
'bali_phy_msa.85.fas', -11.774, -8.076, -12.9, -15.087
'bali_phy_msa.86.fas', -10.46, -6.759, -11.667, -15.094
'bali_phy_msa.87.fas', -9.965, -6.153, -11.958, -13.989
'bali_phy_msa.88.fas', -10.866, -7.124, -12.537, -14.832
'bali_phy_msa.89.fas', -12.213, -8.593, -15.474, -16.078
'bali_phy_msa.9.fas', -13.55, -10.486, -13.998, -18.826
'bali_phy_msa.90.fas', -11.464, -7.916, -11.746, -16.144
'bali_phy_msa.91.fas', -10.956, -7.681, -10.82, -15.303
'bali_phy_msa.92.fas', -13.684, -10.694, -15.19, -19.265
'bali_phy_msa.93.fas', -8.678, -4.366, -11.597, -12.586
'bali_phy_msa.94.fas', -8.185, -3.718, -10.833, -11.764
'bali_phy_msa.95.fas', -10.447, -6.599, -9.378, -17.069
'bali_phy_msa.96.fas', -12.038, -8.656, -14.609, -16.981
'bali_phy_msa.97.fas', -11.101, -7.724, -9.377, -15.307
'bali_phy_msa.98.fas', -9.599, -5.514, -8.763, -14.152
'bali_phy_msa.99.fas', -9.591, -5.669, -7.464, -14.737
'MAFFT_b0#0051_hhH_tree_47_OP_1.2558167082838578_Split_51.fasta', -16.371, -11.666, -20.144, -17.838
'MAFFT_b0#0051_htH_tree_0_OP_1.9201310643830272_Split_51.fasta', -13.879, -12.351, -15.13, -19.98
'MAFFT_b0#0051_htH_tree_57_OP_1.8145645468714477_Split_51.fasta', -13.523, -9.631, -12.69, -19.225
'MAFFT_b0#0051_htH_tree_93_OP_2.2336854992597184_Split_51.fasta', -10.309, -5.543, -16.528, -13.756
'MAFFT_b0#0051_htT_tree_0_OP_1.9201310643830272_Split_51.fasta', -13.879, -12.351, -15.13, -19.98
'MAFFT_b0#0051_htT_tree_57_OP_1.8145645468714477_Split_51.fasta', -13.523, -9.631, -12.69, -19.225
'MAFFT_b0#0051_thH_tree_57_OP_1.8145645468714477_Split_51.fasta', -11.707, -7.562, -10.65, -17.199
'MAFFT_b0#0051_thH_tree_93_OP_2.2336854992597184_Split_51.fasta', -9.675, -4.924, -15.827, -13.375
'MAFFT_b0#0051_thT_tree_0_OP_1.9201310643830272_Split_51.fasta', -12.29, -8.869, -10.415, -17.356
'MAFFT_b0#0051_thT_tree_47_OP_1.2558167082838578_Split_51.fasta', -16.371, -11.666, -20.144, -17.838
'MAFFT_b0#0051_ttH_tree_47_OP_1.2558167082838578_Split_51.fasta', -17.31, -12.998, -20.16, -20.001
'MAFFT_b0#0051_ttH_tree_93_OP_2.2336854992597184_Split_51.fasta', -10.309, -5.543, -16.528, -13.756
'MAFFT_b0#0051_ttT_tree_0_OP_1.9201310643830272_Split_51.fasta', -13.879, -12.351, -15.13, -19.98
'MAFFT_b0#0051_ttT_tree_47_OP_1.2558167082838578_Split_51.fasta', -17.31, -12.998, -20.16, -20.001
'MAFFT_b0#0051_ttT_tree_57_OP_1.8145645468714477_Split_51.fasta', -13.523, -9.631, -12.69, -19.225
'MAFFT_b0#0051_ttT_tree_93_OP_2.2336854992597184_Split_51.fasta', -10.309, -5.543, -16.528, -13.756
'MAFFT_b0#0053_hhH_tree_5_OP_1.3773636194735985_Split_53.fasta', -12.729, -7.551, -14.097, -16.281
'MAFFT_b0#0053_hhH_tree_60_OP_2.2485867324412547_Split_53.fasta', -11.381, -6.471, -12.12, -17.924
'MAFFT_b0#0053_hhT_tree_60_OP_2.2485867324412547_Split_53.fasta', -11.381, -6.471, -12.12, -17.924
'MAFFT_b0#0053_htH_tree_5_OP_1.3773636194735985_Split_53.fasta', -11.421, -6.351, -12.105, -15.427
'MAFFT_b0#0053_htT_tree_5_OP_1.3773636194735985_Split_53.fasta', -11.421, -6.351, -12.105, -15.427
'MAFFT_b0#0053_thH_tree_60_OP_2.2485867324412547_Split_53.fasta', -11.381, -6.471, -12.12, -17.924
'MAFFT_b0#0053_thT_tree_5_OP_1.3773636194735985_Split_53.fasta', -12.759, -7.589, -14.129, -16.336
'MAFFT_b0#0053_ttH_tree_60_OP_2.2485867324412547_Split_53.fasta', -11.05, -6.071, -11.856, -17.558
'MAFFT_b0#0054_hhH_tree_35_OP_2.3157753293540146_Split_54.fasta', -13.672, -9.839, -11.809, -16.821
'MAFFT_b0#0054_htH_tree_35_OP_2.3157753293540146_Split_54.fasta', -13.548, -9.664, -11.686, -16.679
'MAFFT_b0#0054_thH_tree_35_OP_2.3157753293540146_Split_54.fasta', -13.672, -9.839, -11.809, -16.821
'MAFFT_b0#0054_ttT_tree_35_OP_2.3157753293540146_Split_54.fasta', -13.548, -9.664, -11.686, -16.679
'MAFFT_b0#0057_htH_tree_1_OP_1.4037489078147287_Split_57.fasta', -19.004, -14.853, -21.948, -21.098
'MAFFT_b0#0057_htT_tree_1_OP_1.4037489078147287_Split_57.fasta', -19.004, -14.853, -21.948, -21.098
'MAFFT_b0#0057_thT_tree_1_OP_1.4037489078147287_Split_57.fasta', -18.922, -14.756, -21.014, -20.976
'MAFFT_b0#0057_ttT_tree_1_OP_1.4037489078147287_Split_57.fasta', -19.004, -14.853, -21.948, -21.098
'MAFFT_b0#0058_hhH_tree_13_OP_1.7913990869854772_Split_58.fasta', -19.88, -16.45, -20.328, -24.504
'MAFFT_b0#0058_htH_tree_11_OP_1.3146381684889776_Split_58.fasta', -12.013, -7.247, -13.552, -16.934
'MAFFT_b0#0058_htH_tree_13_OP_1.7913990869854772_Split_58.fasta', -19.839, -16.342, -18.682, -25.324
'MAFFT_b0#0058_htT_tree_11_OP_1.3146381684889776_Split_58.fasta', -12.013, -7.247, -13.552, -16.934
'MAFFT_b0#0058_thH_tree_13_OP_1.7913990869854772_Split_58.fasta', -19.88, -16.45, -20.328, -24.504
'MAFFT_b0#0058_ttH_tree_11_OP_1.3146381684889776_Split_58.fasta', -10.632, -5.837, -11.606, -16.957
'MAFFT_b0#0058_ttT_tree_11_OP_1.3146381684889776_Split_58.fasta', -10.632, -5.837, -11.606, -16.957
'MAFFT_b0#0058_ttT_tree_13_OP_1.7913990869854772_Split_58.fasta', -19.839, -16.342, -18.682, -25.324
'MAFFT_b0#0060_hhT_tree_32_OP_1.498379977124041_Split_60.fasta', -11.663, -8.149, -14.826, -18.02
'MAFFT_b0#0060_htH_tree_32_OP_1.498379977124041_Split_60.fasta', -11.939, -8.418, -15.151, -18.308
'MAFFT_b0#0060_htT_tree_32_OP_1.498379977124041_Split_60.fasta', -11.939, -8.418, -15.151, -18.308
'MAFFT_b0#0060_ttH_tree_32_OP_1.498379977124041_Split_60.fasta', -11.939, -8.418, -15.151, -18.308
'MAFFT_b0#0061_hhH_tree_87_OP_1.1834961203615137_Split_61.fasta', -17.097, -12.554, -18.275, -21.391
'MAFFT_b0#0061_hhH_tree_88_OP_2.9570433978664177_Split_61.fasta', -10.918, -6.723, -11.857, -16.635
'MAFFT_b0#0061_hhH_tree_97_OP_2.1094152983091004_Split_61.fasta', -11.811, -7.631, -15.416, -15.292
'MAFFT_b0#0061_hhT_tree_18_OP_1.3304542342131214_Split_61.fasta', -29.836, -28.034, -28.387, -35.927
'MAFFT_b0#0061_hhT_tree_30_OP_2.908145211858187_Split_61.fasta', -6.931, -2.13, -5.318, -11.058
'MAFFT_b0#0061_htH_tree_18_OP_1.3304542342131214_Split_61.fasta', -29.366, -27.511, -28.826, -35.359
'MAFFT_b0#0061_htH_tree_30_OP_2.908145211858187_Split_61.fasta', -8.255, -3.672, -6.014, -13.429
'MAFFT_b0#0061_htH_tree_72_OP_1.8278688995959085_Split_61.fasta', -13.605, -10.589, -15.71, -17.037
'MAFFT_b0#0061_htH_tree_88_OP_2.9570433978664177_Split_61.fasta', -10.333, -6.124, -11.211, -14.672
'MAFFT_b0#0061_htT_tree_87_OP_1.1834961203615137_Split_61.fasta', -17.406, -12.902, -16.201, -20.754
'MAFFT_b0#0061_htT_tree_97_OP_2.1094152983091004_Split_61.fasta', -11.239, -6.962, -14.356, -14.73
'MAFFT_b0#0061_thH_tree_18_OP_1.3304542342131214_Split_61.fasta', -29.836, -28.034, -28.387, -35.927
'MAFFT_b0#0061_thH_tree_72_OP_1.8278688995959085_Split_61.fasta', -13.614, -10.598, -15.717, -17.053
'MAFFT_b0#0061_thT_tree_30_OP_2.908145211858187_Split_61.fasta', -6.931, -2.13, -5.318, -11.058
'MAFFT_b0#0061_thT_tree_72_OP_1.8278688995959085_Split_61.fasta', -13.614, -10.598, -15.717, -17.053
'MAFFT_b0#0061_thT_tree_87_OP_1.1834961203615137_Split_61.fasta', -17.097, -12.554, -18.275, -21.391
'MAFFT_b0#0061_thT_tree_88_OP_2.9570433978664177_Split_61.fasta', -10.918, -6.723, -11.857, -16.635
'MAFFT_b0#0061_thT_tree_97_OP_2.1094152983091004_Split_61.fasta', -11.811, -7.631, -15.416, -15.292
'MAFFT_b0#0061_ttT_tree_18_OP_1.3304542342131214_Split_61.fasta', -29.366, -27.511, -28.826, -35.359
'MAFFT_b0#0061_ttT_tree_30_OP_2.908145211858187_Split_61.fasta', -8.255, -3.672, -6.014, -13.429
'MAFFT_b0#0061_ttT_tree_72_OP_1.8278688995959085_Split_61.fasta', -13.605, -10.589, -15.71, -17.037
'MAFFT_b0#0061_ttT_tree_87_OP_1.1834961203615137_Split_61.fasta', -17.406, -12.902, -16.201, -20.754
'MAFFT_b0#0061_ttT_tree_88_OP_2.9570433978664177_Split_61.fasta', -10.333, -6.124, -11.211, -14.672
'MAFFT_b0#0061_ttT_tree_97_OP_2.1094152983091004_Split_61.fasta', -11.239, -6.962, -14.356, -14.73
'MAFFT_b0#0063_hhH_tree_37_OP_2.065965428692473_Split_63.fasta', -10.029, -5.505, -9.909, -16.284
'MAFFT_b0#0063_hhT_tree_89_OP_2.6540913216611166_Split_63.fasta', -15.632, -12.181, -14.188, -18.154
'MAFFT_b0#0063_htH_tree_37_OP_2.065965428692473_Split_63.fasta', -10.058, -5.456, -9.89, -16.126
'MAFFT_b0#0063_htH_tree_89_OP_2.6540913216611166_Split_63.fasta', -15.254, -11.75, -13.862, -17.729
'MAFFT_b0#0063_thH_tree_37_OP_2.065965428692473_Split_63.fasta', -10.029, -5.505, -9.909, -16.284
'MAFFT_b0#0063_thT_tree_89_OP_2.6540913216611166_Split_63.fasta', -15.629, -12.179, -14.185, -18.151
'MAFFT_b0#0063_ttH_tree_37_OP_2.065965428692473_Split_63.fasta', -10.058, -5.456, -9.89, -16.126
'MAFFT_b0#0063_ttH_tree_89_OP_2.6540913216611166_Split_63.fasta', -15.25, -11.747, -13.855, -17.724
'MAFFT_b0#0065_htH_tree_26_OP_2.2970226808572787_Split_65.fasta', -12.332, -8.153, -11.928, -15.841
'MAFFT_b0#0065_htT_tree_55_OP_1.534121132575311_Split_65.fasta', -24.876, -22.956, -22.527, -27.389
'MAFFT_b0#0065_thH_tree_26_OP_2.2970226808572787_Split_65.fasta', -13.088, -9.023, -12.599, -16.534
'MAFFT_b0#0065_thH_tree_55_OP_1.534121132575311_Split_65.fasta', -25.019, -23.158, -22.798, -27.874
'MAFFT_b0#0065_thT_tree_55_OP_1.534121132575311_Split_65.fasta', -25.019, -23.158, -22.798, -27.874
'MAFFT_b0#0065_ttH_tree_26_OP_2.2970226808572787_Split_65.fasta', -12.385, -8.227, -11.958, -15.914
'MAFFT_b0#0065_ttT_tree_26_OP_2.2970226808572787_Split_65.fasta', -12.385, -8.227, -11.958, -15.914
'MAFFT_b0#0065_ttT_tree_55_OP_1.534121132575311_Split_65.fasta', -24.876, -22.956, -22.527, -27.389
'MAFFT_b0#0066_hhH_tree_77_OP_1.3827668594678542_Split_66.fasta', -18.696, -15.031, -20.988, -21.127
'MAFFT_b0#0066_hhT_tree_99_OP_1.9136688454364907_Split_66.fasta', -14.201, -10.515, -12.45, -19.321
'MAFFT_b0#0066_htT_tree_99_OP_1.9136688454364907_Split_66.fasta', -14.447, -10.755, -12.596, -19.467
'MAFFT_b0#0066_thH_tree_77_OP_1.3827668594678542_Split_66.fasta', -18.696, -15.031, -20.988, -21.127
'MAFFT_b0#0066_thH_tree_99_OP_1.9136688454364907_Split_66.fasta', -14.199, -10.514, -12.447, -19.319
'MAFFT_b0#0066_thT_tree_99_OP_1.9136688454364907_Split_66.fasta', -14.199, -10.514, -12.447, -19.319
'MAFFT_b0#0066_ttH_tree_77_OP_1.3827668594678542_Split_66.fasta', -18.542, -14.836, -21.392, -20.788
'MAFFT_b0#0066_ttT_tree_77_OP_1.3827668594678542_Split_66.fasta', -18.542, -14.836, -21.392, -20.788
'MAFFT_b0#0067_hhT_tree_4_OP_1.1542677766261527_Split_67.fasta', -22.751, -18.924, -23.968, -24.508
'MAFFT_b0#0067_htH_tree_4_OP_1.1542677766261527_Split_67.fasta', -18.228, -13.853, -17.007, -21.131
'MAFFT_b0#0067_htH_tree_76_OP_1.9781210467371317_Split_67.fasta', -10.866, -6.465, -15.753, -13.86
'MAFFT_b0#0067_thH_tree_76_OP_1.9781210467371317_Split_67.fasta', -12.366, -7.945, -17.527, -15.866
'MAFFT_b0#0067_thT_tree_4_OP_1.1542677766261527_Split_67.fasta', -22.751, -18.924, -23.968, -24.508
'MAFFT_b0#0067_ttH_tree_76_OP_1.9781210467371317_Split_67.fasta', -10.866, -6.465, -15.753, -13.86
'MAFFT_b0#0067_ttT_tree_4_OP_1.1542677766261527_Split_67.fasta', -18.228, -13.853, -17.007, -21.131
'MAFFT_b0#0067_ttT_tree_76_OP_1.9781210467371317_Split_67.fasta', -10.866, -6.465, -15.753, -13.86
'MAFFT_b0#0069_htH_tree_20_OP_2.4221981553992458_Split_69.fasta', -20.467, -18.761, -16.322, -22.916
'MAFFT_b0#0069_htH_tree_73_OP_2.973262473304242_Split_69.fasta', -12.018, -7.982, -16.199, -14.236
'MAFFT_b0#0069_htT_tree_20_OP_2.4221981553992458_Split_69.fasta', -20.467, -18.761, -16.322, -22.916
'MAFFT_b0#0069_htT_tree_73_OP_2.973262473304242_Split_69.fasta', -12.018, -7.982, -16.199, -14.236
'MAFFT_b0#0069_thH_tree_20_OP_2.4221981553992458_Split_69.fasta', -20.075, -18.352, -16.003, -22.587
'MAFFT_b0#0069_thH_tree_73_OP_2.973262473304242_Split_69.fasta', -12.368, -8.437, -15.941, -14.514
'MAFFT_b0#0069_thT_tree_20_OP_2.4221981553992458_Split_69.fasta', -20.075, -18.352, -16.003, -22.587
'MAFFT_b0#0069_ttH_tree_73_OP_2.973262473304242_Split_69.fasta', -12.018, -7.982, -16.199, -14.236
'MAFFT_b0#0070_hhH_tree_86_OP_1.7393056698625855_Split_70.fasta', -13.895, -10.018, -16.703, -17.192
'MAFFT_b0#0070_hhT_tree_17_OP_1.818409912056766_Split_70.fasta', -17.72, -13.901, -19.566, -20.578
'MAFFT_b0#0070_htH_tree_86_OP_1.7393056698625855_Split_70.fasta', -13.978, -10.01, -14.462, -18.14
'MAFFT_b0#0070_thH_tree_17_OP_1.818409912056766_Split_70.fasta', -17.221, -13.292, -19.475, -21.014
'MAFFT_b0#0070_thH_tree_86_OP_1.7393056698625855_Split_70.fasta', -13.895, -10.018, -16.703, -17.192
'MAFFT_b0#0070_ttH_tree_17_OP_1.818409912056766_Split_70.fasta', -17.219, -13.291, -19.47, -21.013
'MAFFT_b0#0070_ttT_tree_17_OP_1.818409912056766_Split_70.fasta', -17.219, -13.291, -19.47, -21.013
'MAFFT_b0#0070_ttT_tree_86_OP_1.7393056698625855_Split_70.fasta', -13.978, -10.01, -14.462, -18.14
'MAFFT_b0#0071_thH_tree_83_OP_1.1196527601502904_Split_71.fasta', -11.795, -6.88, -12.505, -14.856
'MAFFT_b0#0071_thT_tree_83_OP_1.1196527601502904_Split_71.fasta', -11.795, -6.88, -12.505, -14.856
'MAFFT_b0#0071_ttH_tree_83_OP_1.1196527601502904_Split_71.fasta', -13.126, -8.589, -11.687, -17.326
'MAFFT_b0#0071_ttT_tree_83_OP_1.1196527601502904_Split_71.fasta', -13.126, -8.589, -11.687, -17.326
'MAFFT_b0#0072_hhH_tree_16_OP_1.904493049197901_Split_72.fasta', -15.466, -11.526, -17.516, -17.997
'MAFFT_b0#0072_hhH_tree_2_OP_2.0780663887168265_Split_72.fasta', -14.98, -12.441, -13.947, -19.215
'MAFFT_b0#0072_htH_tree_2_OP_2.0780663887168265_Split_72.fasta', -17.805, -15.265, -15.206, -22.242
'MAFFT_b0#0072_htT_tree_16_OP_1.904493049197901_Split_72.fasta', -16.552, -12.633, -18.799, -18.81
'MAFFT_b0#0072_htT_tree_2_OP_2.0780663887168265_Split_72.fasta', -17.805, -15.265, -15.206, -22.242
'MAFFT_b0#0072_thH_tree_2_OP_2.0780663887168265_Split_72.fasta', -14.98, -12.441, -13.947, -19.215
'MAFFT_b0#0072_ttH_tree_16_OP_1.904493049197901_Split_72.fasta', -16.552, -12.633, -18.799, -18.81
'MAFFT_b0#0072_ttT_tree_16_OP_1.904493049197901_Split_72.fasta', -16.552, -12.633, -18.799, -18.81
'MAFFT_b0#0073_hhT_tree_96_OP_2.2598618576256135_Split_73.fasta', -5.993, -1.003, -9.127, -9.69
'MAFFT_b0#0073_htH_tree_96_OP_2.2598618576256135_Split_73.fasta', -6.166, -1.17, -9.013, -9.67
'MAFFT_b0#0073_htT_tree_38_OP_1.4036490691810368_Split_73.fasta', -24.246, -22.677, -24.632, -26.526
'MAFFT_b0#0073_htT_tree_96_OP_2.2598618576256135_Split_73.fasta', -6.166, -1.17, -9.013, -9.67
'MAFFT_b0#0073_thT_tree_38_OP_1.4036490691810368_Split_73.fasta', -23.847, -22.185, -24.25, -25.923
'MAFFT_b0#0073_thT_tree_96_OP_2.2598618576256135_Split_73.fasta', -5.993, -1.003, -9.127, -9.69
'MAFFT_b0#0073_ttH_tree_38_OP_1.4036490691810368_Split_73.fasta', -25.726, -24.413, -25.821, -28.408
'MAFFT_b0#0073_ttT_tree_38_OP_1.4036490691810368_Split_73.fasta', -25.726, -24.413, -25.821, -28.408
'MAFFT_b0#0074_hhH_tree_56_OP_1.8151633835449412_Split_74.fasta', -11.516, -6.058, -12.624, -14.01
'MAFFT_b0#0074_hhH_tree_79_OP_1.1319264156945865_Split_74.fasta', -22.098, -19.255, -20.088, -24.997
'MAFFT_b0#0074_htH_tree_56_OP_1.8151633835449412_Split_74.fasta', -11.377, -5.986, -13.162, -13.537
'MAFFT_b0#0074_htT_tree_79_OP_1.1319264156945865_Split_74.fasta', -21.908, -18.96, -20.517, -24.438
'MAFFT_b0#0074_thT_tree_56_OP_1.8151633835449412_Split_74.fasta', -11.516, -6.058, -12.624, -14.01
'MAFFT_b0#0074_ttH_tree_56_OP_1.8151633835449412_Split_74.fasta', -11.377, -5.986, -13.162, -13.537
'MAFFT_b0#0074_ttH_tree_79_OP_1.1319264156945865_Split_74.fasta', -21.908, -18.96, -20.517, -24.438
'MAFFT_b0#0074_ttT_tree_79_OP_1.1319264156945865_Split_74.fasta', -21.908, -18.96, -20.517, -24.438
'MAFFT_b0#0075_hhH_tree_81_OP_1.1314497018902243_Split_75.fasta', -21.565, -17.819, -24.872, -25.172
'MAFFT_b0#0075_hhT_tree_19_OP_1.5848887345678324_Split_75.fasta', -13.44, -8.684, -17.922, -17.924
'MAFFT_b0#0075_htH_tree_19_OP_1.5848887345678324_Split_75.fasta', -13.463, -8.702, -17.95, -17.949
'MAFFT_b0#0075_htH_tree_81_OP_1.1314497018902243_Split_75.fasta', -21.608, -17.856, -24.891, -25.187
'MAFFT_b0#0075_thH_tree_81_OP_1.1314497018902243_Split_75.fasta', -21.39, -17.598, -24.732, -25.017
'MAFFT_b0#0075_thT_tree_19_OP_1.5848887345678324_Split_75.fasta', -14.198, -9.558, -17.749, -19.335
'MAFFT_b0#0075_ttH_tree_19_OP_1.5848887345678324_Split_75.fasta', -14.22, -9.576, -17.779, -19.359
'MAFFT_b0#0075_ttH_tree_81_OP_1.1314497018902243_Split_75.fasta', -21.433, -17.636, -24.751, -25.031
'MAFFT_b0#0077_hhT_tree_15_OP_2.550159221795637_Split_77.fasta', -10.029, -5.259, -13.034, -13.141
'MAFFT_b0#0077_htT_tree_15_OP_2.550159221795637_Split_77.fasta', -13.262, -9.28, -15.125, -16.397
'MAFFT_b0#0077_thH_tree_15_OP_2.550159221795637_Split_77.fasta', -10.029, -5.259, -13.034, -13.141
'MAFFT_b0#0077_thT_tree_15_OP_2.550159221795637_Split_77.fasta', -10.029, -5.259, -13.034, -13.141
'MAFFT_b0#0079_hhH_tree_53_OP_2.8446810696084794_Split_79.fasta', -10.388, -6.536, -8.263, -15.672
'MAFFT_b0#0079_hhT_tree_53_OP_2.8446810696084794_Split_79.fasta', -10.388, -6.536, -8.263, -15.672
'MAFFT_b0#0079_htT_tree_53_OP_2.8446810696084794_Split_79.fasta', -10.452, -6.61, -8.297, -15.75
'MAFFT_b0#0079_ttH_tree_53_OP_2.8446810696084794_Split_79.fasta', -10.51, -6.691, -8.346, -15.838
'MAFFT_b0#0081_hhH_tree_28_OP_2.8015195195451144_Split_81.fasta', -16.761, -12.976, -14.872, -19.944
'MAFFT_b0#0081_hhT_tree_28_OP_2.8015195195451144_Split_81.fasta', -16.761, -12.976, -14.872, -19.944
'MAFFT_b0#0081_htH_tree_70_OP_2.86216121405654_Split_81.fasta', -11.029, -6.584, -10.917, -16.209
'MAFFT_b0#0081_htT_tree_70_OP_2.86216121405654_Split_81.fasta', -11.029, -6.584, -10.917, -16.209
'MAFFT_b0#0081_thH_tree_70_OP_2.86216121405654_Split_81.fasta', -10.308, -5.779, -10.451, -15.746
'MAFFT_b0#0081_thT_tree_28_OP_2.8015195195451144_Split_81.fasta', -16.761, -12.976, -14.872, -19.944
'MAFFT_b0#0081_ttH_tree_28_OP_2.8015195195451144_Split_81.fasta', -16.332, -12.467, -14.329, -19.588
'MAFFT_b0#0081_ttH_tree_70_OP_2.86216121405654_Split_81.fasta', -11.029, -6.584, -10.917, -16.209
'MAFFT_b0#0085_hhH_tree_6_OP_2.614406638642872_Split_85.fasta', -17.09, -14.133, -20.091, -19.187
'MAFFT_b0#0085_htH_tree_6_OP_2.614406638642872_Split_85.fasta', -17.13, -14.189, -20.092, -19.231
'MAFFT_b0#0085_htT_tree_43_OP_1.1593268235540946_Split_85.fasta', -15.598, -11.243, -15.146, -19.301
'MAFFT_b0#0085_htT_tree_6_OP_2.614406638642872_Split_85.fasta', -17.13, -14.189, -20.092, -19.231
'MAFFT_b0#0085_thT_tree_43_OP_1.1593268235540946_Split_85.fasta', -15.105, -10.663, -15.025, -21.505
'MAFFT_b0#0085_thT_tree_6_OP_2.614406638642872_Split_85.fasta', -17.09, -14.133, -20.091, -19.187
'MAFFT_b0#0085_ttH_tree_43_OP_1.1593268235540946_Split_85.fasta', -15.598, -11.243, -15.146, -19.301
'MAFFT_b0#0085_ttT_tree_43_OP_1.1593268235540946_Split_85.fasta', -15.598, -11.243, -15.146, -19.301
'MAFFT_b0#0086_hhH_tree_98_OP_1.0089131553899002_Split_86.fasta', -22.15, -18.178, -22.243, -26.076
'MAFFT_b0#0086_hhT_tree_98_OP_1.0089131553899002_Split_86.fasta', -22.15, -18.178, -22.243, -26.076
'MAFFT_b0#0086_htH_tree_98_OP_1.0089131553899002_Split_86.fasta', -22.173, -18.1, -21.324, -25.693
'MAFFT_b0#0086_thH_tree_98_OP_1.0089131553899002_Split_86.fasta', -22.15, -18.178, -22.243, -26.076
'MAFFT_b0#0088_hhH_tree_24_OP_2.5256879150632905_Split_88.fasta', -14.269, -10.003, -13.018, -20.293
'MAFFT_b0#0088_htH_tree_24_OP_2.5256879150632905_Split_88.fasta', -14.21, -9.871, -12.85, -20.092
'MAFFT_b0#0088_htT_tree_24_OP_2.5256879150632905_Split_88.fasta', -14.21, -9.871, -12.85, -20.092
'MAFFT_b0#0088_thH_tree_24_OP_2.5256879150632905_Split_88.fasta', -14.269, -10.003, -13.018, -20.293
'MAFFT_b0#0089_hhH_tree_3_OP_2.728084439580989_Split_89.fasta', -11.906, -8.169, -9.54, -15.393
'MAFFT_b0#0089_hhT_tree_3_OP_2.728084439580989_Split_89.fasta', -11.906, -8.169, -9.54, -15.393
'MAFFT_b0#0089_htH_tree_3_OP_2.728084439580989_Split_89.fasta', -11.967, -8.315, -8.709, -15.239
'MAFFT_b0#0089_htT_tree_3_OP_2.728084439580989_Split_89.fasta', -11.967, -8.315, -8.709, -15.239
'MAFFT_b0#0091_hhH_tree_58_OP_2.470758940826272_Split_91.fasta', -15.48, -12.693, -20.227, -18.018
'MAFFT_b0#0091_htH_tree_58_OP_2.470758940826272_Split_91.fasta', -15.48, -12.693, -20.227, -18.018
'MAFFT_b0#0091_thH_tree_58_OP_2.470758940826272_Split_91.fasta', -13.761, -10.545, -18.386, -15.928
'MAFFT_b0#0091_thT_tree_58_OP_2.470758940826272_Split_91.fasta', -13.761, -10.545, -18.386, -15.928
'MAFFT_b0#0092_hhH_tree_42_OP_1.3915835484150982_Split_92.fasta', -13.377, -9.905, -10.026, -17.292
'MAFFT_b0#0092_htH_tree_42_OP_1.3915835484150982_Split_92.fasta', -14.034, -10.534, -10.889, -17.513
'MAFFT_b0#0092_thH_tree_42_OP_1.3915835484150982_Split_92.fasta', -13.393, -9.933, -10.009, -17.275
'MAFFT_b0#0092_thT_tree_42_OP_1.3915835484150982_Split_92.fasta', -13.393, -9.933, -10.009, -17.275
'MAFFT_b0#0093_hhH_tree_50_OP_1.9153041649578615_Split_93.fasta', -20.301, -17.192, -20.069, -23.306
'MAFFT_b0#0093_htH_tree_49_OP_1.2895147288295243_Split_93.fasta', -14.598, -8.949, -15.35, -21.225
'MAFFT_b0#0093_htH_tree_50_OP_1.9153041649578615_Split_93.fasta', -16.867, -13.492, -18.172, -19.504
'MAFFT_b0#0093_htT_tree_50_OP_1.9153041649578615_Split_93.fasta', -16.867, -13.492, -18.172, -19.504
'MAFFT_b0#0093_thH_tree_49_OP_1.2895147288295243_Split_93.fasta', -15.64, -10.417, -14.444, -22.309
'MAFFT_b0#0093_thT_tree_49_OP_1.2895147288295243_Split_93.fasta', -15.64, -10.417, -14.444, -22.309
'MAFFT_b0#0093_ttT_tree_49_OP_1.2895147288295243_Split_93.fasta', -15.699, -10.461, -17.044, -21.661
'MAFFT_b0#0093_ttT_tree_50_OP_1.9153041649578615_Split_93.fasta', -16.599, -13.124, -18.066, -19.065
'MAFFT_b0#0094_hhH_tree_61_OP_2.233368308529553_Split_94.fasta', -9.085, -4.656, -12.662, -12.275
'MAFFT_b0#0094_hhT_tree_63_OP_2.7597843575557506_Split_94.fasta', -12.749, -8.764, -13.775, -18.161
'MAFFT_b0#0094_htT_tree_63_OP_2.7597843575557506_Split_94.fasta', -10.436, -6.455, -12.493, -14.318
'MAFFT_b0#0094_thH_tree_61_OP_2.233368308529553_Split_94.fasta', -9.181, -4.771, -12.748, -12.349
'MAFFT_b0#0094_thH_tree_63_OP_2.7597843575557506_Split_94.fasta', -12.341, -8.28, -13.497, -17.716
'MAFFT_b0#0094_thT_tree_61_OP_2.233368308529553_Split_94.fasta', -9.181, -4.771, -12.748, -12.349
'MAFFT_b0#0094_thT_tree_63_OP_2.7597843575557506_Split_94.fasta', -12.341, -8.28, -13.497, -17.716
'MAFFT_b0#0094_ttH_tree_61_OP_2.233368308529553_Split_94.fasta', -9.085, -4.65, -13.462, -12.182
'MAFFT_b0#0095_hhH_tree_36_OP_1.861931102167887_Split_95.fasta', -17.133, -14.861, -18.506, -21.309
'MAFFT_b0#0095_hhT_tree_25_OP_1.0509666088927379_Split_95.fasta', -21.918, -18.235, -21.769, -26.748
'MAFFT_b0#0095_hhT_tree_36_OP_1.861931102167887_Split_95.fasta', -17.133, -14.861, -18.506, -21.309
'MAFFT_b0#0095_htT_tree_25_OP_1.0509666088927379_Split_95.fasta', -21.918, -18.235, -21.769, -26.748
'MAFFT_b0#0095_htT_tree_36_OP_1.861931102167887_Split_95.fasta', -17.133, -14.861, -18.506, -21.309
'MAFFT_b0#0095_thT_tree_25_OP_1.0509666088927379_Split_95.fasta', -22.357, -18.669, -20.505, -28.264
'MAFFT_b0#0095_thT_tree_36_OP_1.861931102167887_Split_95.fasta', -17.172, -14.919, -18.527, -21.354
'MAFFT_b0#0095_ttH_tree_25_OP_1.0509666088927379_Split_95.fasta', -22.357, -18.669, -20.505, -28.264
'MAFFT_b1#0001_hhH_tree_41_OP_1.752396225471006_Split_1.fasta', -26.418, -23.159, -25.975, -30.529
'MAFFT_b1#0001_hhH_tree_68_OP_2.7543395888868245_Split_1.fasta', -20.647, -17.198, -20.121, -23.774
'MAFFT_b1#0001_hhT_tree_41_OP_1.752396225471006_Split_1.fasta', -26.418, -23.159, -25.975, -30.529
'MAFFT_b1#0001_hhT_tree_68_OP_2.7543395888868245_Split_1.fasta', -20.647, -17.198, -20.121, -23.774
'MAFFT_b1#0001_htH_tree_41_OP_1.752396225471006_Split_1.fasta', -25.056, -21.762, -24.263, -29.273
'MAFFT_b1#0001_htH_tree_68_OP_2.7543395888868245_Split_1.fasta', -18.879, -15.438, -17.224, -22.426
'MAFFT_b1#0001_htT_tree_41_OP_1.752396225471006_Split_1.fasta', -25.056, -21.762, -24.263, -29.273
'MAFFT_b1#0001_htT_tree_68_OP_2.7543395888868245_Split_1.fasta', -18.879, -15.438, -17.224, -22.426
'MAFFT_b1#0003_hhH_tree_7_OP_2.423506546963713_Split_3.fasta', -11.108, -6.335, -14.13, -13.246
'MAFFT_b1#0003_hhT_tree_7_OP_2.423506546963713_Split_3.fasta', -11.108, -6.335, -14.13, -13.246
'MAFFT_b1#0003_htH_tree_7_OP_2.423506546963713_Split_3.fasta', -8.809, -3.967, -13.621, -11.342
'MAFFT_b1#0003_htT_tree_7_OP_2.423506546963713_Split_3.fasta', -8.809, -3.967, -13.621, -11.342
'MAFFT_b1#0006_hhH_tree_12_OP_2.973153388725351_Split_6.fasta', -12.512, -8.609, -18.229, -15.998
'MAFFT_b1#0006_hhH_tree_82_OP_2.6007870123262946_Split_6.fasta', -8.784, -3.581, -7.94, -14.739
'MAFFT_b1#0006_hhT_tree_12_OP_2.973153388725351_Split_6.fasta', -12.512, -8.609, -18.229, -15.998
'MAFFT_b1#0006_hhT_tree_82_OP_2.6007870123262946_Split_6.fasta', -8.784, -3.581, -7.94, -14.739
'MAFFT_b1#0006_htH_tree_12_OP_2.973153388725351_Split_6.fasta', -12.163, -8.166, -18.009, -15.618
'MAFFT_b1#0006_htH_tree_82_OP_2.6007870123262946_Split_6.fasta', -9.797, -4.466, -9.644, -14.728
'MAFFT_b1#0006_htT_tree_12_OP_2.973153388725351_Split_6.fasta', -12.163, -8.166, -18.009, -15.618
'MAFFT_b1#0006_htT_tree_82_OP_2.6007870123262946_Split_6.fasta', -9.797, -4.466, -9.644, -14.728
'MAFFT_b1#0007_hhH_tree_40_OP_1.431276692692299_Split_7.fasta', -12.251, -7.585, -16.354, -16.131
'MAFFT_b1#0007_hhT_tree_40_OP_1.431276692692299_Split_7.fasta', -12.251, -7.585, -16.354, -16.131
'MAFFT_b1#0007_htH_tree_40_OP_1.431276692692299_Split_7.fasta', -12.096, -7.363, -16.043, -15.811
'MAFFT_b1#0007_htT_tree_40_OP_1.431276692692299_Split_7.fasta', -12.096, -7.363, -16.043, -15.811
'MAFFT_b1#0008_hhH_tree_29_OP_1.1774471868850718_Split_8.fasta', -19.046, -16.459, -21.739, -22.083
'MAFFT_b1#0008_hhT_tree_29_OP_1.1774471868850718_Split_8.fasta', -19.046, -16.459, -21.739, -22.083
'MAFFT_b1#0008_htH_tree_29_OP_1.1774471868850718_Split_8.fasta', -19.043, -16.455, -21.739, -22.083
'MAFFT_b1#0008_htT_tree_29_OP_1.1774471868850718_Split_8.fasta', -19.043, -16.455, -21.739, -22.083
'MAFFT_b1#0010_hhH_tree_48_OP_1.0349214069593133_Split_10.fasta', -20.076, -15.463, -19.681, -24.366
'MAFFT_b1#0010_hhH_tree_51_OP_1.018044877173671_Split_10.fasta', -17.355, -13.34, -16.572, -21.117
'MAFFT_b1#0010_hhT_tree_48_OP_1.0349214069593133_Split_10.fasta', -20.076, -15.463, -19.681, -24.366
'MAFFT_b1#0010_hhT_tree_51_OP_1.018044877173671_Split_10.fasta', -17.355, -13.34, -16.572, -21.117
'MAFFT_b1#0010_htH_tree_48_OP_1.0349214069593133_Split_10.fasta', -21.1, -17.088, -22.062, -23.712
'MAFFT_b1#0010_htH_tree_51_OP_1.018044877173671_Split_10.fasta', -19.539, -15.591, -18.561, -23.74
'MAFFT_b1#0010_htT_tree_48_OP_1.0349214069593133_Split_10.fasta', -21.1, -17.088, -22.062, -23.712
'MAFFT_b1#0010_htT_tree_51_OP_1.018044877173671_Split_10.fasta', -19.539, -15.591, -18.561, -23.74
'MAFFT_b1#0011_hhH_tree_84_OP_2.680201119072135_Split_11.fasta', -18.757, -15.23, -21.634, -20.538
'MAFFT_b1#0011_hhT_tree_84_OP_2.680201119072135_Split_11.fasta', -18.757, -15.23, -21.634, -20.538
'MAFFT_b1#0011_htH_tree_84_OP_2.680201119072135_Split_11.fasta', -16.995, -13.126, -17.707, -20.49
'MAFFT_b1#0011_htT_tree_84_OP_2.680201119072135_Split_11.fasta', -16.995, -13.126, -17.707, -20.49
'MAFFT_b1#0012_hhH_tree_62_OP_2.4330105528955412_Split_12.fasta', -18.726, -16.612, -21.115, -21.006
'MAFFT_b1#0012_hhT_tree_62_OP_2.4330105528955412_Split_12.fasta', -18.726, -16.612, -21.115, -21.006
'MAFFT_b1#0012_htH_tree_62_OP_2.4330105528955412_Split_12.fasta', -18.692, -16.581, -16.839, -22.056
'MAFFT_b1#0012_htT_tree_62_OP_2.4330105528955412_Split_12.fasta', -18.692, -16.581, -16.839, -22.056
'MAFFT_b1#0014_hhH_tree_44_OP_2.639288724484837_Split_14.fasta', -10.769, -6.218, -11.277, -15.623
'MAFFT_b1#0014_hhH_tree_67_OP_1.9260663748429023_Split_14.fasta', -11.837, -7.669, -16.799, -14.4
'MAFFT_b1#0014_hhT_tree_44_OP_2.639288724484837_Split_14.fasta', -10.769, -6.218, -11.277, -15.623
'MAFFT_b1#0014_hhT_tree_67_OP_1.9260663748429023_Split_14.fasta', -11.837, -7.669, -16.799, -14.4
'MAFFT_b1#0014_htH_tree_44_OP_2.639288724484837_Split_14.fasta', -10.378, -5.745, -11.049, -15.19
'MAFFT_b1#0014_htH_tree_67_OP_1.9260663748429023_Split_14.fasta', -12.226, -8.262, -11.035, -14.849
'MAFFT_b1#0014_htT_tree_44_OP_2.639288724484837_Split_14.fasta', -10.378, -5.745, -11.049, -15.19
'MAFFT_b1#0014_htT_tree_67_OP_1.9260663748429023_Split_14.fasta', -12.226, -8.262, -11.035, -14.849
'MAFFT_b1#0016_hhH_tree_33_OP_2.3139125348148384_Split_16.fasta', -16.244, -12.015, -13.243, -19.373
'MAFFT_b1#0016_hhT_tree_33_OP_2.3139125348148384_Split_16.fasta', -16.244, -12.015, -13.243, -19.373
'MAFFT_b1#0016_htH_tree_33_OP_2.3139125348148384_Split_16.fasta', -16.082, -11.793, -12.685, -18.543
'MAFFT_b1#0016_htT_tree_33_OP_2.3139125348148384_Split_16.fasta', -16.082, -11.793, -12.685, -18.543
'MAFFT_b1#0017_hhH_tree_45_OP_2.295265953595705_Split_17.fasta', -19.823, -17.696, -21.133, -20.971
'MAFFT_b1#0017_hhH_tree_90_OP_2.1610607075340664_Split_17.fasta', -10.733, -6.83, -10.364, -13.983
'MAFFT_b1#0017_hhT_tree_45_OP_2.295265953595705_Split_17.fasta', -19.823, -17.696, -21.133, -20.971
'MAFFT_b1#0017_hhT_tree_90_OP_2.1610607075340664_Split_17.fasta', -10.733, -6.83, -10.364, -13.983
'MAFFT_b1#0017_htH_tree_45_OP_2.295265953595705_Split_17.fasta', -21.696, -19.923, -22.055, -23.44
'MAFFT_b1#0017_htH_tree_90_OP_2.1610607075340664_Split_17.fasta', -11.062, -7.126, -10.296, -14.864
'MAFFT_b1#0017_htT_tree_45_OP_2.295265953595705_Split_17.fasta', -21.696, -19.923, -22.055, -23.44
'MAFFT_b1#0017_htT_tree_90_OP_2.1610607075340664_Split_17.fasta', -11.062, -7.126, -10.296, -14.864
'MAFFT_b1#0019_hhH_tree_54_OP_1.6636194832224898_Split_19.fasta', -16.204, -11.869, -17.426, -18.907
'MAFFT_b1#0019_hhH_tree_94_OP_2.5553791369687318_Split_19.fasta', -15.767, -12.904, -16.355, -21.156
'MAFFT_b1#0019_hhT_tree_54_OP_1.6636194832224898_Split_19.fasta', -16.204, -11.869, -17.426, -18.907
'MAFFT_b1#0019_hhT_tree_94_OP_2.5553791369687318_Split_19.fasta', -15.767, -12.904, -16.355, -21.156
'MAFFT_b1#0019_htH_tree_54_OP_1.6636194832224898_Split_19.fasta', -16.244, -11.89, -17.462, -18.994
'MAFFT_b1#0019_htH_tree_94_OP_2.5553791369687318_Split_19.fasta', -15.519, -12.611, -16.168, -20.895
'MAFFT_b1#0019_htT_tree_54_OP_1.6636194832224898_Split_19.fasta', -16.244, -11.89, -17.462, -18.994
'MAFFT_b1#0019_htT_tree_94_OP_2.5553791369687318_Split_19.fasta', -15.519, -12.611, -16.168, -20.895
'MAFFT_b1#0022_hhH_tree_39_OP_1.522040361295851_Split_22.fasta', -12.077, -7.253, -12.063, -13.087
'MAFFT_b1#0022_hhH_tree_64_OP_2.935413362566628_Split_22.fasta', -12.14, -7.995, -17.408, -15.991
'MAFFT_b1#0022_hhT_tree_39_OP_1.522040361295851_Split_22.fasta', -12.077, -7.253, -12.063, -13.087
'MAFFT_b1#0022_hhT_tree_64_OP_2.935413362566628_Split_22.fasta', -12.14, -7.995, -17.408, -15.991
'MAFFT_b1#0022_htH_tree_39_OP_1.522040361295851_Split_22.fasta', -12.645, -7.832, -10.997, -15.92
'MAFFT_b1#0022_htH_tree_64_OP_2.935413362566628_Split_22.fasta', -11.809, -7.581, -17.195, -15.517
'MAFFT_b1#0022_htT_tree_39_OP_1.522040361295851_Split_22.fasta', -12.645, -7.832, -10.997, -15.92
'MAFFT_b1#0022_htT_tree_64_OP_2.935413362566628_Split_22.fasta', -11.809, -7.581, -17.195, -15.517
'MAFFT_b1#0024_hhH_tree_34_OP_2.407510533391993_Split_24.fasta', -17.114, -13.77, -18.807, -22.545
'MAFFT_b1#0024_hhT_tree_34_OP_2.407510533391993_Split_24.fasta', -17.114, -13.77, -18.807, -22.545
'MAFFT_b1#0024_htH_tree_34_OP_2.407510533391993_Split_24.fasta', -17.939, -14.898, -19.203, -23.526
'MAFFT_b1#0024_htT_tree_34_OP_2.407510533391993_Split_24.fasta', -17.939, -14.898, -19.203, -23.526
'MAFFT_b1#0025_hhH_tree_59_OP_2.170731131311491_Split_25.fasta', -13.473, -8.97, -14.498, -16.91
'MAFFT_b1#0025_hhH_tree_85_OP_2.480824599307775_Split_25.fasta', -13.241, -8.691, -12.083, -15.83
'MAFFT_b1#0025_hhT_tree_59_OP_2.170731131311491_Split_25.fasta', -13.473, -8.97, -14.498, -16.91
'MAFFT_b1#0025_hhT_tree_85_OP_2.480824599307775_Split_25.fasta', -13.241, -8.691, -12.083, -15.83
'MAFFT_b1#0025_htH_tree_59_OP_2.170731131311491_Split_25.fasta', -13.693, -9.202, -14.694, -16.905
'MAFFT_b1#0025_htH_tree_85_OP_2.480824599307775_Split_25.fasta', -12.861, -8.281, -11.81, -15.478
'MAFFT_b1#0025_htT_tree_59_OP_2.170731131311491_Split_25.fasta', -13.693, -9.202, -14.694, -16.905
'MAFFT_b1#0025_htT_tree_85_OP_2.480824599307775_Split_25.fasta', -12.861, -8.281, -11.81, -15.478
'MAFFT_b1#0026_hhH_tree_21_OP_2.1310205653910055_Split_26.fasta', -21.157, -17.756, -17.236, -26.071
'MAFFT_b1#0026_hhH_tree_80_OP_2.5217903856188704_Split_26.fasta', -13.906, -9.567, -12.012, -16.964
'MAFFT_b1#0026_hhT_tree_21_OP_2.1310205653910055_Split_26.fasta', -21.157, -17.756, -17.236, -26.071
'MAFFT_b1#0026_hhT_tree_80_OP_2.5217903856188704_Split_26.fasta', -13.906, -9.567, -12.012, -16.964
'MAFFT_b1#0026_htH_tree_21_OP_2.1310205653910055_Split_26.fasta', -20.797, -17.369, -19.134, -25.202
'MAFFT_b1#0026_htH_tree_80_OP_2.5217903856188704_Split_26.fasta', -13.573, -9.16, -11.805, -16.593
'MAFFT_b1#0026_htT_tree_21_OP_2.1310205653910055_Split_26.fasta', -20.797, -17.369, -19.134, -25.202
'MAFFT_b1#0026_htT_tree_80_OP_2.5217903856188704_Split_26.fasta', -13.573, -9.16, -11.805, -16.593
'MAFFT_b1#0027_hhH_tree_10_OP_1.9679388553310329_Split_27.fasta', -12.783, -7.777, -14.251, -15.717
'MAFFT_b1#0027_hhT_tree_10_OP_1.9679388553310329_Split_27.fasta', -12.783, -7.777, -14.251, -15.717
'MAFFT_b1#0027_htH_tree_10_OP_1.9679388553310329_Split_27.fasta', -12.817, -7.807, -11.731, -18.418
'MAFFT_b1#0027_htT_tree_10_OP_1.9679388553310329_Split_27.fasta', -12.817, -7.807, -11.731, -18.418
'MAFFT_b1#0028_hhH_tree_66_OP_2.9673947251158412_Split_28.fasta', -14.226, -10.641, -14.012, -18.268
'MAFFT_b1#0028_hhT_tree_66_OP_2.9673947251158412_Split_28.fasta', -14.226, -10.641, -14.012, -18.268
'MAFFT_b1#0028_htH_tree_66_OP_2.9673947251158412_Split_28.fasta', -15.833, -12.571, -19.296, -19.167
'MAFFT_b1#0028_htT_tree_66_OP_2.9673947251158412_Split_28.fasta', -15.833, -12.571, -19.296, -19.167
'MAFFT_b1#0029_hhH_tree_27_OP_1.6859321025856457_Split_29.fasta', -14.006, -10.578, -13.604, -18.24
'MAFFT_b1#0029_hhT_tree_27_OP_1.6859321025856457_Split_29.fasta', -14.006, -10.578, -13.604, -18.24
'MAFFT_b1#0029_htH_tree_27_OP_1.6859321025856457_Split_29.fasta', -15.91, -13.166, -14.836, -20.341
'MAFFT_b1#0029_htT_tree_27_OP_1.6859321025856457_Split_29.fasta', -15.91, -13.166, -14.836, -20.341
'MAFFT_b1#0031_hhH_tree_23_OP_2.940403370408288_Split_31.fasta', -16.595, -13.095, -13.93, -18.964
'MAFFT_b1#0031_hhH_tree_78_OP_1.9842214843426838_Split_31.fasta', -23.946, -21.714, -25.164, -28.474
'MAFFT_b1#0031_hhT_tree_23_OP_2.940403370408288_Split_31.fasta', -16.595, -13.095, -13.93, -18.964
'MAFFT_b1#0031_hhT_tree_78_OP_1.9842214843426838_Split_31.fasta', -23.946, -21.714, -25.164, -28.474
'MAFFT_b1#0031_htH_tree_23_OP_2.940403370408288_Split_31.fasta', -15.331, -11.7, -12.993, -17.982
'MAFFT_b1#0031_htH_tree_78_OP_1.9842214843426838_Split_31.fasta', -23.371, -21.083, -25.501, -27.743
'MAFFT_b1#0031_htT_tree_23_OP_2.940403370408288_Split_31.fasta', -15.331, -11.7, -12.993, -17.982
'MAFFT_b1#0031_htT_tree_78_OP_1.9842214843426838_Split_31.fasta', -23.371, -21.083, -25.501, -27.743
'MAFFT_b1#0035_hhH_tree_71_OP_2.3680950705345123_Split_35.fasta', -12.355, -7.871, -15.134, -15.067
'MAFFT_b1#0035_hhH_tree_75_OP_2.4023709813773846_Split_35.fasta', -12.876, -9.208, -10.349, -16.522
'MAFFT_b1#0035_hhH_tree_9_OP_1.5653274151471246_Split_35.fasta', -18.515, -14.96, -22.785, -20.781
'MAFFT_b1#0035_hhT_tree_71_OP_2.3680950705345123_Split_35.fasta', -12.355, -7.871, -15.134, -15.067
'MAFFT_b1#0035_hhT_tree_75_OP_2.4023709813773846_Split_35.fasta', -12.876, -9.208, -10.349, -16.522
'MAFFT_b1#0035_hhT_tree_9_OP_1.5653274151471246_Split_35.fasta', -18.515, -14.96, -22.785, -20.781
'MAFFT_b1#0035_htH_tree_71_OP_2.3680950705345123_Split_35.fasta', -12.385, -7.9, -15.161, -15.1
'MAFFT_b1#0035_htH_tree_75_OP_2.4023709813773846_Split_35.fasta', -12.868, -9.202, -10.339, -16.514
'MAFFT_b1#0035_htH_tree_9_OP_1.5653274151471246_Split_35.fasta', -16.861, -13.932, -18.44, -20.342
'MAFFT_b1#0035_htT_tree_71_OP_2.3680950705345123_Split_35.fasta', -12.385, -7.9, -15.161, -15.1
'MAFFT_b1#0035_htT_tree_75_OP_2.4023709813773846_Split_35.fasta', -12.868, -9.202, -10.339, -16.514
'MAFFT_b1#0035_htT_tree_9_OP_1.5653274151471246_Split_35.fasta', -16.861, -13.932, -18.44, -20.342
'MAFFT_b1#0036_hhH_tree_69_OP_2.9824622002885617_Split_36.fasta', -14.638, -10.216, -17.725, -18.869
'MAFFT_b1#0036_hhH_tree_74_OP_2.943304477827338_Split_36.fasta', -16.002, -12.26, -16.937, -19.782
'MAFFT_b1#0036_hhH_tree_91_OP_2.3523277060939405_Split_36.fasta', -16.907, -14.22, -15.047, -20.517
'MAFFT_b1#0036_hhT_tree_69_OP_2.9824622002885617_Split_36.fasta', -14.638, -10.216, -17.725, -18.869
'MAFFT_b1#0036_hhT_tree_74_OP_2.943304477827338_Split_36.fasta', -16.002, -12.26, -16.937, -19.782
'MAFFT_b1#0036_hhT_tree_91_OP_2.3523277060939405_Split_36.fasta', -16.907, -14.22, -15.047, -20.517
'MAFFT_b1#0036_htH_tree_69_OP_2.9824622002885617_Split_36.fasta', -13.875, -9.326, -15.378, -18.343
'MAFFT_b1#0036_htH_tree_74_OP_2.943304477827338_Split_36.fasta', -15.479, -11.637, -13.86, -20.518
'MAFFT_b1#0036_htH_tree_91_OP_2.3523277060939405_Split_36.fasta', -16.643, -13.857, -14.91, -20.315
'MAFFT_b1#0036_htT_tree_69_OP_2.9824622002885617_Split_36.fasta', -13.875, -9.326, -15.378, -18.343
'MAFFT_b1#0036_htT_tree_74_OP_2.943304477827338_Split_36.fasta', -15.479, -11.637, -13.86, -20.518
'MAFFT_b1#0036_htT_tree_91_OP_2.3523277060939405_Split_36.fasta', -16.643, -13.857, -14.91, -20.315
'MAFFT_b1#0037_hhH_tree_46_OP_2.5904987735791676_Split_37.fasta', -12.322, -9.153, -13.631, -16.515
'MAFFT_b1#0037_hhH_tree_65_OP_1.3986977410996977_Split_37.fasta', -11.341, -6.222, -15.026, -13.116
'MAFFT_b1#0037_hhT_tree_46_OP_2.5904987735791676_Split_37.fasta', -12.322, -9.153, -13.631, -16.515
'MAFFT_b1#0037_hhT_tree_65_OP_1.3986977410996977_Split_37.fasta', -11.341, -6.222, -15.026, -13.116
'MAFFT_b1#0037_htH_tree_46_OP_2.5904987735791676_Split_37.fasta', -13.099, -10.224, -16.011, -16.239
'MAFFT_b1#0037_htH_tree_65_OP_1.3986977410996977_Split_37.fasta', -11.468, -6.364, -15.118, -13.24
'MAFFT_b1#0037_htT_tree_46_OP_2.5904987735791676_Split_37.fasta', -13.099, -10.224, -16.011, -16.239
'MAFFT_b1#0037_htT_tree_65_OP_1.3986977410996977_Split_37.fasta', -11.468, -6.364, -15.118, -13.24
'MAFFT_b1#0039_hhH_tree_22_OP_1.0333726057419617_Split_39.fasta', -11.234, -6.192, -15.079, -14.632
'MAFFT_b1#0039_hhT_tree_22_OP_1.0333726057419617_Split_39.fasta', -11.234, -6.192, -15.079, -14.632
'MAFFT_b1#0039_htH_tree_22_OP_1.0333726057419617_Split_39.fasta', -12.016, -7.2, -10.2, -17.292
'MAFFT_b1#0039_htT_tree_22_OP_1.0333726057419617_Split_39.fasta', -12.016, -7.2, -10.2, -17.292
'MAFFT_b1#0041_hhH_tree_31_OP_2.371648195541206_Split_41.fasta', -15.008, -10.638, -18.427, -16.221
'MAFFT_b1#0041_hhH_tree_8_OP_2.990366431633018_Split_41.fasta', -9.846, -5.365, -9.533, -11.644
'MAFFT_b1#0041_hhT_tree_31_OP_2.371648195541206_Split_41.fasta', -15.008, -10.638, -18.427, -16.221
'MAFFT_b1#0041_hhT_tree_8_OP_2.990366431633018_Split_41.fasta', -9.846, -5.365, -9.533, -11.644
'MAFFT_b1#0041_htH_tree_31_OP_2.371648195541206_Split_41.fasta', -14.465, -10.016, -17.901, -15.621
'MAFFT_b1#0041_htH_tree_8_OP_2.990366431633018_Split_41.fasta', -9.763, -5.299, -9.429, -11.563
'MAFFT_b1#0041_htT_tree_31_OP_2.371648195541206_Split_41.fasta', -14.465, -10.016, -17.901, -15.621
'MAFFT_b1#0041_htT_tree_8_OP_2.990366431633018_Split_41.fasta', -9.763, -5.299, -9.429, -11.563
'MAFFT_b1#0042_hhH_tree_92_OP_1.133352346367843_Split_42.fasta', -19.576, -15.597, -22.615, -23.7
'MAFFT_b1#0042_hhT_tree_92_OP_1.133352346367843_Split_42.fasta', -19.576, -15.597, -22.615, -23.7
'MAFFT_b1#0042_htH_tree_92_OP_1.133352346367843_Split_42.fasta', -19.523, -15.647, -20.182, -26.83
'MAFFT_b1#0042_htT_tree_92_OP_1.133352346367843_Split_42.fasta', -19.523, -15.647, -20.182, -26.83
'MAFFT_b1#0043_hhH_tree_95_OP_2.498402958697362_Split_43.fasta', -7.257, -2.173, -6.454, -12.254
'MAFFT_b1#0043_hhT_tree_95_OP_2.498402958697362_Split_43.fasta', -7.257, -2.173, -6.454, -12.254
'MAFFT_b1#0043_htH_tree_95_OP_2.498402958697362_Split_43.fasta', -7.807, -2.787, -7.055, -13.183
'MAFFT_b1#0043_htT_tree_95_OP_2.498402958697362_Split_43.fasta', -7.807, -2.787, -7.055, -13.183
'MAFFT_b1#0044_hhH_tree_14_OP_1.7440813830902329_Split_44.fasta', -22.602, -19.238, -22.629, -24.125
'MAFFT_b1#0044_hhH_tree_52_OP_2.165361006866358_Split_44.fasta', -11.622, -7.086, -10.517, -15.274
'MAFFT_b1#0044_hhT_tree_14_OP_1.7440813830902329_Split_44.fasta', -22.602, -19.238, -22.629, -24.125
'MAFFT_b1#0044_hhT_tree_52_OP_2.165361006866358_Split_44.fasta', -11.622, -7.086, -10.517, -15.274
'MAFFT_b1#0044_htH_tree_14_OP_1.7440813830902329_Split_44.fasta', -22.635, -19.265, -22.682, -24.175
'MAFFT_b1#0044_htH_tree_52_OP_2.165361006866358_Split_44.fasta', -11.46, -6.767, -10.518, -15.102
'MAFFT_b1#0044_htT_tree_14_OP_1.7440813830902329_Split_44.fasta', -22.635, -19.265, -22.682, -24.175
'MAFFT_b1#0044_htT_tree_52_OP_2.165361006866358_Split_44.fasta', -11.46, -6.767, -10.518, -15.102
'MSA.BALIPHY.aln.best.23410.fas', -9.431, -5.22, -9.884, -13.608
'MSA.MAFFT.aln.With_Names', -6.865, -1.834, -11.877, -9.359
'MSA.MUSCLE.aln.best.23410.fas', -10.093, -8.906, -13.031, -15.989
'MSA.PRANK.aln.With_Names', -34.23, -34.453, -30.704, -40.521
'MUSCLE_diversified_replicate.abc.1.afa', -10.355, -6.436, -12.95, -15.226
'MUSCLE_diversified_replicate.abc.101.afa', -13.579, -9.97, -14.497, -18.822
'MUSCLE_diversified_replicate.abc.105.afa', -10.924, -7.198, -12.256, -14.543
'MUSCLE_diversified_replicate.abc.109.afa', -7.757, -4.261, -7.918, -11.479
'MUSCLE_diversified_replicate.abc.113.afa', -7.525, -3.634, -7.228, -11.575
'MUSCLE_diversified_replicate.abc.117.afa', -11.873, -8.078, -13.137, -16.673
'MUSCLE_diversified_replicate.abc.121.afa', -10.979, -6.995, -10.113, -15.995
'MUSCLE_diversified_replicate.abc.125.afa', -10.832, -7.148, -10.934, -16.063
'MUSCLE_diversified_replicate.abc.129.afa', -10.053, -6.027, -10.828, -14.662
'MUSCLE_diversified_replicate.abc.13.afa', -8.556, -4.668, -9.442, -14.591
'MUSCLE_diversified_replicate.abc.133.afa', -5.977, -2.029, -7.758, -8.783
'MUSCLE_diversified_replicate.abc.137.afa', -12.427, -8.596, -12.483, -18.718
'MUSCLE_diversified_replicate.abc.141.afa', -13.722, -10.32, -12.894, -18.989
'MUSCLE_diversified_replicate.abc.145.afa', -11.656, -7.987, -10.854, -16.209
'MUSCLE_diversified_replicate.abc.149.afa', -8.104, -4.177, -9.676, -10.77
'MUSCLE_diversified_replicate.abc.153.afa', -11.257, -7.868, -12.12, -15.747
'MUSCLE_diversified_replicate.abc.157.afa', -15.162, -11.699, -15.116, -19.651
'MUSCLE_diversified_replicate.abc.161.afa', -8.831, -5.533, -8.169, -12.974
'MUSCLE_diversified_replicate.abc.165.afa', -12.203, -8.161, -12.478, -16.071
'MUSCLE_diversified_replicate.abc.169.afa', -10.117, -6.418, -11.1, -14.54
'MUSCLE_diversified_replicate.abc.17.afa', -9.625, -6.402, -8.293, -13.683
'MUSCLE_diversified_replicate.abc.173.afa', -9.998, -6.611, -10.831, -15.08
'MUSCLE_diversified_replicate.abc.177.afa', -11.617, -8.056, -12.261, -15.955
'MUSCLE_diversified_replicate.abc.181.afa', -9.856, -6.07, -10.617, -14.013
'MUSCLE_diversified_replicate.abc.185.afa', -12.232, -8.35, -12.471, -16.594
'MUSCLE_diversified_replicate.abc.189.afa', -12.819, -8.845, -13.283, -16.161
'MUSCLE_diversified_replicate.abc.193.afa', -12.231, -8.684, -13.192, -16.96
'MUSCLE_diversified_replicate.abc.197.afa', -10.604, -7.11, -10.774, -15.473
'MUSCLE_diversified_replicate.abc.201.afa', -9.695, -5.856, -11.454, -14.15
'MUSCLE_diversified_replicate.abc.205.afa', -9.13, -5.398, -10.636, -13.561
'MUSCLE_diversified_replicate.abc.209.afa', -11.646, -8.187, -12.442, -15.739
'MUSCLE_diversified_replicate.abc.21.afa', -13.002, -9.659, -12.013, -17.061
'MUSCLE_diversified_replicate.abc.213.afa', -11.379, -8.906, -10.037, -14.877
'MUSCLE_diversified_replicate.abc.217.afa', -9.458, -5.156, -11.153, -13.695
'MUSCLE_diversified_replicate.abc.221.afa', -9.352, -5.778, -10.759, -13.32
'MUSCLE_diversified_replicate.abc.225.afa', -13.017, -9.441, -13.536, -17.66
'MUSCLE_diversified_replicate.abc.229.afa', -13.384, -10.409, -13.118, -16.809
'MUSCLE_diversified_replicate.abc.233.afa', -10.819, -7.488, -10.364, -14.577
'MUSCLE_diversified_replicate.abc.237.afa', -13.932, -10.355, -13.637, -17.929
'MUSCLE_diversified_replicate.abc.241.afa', -10.677, -7.198, -11.52, -15.163
'MUSCLE_diversified_replicate.abc.245.afa', -12.188, -8.631, -12.939, -17.052
'MUSCLE_diversified_replicate.abc.249.afa', -10.879, -6.873, -11.63, -15.24
'MUSCLE_diversified_replicate.abc.25.afa', -20.349, -22.829, -23.744, -28.181
'MUSCLE_diversified_replicate.abc.253.afa', -9.121, -6.147, -8.081, -12.606
'MUSCLE_diversified_replicate.abc.257.afa', -9.288, -5.522, -10.625, -14.418
'MUSCLE_diversified_replicate.abc.261.afa', -14.876, -11.745, -15.106, -19.167
'MUSCLE_diversified_replicate.abc.265.afa', -12.373, -8.793, -12.303, -17.113
'MUSCLE_diversified_replicate.abc.269.afa', -9.352, -5.503, -10.62, -13.566
'MUSCLE_diversified_replicate.abc.273.afa', -13.632, -10.039, -12.93, -17.31
'MUSCLE_diversified_replicate.abc.277.afa', -13.739, -10.026, -13.907, -18.357
'MUSCLE_diversified_replicate.abc.281.afa', -12.07, -8.027, -12.615, -16.346
'MUSCLE_diversified_replicate.abc.285.afa', -9.293, -4.935, -11.471, -13.62
'MUSCLE_diversified_replicate.abc.289.afa', -9.56, -5.389, -8.88, -14.553
'MUSCLE_diversified_replicate.abc.29.afa', -14.237, -11.21, -14.158, -18.473
'MUSCLE_diversified_replicate.abc.293.afa', -9.807, -5.901, -10.502, -14.358
'MUSCLE_diversified_replicate.abc.297.afa', -10.806, -7.177, -10.435, -16.506
'MUSCLE_diversified_replicate.abc.301.afa', -18.205, -17.397, -22.259, -25.116
'MUSCLE_diversified_replicate.abc.305.afa', -10.186, -6.47, -11.273, -14.671
'MUSCLE_diversified_replicate.abc.309.afa', -10.866, -6.459, -12.078, -14.784
'MUSCLE_diversified_replicate.abc.313.afa', -14.525, -11.149, -14.096, -17.826
'MUSCLE_diversified_replicate.abc.317.afa', -15.755, -12.696, -16.156, -19.934
'MUSCLE_diversified_replicate.abc.321.afa', -8.797, -4.561, -9.094, -14.459
'MUSCLE_diversified_replicate.abc.325.afa', -11.224, -7.309, -12.027, -15.576
'MUSCLE_diversified_replicate.abc.329.afa', -13.584, -9.954, -13.921, -17.956
'MUSCLE_diversified_replicate.abc.33.afa', -12.21, -8.416, -13.207, -16.255
'MUSCLE_diversified_replicate.abc.333.afa', -6.142, -2.169, -5.539, -10.043
'MUSCLE_diversified_replicate.abc.337.afa', -8.227, -4.661, -7.836, -11.032
'MUSCLE_diversified_replicate.abc.341.afa', -13.992, -10.879, -14.252, -18.702
'MUSCLE_diversified_replicate.abc.345.afa', -7.866, -3.927, -9.802, -10.307
'MUSCLE_diversified_replicate.abc.349.afa', -9.04, -5.09, -9.788, -14.204
'MUSCLE_diversified_replicate.abc.353.afa', -11.601, -7.541, -11.977, -15.698
'MUSCLE_diversified_replicate.abc.357.afa', -10.802, -7.166, -11.819, -15.06
'MUSCLE_diversified_replicate.abc.361.afa', -12.558, -9.093, -12.884, -16.527
'MUSCLE_diversified_replicate.abc.365.afa', -10.491, -6.291, -12.125, -14.756
'MUSCLE_diversified_replicate.abc.369.afa', -10.848, -7.215, -11.486, -15.223
'MUSCLE_diversified_replicate.abc.37.afa', -10.104, -6.247, -12.241, -14.972
'MUSCLE_diversified_replicate.abc.373.afa', -8.747, -4.718, -9.201, -12.604
'MUSCLE_diversified_replicate.abc.377.afa', -11.58, -7.959, -12.256, -15.56
'MUSCLE_diversified_replicate.abc.381.afa', -12.396, -8.995, -12.725, -16.971
'MUSCLE_diversified_replicate.abc.385.afa', -8.09, -3.744, -9.789, -12.622
'MUSCLE_diversified_replicate.abc.389.afa', -13.481, -9.976, -13.328, -17.961
'MUSCLE_diversified_replicate.abc.393.afa', -10.068, -6.283, -11.502, -14.171
'MUSCLE_diversified_replicate.abc.397.afa', -10.09, -6.497, -12.386, -14.731
'MUSCLE_diversified_replicate.abc.41.afa', -13.366, -9.886, -12.722, -17.367
'MUSCLE_diversified_replicate.abc.45.afa', -8.727, -5.128, -8.334, -11.805
'MUSCLE_diversified_replicate.abc.49.afa', -10.243, -6.521, -10.811, -14.29
'MUSCLE_diversified_replicate.abc.5.afa', -10.285, -6.353, -12.409, -14.915
'MUSCLE_diversified_replicate.abc.53.afa', -13.795, -10.547, -13.541, -17.848
'MUSCLE_diversified_replicate.abc.57.afa', -9.81, -5.731, -9.742, -13.55
'MUSCLE_diversified_replicate.abc.61.afa', -7.046, -3.03, -7.253, -10.732
'MUSCLE_diversified_replicate.abc.65.afa', -10.315, -6.529, -10.155, -15.812
'MUSCLE_diversified_replicate.abc.69.afa', -16.871, -14.091, -15.422, -20.866
'MUSCLE_diversified_replicate.abc.73.afa', -11.073, -7.224, -11.413, -15.226
'MUSCLE_diversified_replicate.abc.77.afa', -11.001, -7.536, -11.946, -15.38
'MUSCLE_diversified_replicate.abc.81.afa', -9.031, -4.659, -8.965, -13.758
'MUSCLE_diversified_replicate.abc.85.afa', -9.978, -6.425, -11.46, -14.911
'MUSCLE_diversified_replicate.abc.89.afa', -9.674, -5.88, -9.412, -14.931
'MUSCLE_diversified_replicate.abc.9.afa', -11.268, -7.597, -12.062, -16.017
'MUSCLE_diversified_replicate.abc.93.afa', -11.487, -7.199, -12.525, -15.561
'MUSCLE_diversified_replicate.abc.97.afa', -6.708, -2.9, -7.728, -9.076
'MUSCLE_diversified_replicate.acb.10.afa', -10.295, -6.14, -11.425, -14.023
'MUSCLE_diversified_replicate.acb.102.afa', -17.209, -15.326, -15.749, -19.986
'MUSCLE_diversified_replicate.acb.106.afa', -9.352, -5.537, -9.618, -13.374
'MUSCLE_diversified_replicate.acb.110.afa', -10.97, -7.748, -9.764, -16.578
'MUSCLE_diversified_replicate.acb.114.afa', -11.081, -7.614, -12.467, -15.663
'MUSCLE_diversified_replicate.acb.118.afa', -18.114, -16.109, -16.676, -22.091
'MUSCLE_diversified_replicate.acb.122.afa', -13.866, -10.169, -15.517, -18.866
'MUSCLE_diversified_replicate.acb.126.afa', -12.153, -8.381, -12.387, -16.953
'MUSCLE_diversified_replicate.acb.130.afa', -9.571, -5.788, -11.129, -13.931
'MUSCLE_diversified_replicate.acb.134.afa', -16.53, -14.548, -14.278, -22.116
'MUSCLE_diversified_replicate.acb.138.afa', -8.43, -4.336, -8.56, -14.08
'MUSCLE_diversified_replicate.acb.14.afa', -10.782, -8.047, -9.216, -14.083
'MUSCLE_diversified_replicate.acb.142.afa', -8.459, -4.731, -10.118, -10.92
'MUSCLE_diversified_replicate.acb.146.afa', -10.869, -7.358, -10.262, -16.393
'MUSCLE_diversified_replicate.acb.150.afa', -7.414, -3.331, -8.929, -9.623
'MUSCLE_diversified_replicate.acb.154.afa', -13.244, -9.99, -12.65, -17.847
'MUSCLE_diversified_replicate.acb.158.afa', -12.161, -9.282, -12.312, -16.839
'MUSCLE_diversified_replicate.acb.162.afa', -6.235, -2.236, -5.673, -9.188
'MUSCLE_diversified_replicate.acb.166.afa', -10.15, -6.12, -10.723, -15.485
'MUSCLE_diversified_replicate.acb.170.afa', -10.125, -6.17, -12.086, -14.652
'MUSCLE_diversified_replicate.acb.174.afa', -8.652, -5.479, -9.616, -11.912
'MUSCLE_diversified_replicate.acb.178.afa', -10.086, -6.901, -10.842, -13.238
'MUSCLE_diversified_replicate.acb.18.afa', -9.746, -6.08, -10.739, -13.864
'MUSCLE_diversified_replicate.acb.182.afa', -15.642, -13.058, -13.981, -18.265
'MUSCLE_diversified_replicate.acb.186.afa', -10.794, -7.002, -8.322, -17.244
'MUSCLE_diversified_replicate.acb.190.afa', -8.589, -4.632, -10.575, -13.364
'MUSCLE_diversified_replicate.acb.194.afa', -7.196, -3.112, -7.258, -10.823
'MUSCLE_diversified_replicate.acb.198.afa', -7.755, -4.261, -6.336, -12.799
'MUSCLE_diversified_replicate.acb.2.afa', -8.857, -5.636, -7.668, -14.126
'MUSCLE_diversified_replicate.acb.202.afa', -11.358, -7.49, -12.923, -16.729
'MUSCLE_diversified_replicate.acb.206.afa', -14.559, -11.732, -12.844, -18.036
'MUSCLE_diversified_replicate.acb.210.afa', -14.809, -12.464, -11.361, -19.929
'MUSCLE_diversified_replicate.acb.214.afa', -7.276, -3.673, -9.115, -10.222
'MUSCLE_diversified_replicate.acb.218.afa', -7.602, -3.997, -6.409, -11.663
'MUSCLE_diversified_replicate.acb.22.afa', -10.412, -7.142, -10.949, -14.208
'MUSCLE_diversified_replicate.acb.222.afa', -11.372, -8.172, -10.932, -17.15
'MUSCLE_diversified_replicate.acb.226.afa', -8.414, -5.065, -10.36, -11.512
'MUSCLE_diversified_replicate.acb.230.afa', -14.918, -12.714, -12.392, -17.717
'MUSCLE_diversified_replicate.acb.234.afa', -10.683, -6.711, -12.505, -14.907
'MUSCLE_diversified_replicate.acb.238.afa', -13.502, -10.175, -12.255, -18.233
'MUSCLE_diversified_replicate.acb.242.afa', -11.184, -6.662, -11.282, -15.894
'MUSCLE_diversified_replicate.acb.246.afa', -12.014, -8.329, -12.731, -16.813
'MUSCLE_diversified_replicate.acb.250.afa', -11.991, -8.154, -12.936, -16.687
'MUSCLE_diversified_replicate.acb.254.afa', -10.12, -6.215, -12.454, -14.724
'MUSCLE_diversified_replicate.acb.258.afa', -14.027, -11.369, -12.614, -19.27
'MUSCLE_diversified_replicate.acb.26.afa', -9.199, -5.377, -10.785, -13.716
'MUSCLE_diversified_replicate.acb.262.afa', -7.692, -4.206, -8.391, -10.633
'MUSCLE_diversified_replicate.acb.266.afa', -10.458, -6.911, -11.273, -14.61
'MUSCLE_diversified_replicate.acb.270.afa', -19.902, -22.24, -22.455, -27.333
'MUSCLE_diversified_replicate.acb.274.afa', -9.904, -5.793, -10.527, -14.425
'MUSCLE_diversified_replicate.acb.278.afa', -16.702, -15.231, -12.497, -22.165
'MUSCLE_diversified_replicate.acb.282.afa', -15.381, -12.946, -13.456, -18.663
'MUSCLE_diversified_replicate.acb.286.afa', -6.166, -2.068, -5.647, -9.905
'MUSCLE_diversified_replicate.acb.290.afa', -6.334, -2.453, -7.234, -9.104
'MUSCLE_diversified_replicate.acb.294.afa', -14.033, -10.835, -13.285, -18.476
'MUSCLE_diversified_replicate.acb.298.afa', -10.535, -6.949, -9.754, -15.2
'MUSCLE_diversified_replicate.acb.30.afa', -16.863, -14.838, -14.569, -20.624
'MUSCLE_diversified_replicate.acb.302.afa', -16.857, -15.045, -15.277, -20.244
'MUSCLE_diversified_replicate.acb.306.afa', -9.84, -6.672, -9.875, -14.087
'MUSCLE_diversified_replicate.acb.310.afa', -15.224, -13.078, -11.541, -20.58
'MUSCLE_diversified_replicate.acb.314.afa', -12.131, -9.908, -10.778, -16.428
'MUSCLE_diversified_replicate.acb.318.afa', -6.645, -2.772, -8.025, -9.789
'MUSCLE_diversified_replicate.acb.322.afa', -12.424, -9.94, -11.583, -15.838
'MUSCLE_diversified_replicate.acb.326.afa', -23.041, -27.03, -26.573, -29.296
'MUSCLE_diversified_replicate.acb.330.afa', -9.707, -6.553, -9.641, -12.342
'MUSCLE_diversified_replicate.acb.334.afa', -9.839, -6.132, -11.01, -15.768
'MUSCLE_diversified_replicate.acb.338.afa', -13.083, -10.306, -13.358, -17.463
'MUSCLE_diversified_replicate.acb.34.afa', -7.117, -3.506, -6.961, -9.702
'MUSCLE_diversified_replicate.acb.342.afa', -7.45, -3.765, -6.33, -10.058
'MUSCLE_diversified_replicate.acb.346.afa', -10.688, -6.685, -11.058, -16.227
'MUSCLE_diversified_replicate.acb.350.afa', -16.365, -14.029, -16.314, -20.149
'MUSCLE_diversified_replicate.acb.354.afa', -14.737, -11.948, -12.919, -19.132
'MUSCLE_diversified_replicate.acb.358.afa', -11.925, -8.501, -13.292, -16.562
'MUSCLE_diversified_replicate.acb.362.afa', -8.392, -5.125, -9.67, -10.931
'MUSCLE_diversified_replicate.acb.366.afa', -9.862, -6.942, -8.853, -12.341
'MUSCLE_diversified_replicate.acb.370.afa', -11.806, -8.846, -10.733, -16.619
'MUSCLE_diversified_replicate.acb.374.afa', -13.845, -10.686, -14.126, -18.677
'MUSCLE_diversified_replicate.acb.378.afa', -8.004, -4.6, -9.784, -11.275
'MUSCLE_diversified_replicate.acb.38.afa', -10.435, -6.592, -11.551, -14.7
'MUSCLE_diversified_replicate.acb.382.afa', -13.016, -10.478, -12.448, -15.663
'MUSCLE_diversified_replicate.acb.386.afa', -7.303, -3.363, -8.812, -10.015
'MUSCLE_diversified_replicate.acb.390.afa', -16.337, -14.147, -14.649, -20.643
'MUSCLE_diversified_replicate.acb.394.afa', -17.397, -15.665, -16.011, -19.853
'MUSCLE_diversified_replicate.acb.398.afa', -14.658, -12.05, -12.549, -19.144
'MUSCLE_diversified_replicate.acb.42.afa', -14.476, -11.576, -13.491, -17.788
'MUSCLE_diversified_replicate.acb.46.afa', -14.78, -12.015, -13.145, -18.584
'MUSCLE_diversified_replicate.acb.50.afa', -16.795, -15.051, -13.017, -22.452
'MUSCLE_diversified_replicate.acb.54.afa', -11.88, -9.439, -10.292, -15.011
'MUSCLE_diversified_replicate.acb.58.afa', -10.907, -8.158, -8.465, -14.752
'MUSCLE_diversified_replicate.acb.6.afa', -9.558, -5.555, -11.122, -13.858
'MUSCLE_diversified_replicate.acb.62.afa', -10.515, -6.78, -10.949, -14.893
'MUSCLE_diversified_replicate.acb.66.afa', -10.869, -7.521, -12.32, -15.379
'MUSCLE_diversified_replicate.acb.70.afa', -13.411, -10.105, -14.873, -18.959
'MUSCLE_diversified_replicate.acb.74.afa', -14.983, -12.945, -10.915, -20.459
'MUSCLE_diversified_replicate.acb.78.afa', -16.948, -14.633, -14.312, -20.912
'MUSCLE_diversified_replicate.acb.82.afa', -13.204, -9.923, -14.906, -17.282
'MUSCLE_diversified_replicate.acb.86.afa', -10.141, -6.536, -10.858, -14.02
'MUSCLE_diversified_replicate.acb.90.afa', -10.029, -6.256, -12.084, -14.511
'MUSCLE_diversified_replicate.acb.94.afa', -7.032, -3.027, -7.26, -9.293
'MUSCLE_diversified_replicate.acb.98.afa', -15.987, -13.911, -15.324, -19.034
'MUSCLE_diversified_replicate.bca.103.afa', -12.022, -8.163, -11.939, -16.477
'MUSCLE_diversified_replicate.bca.107.afa', -9.166, -5.178, -9.442, -15.04
'MUSCLE_diversified_replicate.bca.11.afa', -8.891, -5.173, -9.542, -12.718
'MUSCLE_diversified_replicate.bca.111.afa', -13.735, -10.566, -13.809, -18.255
'MUSCLE_diversified_replicate.bca.115.afa', -20.775, -20.291, -25.219, -27.444
'MUSCLE_diversified_replicate.bca.119.afa', -11.395, -7.399, -12.603, -16.36
'MUSCLE_diversified_replicate.bca.123.afa', -8.806, -4.684, -11.306, -13.477
'MUSCLE_diversified_replicate.bca.127.afa', -9.252, -4.841, -9.464, -13.433
'MUSCLE_diversified_replicate.bca.131.afa', -12.266, -8.584, -12.818, -17.774
'MUSCLE_diversified_replicate.bca.135.afa', -12.547, -8.931, -13.432, -17.214
'MUSCLE_diversified_replicate.bca.139.afa', -10.277, -6.796, -10.537, -14.656
'MUSCLE_diversified_replicate.bca.143.afa', -11.854, -7.882, -12.545, -16.156
'MUSCLE_diversified_replicate.bca.147.afa', -12.913, -10.415, -12.122, -16.849
'MUSCLE_diversified_replicate.bca.15.afa', -19.571, -22.914, -21.434, -26.226
'MUSCLE_diversified_replicate.bca.151.afa', -12.861, -9.465, -13.652, -17.265
'MUSCLE_diversified_replicate.bca.155.afa', -8.57, -5.174, -8.034, -12.542
'MUSCLE_diversified_replicate.bca.159.afa', -11.007, -7.385, -11.652, -14.258
'MUSCLE_diversified_replicate.bca.163.afa', -11.907, -8.107, -13.457, -16.708
'MUSCLE_diversified_replicate.bca.167.afa', -17.128, -14.114, -17.99, -21.913
'MUSCLE_diversified_replicate.bca.171.afa', -6.711, -2.988, -4.695, -11.202
'MUSCLE_diversified_replicate.bca.175.afa', -11.622, -9.194, -10.624, -16.466
'MUSCLE_diversified_replicate.bca.179.afa', -11.715, -9.244, -9.856, -15.365
'MUSCLE_diversified_replicate.bca.183.afa', -9.666, -5.782, -11.129, -14.199
'MUSCLE_diversified_replicate.bca.187.afa', -10.209, -6.388, -9.062, -15.998
'MUSCLE_diversified_replicate.bca.19.afa', -10.902, -6.749, -13.278, -15.203
'MUSCLE_diversified_replicate.bca.191.afa', -9.911, -6.013, -11.308, -14.064
'MUSCLE_diversified_replicate.bca.195.afa', -11.842, -7.932, -13.033, -16.144
'MUSCLE_diversified_replicate.bca.199.afa', -12.062, -9.787, -10.537, -15.662
'MUSCLE_diversified_replicate.bca.203.afa', -6.925, -3.028, -7.994, -9.752
'MUSCLE_diversified_replicate.bca.207.afa', -10.352, -6.596, -11.081, -14.306
'MUSCLE_diversified_replicate.bca.211.afa', -12.235, -8.507, -12.96, -16.127
'MUSCLE_diversified_replicate.bca.215.afa', -10.576, -6.807, -12.186, -14.947
'MUSCLE_diversified_replicate.bca.219.afa', -7.93, -4.245, -9.323, -10.785
'MUSCLE_diversified_replicate.bca.223.afa', -10.718, -7.095, -12.444, -15.402
'MUSCLE_diversified_replicate.bca.227.afa', -8.367, -3.865, -10.298, -12.522
'MUSCLE_diversified_replicate.bca.23.afa', -11.724, -8.238, -13.309, -16.214
'MUSCLE_diversified_replicate.bca.231.afa', -17.17, -14.644, -14.583, -20.388
'MUSCLE_diversified_replicate.bca.235.afa', -12.113, -8.651, -12.304, -15.328
'MUSCLE_diversified_replicate.bca.239.afa', -8.951, -4.884, -9.608, -14.035
'MUSCLE_diversified_replicate.bca.243.afa', -7.94, -4.283, -9.116, -11.031
'MUSCLE_diversified_replicate.bca.247.afa', -10.562, -6.316, -11.253, -14.936
'MUSCLE_diversified_replicate.bca.251.afa', -12.099, -8.044, -13.241, -16.685
'MUSCLE_diversified_replicate.bca.255.afa', -9.1, -4.927, -8.887, -14.673
'MUSCLE_diversified_replicate.bca.259.afa', -9.565, -5.486, -8.209, -14.454
'MUSCLE_diversified_replicate.bca.263.afa', -12.368, -8.769, -10.481, -18.239
'MUSCLE_diversified_replicate.bca.267.afa', -11.805, -8.415, -10.999, -17.086
'MUSCLE_diversified_replicate.bca.27.afa', -12.134, -8.27, -12.235, -16.515
'MUSCLE_diversified_replicate.bca.271.afa', -6.893, -3.203, -8.1, -9.748
'MUSCLE_diversified_replicate.bca.275.afa', -19.78, -23.207, -23.01, -27.446
'MUSCLE_diversified_replicate.bca.279.afa', -11.149, -7.407, -10.916, -16.245
'MUSCLE_diversified_replicate.bca.283.afa', -12.36, -8.576, -12.307, -16.331
'MUSCLE_diversified_replicate.bca.287.afa', -10.153, -6.33, -9.913, -15.103
'MUSCLE_diversified_replicate.bca.291.afa', -8.658, -4.496, -10.234, -12.825
'MUSCLE_diversified_replicate.bca.295.afa', -10.162, -6.431, -11.668, -14.66
'MUSCLE_diversified_replicate.bca.299.afa', -14.333, -11.2, -14.44, -18.513
'MUSCLE_diversified_replicate.bca.3.afa', -11.356, -8.431, -12.171, -15.281
'MUSCLE_diversified_replicate.bca.303.afa', -13.076, -9.699, -13.902, -18.184
'MUSCLE_diversified_replicate.bca.307.afa', -11.685, -8.15, -12.664, -15.705
'MUSCLE_diversified_replicate.bca.31.afa', -7.871, -4.275, -8.66, -10.765
'MUSCLE_diversified_replicate.bca.311.afa', -10.732, -7.348, -8.679, -16.852
'MUSCLE_diversified_replicate.bca.315.afa', -10.693, -6.96, -11.212, -15.118
'MUSCLE_diversified_replicate.bca.319.afa', -9.879, -5.85, -10.432, -15.673
'MUSCLE_diversified_replicate.bca.323.afa', -12.939, -9.134, -14.093, -17.103
'MUSCLE_diversified_replicate.bca.327.afa', -8.963, -5.561, -9.627, -11.496
'MUSCLE_diversified_replicate.bca.331.afa', -11.809, -7.872, -13.024, -16.651
'MUSCLE_diversified_replicate.bca.335.afa', -7.207, -3.592, -5.976, -11.499
'MUSCLE_diversified_replicate.bca.339.afa', -13.564, -10.135, -14.391, -18.686
'MUSCLE_diversified_replicate.bca.343.afa', -11.538, -8.152, -12.234, -15.745
'MUSCLE_diversified_replicate.bca.347.afa', -10.312, -6.744, -9.815, -13.935
'MUSCLE_diversified_replicate.bca.35.afa', -8.221, -4.658, -9.178, -10.8
'MUSCLE_diversified_replicate.bca.351.afa', -14.416, -11.356, -14.293, -19.295
'MUSCLE_diversified_replicate.bca.355.afa', -12.898, -10.139, -11.756, -17.316
'MUSCLE_diversified_replicate.bca.359.afa', -11.742, -7.812, -12.459, -15.704
'MUSCLE_diversified_replicate.bca.363.afa', -8.432, -4.949, -9.529, -11.093
'MUSCLE_diversified_replicate.bca.367.afa', -13.971, -10.58, -14.09, -20.034
'MUSCLE_diversified_replicate.bca.371.afa', -8.51, -5.324, -9.159, -11.297
'MUSCLE_diversified_replicate.bca.375.afa', -10.597, -6.984, -10.931, -15.033
'MUSCLE_diversified_replicate.bca.379.afa', -9.701, -5.657, -10.246, -14.303
'MUSCLE_diversified_replicate.bca.383.afa', -8.989, -5.002, -10.113, -13.355
'MUSCLE_diversified_replicate.bca.387.afa', -9.802, -5.741, -6.77, -15.735
'MUSCLE_diversified_replicate.bca.39.afa', -10.293, -7.038, -10.796, -14.481
'MUSCLE_diversified_replicate.bca.391.afa', -12.003, -8.219, -13.124, -16.668
'MUSCLE_diversified_replicate.bca.395.afa', -6.903, -2.574, -7.437, -9.156
'MUSCLE_diversified_replicate.bca.399.afa', -13.185, -9.664, -13.307, -17.626
'MUSCLE_diversified_replicate.bca.43.afa', -10.794, -6.544, -11.408, -14.808
'MUSCLE_diversified_replicate.bca.47.afa', -13.333, -9.715, -13.785, -17.72
'MUSCLE_diversified_replicate.bca.51.afa', -12.374, -8.822, -12.195, -16.288
'MUSCLE_diversified_replicate.bca.55.afa', -12.261, -8.944, -13.284, -16.523
'MUSCLE_diversified_replicate.bca.59.afa', -9.66, -6.207, -9.487, -13.263
'MUSCLE_diversified_replicate.bca.63.afa', -13.38, -10.462, -13.473, -17.602
'MUSCLE_diversified_replicate.bca.67.afa', -15.466, -12.272, -15.872, -19.995
'MUSCLE_diversified_replicate.bca.7.afa', -12.725, -9.07, -13.792, -17.13
'MUSCLE_diversified_replicate.bca.71.afa', -11.688, -7.566, -12.299, -15.439
'MUSCLE_diversified_replicate.bca.75.afa', -13.237, -9.38, -15.052, -17.607
'MUSCLE_diversified_replicate.bca.79.afa', -12.883, -9.386, -13.296, -16.754
'MUSCLE_diversified_replicate.bca.83.afa', -11.563, -7.414, -12.216, -15.253
'MUSCLE_diversified_replicate.bca.87.afa', -14.037, -10.907, -14.402, -18.827
'MUSCLE_diversified_replicate.bca.91.afa', -12.009, -8.119, -13.403, -16.879
'MUSCLE_diversified_replicate.bca.95.afa', -12.324, -8.868, -12.637, -17.121
'MUSCLE_diversified_replicate.bca.99.afa', -13.573, -10.322, -14.32, -18.522
'MUSCLE_diversified_replicate.none.0.afa', -10.093, -8.906, -13.031, -15.989
'MUSCLE_diversified_replicate.none.100.afa', -17.392, -17.708, -21.374, -25.219
'MUSCLE_diversified_replicate.none.104.afa', -18.412, -19.279, -22.476, -26.119
'MUSCLE_diversified_replicate.none.108.afa', -17.871, -18.389, -19.378, -26.161
'MUSCLE_diversified_replicate.none.112.afa', -12.863, -10.621, -11.487, -20.047
'MUSCLE_diversified_replicate.none.116.afa', -21.089, -23.711, -24.629, -30.712
'MUSCLE_diversified_replicate.none.12.afa', -11.483, -11.148, -14.797, -16.892
'MUSCLE_diversified_replicate.none.120.afa', -10.549, -9.482, -14.234, -15.595
'MUSCLE_diversified_replicate.none.124.afa', -10.541, -9.307, -13.67, -16.311
'MUSCLE_diversified_replicate.none.128.afa', -11.548, -10.79, -15.176, -16.66
'MUSCLE_diversified_replicate.none.132.afa', -7.594, -4.032, -6.774, -11.619
'MUSCLE_diversified_replicate.none.136.afa', -11.091, -10.418, -14.563, -17.486
'MUSCLE_diversified_replicate.none.140.afa', -17.537, -17.834, -20.911, -24.178
'MUSCLE_diversified_replicate.none.144.afa', -13.619, -14.206, -16.718, -20.491
'MUSCLE_diversified_replicate.none.148.afa', -16.629, -16.535, -19.473, -24.257
'MUSCLE_diversified_replicate.none.152.afa', -12.49, -12.884, -15.54, -19.201
'MUSCLE_diversified_replicate.none.156.afa', -5.115, -1.236, -3.482, -9.803
'MUSCLE_diversified_replicate.none.16.afa', -10.464, -9.707, -13.32, -16.068
'MUSCLE_diversified_replicate.none.160.afa', -16.648, -16.634, -20.943, -24.372
'MUSCLE_diversified_replicate.none.164.afa', -11.216, -10.138, -14.901, -17.095
'MUSCLE_diversified_replicate.none.168.afa', -16.105, -15.856, -20.22, -23.367
'MUSCLE_diversified_replicate.none.172.afa', -16.267, -16.055, -20.003, -23.464
'MUSCLE_diversified_replicate.none.176.afa', -17.251, -17.51, -21.648, -24.952
'MUSCLE_diversified_replicate.none.180.afa', -10.297, -9.277, -13.413, -16.175
'MUSCLE_diversified_replicate.none.184.afa', -6.071, -2.116, -4.624, -10.026
'MUSCLE_diversified_replicate.none.188.afa', -13.385, -13.94, -15.531, -20.422
'MUSCLE_diversified_replicate.none.192.afa', -16.356, -16.551, -20.063, -22.873
'MUSCLE_diversified_replicate.none.196.afa', -11.408, -10.378, -14.487, -16.718
'MUSCLE_diversified_replicate.none.20.afa', -7.159, -3.687, -8.346, -10.564
'MUSCLE_diversified_replicate.none.200.afa', -13.711, -14.632, -17.165, -20.664
'MUSCLE_diversified_replicate.none.204.afa', -11.32, -10.555, -14.733, -17.413
'MUSCLE_diversified_replicate.none.208.afa', -11.291, -8.076, -9.789, -17.802
'MUSCLE_diversified_replicate.none.212.afa', -18.275, -18.991, -23.005, -26.11
'MUSCLE_diversified_replicate.none.216.afa', -17.578, -17.907, -21.9, -25.138
'MUSCLE_diversified_replicate.none.220.afa', -17.947, -18.07, -22.206, -25.477
'MUSCLE_diversified_replicate.none.224.afa', -10.78, -7.387, -7.642, -16.529
'MUSCLE_diversified_replicate.none.228.afa', -9.699, -7.581, -7.631, -15.015
'MUSCLE_diversified_replicate.none.232.afa', -10.527, -9.345, -14.199, -15.532
'MUSCLE_diversified_replicate.none.236.afa', -16.393, -16.429, -20.668, -23.821
'MUSCLE_diversified_replicate.none.24.afa', -14.405, -15.179, -18.611, -21.049
'MUSCLE_diversified_replicate.none.240.afa', -9.83, -8.458, -13.302, -15.571
'MUSCLE_diversified_replicate.none.244.afa', -17.688, -18.002, -21.53, -25.14
'MUSCLE_diversified_replicate.none.248.afa', -18.053, -18.78, -21.763, -25.738
'MUSCLE_diversified_replicate.none.252.afa', -10.386, -9.18, -13.986, -15.385
'MUSCLE_diversified_replicate.none.256.afa', -9.949, -8.658, -12.471, -15.216
'MUSCLE_diversified_replicate.none.260.afa', -18.357, -19.256, -22.487, -26.015
'MUSCLE_diversified_replicate.none.264.afa', -18.272, -19.273, -21.656, -27.348
'MUSCLE_diversified_replicate.none.268.afa', -21.498, -24.099, -27.478, -30.592
'MUSCLE_diversified_replicate.none.272.afa', -10.913, -10.108, -14.669, -16.035
'MUSCLE_diversified_replicate.none.276.afa', -10.445, -9.407, -12.824, -15.722
'MUSCLE_diversified_replicate.none.28.afa', -10.711, -9.807, -13.571, -17.196
'MUSCLE_diversified_replicate.none.280.afa', -12.229, -12.023, -14.781, -17.606
'MUSCLE_diversified_replicate.none.284.afa', -11.259, -10.668, -14.11, -16.81
'MUSCLE_diversified_replicate.none.288.afa', -10.491, -9.52, -14.11, -15.385
'MUSCLE_diversified_replicate.none.292.afa', -16.01, -15.536, -18.69, -23.879
'MUSCLE_diversified_replicate.none.296.afa', -16.846, -16.76, -20.305, -24.348
'MUSCLE_diversified_replicate.none.300.afa', -16.621, -16.574, -19.887, -23.415
'MUSCLE_diversified_replicate.none.304.afa', -12.944, -13.072, -15.81, -19.765
'MUSCLE_diversified_replicate.none.308.afa', -10.093, -8.706, -12.841, -15.282
'MUSCLE_diversified_replicate.none.312.afa', -11.506, -10.691, -14.922, -17.687
'MUSCLE_diversified_replicate.none.316.afa', -7.133, -3.676, -8.737, -10.146
'MUSCLE_diversified_replicate.none.32.afa', -11.676, -10.876, -15.696, -18.115
'MUSCLE_diversified_replicate.none.320.afa', -11.195, -10.324, -15.033, -16.207
'MUSCLE_diversified_replicate.none.324.afa', -11.515, -10.869, -13.522, -16.484
'MUSCLE_diversified_replicate.none.328.afa', -10.236, -9.112, -13.714, -15.387
'MUSCLE_diversified_replicate.none.332.afa', -10.263, -9.158, -13.475, -16.354
'MUSCLE_diversified_replicate.none.336.afa', -12.973, -12.922, -14.221, -18.627
'MUSCLE_diversified_replicate.none.340.afa', -10.417, -9.539, -14.386, -16.745
'MUSCLE_diversified_replicate.none.344.afa', -12.108, -9.268, -9.471, -18.691
'MUSCLE_diversified_replicate.none.348.afa', -17.809, -18.344, -21.58, -25.067
'MUSCLE_diversified_replicate.none.352.afa', -11.119, -9.969, -15.254, -16.452
'MUSCLE_diversified_replicate.none.356.afa', -12.953, -13.328, -16.077, -19.072
'MUSCLE_diversified_replicate.none.36.afa', -12.173, -11.504, -16.071, -18.334
'MUSCLE_diversified_replicate.none.360.afa', -11.147, -10.458, -14.784, -16.954
'MUSCLE_diversified_replicate.none.364.afa', -17.854, -18.138, -21.772, -25.119
'MUSCLE_diversified_replicate.none.368.afa', -11.619, -10.56, -15.294, -17.903
'MUSCLE_diversified_replicate.none.372.afa', -11.485, -8.339, -10.703, -17.746
'MUSCLE_diversified_replicate.none.376.afa', -11.434, -10.621, -14.02, -16.506
'MUSCLE_diversified_replicate.none.380.afa', -17.956, -18.258, -21.995, -25.191
'MUSCLE_diversified_replicate.none.384.afa', -11.071, -10.463, -13.264, -15.015
'MUSCLE_diversified_replicate.none.388.afa', -17.687, -17.661, -21.241, -24.867
'MUSCLE_diversified_replicate.none.392.afa', -17.907, -18.085, -21.002, -24.999
'MUSCLE_diversified_replicate.none.396.afa', -13.488, -11.078, -14.277, -19.249
'MUSCLE_diversified_replicate.none.4.afa', -10.495, -9.509, -13.671, -16.451
'MUSCLE_diversified_replicate.none.40.afa', -18.284, -18.88, -20.834, -26.905
'MUSCLE_diversified_replicate.none.44.afa', -17.427, -17.944, -21.115, -24.718
'MUSCLE_diversified_replicate.none.48.afa', -12.084, -11.428, -16.832, -18.637
'MUSCLE_diversified_replicate.none.52.afa', -17.228, -17.49, -21.445, -24.996
'MUSCLE_diversified_replicate.none.56.afa', -18.501, -19.785, -22.471, -26.518
'MUSCLE_diversified_replicate.none.60.afa', -11.259, -10.456, -14.393, -17.197
'MUSCLE_diversified_replicate.none.64.afa', -11.553, -10.892, -14.348, -16.933
'MUSCLE_diversified_replicate.none.68.afa', -10.41, -9.35, -13.149, -17.113
'MUSCLE_diversified_replicate.none.72.afa', -10.332, -9.033, -13.218, -15.492
'MUSCLE_diversified_replicate.none.76.afa', -13.307, -12.996, -16.394, -18.928
'MUSCLE_diversified_replicate.none.8.afa', -19.479, -20.936, -22.554, -28.557
'MUSCLE_diversified_replicate.none.80.afa', -16.991, -17.125, -20.983, -24.314
'MUSCLE_diversified_replicate.none.84.afa', -12.209, -11.8, -13.894, -17.983
'MUSCLE_diversified_replicate.none.88.afa', -10.996, -9.827, -14.078, -16.658
'MUSCLE_diversified_replicate.none.92.afa', -10.671, -9.794, -13.76, -15.733
'MUSCLE_diversified_replicate.none.96.afa', -10.455, -9.453, -13.66, -16.286
'PRANK_b0#0050_hhH_tree_63_OP_0.36203966777708846_Split_50.fasta', -73.999, -76.791, -72.94, -79.13
'PRANK_b0#0050_hhT_tree_63_OP_0.36203966777708846_Split_50.fasta', -44.607, -43.115, -44.799, -49.047
'PRANK_b0#0050_htT_tree_63_OP_0.36203966777708846_Split_50.fasta', -46.266, -44.76, -46.476, -50.605
'PRANK_b0#0050_ttH_tree_63_OP_0.36203966777708846_Split_50.fasta', -73.687, -76.624, -71.507, -78.887
'PRANK_b0#0051_hhT_tree_7_OP_0.4287654329803016_Split_51.fasta', -64.726, -66.914, -66.028, -72.086
'PRANK_b0#0051_htH_tree_7_OP_0.4287654329803016_Split_51.fasta', -64.193, -65.679, -66.391, -71.443
'PRANK_b0#0051_htT_tree_7_OP_0.4287654329803016_Split_51.fasta', -67.481, -71.187, -66.643, -75.306
'PRANK_b0#0051_ttT_tree_7_OP_0.4287654329803016_Split_51.fasta', -67.253, -70.959, -66.296, -75.039
'PRANK_b0#0053_hhH_tree_13_OP_0.09692142234876278_Split_53.fasta', -65.028, -68.708, -61.362, -70.828
'PRANK_b0#0053_htT_tree_13_OP_0.09692142234876278_Split_53.fasta', -70.438, -74.618, -67.925, -74.931
'PRANK_b0#0053_htT_tree_69_OP_0.05304651807751681_Split_53.fasta', -40.309, -40.106, -39.387, -43.633
'PRANK_b0#0053_thT_tree_69_OP_0.05304651807751681_Split_53.fasta', -40.829, -40.693, -40.115, -44.077
'PRANK_b0#0053_ttH_tree_13_OP_0.09692142234876278_Split_53.fasta', -65.086, -68.765, -61.439, -70.877
'PRANK_b0#0053_ttH_tree_69_OP_0.05304651807751681_Split_53.fasta', -30.959, -30.64, -30.391, -33.414
'PRANK_b0#0053_ttT_tree_13_OP_0.09692142234876278_Split_53.fasta', -64.704, -68.231, -62.168, -69.019
'PRANK_b0#0053_ttT_tree_69_OP_0.05304651807751681_Split_53.fasta', -40.829, -40.693, -40.115, -44.077
'PRANK_b0#0054_hhT_tree_37_OP_0.3234162682987525_Split_54.fasta', -40.83, -39.214, -38.669, -44.798
'PRANK_b0#0054_htH_tree_11_OP_0.0660385202278223_Split_54.fasta', -57.886, -61.13, -54.632, -63.437
'PRANK_b0#0054_htT_tree_37_OP_0.3234162682987525_Split_54.fasta', -37.633, -35.677, -34.922, -42.276
'PRANK_b0#0054_htT_tree_60_OP_0.2742882468420108_Split_54.fasta', -41.621, -40.408, -37.45, -48.87
'PRANK_b0#0054_thH_tree_11_OP_0.0660385202278223_Split_54.fasta', -57.157, -60.36, -53.922, -62.538
'PRANK_b0#0054_thH_tree_60_OP_0.2742882468420108_Split_54.fasta', -41.753, -40.655, -38.962, -47.962
'PRANK_b0#0054_thT_tree_11_OP_0.0660385202278223_Split_54.fasta', -59.285, -64.163, -56.433, -66.762
'PRANK_b0#0054_thT_tree_60_OP_0.2742882468420108_Split_54.fasta', -41.514, -40.31, -37.485, -48.921
'PRANK_b0#0054_ttH_tree_11_OP_0.0660385202278223_Split_54.fasta', -56.989, -60.204, -53.733, -62.415
'PRANK_b0#0054_ttH_tree_37_OP_0.3234162682987525_Split_54.fasta', -44.998, -43.68, -40.434, -48.942
'PRANK_b0#0054_ttT_tree_37_OP_0.3234162682987525_Split_54.fasta', -43.59, -42.387, -40.701, -47.326
'PRANK_b0#0054_ttT_tree_60_OP_0.2742882468420108_Split_54.fasta', -41.534, -40.342, -37.496, -48.945
'PRANK_b0#0055_hhH_tree_96_OP_0.3899661250904219_Split_55.fasta', -57.147, -57.978, -55.887, -61.88
'PRANK_b0#0055_hhT_tree_23_OP_0.41879358418754387_Split_55.fasta', -59.63, -60.56, -59.347, -62.13
'PRANK_b0#0055_hhT_tree_40_OP_0.08821008325435137_Split_55.fasta', -49.185, -50.023, -47.582, -54.269
'PRANK_b0#0055_hhT_tree_96_OP_0.3899661250904219_Split_55.fasta', -57.864, -58.501, -56.281, -62.886
'PRANK_b0#0055_htH_tree_96_OP_0.3899661250904219_Split_55.fasta', -55.487, -55.942, -54.706, -60.007
'PRANK_b0#0055_thH_tree_23_OP_0.41879358418754387_Split_55.fasta', -54.753, -55.313, -54.236, -58.28
'PRANK_b0#0055_thH_tree_40_OP_0.08821008325435137_Split_55.fasta', -45.09, -45.861, -43.7, -51.025
'PRANK_b0#0055_thT_tree_40_OP_0.08821008325435137_Split_55.fasta', -49.185, -50.023, -47.582, -54.269
'PRANK_b0#0055_ttH_tree_23_OP_0.41879358418754387_Split_55.fasta', -55.005, -55.492, -54.085, -58.157
'PRANK_b0#0055_ttT_tree_23_OP_0.41879358418754387_Split_55.fasta', -59.721, -60.701, -59.258, -63.151
'PRANK_b0#0055_ttT_tree_40_OP_0.08821008325435137_Split_55.fasta', -49.185, -50.023, -47.582, -54.269
'PRANK_b0#0055_ttT_tree_96_OP_0.3899661250904219_Split_55.fasta', -58.75, -59.469, -57.015, -63.812
'PRANK_b0#0056_hhH_tree_56_OP_0.23502932209680477_Split_56.fasta', -51.357, -51.652, -48.038, -56.526
'PRANK_b0#0056_htH_tree_56_OP_0.23502932209680477_Split_56.fasta', -51.925, -52.227, -48.716, -57.015
'PRANK_b0#0056_htT_tree_99_OP_0.18594199344926288_Split_56.fasta', -38.173, -36.268, -36.192, -43.336
'PRANK_b0#0056_thH_tree_99_OP_0.18594199344926288_Split_56.fasta', -36.89, -35.164, -37.396, -41.649
'PRANK_b0#0056_thT_tree_56_OP_0.23502932209680477_Split_56.fasta', -51.32, -51.465, -47.696, -56.361
'PRANK_b0#0056_thT_tree_99_OP_0.18594199344926288_Split_56.fasta', -38.173, -36.268, -36.192, -43.336
'PRANK_b0#0056_ttH_tree_56_OP_0.23502932209680477_Split_56.fasta', -52.568, -53.041, -49.327, -57.964
'PRANK_b0#0056_ttH_tree_99_OP_0.18594199344926288_Split_56.fasta', -36.85, -35.12, -37.398, -41.617
'PRANK_b0#0057_htH_tree_64_OP_0.05970650417263379_Split_57.fasta', -51.808, -52.535, -42.907, -54.614
'PRANK_b0#0057_thH_tree_64_OP_0.05970650417263379_Split_57.fasta', -51.794, -52.528, -42.867, -54.608
'PRANK_b0#0057_thT_tree_64_OP_0.05970650417263379_Split_57.fasta', -51.944, -52.93, -43.037, -54.803
'PRANK_b0#0057_ttH_tree_64_OP_0.05970650417263379_Split_57.fasta', -51.794, -52.528, -42.867, -54.608
'PRANK_b0#0058_hhH_tree_84_OP_0.3564845080908704_Split_58.fasta', -62.422, -65.007, -58.471, -67.685
'PRANK_b0#0058_hhT_tree_84_OP_0.3564845080908704_Split_58.fasta', -60.288, -62.847, -56.546, -66.023
'PRANK_b0#0058_hhT_tree_97_OP_0.1673876920856745_Split_58.fasta', -48.426, -53.421, -53.827, -57.524
'PRANK_b0#0058_htT_tree_84_OP_0.3564845080908704_Split_58.fasta', -60.27, -62.752, -56.517, -65.986
'PRANK_b0#0058_htT_tree_97_OP_0.1673876920856745_Split_58.fasta', -48.558, -53.705, -54.005, -57.751
'PRANK_b0#0058_thH_tree_97_OP_0.1673876920856745_Split_58.fasta', -46.643, -52.227, -53.472, -56.961
'PRANK_b0#0058_thT_tree_97_OP_0.1673876920856745_Split_58.fasta', -48.921, -54.155, -54.532, -58.244
'PRANK_b0#0058_ttT_tree_84_OP_0.3564845080908704_Split_58.fasta', -58.654, -60.883, -56.563, -62.767
'PRANK_b0#0059_hhT_tree_80_OP_0.3860599313375234_Split_59.fasta', -53.246, -53.366, -50.373, -60.135
'PRANK_b0#0059_htH_tree_36_OP_0.21650135794201675_Split_59.fasta', -55.311, -57.097, -50.175, -59.305
'PRANK_b0#0059_htH_tree_80_OP_0.3860599313375234_Split_59.fasta', -53.815, -53.85, -50.771, -60.148
'PRANK_b0#0059_htH_tree_85_OP_0.16592734946943577_Split_59.fasta', -53.883, -53.5, -51.351, -58.404
'PRANK_b0#0059_htT_tree_36_OP_0.21650135794201675_Split_59.fasta', -56.879, -57.367, -52.766, -61.008
'PRANK_b0#0059_htT_tree_80_OP_0.3860599313375234_Split_59.fasta', -54.474, -54.568, -51.788, -61.276
'PRANK_b0#0059_htT_tree_85_OP_0.16592734946943577_Split_59.fasta', -51.067, -50.242, -52.59, -54.296
'PRANK_b0#0059_thH_tree_36_OP_0.21650135794201675_Split_59.fasta', -55.631, -57.42, -51.799, -59.695
'PRANK_b0#0059_thH_tree_85_OP_0.16592734946943577_Split_59.fasta', -53.739, -53.217, -51.177, -58.213
'PRANK_b0#0059_ttH_tree_80_OP_0.3860599313375234_Split_59.fasta', -53.814, -53.821, -50.759, -60.143
'PRANK_b0#0059_ttH_tree_85_OP_0.16592734946943577_Split_59.fasta', -53.723, -53.198, -51.165, -58.192
'PRANK_b0#0059_ttT_tree_36_OP_0.21650135794201675_Split_59.fasta', -56.932, -57.437, -52.797, -61.083
'PRANK_b0#0060_hhH_tree_24_OP_0.35224591752289836_Split_60.fasta', -50.032, -50.531, -48.937, -55.994
'PRANK_b0#0060_hhT_tree_24_OP_0.35224591752289836_Split_60.fasta', -47.527, -47.596, -45.469, -53.789
'PRANK_b0#0060_ttH_tree_24_OP_0.35224591752289836_Split_60.fasta', -49.948, -50.439, -48.869, -55.918
'PRANK_b0#0060_ttT_tree_24_OP_0.35224591752289836_Split_60.fasta', -47.713, -47.746, -45.417, -54.377
'PRANK_b0#0061_hhH_tree_16_OP_0.3566466444359746_Split_61.fasta', -71.929, -72.324, -69.714, -74.316
'PRANK_b0#0061_thT_tree_16_OP_0.3566466444359746_Split_61.fasta', -61.459, -61.484, -59.267, -65.437
'PRANK_b0#0061_ttH_tree_16_OP_0.3566466444359746_Split_61.fasta', -71.727, -72.086, -69.555, -74.04
'PRANK_b0#0061_ttT_tree_16_OP_0.3566466444359746_Split_61.fasta', -61.3, -61.346, -58.419, -65.195
'PRANK_b0#0062_hhH_tree_0_OP_0.4657131574362508_Split_62.fasta', -53.852, -54.208, -48.348, -59.398
'PRANK_b0#0062_hhT_tree_81_OP_0.4058614503238694_Split_62.fasta', -55.289, -54.744, -51.056, -59.736
'PRANK_b0#0062_htH_tree_0_OP_0.4657131574362508_Split_62.fasta', -53.069, -53.117, -47.7, -59.313
'PRANK_b0#0062_htT_tree_81_OP_0.4058614503238694_Split_62.fasta', -54.444, -53.791, -50.892, -58.853
'PRANK_b0#0062_thH_tree_81_OP_0.4058614503238694_Split_62.fasta', -52.373, -52.027, -47.885, -57.246
'PRANK_b0#0062_thT_tree_0_OP_0.4657131574362508_Split_62.fasta', -53.351, -53.296, -47.85, -58.328
'PRANK_b0#0062_thT_tree_81_OP_0.4058614503238694_Split_62.fasta', -54.444, -53.791, -50.892, -58.853
'PRANK_b0#0062_ttT_tree_0_OP_0.4657131574362508_Split_62.fasta', -54.277, -54.293, -48.998, -59.636
'PRANK_b0#0063_htH_tree_71_OP_0.26664288485028304_Split_63.fasta', -43.012, -42.27, -42.756, -46.709
'PRANK_b0#0063_htT_tree_71_OP_0.26664288485028304_Split_63.fasta', -41.985, -40.671, -43.128, -45.386
'PRANK_b0#0063_thH_tree_71_OP_0.26664288485028304_Split_63.fasta', -42.998, -42.264, -42.705, -46.652
'PRANK_b0#0063_thT_tree_71_OP_0.26664288485028304_Split_63.fasta', -41.961, -40.658, -43.093, -45.355
'PRANK_b0#0065_hhH_tree_48_OP_0.33799514808893955_Split_65.fasta', -54.444, -54.632, -48.285, -59.424
'PRANK_b0#0065_htH_tree_48_OP_0.33799514808893955_Split_65.fasta', -52.898, -52.652, -47.118, -57.671
'PRANK_b0#0065_thH_tree_48_OP_0.33799514808893955_Split_65.fasta', -54.398, -54.562, -48.248, -59.339
'PRANK_b0#0065_thT_tree_48_OP_0.33799514808893955_Split_65.fasta', -52.887, -52.892, -48.211, -57.412
'PRANK_b0#0067_hhH_tree_6_OP_0.18497671267226667_Split_67.fasta', -39.514, -39.239, -36.998, -47.471
'PRANK_b0#0067_htH_tree_6_OP_0.18497671267226667_Split_67.fasta', -39.487, -39.213, -36.972, -47.442
'PRANK_b0#0067_thT_tree_6_OP_0.18497671267226667_Split_67.fasta', -38.905, -38.634, -35.903, -46.522
'PRANK_b0#0067_ttT_tree_6_OP_0.18497671267226667_Split_67.fasta', -38.934, -38.669, -35.921, -46.56
'PRANK_b0#0070_htH_tree_30_OP_0.20469024912096356_Split_70.fasta', -40.754, -39.657, -38.099, -43.27
'PRANK_b0#0070_htH_tree_43_OP_0.41666011848334805_Split_70.fasta', -38.973, -37.337, -36.807, -43.073
'PRANK_b0#0070_htT_tree_30_OP_0.20469024912096356_Split_70.fasta', -38.993, -37.974, -37.859, -41.36
'PRANK_b0#0070_thH_tree_30_OP_0.20469024912096356_Split_70.fasta', -42.618, -41.601, -40.074, -45.072
'PRANK_b0#0070_thH_tree_43_OP_0.41666011848334805_Split_70.fasta', -38.999, -37.35, -36.86, -43.133
'PRANK_b0#0070_ttH_tree_43_OP_0.41666011848334805_Split_70.fasta', -39.521, -37.638, -37.96, -43.205
'PRANK_b0#0070_ttT_tree_30_OP_0.20469024912096356_Split_70.fasta', -39.032, -38.051, -37.845, -41.368
'PRANK_b0#0070_ttT_tree_43_OP_0.41666011848334805_Split_70.fasta', -39.301, -37.612, -38.379, -43.453
'PRANK_b0#0073_htT_tree_10_OP_0.17197861239551077_Split_73.fasta', -46.933, -49.839, -44.904, -51.502
'PRANK_b0#0073_thH_tree_10_OP_0.17197861239551077_Split_73.fasta', -43.373, -44.213, -40.906, -45.658
'PRANK_b0#0073_ttH_tree_10_OP_0.17197861239551077_Split_73.fasta', -43.425, -44.245, -40.971, -45.716
'PRANK_b0#0073_ttT_tree_10_OP_0.17197861239551077_Split_73.fasta', -46.933, -49.839, -44.904, -51.502
'PRANK_b0#0077_hhH_tree_35_OP_0.23719613041625226_Split_77.fasta', -63.617, -65.235, -55.032, -67.948
'PRANK_b0#0077_hhT_tree_35_OP_0.23719613041625226_Split_77.fasta', -64.149, -65.384, -57.436, -67.216
'PRANK_b0#0077_htT_tree_35_OP_0.23719613041625226_Split_77.fasta', -65.937, -67.408, -58.748, -69.05
'PRANK_b0#0077_htT_tree_79_OP_0.39849921812999034_Split_77.fasta', -52.423, -55.855, -56.593, -59.986
'PRANK_b0#0077_thH_tree_35_OP_0.23719613041625226_Split_77.fasta', -64.679, -66.244, -55.812, -68.992
'PRANK_b0#0077_thH_tree_79_OP_0.39849921812999034_Split_77.fasta', -53.393, -57.101, -57.063, -61.271
'PRANK_b0#0077_thT_tree_79_OP_0.39849921812999034_Split_77.fasta', -51.693, -54.878, -60.04, -61.375
'PRANK_b0#0077_ttT_tree_79_OP_0.39849921812999034_Split_77.fasta', -51.675, -54.858, -59.752, -61.513
'PRANK_b0#0078_hhH_tree_86_OP_0.2347265646541319_Split_78.fasta', -58.693, -56.327, -58.422, -58.565
'PRANK_b0#0078_hhT_tree_53_OP_0.05303947942235687_Split_78.fasta', -44.42, -44.594, -40.671, -49.211
'PRANK_b0#0078_htH_tree_53_OP_0.05303947942235687_Split_78.fasta', -50.622, -51.386, -45.566, -57.016
'PRANK_b0#0078_htH_tree_86_OP_0.2347265646541319_Split_78.fasta', -58.07, -55.705, -57.524, -57.332
'PRANK_b0#0078_thH_tree_86_OP_0.2347265646541319_Split_78.fasta', -58.663, -56.389, -58.37, -58.542
'PRANK_b0#0078_thT_tree_53_OP_0.05303947942235687_Split_78.fasta', -44.42, -44.594, -40.671, -49.211
'PRANK_b0#0078_ttH_tree_53_OP_0.05303947942235687_Split_78.fasta', -50.661, -51.421, -46.613, -56.176
'PRANK_b0#0078_ttT_tree_86_OP_0.2347265646541319_Split_78.fasta', -58.154, -55.907, -57.619, -57.606
'PRANK_b0#0079_hhH_tree_88_OP_0.1810795500099957_Split_79.fasta', -56.559, -56.892, -55.274, -58.848
'PRANK_b0#0079_hhT_tree_88_OP_0.1810795500099957_Split_79.fasta', -55.212, -55.453, -54.421, -57.272
'PRANK_b0#0079_ttH_tree_88_OP_0.1810795500099957_Split_79.fasta', -56.542, -56.878, -55.258, -58.831
'PRANK_b0#0079_ttT_tree_88_OP_0.1810795500099957_Split_79.fasta', -55.435, -55.674, -54.638, -57.523
'PRANK_b0#0080_hhT_tree_3_OP_0.05125309180508808_Split_80.fasta', -26.306, -22.641, -22.997, -31.793
'PRANK_b0#0080_htH_tree_3_OP_0.05125309180508808_Split_80.fasta', -25.329, -21.592, -21.617, -30.783
'PRANK_b0#0080_htT_tree_3_OP_0.05125309180508808_Split_80.fasta', -26.614, -22.894, -23.264, -32.028
'PRANK_b0#0080_ttH_tree_3_OP_0.05125309180508808_Split_80.fasta', -25.417, -21.705, -21.742, -30.928
'PRANK_b0#0081_hhH_tree_5_OP_0.22898839817158656_Split_81.fasta', -39.992, -37.758, -36.897, -44.884
'PRANK_b0#0081_hhT_tree_51_OP_0.3986228120499837_Split_81.fasta', -37.836, -36.42, -36.485, -42.107
'PRANK_b0#0081_hhT_tree_73_OP_0.04516409856856096_Split_81.fasta', -25.948, -22.946, -27.418, -30.539
'PRANK_b0#0081_htH_tree_51_OP_0.3986228120499837_Split_81.fasta', -36.817, -34.974, -35.827, -40.475
'PRANK_b0#0081_htT_tree_5_OP_0.22898839817158656_Split_81.fasta', -39.75, -37.562, -37.244, -44.022
'PRANK_b0#0081_htT_tree_73_OP_0.04516409856856096_Split_81.fasta', -25.948, -22.946, -27.418, -30.539
'PRANK_b0#0081_thH_tree_5_OP_0.22898839817158656_Split_81.fasta', -40.023, -37.787, -36.98, -44.902
'PRANK_b0#0081_thH_tree_73_OP_0.04516409856856096_Split_81.fasta', -26.618, -23.96, -30.009, -30.784
'PRANK_b0#0081_thT_tree_51_OP_0.3986228120499837_Split_81.fasta', -38.886, -37.486, -36.134, -42.978
'PRANK_b0#0081_ttH_tree_51_OP_0.3986228120499837_Split_81.fasta', -36.061, -34.342, -33.647, -40.17
'PRANK_b0#0081_ttH_tree_73_OP_0.04516409856856096_Split_81.fasta', -26.601, -24.089, -30.163, -31.043
'PRANK_b0#0081_ttT_tree_5_OP_0.22898839817158656_Split_81.fasta', -39.756, -37.563, -37.246, -44.031
'PRANK_b0#0085_hhT_tree_59_OP_0.3079281034987719_Split_85.fasta', -55.47, -55.331, -55.699, -59.223
'PRANK_b0#0085_thT_tree_59_OP_0.3079281034987719_Split_85.fasta', -55.805, -55.664, -56.032, -59.654
'PRANK_b0#0085_ttH_tree_59_OP_0.3079281034987719_Split_85.fasta', -55.79, -55.671, -56.008, -59.709
'PRANK_b0#0085_ttT_tree_59_OP_0.3079281034987719_Split_85.fasta', -55.556, -55.415, -55.573, -59.415
'PRANK_b0#0086_hhH_tree_46_OP_0.17943757149806483_Split_86.fasta', -39.49, -38.385, -37.52, -45.709
'PRANK_b0#0086_hhT_tree_46_OP_0.17943757149806483_Split_86.fasta', -39.051, -37.933, -35.766, -46.366
'PRANK_b0#0086_hhT_tree_47_OP_0.4322745197435511_Split_86.fasta', -59.517, -58.541, -57.994, -64.709
'PRANK_b0#0086_htT_tree_47_OP_0.4322745197435511_Split_86.fasta', -59.983, -59.098, -59.377, -65.443
'PRANK_b0#0086_thT_tree_46_OP_0.17943757149806483_Split_86.fasta', -39.105, -37.937, -36.591, -45.319
'PRANK_b0#0086_thT_tree_47_OP_0.4322745197435511_Split_86.fasta', -57.7, -56.455, -57.55, -62.739
'PRANK_b0#0086_ttH_tree_46_OP_0.17943757149806483_Split_86.fasta', -38.851, -37.844, -33.751, -46.348
'PRANK_b0#0086_ttH_tree_47_OP_0.4322745197435511_Split_86.fasta', -59.183, -58.179, -55.115, -64.933
'PRANK_b0#0087_hhT_tree_44_OP_0.200818760412537_Split_87.fasta', -46.99, -48.495, -44.319, -50.995
'PRANK_b0#0087_htT_tree_44_OP_0.200818760412537_Split_87.fasta', -46.979, -48.484, -44.305, -50.986
'PRANK_b0#0087_thT_tree_44_OP_0.200818760412537_Split_87.fasta', -46.935, -48.441, -44.24, -50.94
'PRANK_b0#0087_ttT_tree_44_OP_0.200818760412537_Split_87.fasta', -46.985, -48.477, -45.043, -50.906
'PRANK_b0#0088_hhH_tree_14_OP_0.3064418702671071_Split_88.fasta', -69.989, -72.691, -68.734, -74.938
'PRANK_b0#0088_hhT_tree_92_OP_0.23387605000900108_Split_88.fasta', -37.968, -36.616, -36.348, -41.226
'PRANK_b0#0088_htH_tree_92_OP_0.23387605000900108_Split_88.fasta', -39.829, -38.797, -37.796, -43.228
'PRANK_b0#0088_htT_tree_14_OP_0.3064418702671071_Split_88.fasta', -68.487, -71.011, -65.164, -70.891
'PRANK_b0#0088_thH_tree_92_OP_0.23387605000900108_Split_88.fasta', -39.306, -38.188, -37.42, -42.788
'PRANK_b0#0088_thT_tree_14_OP_0.3064418702671071_Split_88.fasta', -68.403, -70.971, -65.105, -70.911
'PRANK_b0#0088_thT_tree_92_OP_0.23387605000900108_Split_88.fasta', -37.705, -36.687, -35.486, -41.094
'PRANK_b0#0088_ttH_tree_14_OP_0.3064418702671071_Split_88.fasta', -69.989, -72.691, -68.734, -74.938
'PRANK_b0#0089_hhH_tree_21_OP_0.22890592879188038_Split_89.fasta', -40.711, -39.403, -35.401, -48.715
'PRANK_b0#0089_htT_tree_21_OP_0.22890592879188038_Split_89.fasta', -41.853, -40.524, -36.533, -50.143
'PRANK_b0#0089_thH_tree_21_OP_0.22890592879188038_Split_89.fasta', -39.748, -38.176, -34.733, -47.712
'PRANK_b0#0089_ttT_tree_21_OP_0.22890592879188038_Split_89.fasta', -41.023, -39.456, -35.9, -49.208
'PRANK_b0#0090_hhT_tree_95_OP_0.1030307002700046_Split_90.fasta', -27.144, -23.89, -28.961, -33.695
'PRANK_b0#0090_thH_tree_95_OP_0.1030307002700046_Split_90.fasta', -25.481, -21.947, -28.972, -31.529
'PRANK_b0#0090_ttH_tree_95_OP_0.1030307002700046_Split_90.fasta', -25.093, -21.468, -25.007, -31.001
'PRANK_b0#0090_ttT_tree_95_OP_0.1030307002700046_Split_90.fasta', -26.754, -23.401, -28.719, -33.366
'PRANK_b0#0091_hhH_tree_4_OP_0.3917727204478945_Split_91.fasta', -52.174, -52.44, -49.244, -57.991
'PRANK_b0#0091_htT_tree_4_OP_0.3917727204478945_Split_91.fasta', -52.903, -53.404, -48.735, -59.032
'PRANK_b0#0091_thH_tree_4_OP_0.3917727204478945_Split_91.fasta', -52.754, -52.85, -50.421, -58.437
'PRANK_b0#0091_thT_tree_4_OP_0.3917727204478945_Split_91.fasta', -54.054, -54.594, -49.956, -59.924
'PRANK_b0#0096_hhH_tree_77_OP_0.06320220646162977_Split_96.fasta', -42.555, -42.646, -41.663, -45.241
'PRANK_b0#0096_hhT_tree_77_OP_0.06320220646162977_Split_96.fasta', -49.003, -51.185, -47.739, -50.739
'PRANK_b0#0096_htH_tree_77_OP_0.06320220646162977_Split_96.fasta', -42.555, -42.646, -41.663, -45.241
'PRANK_b0#0096_ttT_tree_77_OP_0.06320220646162977_Split_96.fasta', -49.399, -51.472, -48.035, -51.268
'PRANK_b1#0000_hhH_tree_61_OP_0.4330011748014624_Split_0.fasta', -59.338, -60.409, -52.95, -65.482
'PRANK_b1#0000_hhT_tree_61_OP_0.4330011748014624_Split_0.fasta', -58.605, -59.638, -51.255, -64.868
'PRANK_b1#0000_htH_tree_61_OP_0.4330011748014624_Split_0.fasta', -59.332, -60.404, -52.953, -65.48
'PRANK_b1#0000_htT_tree_61_OP_0.4330011748014624_Split_0.fasta', -58.608, -59.636, -51.242, -64.851
'PRANK_b1#0001_hhH_tree_89_OP_0.08315440018559267_Split_1.fasta', -22.284, -19.011, -21.297, -27.56
'PRANK_b1#0001_hhT_tree_89_OP_0.08315440018559267_Split_1.fasta', -22.11, -18.877, -21.123, -27.435
'PRANK_b1#0001_htH_tree_89_OP_0.08315440018559267_Split_1.fasta', -22.286, -19.033, -21.268, -27.568
'PRANK_b1#0001_htT_tree_89_OP_0.08315440018559267_Split_1.fasta', -22.194, -18.973, -21.187, -27.51
'PRANK_b1#0004_hhH_tree_20_OP_0.1825262028599538_Split_4.fasta', -50.141, -49.664, -47.881, -54.525
'PRANK_b1#0004_hhH_tree_2_OP_0.0971126692608415_Split_4.fasta', -50.996, -55.323, -57.823, -60.887
'PRANK_b1#0004_hhT_tree_20_OP_0.1825262028599538_Split_4.fasta', -43.791, -43.563, -42.898, -47.726
'PRANK_b1#0004_hhT_tree_2_OP_0.0971126692608415_Split_4.fasta', -51.065, -50.29, -51.427, -56.381
'PRANK_b1#0004_htH_tree_20_OP_0.1825262028599538_Split_4.fasta', -48.49, -47.967, -45.947, -53.296
'PRANK_b1#0004_htH_tree_2_OP_0.0971126692608415_Split_4.fasta', -51.038, -55.409, -57.727, -61.469
'PRANK_b1#0004_htT_tree_20_OP_0.1825262028599538_Split_4.fasta', -43.912, -43.714, -42.99, -47.843
'PRANK_b1#0004_htT_tree_2_OP_0.0971126692608415_Split_4.fasta', -50.908, -50.004, -51.361, -56.179
'PRANK_b1#0005_hhH_tree_67_OP_0.008476858088944328_Split_5.fasta', -19.333, -16.221, -14.751, -25.614
'PRANK_b1#0005_hhT_tree_67_OP_0.008476858088944328_Split_5.fasta', -23.009, -20.182, -19.116, -28.776
'PRANK_b1#0005_htH_tree_67_OP_0.008476858088944328_Split_5.fasta', -19.348, -16.236, -14.765, -25.628
'PRANK_b1#0005_htT_tree_67_OP_0.008476858088944328_Split_5.fasta', -23.072, -20.25, -19.198, -28.866
'PRANK_b1#0006_hhH_tree_90_OP_0.4673207261707267_Split_6.fasta', -55.058, -54.018, -53.586, -59.815
'PRANK_b1#0006_hhT_tree_90_OP_0.4673207261707267_Split_6.fasta', -55.847, -54.923, -53.997, -61.138
'PRANK_b1#0006_htH_tree_90_OP_0.4673207261707267_Split_6.fasta', -54.688, -53.508, -53.442, -59.656
'PRANK_b1#0006_htT_tree_90_OP_0.4673207261707267_Split_6.fasta', -54.472, -53.29, -53.508, -59.838
'PRANK_b1#0007_hhH_tree_41_OP_0.02098294888047958_Split_7.fasta', -45.293, -46.218, -39.459, -50.709
'PRANK_b1#0007_hhT_tree_41_OP_0.02098294888047958_Split_7.fasta', -45.218, -45.832, -41.07, -50.149
'PRANK_b1#0007_htH_tree_41_OP_0.02098294888047958_Split_7.fasta', -45.293, -46.218, -39.459, -50.709
'PRANK_b1#0007_htT_tree_41_OP_0.02098294888047958_Split_7.fasta', -45.218, -45.832, -41.07, -50.149
'PRANK_b1#0008_hhH_tree_15_OP_0.23700500204391878_Split_8.fasta', -62.915, -67.227, -60.373, -68.849
'PRANK_b1#0008_hhT_tree_15_OP_0.23700500204391878_Split_8.fasta', -70.533, -74.816, -68.581, -75.926
'PRANK_b1#0008_htH_tree_15_OP_0.23700500204391878_Split_8.fasta', -65.269, -69.85, -63.477, -71.911
'PRANK_b1#0008_htT_tree_15_OP_0.23700500204391878_Split_8.fasta', -61.309, -63.146, -59.306, -65.522
'PRANK_b1#0009_hhH_tree_29_OP_0.3263217068805121_Split_9.fasta', -74.221, -78.644, -70.477, -80.862
'PRANK_b1#0009_hhT_tree_29_OP_0.3263217068805121_Split_9.fasta', -76.139, -80.604, -72.576, -81.073
'PRANK_b1#0009_htH_tree_29_OP_0.3263217068805121_Split_9.fasta', -74.298, -78.732, -70.279, -81.013
'PRANK_b1#0009_htT_tree_29_OP_0.3263217068805121_Split_9.fasta', -76.354, -80.763, -73.131, -82.163
'PRANK_b1#0010_hhH_tree_55_OP_0.12131382649812672_Split_10.fasta', -34.366, -32.465, -36.324, -38.94
'PRANK_b1#0010_hhH_tree_78_OP_0.2199134490774199_Split_10.fasta', -74.439, -76.607, -71.057, -77.352
'PRANK_b1#0010_hhH_tree_93_OP_0.22235197408396468_Split_10.fasta', -33.402, -31.582, -28.103, -40.897
'PRANK_b1#0010_hhT_tree_55_OP_0.12131382649812672_Split_10.fasta', -34.335, -32.304, -36.52, -39.293
'PRANK_b1#0010_hhT_tree_78_OP_0.2199134490774199_Split_10.fasta', -76.21, -78.162, -72.581, -79.202
'PRANK_b1#0010_hhT_tree_93_OP_0.22235197408396468_Split_10.fasta', -33.271, -31.341, -27.96, -40.802
'PRANK_b1#0010_htH_tree_55_OP_0.12131382649812672_Split_10.fasta', -34.417, -32.527, -36.355, -38.993
'PRANK_b1#0010_htH_tree_78_OP_0.2199134490774199_Split_10.fasta', -74.505, -76.688, -70.747, -77.734
'PRANK_b1#0010_htH_tree_93_OP_0.22235197408396468_Split_10.fasta', -33.567, -31.771, -28.216, -41.089
'PRANK_b1#0010_htT_tree_55_OP_0.12131382649812672_Split_10.fasta', -34.462, -32.452, -36.647, -39.427
'PRANK_b1#0010_htT_tree_78_OP_0.2199134490774199_Split_10.fasta', -76.215, -78.164, -72.587, -79.205
'PRANK_b1#0010_htT_tree_93_OP_0.22235197408396468_Split_10.fasta', -33.045, -31.136, -26.873, -40.029
'PRANK_b1#0012_hhH_tree_39_OP_0.22687500454657905_Split_12.fasta', -30.662, -28.502, -29.187, -35.42
'PRANK_b1#0012_hhH_tree_42_OP_0.0496315149686164_Split_12.fasta', -35.718, -34.063, -34.756, -38.682
'PRANK_b1#0012_hhT_tree_39_OP_0.22687500454657905_Split_12.fasta', -29.283, -26.794, -29.499, -32.772
'PRANK_b1#0012_hhT_tree_42_OP_0.0496315149686164_Split_12.fasta', -33.674, -32.402, -32.151, -37.589
'PRANK_b1#0012_htH_tree_39_OP_0.22687500454657905_Split_12.fasta', -30.685, -28.52, -29.219, -35.448
'PRANK_b1#0012_htH_tree_42_OP_0.0496315149686164_Split_12.fasta', -35.97, -34.382, -34.989, -38.99
'PRANK_b1#0012_htT_tree_39_OP_0.22687500454657905_Split_12.fasta', -29.278, -26.784, -29.505, -32.757
'PRANK_b1#0012_htT_tree_42_OP_0.0496315149686164_Split_12.fasta', -33.612, -32.301, -32.134, -37.545
'PRANK_b1#0015_hhH_tree_18_OP_0.2024155938605975_Split_15.fasta', -33.895, -30.688, -34.456, -38.273
'PRANK_b1#0015_hhT_tree_18_OP_0.2024155938605975_Split_15.fasta', -31.195, -27.539, -30.441, -35.66
'PRANK_b1#0015_htH_tree_18_OP_0.2024155938605975_Split_15.fasta', -33.254, -29.862, -32.313, -37.163
'PRANK_b1#0015_htT_tree_18_OP_0.2024155938605975_Split_15.fasta', -31.217, -27.574, -30.456, -35.698
'PRANK_b1#0017_hhH_tree_25_OP_0.40331807202508463_Split_17.fasta', -51.956, -53.744, -50.308, -58.797
'PRANK_b1#0017_hhT_tree_25_OP_0.40331807202508463_Split_17.fasta', -53.045, -55.431, -53.458, -59.736
'PRANK_b1#0017_htH_tree_25_OP_0.40331807202508463_Split_17.fasta', -53.35, -55.495, -51.315, -59.911
'PRANK_b1#0017_htT_tree_25_OP_0.40331807202508463_Split_17.fasta', -54.412, -57.504, -56.768, -60.757
'PRANK_b1#0018_hhH_tree_75_OP_0.4799762788828158_Split_18.fasta', -54.99, -56.619, -52.719, -58.561
'PRANK_b1#0018_hhT_tree_75_OP_0.4799762788828158_Split_18.fasta', -52.806, -54.181, -51.893, -57.361
'PRANK_b1#0018_htH_tree_75_OP_0.4799762788828158_Split_18.fasta', -55.832, -57.28, -53.556, -59.0
'PRANK_b1#0018_htT_tree_75_OP_0.4799762788828158_Split_18.fasta', -54.254, -55.644, -54.148, -58.197
'PRANK_b1#0020_hhH_tree_32_OP_0.46510307915842913_Split_20.fasta', -79.378, -84.222, -74.297, -87.541
'PRANK_b1#0020_hhH_tree_45_OP_0.34336798907063576_Split_20.fasta', -32.726, -29.387, -33.619, -34.025
'PRANK_b1#0020_hhT_tree_32_OP_0.46510307915842913_Split_20.fasta', -75.031, -78.196, -71.041, -81.516
'PRANK_b1#0020_hhT_tree_45_OP_0.34336798907063576_Split_20.fasta', -35.186, -32.088, -34.898, -37.321
'PRANK_b1#0020_htH_tree_32_OP_0.46510307915842913_Split_20.fasta', -80.45, -85.128, -74.778, -87.972
'PRANK_b1#0020_htH_tree_45_OP_0.34336798907063576_Split_20.fasta', -32.802, -29.455, -33.672, -34.115
'PRANK_b1#0020_htT_tree_32_OP_0.46510307915842913_Split_20.fasta', -74.739, -77.913, -70.721, -81.349
'PRANK_b1#0020_htT_tree_45_OP_0.34336798907063576_Split_20.fasta', -35.974, -32.691, -35.249, -38.93
'PRANK_b1#0021_hhH_tree_72_OP_0.03379288926432422_Split_21.fasta', -31.634, -32.476, -34.493, -36.616
'PRANK_b1#0021_hhT_tree_72_OP_0.03379288926432422_Split_21.fasta', -36.999, -40.601, -46.832, -48.2
'PRANK_b1#0021_htH_tree_72_OP_0.03379288926432422_Split_21.fasta', -31.596, -32.437, -34.457, -36.572
'PRANK_b1#0021_htT_tree_72_OP_0.03379288926432422_Split_21.fasta', -37.317, -40.926, -46.58, -48.213
'PRANK_b1#0022_hhH_tree_82_OP_0.3028561213552523_Split_22.fasta', -56.53, -61.153, -61.539, -65.745
'PRANK_b1#0022_hhH_tree_83_OP_0.37330283834351374_Split_22.fasta', -28.466, -25.876, -29.874, -33.146
'PRANK_b1#0022_hhT_tree_82_OP_0.3028561213552523_Split_22.fasta', -54.699, -56.643, -50.886, -60.708
'PRANK_b1#0022_hhT_tree_83_OP_0.37330283834351374_Split_22.fasta', -42.884, -43.437, -39.99, -50.659
'PRANK_b1#0022_htH_tree_82_OP_0.3028561213552523_Split_22.fasta', -55.423, -59.706, -60.484, -64.431
'PRANK_b1#0022_htH_tree_83_OP_0.37330283834351374_Split_22.fasta', -28.335, -25.729, -29.724, -32.989
'PRANK_b1#0022_htT_tree_82_OP_0.3028561213552523_Split_22.fasta', -54.594, -56.537, -50.763, -60.599
'PRANK_b1#0022_htT_tree_83_OP_0.37330283834351374_Split_22.fasta', -42.482, -42.918, -39.211, -50.334
'PRANK_b1#0024_hhH_tree_12_OP_0.12503863659849623_Split_24.fasta', -40.628, -39.0, -40.583, -40.425
'PRANK_b1#0024_hhH_tree_28_OP_0.026059464327883253_Split_24.fasta', -27.849, -26.338, -26.84, -31.719
'PRANK_b1#0024_hhH_tree_34_OP_0.3871869419205337_Split_24.fasta', -38.299, -36.69, -34.059, -42.495
'PRANK_b1#0024_hhH_tree_58_OP_0.4060880752132891_Split_24.fasta', -44.59, -44.08, -40.689, -51.089
'PRANK_b1#0024_hhH_tree_65_OP_0.2277419037379937_Split_24.fasta', -52.617, -50.366, -51.683, -55.215
'PRANK_b1#0024_hhT_tree_12_OP_0.12503863659849623_Split_24.fasta', -41.385, -39.81, -41.284, -41.087
'PRANK_b1#0024_hhT_tree_28_OP_0.026059464327883253_Split_24.fasta', -27.975, -26.225, -28.581, -30.528
'PRANK_b1#0024_hhT_tree_34_OP_0.3871869419205337_Split_24.fasta', -44.631, -44.745, -37.573, -49.299
'PRANK_b1#0024_hhT_tree_58_OP_0.4060880752132891_Split_24.fasta', -43.308, -42.326, -40.625, -49.259
'PRANK_b1#0024_hhT_tree_65_OP_0.2277419037379937_Split_24.fasta', -50.572, -49.131, -50.12, -53.965
'PRANK_b1#0024_htH_tree_12_OP_0.12503863659849623_Split_24.fasta', -40.772, -39.175, -40.696, -40.576
'PRANK_b1#0024_htH_tree_28_OP_0.026059464327883253_Split_24.fasta', -27.849, -26.338, -26.84, -31.719
'PRANK_b1#0024_htH_tree_34_OP_0.3871869419205337_Split_24.fasta', -40.261, -39.783, -36.975, -44.894
'PRANK_b1#0024_htH_tree_58_OP_0.4060880752132891_Split_24.fasta', -39.78, -38.065, -38.545, -45.266
'PRANK_b1#0024_htH_tree_65_OP_0.2277419037379937_Split_24.fasta', -52.391, -50.006, -51.589, -54.972
'PRANK_b1#0024_htT_tree_12_OP_0.12503863659849623_Split_24.fasta', -41.385, -39.81, -41.284, -41.087
'PRANK_b1#0024_htT_tree_28_OP_0.026059464327883253_Split_24.fasta', -27.986, -26.237, -28.591, -30.542
'PRANK_b1#0024_htT_tree_34_OP_0.3871869419205337_Split_24.fasta', -41.861, -41.187, -35.478, -46.436
'PRANK_b1#0024_htT_tree_58_OP_0.4060880752132891_Split_24.fasta', -43.25, -42.216, -40.604, -49.15
'PRANK_b1#0024_htT_tree_65_OP_0.2277419037379937_Split_24.fasta', -50.551, -49.114, -50.109, -53.969
'PRANK_b1#0026_hhH_tree_87_OP_0.11403984600375927_Split_26.fasta', -52.781, -55.815, -46.889, -59.465
'PRANK_b1#0026_hhT_tree_87_OP_0.11403984600375927_Split_26.fasta', -45.385, -49.125, -44.37, -51.304
'PRANK_b1#0026_htH_tree_87_OP_0.11403984600375927_Split_26.fasta', -52.66, -55.725, -46.721, -59.291
'PRANK_b1#0026_htT_tree_87_OP_0.11403984600375927_Split_26.fasta', -45.378, -49.123, -44.355, -51.289
'PRANK_b1#0028_hhH_tree_70_OP_0.3490789034502281_Split_28.fasta', -62.789, -63.259, -60.501, -67.351
'PRANK_b1#0028_hhT_tree_70_OP_0.3490789034502281_Split_28.fasta', -57.072, -57.126, -51.228, -64.661
'PRANK_b1#0028_htH_tree_70_OP_0.3490789034502281_Split_28.fasta', -54.537, -54.125, -53.914, -60.49
'PRANK_b1#0028_htT_tree_70_OP_0.3490789034502281_Split_28.fasta', -52.98, -52.644, -52.615, -59.005
'PRANK_b1#0029_hhH_tree_1_OP_0.05363264786522631_Split_29.fasta', -56.152, -56.402, -52.69, -60.649
'PRANK_b1#0029_hhH_tree_62_OP_0.09025347905865139_Split_29.fasta', -58.814, -61.073, -53.538, -62.335
'PRANK_b1#0029_hhT_tree_1_OP_0.05363264786522631_Split_29.fasta', -57.214, -57.6, -56.063, -59.934
'PRANK_b1#0029_hhT_tree_62_OP_0.09025347905865139_Split_29.fasta', -55.825, -58.139, -47.973, -59.315
'PRANK_b1#0029_htH_tree_1_OP_0.05363264786522631_Split_29.fasta', -56.168, -56.435, -54.896, -58.895
'PRANK_b1#0029_htH_tree_62_OP_0.09025347905865139_Split_29.fasta', -58.814, -61.073, -53.538, -62.335
'PRANK_b1#0029_htT_tree_1_OP_0.05363264786522631_Split_29.fasta', -57.145, -57.517, -53.693, -61.617
'PRANK_b1#0029_htT_tree_62_OP_0.09025347905865139_Split_29.fasta', -55.818, -58.13, -47.97, -59.312
'PRANK_b1#0030_hhH_tree_68_OP_0.2161589229083642_Split_30.fasta', -33.216, -31.067, -37.451, -39.63
'PRANK_b1#0030_hhT_tree_68_OP_0.2161589229083642_Split_30.fasta', -32.446, -30.17, -34.782, -38.619
'PRANK_b1#0030_htH_tree_68_OP_0.2161589229083642_Split_30.fasta', -30.602, -28.588, -34.509, -37.145
'PRANK_b1#0030_htT_tree_68_OP_0.2161589229083642_Split_30.fasta', -32.517, -30.245, -34.841, -38.674
'PRANK_b1#0032_hhH_tree_17_OP_0.0883996370966601_Split_32.fasta', -55.667, -55.575, -54.345, -59.881
'PRANK_b1#0032_hhH_tree_31_OP_0.2991272106085847_Split_32.fasta', -24.949, -22.54, -28.162, -30.197
'PRANK_b1#0032_hhH_tree_57_OP_0.01035969654869301_Split_32.fasta', -26.782, -25.589, -25.004, -29.785
'PRANK_b1#0032_hhH_tree_74_OP_0.34003546929790274_Split_32.fasta', -35.375, -32.824, -39.519, -41.62
'PRANK_b1#0032_hhH_tree_76_OP_0.3744455664317578_Split_32.fasta', -59.094, -59.618, -57.956, -65.428
'PRANK_b1#0032_hhT_tree_17_OP_0.0883996370966601_Split_32.fasta', -58.917, -59.678, -57.328, -62.881
'PRANK_b1#0032_hhT_tree_31_OP_0.2991272106085847_Split_32.fasta', -26.525, -24.145, -28.624, -31.863
'PRANK_b1#0032_hhT_tree_57_OP_0.01035969654869301_Split_32.fasta', -26.033, -24.566, -23.853, -29.011
'PRANK_b1#0032_hhT_tree_74_OP_0.34003546929790274_Split_32.fasta', -51.028, -51.22, -51.168, -57.207
'PRANK_b1#0032_hhT_tree_76_OP_0.3744455664317578_Split_32.fasta', -61.082, -62.486, -57.921, -67.786
'PRANK_b1#0032_htH_tree_17_OP_0.0883996370966601_Split_32.fasta', -55.502, -55.417, -54.232, -59.757
'PRANK_b1#0032_htH_tree_31_OP_0.2991272106085847_Split_32.fasta', -24.948, -22.511, -28.191, -30.23
'PRANK_b1#0032_htH_tree_57_OP_0.01035969654869301_Split_32.fasta', -26.782, -25.589, -25.004, -29.785
'PRANK_b1#0032_htH_tree_74_OP_0.34003546929790274_Split_32.fasta', -49.337, -49.799, -47.306, -55.91
'PRANK_b1#0032_htH_tree_76_OP_0.3744455664317578_Split_32.fasta', -59.07, -59.577, -57.933, -65.377
'PRANK_b1#0032_htT_tree_17_OP_0.0883996370966601_Split_32.fasta', -58.74, -59.475, -57.16, -62.714
'PRANK_b1#0032_htT_tree_31_OP_0.2991272106085847_Split_32.fasta', -26.525, -24.145, -28.624, -31.863
'PRANK_b1#0032_htT_tree_57_OP_0.01035969654869301_Split_32.fasta', -26.111, -24.616, -23.957, -29.066
'PRANK_b1#0032_htT_tree_74_OP_0.34003546929790274_Split_32.fasta', -35.656, -33.11, -39.806, -42.141
'PRANK_b1#0032_htT_tree_76_OP_0.3744455664317578_Split_32.fasta', -61.082, -62.486, -57.921, -67.786
'PRANK_b1#0034_hhH_tree_33_OP_0.48048927330141855_Split_34.fasta', -76.435, -77.132, -74.455, -79.713
'PRANK_b1#0034_hhH_tree_52_OP_0.03486385316080837_Split_34.fasta', -51.214, -53.295, -45.705, -54.974
'PRANK_b1#0034_hhT_tree_33_OP_0.48048927330141855_Split_34.fasta', -66.338, -67.657, -63.133, -71.131
'PRANK_b1#0034_hhT_tree_52_OP_0.03486385316080837_Split_34.fasta', -55.374, -58.483, -46.483, -59.879
'PRANK_b1#0034_htH_tree_33_OP_0.48048927330141855_Split_34.fasta', -66.539, -67.317, -63.229, -70.267
'PRANK_b1#0034_htH_tree_52_OP_0.03486385316080837_Split_34.fasta', -51.209, -53.294, -45.698, -54.973
'PRANK_b1#0034_htT_tree_33_OP_0.48048927330141855_Split_34.fasta', -65.792, -66.993, -62.676, -70.533
'PRANK_b1#0034_htT_tree_52_OP_0.03486385316080837_Split_34.fasta', -55.374, -58.483, -46.483, -59.879
'PRANK_b1#0036_hhH_tree_8_OP_0.3698786236358351_Split_36.fasta', -47.162, -43.948, -47.893, -51.494
'PRANK_b1#0036_hhT_tree_8_OP_0.3698786236358351_Split_36.fasta', -47.641, -44.46, -48.132, -52.225
'PRANK_b1#0036_htH_tree_8_OP_0.3698786236358351_Split_36.fasta', -46.725, -43.921, -45.236, -50.552
'PRANK_b1#0036_htT_tree_8_OP_0.3698786236358351_Split_36.fasta', -45.808, -42.766, -42.958, -51.043
'PRANK_b1#0037_hhH_tree_19_OP_0.2601680197593299_Split_37.fasta', -40.363, -40.814, -39.428, -44.179
'PRANK_b1#0037_hhT_tree_19_OP_0.2601680197593299_Split_37.fasta', -39.769, -40.164, -38.916, -43.516
'PRANK_b1#0037_htH_tree_19_OP_0.2601680197593299_Split_37.fasta', -40.436, -40.987, -39.444, -44.255
'PRANK_b1#0037_htT_tree_19_OP_0.2601680197593299_Split_37.fasta', -39.814, -40.206, -38.981, -43.576
'PRANK_b1#0038_hhH_tree_22_OP_0.1313757710015392_Split_38.fasta', -44.561, -44.403, -40.455, -51.435
'PRANK_b1#0038_hhH_tree_38_OP_0.29843463616112814_Split_38.fasta', -30.424, -27.287, -30.894, -34.478
'PRANK_b1#0038_hhH_tree_91_OP_0.31689700001611826_Split_38.fasta', -37.867, -36.808, -35.458, -44.308
'PRANK_b1#0038_hhT_tree_22_OP_0.1313757710015392_Split_38.fasta', -45.903, -45.578, -41.934, -52.346
'PRANK_b1#0038_hhT_tree_38_OP_0.29843463616112814_Split_38.fasta', -30.447, -27.386, -28.146, -35.433
'PRANK_b1#0038_hhT_tree_91_OP_0.31689700001611826_Split_38.fasta', -37.968, -37.056, -35.638, -43.806
'PRANK_b1#0038_htH_tree_22_OP_0.1313757710015392_Split_38.fasta', -44.449, -44.307, -40.341, -51.341
'PRANK_b1#0038_htH_tree_38_OP_0.29843463616112814_Split_38.fasta', -30.411, -27.277, -30.891, -34.501
'PRANK_b1#0038_htH_tree_91_OP_0.31689700001611826_Split_38.fasta', -37.419, -36.101, -35.738, -41.704
'PRANK_b1#0038_htT_tree_22_OP_0.1313757710015392_Split_38.fasta', -45.854, -45.566, -41.883, -52.256
'PRANK_b1#0038_htT_tree_38_OP_0.29843463616112814_Split_38.fasta', -30.447, -27.386, -28.146, -35.433
'PRANK_b1#0038_htT_tree_91_OP_0.31689700001611826_Split_38.fasta', -37.985, -37.279, -36.021, -44.158
'PRANK_b1#0040_hhH_tree_27_OP_0.14896923282821622_Split_40.fasta', -23.023, -18.939, -24.387, -25.865
'PRANK_b1#0040_hhH_tree_9_OP_0.3803136599863731_Split_40.fasta', -65.973, -67.844, -62.459, -73.649
'PRANK_b1#0040_hhT_tree_27_OP_0.14896923282821622_Split_40.fasta', -22.449, -18.33, -24.428, -24.631
'PRANK_b1#0040_hhT_tree_9_OP_0.3803136599863731_Split_40.fasta', -70.202, -72.606, -66.951, -77.017
'PRANK_b1#0040_htH_tree_27_OP_0.14896923282821622_Split_40.fasta', -23.022, -18.938, -24.383, -25.861
'PRANK_b1#0040_htH_tree_9_OP_0.3803136599863731_Split_40.fasta', -66.769, -68.795, -62.967, -74.417
'PRANK_b1#0040_htT_tree_27_OP_0.14896923282821622_Split_40.fasta', -22.093, -18.026, -23.355, -24.971
'PRANK_b1#0040_htT_tree_9_OP_0.3803136599863731_Split_40.fasta', -69.469, -71.701, -66.472, -76.251
'PRANK_b1#0041_hhH_tree_98_OP_0.2156405548443302_Split_41.fasta', -61.065, -61.943, -55.713, -64.813
'PRANK_b1#0041_hhT_tree_98_OP_0.2156405548443302_Split_41.fasta', -58.421, -59.659, -51.9, -62.555
'PRANK_b1#0041_htH_tree_98_OP_0.2156405548443302_Split_41.fasta', -61.066, -61.966, -55.901, -65.088
'PRANK_b1#0041_htT_tree_98_OP_0.2156405548443302_Split_41.fasta', -58.507, -59.733, -51.987, -62.629
'PRANK_b1#0042_hhH_tree_26_OP_0.19458729828343746_Split_42.fasta', -25.84, -22.588, -27.385, -31.373
'PRANK_b1#0042_hhH_tree_50_OP_0.41441335319694456_Split_42.fasta', -51.21, -50.958, -46.617, -55.521
'PRANK_b1#0042_hhT_tree_26_OP_0.19458729828343746_Split_42.fasta', -29.611, -27.217, -23.917, -37.708
'PRANK_b1#0042_hhT_tree_50_OP_0.41441335319694456_Split_42.fasta', -52.763, -53.362, -47.722, -57.607
'PRANK_b1#0042_htH_tree_26_OP_0.19458729828343746_Split_42.fasta', -29.043, -26.331, -30.378, -34.754
'PRANK_b1#0042_htH_tree_50_OP_0.41441335319694456_Split_42.fasta', -52.32, -52.504, -47.414, -56.951
'PRANK_b1#0042_htT_tree_26_OP_0.19458729828343746_Split_42.fasta', -29.54, -27.117, -23.875, -37.654
'PRANK_b1#0042_htT_tree_50_OP_0.41441335319694456_Split_42.fasta', -52.828, -53.427, -47.817, -57.678
'PRANK_b1#0044_hhH_tree_66_OP_0.002445136450722696_Split_44.fasta', -36.713, -36.653, -37.062, -42.2
'PRANK_b1#0044_hhT_tree_66_OP_0.002445136450722696_Split_44.fasta', -41.02, -40.914, -38.386, -48.393
'PRANK_b1#0044_htH_tree_66_OP_0.002445136450722696_Split_44.fasta', -28.993, -27.505, -25.318, -35.864
'PRANK_b1#0044_htT_tree_66_OP_0.002445136450722696_Split_44.fasta', -31.331, -29.612, -26.718, -37.877
'PRANK_b1#0047_hhH_tree_49_OP_0.3808211405032018_Split_47.fasta', -50.25, -49.608, -46.615, -55.767
'PRANK_b1#0047_hhH_tree_54_OP_0.19617966006842125_Split_47.fasta', -48.561, -49.75, -46.839, -55.405
'PRANK_b1#0047_hhH_tree_94_OP_0.02673109171310184_Split_47.fasta', -27.971, -25.885, -21.956, -32.497
'PRANK_b1#0047_hhT_tree_49_OP_0.3808211405032018_Split_47.fasta', -46.279, -45.433, -44.903, -49.863
'PRANK_b1#0047_hhT_tree_54_OP_0.19617966006842125_Split_47.fasta', -30.143, -28.894, -31.593, -34.185
'PRANK_b1#0047_hhT_tree_94_OP_0.02673109171310184_Split_47.fasta', -25.776, -22.875, -20.915, -30.617
'PRANK_b1#0047_htH_tree_49_OP_0.3808211405032018_Split_47.fasta', -45.584, -44.58, -44.553, -50.175
'PRANK_b1#0047_htH_tree_54_OP_0.19617966006842125_Split_47.fasta', -48.543, -49.752, -46.816, -55.381
'PRANK_b1#0047_htH_tree_94_OP_0.02673109171310184_Split_47.fasta', -29.454, -27.693, -22.499, -34.99
'PRANK_b1#0047_htT_tree_49_OP_0.3808211405032018_Split_47.fasta', -46.042, -45.21, -44.668, -49.65
'PRANK_b1#0047_htT_tree_54_OP_0.19617966006842125_Split_47.fasta', -29.629, -28.254, -30.972, -33.518
'PRANK_b1#0047_htT_tree_94_OP_0.02673109171310184_Split_47.fasta', -25.725, -22.824, -20.841, -30.545
'23410', -6.643, -2.046, -8.166, -11.435
