code_BLOSUM62_GO_-6_GE_-0.2,sp_HENIKOFF_with_gaps_BLOSUM62_GO_-6_GE_-0.2,sp_HENIKOFF_without_gaps_BLOSUM62_GO_-6_GE_-0.2,sp_CLUSTAL_WEIGHTS_mid_root_BLOSUM62_GO_-6_GE_-0.2,sp_CLUSTAL_WEIGHTS_diff_sum_BLOSUM62_GO_-6_GE_-0.2
'bali_phy_msa.1.fas', -38.491, -41.236, -34.133, -39.297
'bali_phy_msa.10.fas', 52.576, 63.215, 44.944, 55.601
'bali_phy_msa.100.fas', 53.038, 63.501, 44.112, 55.354
'bali_phy_msa.101.fas', 52.417, 63.038, 45.748, 55.702
'bali_phy_msa.102.fas', 49.357, 59.26, 43.716, 52.144
'bali_phy_msa.103.fas', 51.622, 62.001, 45.506, 54.548
'bali_phy_msa.104.fas', 53.089, 64.023, 46.337, 56.239
'bali_phy_msa.105.fas', 52.305, 62.616, 46.011, 55.4
'bali_phy_msa.106.fas', 51.915, 62.715, 48.113, 54.588
'bali_phy_msa.107.fas', 53.075, 63.467, 44.848, 56.034
'bali_phy_msa.108.fas', 51.807, 62.065, 45.246, 54.962
'bali_phy_msa.109.fas', 53.59, 64.321, 45.878, 56.653
'bali_phy_msa.11.fas', 52.219, 62.504, 44.616, 55.525
'bali_phy_msa.110.fas', 53.203, 63.742, 45.941, 56.724
'bali_phy_msa.111.fas', 50.679, 60.659, 44.937, 53.193
'bali_phy_msa.112.fas', 52.05, 62.228, 47.212, 54.651
'bali_phy_msa.113.fas', 51.598, 61.956, 45.309, 54.349
'bali_phy_msa.114.fas', 51.993, 62.467, 44.034, 54.977
'bali_phy_msa.115.fas', 52.894, 63.48, 44.113, 56.306
'bali_phy_msa.116.fas', 53.138, 63.654, 46.264, 55.621
'bali_phy_msa.117.fas', 49.845, 59.613, 43.573, 52.195
'bali_phy_msa.118.fas', 52.392, 62.764, 44.06, 55.349
'bali_phy_msa.119.fas', 52.634, 63.084, 45.834, 55.616
'bali_phy_msa.12.fas', 53.175, 63.827, 44.562, 55.829
'bali_phy_msa.120.fas', 51.95, 62.115, 45.747, 54.897
'bali_phy_msa.121.fas', 52.271, 62.504, 45.178, 54.788
'bali_phy_msa.122.fas', 53.347, 63.857, 44.44, 56.574
'bali_phy_msa.123.fas', 51.743, 61.965, 43.331, 55.335
'bali_phy_msa.124.fas', 51.4, 61.426, 44.462, 53.797
'bali_phy_msa.125.fas', 52.707, 62.956, 48.717, 55.188
'bali_phy_msa.126.fas', 50.873, 60.919, 45.171, 53.92
'bali_phy_msa.127.fas', 51.926, 62.079, 43.936, 55.322
'bali_phy_msa.128.fas', 53.245, 64.007, 44.917, 55.322
'bali_phy_msa.129.fas', 52.798, 63.231, 44.274, 55.727
'bali_phy_msa.13.fas', 52.982, 63.563, 45.532, 56.09
'bali_phy_msa.130.fas', 51.435, 61.722, 45.693, 54.45
'bali_phy_msa.131.fas', 52.014, 62.375, 44.701, 54.99
'bali_phy_msa.132.fas', 52.457, 62.709, 46.253, 55.453
'bali_phy_msa.133.fas', 52.317, 62.637, 45.17, 54.463
'bali_phy_msa.134.fas', 52.587, 63.211, 45.913, 55.596
'bali_phy_msa.135.fas', 52.778, 63.111, 46.152, 55.59
'bali_phy_msa.136.fas', 52.627, 63.208, 44.709, 56.101
'bali_phy_msa.137.fas', 52.707, 63.171, 45.169, 56.059
'bali_phy_msa.138.fas', 52.183, 62.593, 45.798, 55.198
'bali_phy_msa.139.fas', 51.521, 61.495, 44.813, 54.786
'bali_phy_msa.14.fas', 53.339, 64.135, 44.815, 56.875
'bali_phy_msa.140.fas', 52.113, 62.41, 44.259, 55.791
'bali_phy_msa.141.fas', 51.944, 62.071, 47.098, 54.481
'bali_phy_msa.142.fas', 54.124, 64.908, 45.766, 57.877
'bali_phy_msa.143.fas', 52.982, 63.753, 46.445, 55.985
'bali_phy_msa.144.fas', 51.54, 61.743, 44.593, 53.968
'bali_phy_msa.145.fas', 49.807, 59.34, 44.378, 52.7
'bali_phy_msa.146.fas', 53.105, 63.591, 44.786, 55.87
'bali_phy_msa.147.fas', 51.943, 62.241, 48.33, 55.215
'bali_phy_msa.148.fas', 51.146, 61.291, 45.141, 54.301
'bali_phy_msa.149.fas', 51.518, 61.861, 45.232, 54.87
'bali_phy_msa.15.fas', 51.544, 61.921, 44.68, 54.468
'bali_phy_msa.150.fas', 50.219, 60.28, 42.272, 53.099
'bali_phy_msa.151.fas', 48.404, 57.849, 43.386, 51.504
'bali_phy_msa.152.fas', 52.62, 63.0, 45.853, 55.509
'bali_phy_msa.153.fas', 52.09, 62.631, 43.429, 55.456
'bali_phy_msa.154.fas', 51.654, 61.703, 45.16, 54.226
'bali_phy_msa.155.fas', 52.26, 62.632, 46.364, 55.641
'bali_phy_msa.156.fas', 52.877, 63.326, 46.948, 56.384
'bali_phy_msa.157.fas', 51.386, 61.604, 44.884, 54.649
'bali_phy_msa.158.fas', 50.96, 61.373, 45.674, 53.623
'bali_phy_msa.159.fas', 52.216, 62.541, 45.813, 55.796
'bali_phy_msa.16.fas', 51.567, 61.719, 45.156, 54.276
'bali_phy_msa.160.fas', 53.42, 64.17, 46.879, 56.606
'bali_phy_msa.161.fas', 52.622, 63.226, 46.288, 56.156
'bali_phy_msa.162.fas', 53.115, 63.739, 47.241, 56.156
'bali_phy_msa.163.fas', 51.499, 61.685, 45.016, 54.305
'bali_phy_msa.164.fas', 51.563, 61.826, 45.312, 54.504
'bali_phy_msa.165.fas', 53.771, 64.453, 44.57, 56.852
'bali_phy_msa.166.fas', 51.579, 61.735, 45.422, 54.13
'bali_phy_msa.167.fas', 50.445, 60.301, 44.393, 53.68
'bali_phy_msa.168.fas', 51.117, 61.409, 44.992, 53.757
'bali_phy_msa.169.fas', 49.061, 58.877, 42.407, 51.987
'bali_phy_msa.17.fas', 52.068, 62.56, 44.466, 55.001
'bali_phy_msa.170.fas', 51.379, 61.568, 43.955, 53.145
'bali_phy_msa.171.fas', 52.844, 63.425, 46.178, 55.95
'bali_phy_msa.172.fas', 51.723, 62.131, 45.197, 54.165
'bali_phy_msa.173.fas', 51.97, 62.321, 45.798, 55.522
'bali_phy_msa.174.fas', 52.931, 63.668, 45.347, 55.193
'bali_phy_msa.175.fas', 51.48, 61.825, 42.301, 54.398
'bali_phy_msa.176.fas', 52.723, 63.167, 46.251, 55.445
'bali_phy_msa.177.fas', 50.544, 60.459, 43.207, 53.042
'bali_phy_msa.178.fas', 52.82, 63.327, 45.026, 56.088
'bali_phy_msa.179.fas', 52.949, 63.526, 46.688, 56.263
'bali_phy_msa.18.fas', 52.856, 63.296, 44.865, 56.127
'bali_phy_msa.180.fas', 50.881, 60.983, 43.48, 53.943
'bali_phy_msa.181.fas', 52.131, 62.41, 44.893, 55.068
'bali_phy_msa.182.fas', 52.231, 62.507, 45.641, 55.493
'bali_phy_msa.183.fas', 52.264, 62.881, 43.585, 55.161
'bali_phy_msa.184.fas', 53.438, 64.028, 46.001, 55.812
'bali_phy_msa.185.fas', 50.802, 60.929, 42.833, 53.296
'bali_phy_msa.186.fas', 52.455, 62.843, 45.075, 55.334
'bali_phy_msa.187.fas', 53.003, 63.264, 45.108, 55.794
'bali_phy_msa.188.fas', 52.12, 62.371, 45.984, 55.216
'bali_phy_msa.189.fas', 52.427, 62.777, 43.485, 55.168
'bali_phy_msa.19.fas', 50.963, 61.204, 45.028, 53.686
'bali_phy_msa.190.fas', 51.126, 61.301, 42.802, 54.591
'bali_phy_msa.191.fas', 50.56, 60.495, 42.912, 52.992
'bali_phy_msa.192.fas', 52.284, 62.959, 45.338, 55.342
'bali_phy_msa.193.fas', 52.54, 63.082, 43.006, 54.884
'bali_phy_msa.194.fas', 51.498, 61.587, 44.691, 54.408
'bali_phy_msa.195.fas', 52.664, 63.038, 45.211, 56.516
'bali_phy_msa.196.fas', 52.127, 62.537, 45.049, 55.042
'bali_phy_msa.197.fas', 52.623, 63.703, 46.425, 54.831
'bali_phy_msa.198.fas', 53.2, 63.574, 46.58, 56.179
'bali_phy_msa.199.fas', 50.276, 60.035, 44.946, 52.941
'bali_phy_msa.2.fas', 50.182, 60.132, 44.853, 53.845
'bali_phy_msa.20.fas', 51.424, 61.57, 45.047, 54.869
'bali_phy_msa.200.fas', 51.582, 61.996, 45.942, 54.734
'bali_phy_msa.201.fas', 52.165, 62.586, 45.881, 55.401
'bali_phy_msa.202.fas', 51.086, 61.324, 46.749, 53.262
'bali_phy_msa.203.fas', 52.576, 63.058, 46.315, 55.808
'bali_phy_msa.204.fas', 51.107, 61.317, 42.816, 54.093
'bali_phy_msa.205.fas', 51.263, 61.523, 44.554, 54.702
'bali_phy_msa.206.fas', 51.303, 61.242, 45.96, 53.941
'bali_phy_msa.207.fas', 48.562, 58.306, 41.925, 52.0
'bali_phy_msa.208.fas', 47.84, 57.351, 41.269, 50.576
'bali_phy_msa.209.fas', 52.179, 62.342, 46.24, 55.166
'bali_phy_msa.21.fas', 52.655, 63.004, 46.618, 55.965
'bali_phy_msa.210.fas', 52.83, 63.106, 46.652, 55.575
'bali_phy_msa.211.fas', 50.469, 60.331, 44.712, 53.199
'bali_phy_msa.212.fas', 52.179, 62.517, 43.329, 56.055
'bali_phy_msa.213.fas', 52.455, 62.676, 46.023, 54.795
'bali_phy_msa.214.fas', 52.47, 63.011, 45.903, 55.605
'bali_phy_msa.215.fas', 51.646, 61.829, 45.081, 54.358
'bali_phy_msa.216.fas', 51.159, 61.227, 44.958, 53.352
'bali_phy_msa.217.fas', 54.263, 65.089, 45.429, 56.882
'bali_phy_msa.218.fas', 52.112, 62.417, 44.382, 55.16
'bali_phy_msa.219.fas', 51.336, 61.635, 44.55, 54.441
'bali_phy_msa.22.fas', 52.976, 63.504, 45.304, 56.224
'bali_phy_msa.220.fas', 51.978, 62.242, 43.428, 55.208
'bali_phy_msa.221.fas', 52.562, 63.084, 46.305, 56.189
'bali_phy_msa.222.fas', 52.745, 63.182, 46.671, 56.065
'bali_phy_msa.223.fas', 50.937, 61.111, 44.922, 54.106
'bali_phy_msa.224.fas', 52.083, 62.177, 46.11, 54.805
'bali_phy_msa.225.fas', 50.52, 60.385, 44.097, 52.936
'bali_phy_msa.226.fas', 52.529, 62.917, 45.983, 55.341
'bali_phy_msa.227.fas', 48.973, 58.641, 43.835, 51.428
'bali_phy_msa.228.fas', 51.889, 62.113, 45.608, 55.089
'bali_phy_msa.229.fas', 51.942, 62.213, 45.627, 55.343
'bali_phy_msa.23.fas', 51.764, 62.028, 45.351, 55.343
'bali_phy_msa.230.fas', 52.837, 63.405, 46.531, 55.958
'bali_phy_msa.231.fas', 51.803, 62.233, 45.109, 54.848
'bali_phy_msa.232.fas', 51.689, 61.968, 43.126, 54.365
'bali_phy_msa.233.fas', 51.88, 62.125, 48.262, 52.115
'bali_phy_msa.234.fas', 52.726, 63.202, 45.235, 55.237
'bali_phy_msa.235.fas', 52.585, 63.031, 44.579, 55.058
'bali_phy_msa.236.fas', 52.094, 62.293, 44.242, 55.046
'bali_phy_msa.237.fas', 52.382, 62.764, 43.689, 55.143
'bali_phy_msa.238.fas', 52.597, 63.134, 43.709, 55.313
'bali_phy_msa.239.fas', 51.849, 62.012, 45.523, 55.02
'bali_phy_msa.24.fas', 52.912, 63.637, 46.188, 56.12
'bali_phy_msa.240.fas', 52.514, 62.863, 46.232, 55.651
'bali_phy_msa.241.fas', 52.062, 62.447, 49.097, 54.248
'bali_phy_msa.242.fas', 51.779, 62.056, 44.598, 54.609
'bali_phy_msa.243.fas', 52.81, 63.461, 45.56, 55.241
'bali_phy_msa.244.fas', 52.848, 63.308, 46.567, 55.572
'bali_phy_msa.245.fas', 52.783, 63.43, 44.299, 55.86
'bali_phy_msa.246.fas', 53.491, 64.022, 46.438, 56.44
'bali_phy_msa.247.fas', 51.576, 61.807, 44.675, 55.27
'bali_phy_msa.248.fas', 53.341, 63.995, 45.958, 56.793
'bali_phy_msa.249.fas', 52.555, 63.002, 45.213, 55.774
'bali_phy_msa.25.fas', 53.112, 63.742, 46.381, 56.199
'bali_phy_msa.250.fas', 50.845, 60.87, 44.471, 53.457
'bali_phy_msa.251.fas', 52.538, 63.039, 43.11, 54.714
'bali_phy_msa.252.fas', 52.209, 62.468, 46.002, 55.297
'bali_phy_msa.253.fas', 51.999, 62.523, 45.721, 54.539
'bali_phy_msa.254.fas', 48.649, 58.226, 40.92, 51.444
'bali_phy_msa.255.fas', 49.055, 58.985, 43.273, 52.186
'bali_phy_msa.256.fas', 51.15, 61.205, 45.448, 53.957
'bali_phy_msa.257.fas', 51.454, 61.728, 46.339, 53.767
'bali_phy_msa.258.fas', 51.555, 61.825, 45.676, 54.432
'bali_phy_msa.259.fas', 50.328, 60.508, 44.471, 53.222
'bali_phy_msa.26.fas', 52.549, 62.834, 46.184, 55.73
'bali_phy_msa.260.fas', 52.252, 62.689, 43.585, 55.39
'bali_phy_msa.261.fas', 52.609, 62.841, 46.007, 55.004
'bali_phy_msa.262.fas', 52.595, 63.057, 44.987, 55.12
'bali_phy_msa.263.fas', 52.679, 63.253, 44.771, 54.776
'bali_phy_msa.264.fas', 51.611, 61.945, 45.058, 54.419
'bali_phy_msa.265.fas', 52.515, 63.124, 44.93, 55.341
'bali_phy_msa.266.fas', 53.075, 63.624, 46.882, 56.287
'bali_phy_msa.267.fas', 53.166, 64.025, 46.457, 56.623
'bali_phy_msa.268.fas', 51.591, 61.918, 42.91, 54.465
'bali_phy_msa.269.fas', 52.741, 63.339, 44.85, 55.169
'bali_phy_msa.27.fas', 52.688, 63.164, 45.847, 55.793
'bali_phy_msa.270.fas', 50.291, 60.154, 42.787, 52.283
'bali_phy_msa.271.fas', 45.944, 54.949, 40.48, 49.158
'bali_phy_msa.272.fas', 51.967, 62.308, 45.749, 55.328
'bali_phy_msa.273.fas', 51.699, 62.079, 45.099, 54.467
'bali_phy_msa.274.fas', 51.547, 61.885, 45.991, 54.15
'bali_phy_msa.275.fas', 53.401, 64.008, 45.828, 56.249
'bali_phy_msa.276.fas', 53.166, 63.665, 46.195, 56.11
'bali_phy_msa.277.fas', 50.2, 60.024, 43.614, 53.261
'bali_phy_msa.278.fas', 52.348, 62.874, 45.845, 56.008
'bali_phy_msa.279.fas', 51.732, 61.926, 45.646, 55.055
'bali_phy_msa.28.fas', 52.636, 63.038, 46.375, 55.679
'bali_phy_msa.280.fas', 51.423, 61.582, 47.806, 53.91
'bali_phy_msa.281.fas', 53.132, 63.651, 46.291, 56.949
'bali_phy_msa.282.fas', 51.209, 61.393, 45.115, 54.34
'bali_phy_msa.283.fas', 50.721, 60.676, 43.839, 53.835
'bali_phy_msa.284.fas', 52.12, 62.462, 45.885, 55.288
'bali_phy_msa.285.fas', 51.794, 62.17, 44.94, 54.414
'bali_phy_msa.286.fas', 52.392, 62.77, 44.9, 55.411
'bali_phy_msa.287.fas', 53.694, 64.233, 46.86, 56.724
'bali_phy_msa.288.fas', 51.492, 61.703, 44.781, 54.571
'bali_phy_msa.289.fas', 50.374, 60.297, 44.835, 53.406
'bali_phy_msa.29.fas', 52.716, 63.243, 46.682, 55.579
'bali_phy_msa.290.fas', 52.453, 62.927, 46.473, 55.778
'bali_phy_msa.291.fas', 52.152, 62.715, 43.038, 54.61
'bali_phy_msa.292.fas', 51.34, 61.382, 45.126, 54.736
'bali_phy_msa.293.fas', 51.237, 61.466, 44.405, 54.085
'bali_phy_msa.294.fas', 51.495, 61.779, 45.26, 54.941
'bali_phy_msa.295.fas', 52.726, 63.23, 46.458, 55.892
'bali_phy_msa.296.fas', 51.915, 62.267, 44.709, 54.147
'bali_phy_msa.297.fas', 51.804, 62.144, 45.559, 54.923
'bali_phy_msa.298.fas', 51.388, 61.587, 45.928, 54.898
'bali_phy_msa.299.fas', 52.111, 62.385, 45.978, 55.139
'bali_phy_msa.3.fas', 51.269, 61.917, 44.983, 53.579
'bali_phy_msa.30.fas', 52.554, 62.909, 45.903, 54.909
'bali_phy_msa.300.fas', 51.857, 62.334, 45.708, 54.593
'bali_phy_msa.301.fas', 51.116, 61.28, 43.984, 53.743
'bali_phy_msa.302.fas', 51.675, 61.899, 45.696, 54.93
'bali_phy_msa.303.fas', 51.743, 62.096, 46.912, 53.521
'bali_phy_msa.304.fas', 50.972, 61.174, 44.698, 54.151
'bali_phy_msa.305.fas', 52.477, 62.848, 45.951, 55.124
'bali_phy_msa.306.fas', 52.172, 62.845, 45.442, 55.316
'bali_phy_msa.307.fas', 53.153, 63.806, 46.434, 57.04
'bali_phy_msa.308.fas', 51.09, 61.388, 44.576, 54.436
'bali_phy_msa.309.fas', 52.543, 62.915, 45.862, 55.382
'bali_phy_msa.31.fas', 52.52, 63.106, 44.312, 56.346
'bali_phy_msa.310.fas', 51.697, 62.069, 46.115, 54.413
'bali_phy_msa.311.fas', 53.091, 63.791, 46.365, 56.096
'bali_phy_msa.312.fas', 53.312, 63.787, 45.687, 57.052
'bali_phy_msa.313.fas', 50.931, 61.029, 43.724, 53.575
'bali_phy_msa.314.fas', 53.157, 63.683, 46.243, 56.403
'bali_phy_msa.315.fas', 52.015, 62.391, 46.306, 55.61
'bali_phy_msa.316.fas', 51.541, 61.921, 46.293, 54.618
'bali_phy_msa.317.fas', 51.748, 62.012, 42.745, 54.373
'bali_phy_msa.318.fas', 53.28, 64.003, 48.752, 56.136
'bali_phy_msa.319.fas', 53.459, 64.055, 46.609, 56.969
'bali_phy_msa.32.fas', 52.63, 63.001, 46.03, 55.51
'bali_phy_msa.320.fas', 52.149, 62.523, 46.344, 54.977
'bali_phy_msa.321.fas', 52.968, 63.544, 46.252, 56.063
'bali_phy_msa.322.fas', 52.415, 62.873, 45.546, 55.624
'bali_phy_msa.323.fas', 52.835, 63.327, 45.229, 54.837
'bali_phy_msa.324.fas', 52.379, 62.59, 46.481, 55.246
'bali_phy_msa.325.fas', 53.425, 63.972, 45.228, 56.677
'bali_phy_msa.326.fas', 53.34, 63.757, 46.413, 56.061
'bali_phy_msa.327.fas', 52.185, 62.8, 45.348, 54.802
'bali_phy_msa.328.fas', 51.835, 62.002, 46.159, 54.922
'bali_phy_msa.329.fas', 50.975, 61.024, 44.546, 54.454
'bali_phy_msa.33.fas', 51.83, 62.151, 44.078, 55.402
'bali_phy_msa.330.fas', 51.257, 61.353, 44.382, 53.48
'bali_phy_msa.331.fas', 51.589, 62.064, 45.298, 54.609
'bali_phy_msa.332.fas', 51.668, 61.824, 49.231, 54.538
'bali_phy_msa.333.fas', 52.888, 63.619, 44.071, 56.557
'bali_phy_msa.334.fas', 53.273, 63.834, 45.074, 56.321
'bali_phy_msa.335.fas', 50.725, 60.683, 43.549, 53.507
'bali_phy_msa.336.fas', 52.362, 63.024, 45.807, 55.339
'bali_phy_msa.337.fas', 52.141, 62.527, 46.125, 55.217
'bali_phy_msa.338.fas', 52.253, 62.688, 44.678, 54.717
'bali_phy_msa.339.fas', 53.096, 63.582, 45.506, 55.706
'bali_phy_msa.34.fas', 53.624, 64.872, 44.597, 55.389
'bali_phy_msa.340.fas', 53.24, 63.83, 45.069, 56.474
'bali_phy_msa.341.fas', 53.364, 64.151, 46.51, 56.088
'bali_phy_msa.342.fas', 52.296, 62.491, 47.889, 54.128
'bali_phy_msa.343.fas', 51.243, 61.594, 45.105, 53.418
'bali_phy_msa.344.fas', 52.558, 62.921, 45.15, 56.312
'bali_phy_msa.345.fas', 53.066, 63.57, 44.997, 55.942
'bali_phy_msa.346.fas', 53.038, 63.528, 46.966, 55.083
'bali_phy_msa.347.fas', 53.355, 64.027, 46.83, 56.362
'bali_phy_msa.348.fas', 51.209, 61.234, 45.752, 54.752
'bali_phy_msa.349.fas', 52.52, 62.763, 46.382, 55.839
'bali_phy_msa.35.fas', 52.001, 62.647, 42.639, 54.717
'bali_phy_msa.350.fas', 52.242, 62.63, 47.211, 54.114
'bali_phy_msa.351.fas', 51.69, 62.031, 46.594, 55.129
'bali_phy_msa.352.fas', 52.15, 62.54, 45.593, 55.644
'bali_phy_msa.353.fas', 51.914, 62.466, 45.288, 55.273
'bali_phy_msa.354.fas', 52.208, 62.593, 45.987, 55.61
'bali_phy_msa.355.fas', 51.914, 62.457, 45.512, 55.068
'bali_phy_msa.356.fas', 50.503, 60.56, 44.8, 54.12
'bali_phy_msa.357.fas', 52.374, 62.812, 44.174, 56.225
'bali_phy_msa.358.fas', 51.018, 61.06, 44.628, 54.089
'bali_phy_msa.359.fas', 52.079, 62.258, 45.037, 54.644
'bali_phy_msa.36.fas', 52.186, 62.588, 45.47, 55.39
'bali_phy_msa.360.fas', 53.752, 64.532, 45.016, 56.452
'bali_phy_msa.361.fas', 53.122, 63.54, 46.28, 56.38
'bali_phy_msa.362.fas', 52.644, 63.081, 47.617, 55.637
'bali_phy_msa.363.fas', 54.006, 64.656, 45.946, 56.817
'bali_phy_msa.364.fas', 52.627, 62.849, 46.336, 55.802
'bali_phy_msa.365.fas', 52.75, 63.174, 45.348, 55.433
'bali_phy_msa.366.fas', 52.627, 63.188, 47.047, 54.655
'bali_phy_msa.367.fas', 50.787, 60.855, 44.797, 53.906
'bali_phy_msa.368.fas', 51.821, 62.474, 45.604, 54.842
'bali_phy_msa.369.fas', 52.733, 63.485, 46.142, 56.042
'bali_phy_msa.37.fas', 51.707, 61.911, 45.768, 54.644
'bali_phy_msa.370.fas', 52.09, 62.402, 45.578, 55.035
'bali_phy_msa.371.fas', 52.05, 62.571, 44.176, 56.005
'bali_phy_msa.372.fas', 52.815, 63.509, 46.039, 55.625
'bali_phy_msa.373.fas', 51.636, 61.903, 44.81, 54.396
'bali_phy_msa.374.fas', 53.486, 64.068, 44.352, 56.519
'bali_phy_msa.375.fas', 53.076, 63.622, 48.791, 55.454
'bali_phy_msa.376.fas', 53.252, 63.808, 45.112, 56.233
'bali_phy_msa.377.fas', 50.684, 60.722, 45.123, 53.702
'bali_phy_msa.378.fas', 49.938, 60.064, 43.035, 52.698
'bali_phy_msa.379.fas', 53.258, 64.136, 47.114, 56.148
'bali_phy_msa.38.fas', 52.15, 62.649, 44.751, 54.691
'bali_phy_msa.380.fas', 53.267, 63.91, 44.989, 56.185
'bali_phy_msa.381.fas', 52.856, 63.458, 47.523, 55.008
'bali_phy_msa.382.fas', 52.359, 62.897, 46.113, 55.106
'bali_phy_msa.383.fas', 51.193, 61.296, 45.592, 53.744
'bali_phy_msa.384.fas', 51.745, 62.266, 43.151, 54.535
'bali_phy_msa.385.fas', 50.776, 60.982, 47.5, 53.455
'bali_phy_msa.386.fas', 53.034, 63.613, 43.629, 55.803
'bali_phy_msa.387.fas', 51.198, 61.271, 47.132, 51.847
'bali_phy_msa.388.fas', 51.413, 61.906, 45.604, 54.6
'bali_phy_msa.389.fas', 50.903, 60.994, 42.641, 54.155
'bali_phy_msa.39.fas', 50.965, 61.183, 43.905, 53.311
'bali_phy_msa.390.fas', 52.985, 63.653, 44.842, 55.901
'bali_phy_msa.391.fas', 52.536, 63.006, 44.114, 55.2
'bali_phy_msa.392.fas', 52.919, 63.488, 45.91, 56.482
'bali_phy_msa.393.fas', 52.143, 62.45, 45.604, 53.968
'bali_phy_msa.394.fas', 52.531, 63.02, 46.125, 55.503
'bali_phy_msa.395.fas', 53.257, 63.763, 46.049, 55.551
'bali_phy_msa.396.fas', 52.452, 62.952, 43.786, 55.845
'bali_phy_msa.397.fas', 47.071, 56.498, 40.036, 49.901
'bali_phy_msa.398.fas', 51.224, 61.586, 44.75, 53.73
'bali_phy_msa.399.fas', 51.764, 62.021, 43.774, 54.639
'bali_phy_msa.4.fas', 52.193, 62.579, 45.903, 55.701
'bali_phy_msa.40.fas', 51.513, 61.56, 42.95, 54.352
'bali_phy_msa.400.fas', 53.598, 64.324, 43.846, 56.208
'bali_phy_msa.41.fas', 52.095, 62.443, 46.349, 55.467
'bali_phy_msa.42.fas', 51.591, 61.901, 42.85, 55.127
'bali_phy_msa.43.fas', 52.266, 62.788, 45.98, 55.151
'bali_phy_msa.44.fas', 51.717, 61.991, 45.29, 54.267
'bali_phy_msa.45.fas', 53.756, 64.474, 45.123, 56.493
'bali_phy_msa.46.fas', 52.126, 62.556, 45.937, 54.79
'bali_phy_msa.47.fas', 52.302, 62.737, 46.133, 55.783
'bali_phy_msa.48.fas', 51.864, 62.058, 44.942, 53.948
'bali_phy_msa.49.fas', 52.936, 63.475, 46.274, 55.591
'bali_phy_msa.5.fas', 52.63, 63.165, 45.833, 55.18
'bali_phy_msa.50.fas', 51.907, 62.105, 44.837, 54.225
'bali_phy_msa.51.fas', 51.651, 62.108, 45.17, 54.631
'bali_phy_msa.52.fas', 52.531, 62.836, 44.354, 55.866
'bali_phy_msa.53.fas', 51.508, 61.769, 43.667, 53.993
'bali_phy_msa.54.fas', 51.974, 62.395, 43.14, 54.338
'bali_phy_msa.55.fas', 52.479, 62.925, 45.899, 54.617
'bali_phy_msa.56.fas', 53.352, 63.886, 45.523, 56.93
'bali_phy_msa.57.fas', 52.565, 62.99, 46.155, 55.213
'bali_phy_msa.58.fas', 53.149, 63.799, 47.105, 55.017
'bali_phy_msa.59.fas', 52.47, 62.627, 47.061, 54.368
'bali_phy_msa.6.fas', 52.475, 62.916, 46.114, 55.67
'bali_phy_msa.60.fas', 53.851, 64.508, 45.033, 56.685
'bali_phy_msa.61.fas', 52.681, 63.147, 47.276, 55.844
'bali_phy_msa.62.fas', 51.871, 62.241, 47.759, 54.523
'bali_phy_msa.63.fas', 52.723, 63.354, 48.291, 53.808
'bali_phy_msa.64.fas', 51.992, 62.048, 43.909, 54.701
'bali_phy_msa.65.fas', 52.259, 62.569, 43.096, 54.597
'bali_phy_msa.66.fas', 51.953, 62.158, 46.092, 54.602
'bali_phy_msa.67.fas', 52.368, 62.748, 46.274, 55.481
'bali_phy_msa.68.fas', 53.388, 64.143, 44.826, 56.448
'bali_phy_msa.69.fas', 52.365, 62.739, 45.062, 55.505
'bali_phy_msa.7.fas', 51.358, 61.386, 47.116, 52.583
'bali_phy_msa.70.fas', 52.046, 62.254, 46.604, 53.907
'bali_phy_msa.71.fas', 52.69, 63.084, 44.943, 55.247
'bali_phy_msa.72.fas', 53.714, 64.48, 46.445, 56.508
'bali_phy_msa.73.fas', 52.413, 62.792, 45.388, 55.106
'bali_phy_msa.74.fas', 53.019, 63.423, 44.756, 55.755
'bali_phy_msa.75.fas', 51.775, 62.221, 44.797, 54.783
'bali_phy_msa.76.fas', 51.334, 61.502, 44.734, 54.467
'bali_phy_msa.77.fas', 51.825, 62.161, 43.881, 54.777
'bali_phy_msa.78.fas', 52.78, 63.236, 46.48, 56.27
'bali_phy_msa.79.fas', 52.262, 62.741, 45.783, 55.614
'bali_phy_msa.8.fas', 50.292, 60.108, 44.586, 53.127
'bali_phy_msa.80.fas', 52.695, 63.191, 44.459, 56.155
'bali_phy_msa.81.fas', 53.244, 64.023, 46.23, 56.117
'bali_phy_msa.82.fas', 51.581, 62.126, 45.31, 55.24
'bali_phy_msa.83.fas', 51.566, 61.738, 44.502, 54.246
'bali_phy_msa.84.fas', 52.204, 62.704, 43.518, 54.468
'bali_phy_msa.85.fas', 51.642, 62.043, 44.262, 55.091
'bali_phy_msa.86.fas', 52.439, 62.805, 45.336, 55.1
'bali_phy_msa.87.fas', 52.12, 62.345, 44.201, 55.273
'bali_phy_msa.88.fas', 52.241, 62.545, 45.0, 55.153
'bali_phy_msa.89.fas', 51.429, 61.812, 42.488, 54.066
'bali_phy_msa.9.fas', 50.049, 59.886, 43.41, 52.343
'bali_phy_msa.90.fas', 51.306, 61.398, 45.183, 54.105
'bali_phy_msa.91.fas', 51.78, 61.876, 46.232, 54.876
'bali_phy_msa.92.fas', 50.627, 60.722, 43.763, 52.366
'bali_phy_msa.93.fas', 52.635, 63.137, 44.355, 55.674
'bali_phy_msa.94.fas', 53.401, 64.056, 45.209, 56.748
'bali_phy_msa.95.fas', 52.074, 62.416, 47.809, 52.951
'bali_phy_msa.96.fas', 51.346, 61.515, 43.629, 53.815
'bali_phy_msa.97.fas', 51.363, 61.319, 46.85, 54.239
'bali_phy_msa.98.fas', 52.492, 62.94, 47.41, 55.346
'bali_phy_msa.99.fas', 51.849, 62.129, 48.047, 53.956
'MAFFT_b0#0051_hhH_tree_47_OP_1.2558167082838578_Split_51.fasta', 44.9, 54.197, 35.796, 49.948
'MAFFT_b0#0051_htH_tree_0_OP_1.9201310643830272_Split_51.fasta', 46.435, 53.798, 42.33, 46.888
'MAFFT_b0#0051_htH_tree_57_OP_1.8145645468714477_Split_51.fasta', 46.331, 55.249, 40.973, 48.904
'MAFFT_b0#0051_htH_tree_93_OP_2.2336854992597184_Split_51.fasta', 49.826, 59.168, 38.013, 53.747
'MAFFT_b0#0051_htT_tree_0_OP_1.9201310643830272_Split_51.fasta', 46.435, 53.798, 42.33, 46.888
'MAFFT_b0#0051_htT_tree_57_OP_1.8145645468714477_Split_51.fasta', 46.331, 55.249, 40.973, 48.904
'MAFFT_b0#0051_thH_tree_57_OP_1.8145645468714477_Split_51.fasta', 47.637, 56.725, 42.867, 50.289
'MAFFT_b0#0051_thH_tree_93_OP_2.2336854992597184_Split_51.fasta', 50.349, 59.683, 38.626, 54.157
'MAFFT_b0#0051_thT_tree_0_OP_1.9201310643830272_Split_51.fasta', 46.707, 55.069, 42.826, 48.12
'MAFFT_b0#0051_thT_tree_47_OP_1.2558167082838578_Split_51.fasta', 44.9, 54.197, 35.796, 49.948
'MAFFT_b0#0051_ttH_tree_47_OP_1.2558167082838578_Split_51.fasta', 43.875, 52.87, 34.817, 48.05
'MAFFT_b0#0051_ttH_tree_93_OP_2.2336854992597184_Split_51.fasta', 49.826, 59.168, 38.013, 53.747
'MAFFT_b0#0051_ttT_tree_0_OP_1.9201310643830272_Split_51.fasta', 46.435, 53.798, 42.33, 46.888
'MAFFT_b0#0051_ttT_tree_47_OP_1.2558167082838578_Split_51.fasta', 43.875, 52.87, 34.817, 48.05
'MAFFT_b0#0051_ttT_tree_57_OP_1.8145645468714477_Split_51.fasta', 46.331, 55.249, 40.973, 48.904
'MAFFT_b0#0051_ttT_tree_93_OP_2.2336854992597184_Split_51.fasta', 49.826, 59.168, 38.013, 53.747
'MAFFT_b0#0053_hhH_tree_5_OP_1.3773636194735985_Split_53.fasta', 48.993, 58.718, 41.042, 51.956
'MAFFT_b0#0053_hhH_tree_60_OP_2.2485867324412547_Split_53.fasta', 47.134, 56.34, 41.026, 48.782
'MAFFT_b0#0053_hhT_tree_60_OP_2.2485867324412547_Split_53.fasta', 47.134, 56.34, 41.026, 48.782
'MAFFT_b0#0053_htH_tree_5_OP_1.3773636194735985_Split_53.fasta', 49.446, 59.095, 41.776, 52.001
'MAFFT_b0#0053_htT_tree_5_OP_1.3773636194735985_Split_53.fasta', 49.446, 59.095, 41.776, 52.001
'MAFFT_b0#0053_thH_tree_60_OP_2.2485867324412547_Split_53.fasta', 47.134, 56.34, 41.026, 48.782
'MAFFT_b0#0053_thT_tree_5_OP_1.3773636194735985_Split_53.fasta', 48.936, 58.663, 40.966, 51.88
'MAFFT_b0#0053_ttH_tree_60_OP_2.2485867324412547_Split_53.fasta', 47.572, 56.874, 41.417, 49.227
'MAFFT_b0#0054_hhH_tree_35_OP_2.3157753293540146_Split_54.fasta', 43.303, 52.345, 37.983, 48.158
'MAFFT_b0#0054_htH_tree_35_OP_2.3157753293540146_Split_54.fasta', 43.504, 52.599, 38.212, 47.96
'MAFFT_b0#0054_thH_tree_35_OP_2.3157753293540146_Split_54.fasta', 43.303, 52.345, 37.983, 48.158
'MAFFT_b0#0054_ttT_tree_35_OP_2.3157753293540146_Split_54.fasta', 43.504, 52.599, 38.212, 47.96
'MAFFT_b0#0057_htH_tree_1_OP_1.4037489078147287_Split_57.fasta', 42.909, 51.769, 35.226, 47.068
'MAFFT_b0#0057_htT_tree_1_OP_1.4037489078147287_Split_57.fasta', 42.909, 51.769, 35.226, 47.068
'MAFFT_b0#0057_thT_tree_1_OP_1.4037489078147287_Split_57.fasta', 42.983, 51.859, 35.651, 47.099
'MAFFT_b0#0057_ttT_tree_1_OP_1.4037489078147287_Split_57.fasta', 42.909, 51.769, 35.226, 47.068
'MAFFT_b0#0058_hhH_tree_13_OP_1.7913990869854772_Split_58.fasta', 39.467, 47.289, 33.705, 42.31
'MAFFT_b0#0058_htH_tree_11_OP_1.3146381684889776_Split_58.fasta', 48.439, 58.142, 40.689, 51.773
'MAFFT_b0#0058_htH_tree_13_OP_1.7913990869854772_Split_58.fasta', 40.081, 48.019, 34.939, 42.922
'MAFFT_b0#0058_htT_tree_11_OP_1.3146381684889776_Split_58.fasta', 48.439, 58.142, 40.689, 51.773
'MAFFT_b0#0058_thH_tree_13_OP_1.7913990869854772_Split_58.fasta', 39.467, 47.289, 33.705, 42.31
'MAFFT_b0#0058_ttH_tree_11_OP_1.3146381684889776_Split_58.fasta', 49.081, 58.817, 42.747, 51.112
'MAFFT_b0#0058_ttT_tree_11_OP_1.3146381684889776_Split_58.fasta', 49.081, 58.817, 42.747, 51.112
'MAFFT_b0#0058_ttT_tree_13_OP_1.7913990869854772_Split_58.fasta', 40.081, 48.019, 34.939, 42.922
'MAFFT_b0#0060_hhT_tree_32_OP_1.498379977124041_Split_60.fasta', 46.343, 54.554, 39.707, 46.914
'MAFFT_b0#0060_htH_tree_32_OP_1.498379977124041_Split_60.fasta', 46.211, 54.415, 39.56, 46.791
'MAFFT_b0#0060_htT_tree_32_OP_1.498379977124041_Split_60.fasta', 46.211, 54.415, 39.56, 46.791
'MAFFT_b0#0060_ttH_tree_32_OP_1.498379977124041_Split_60.fasta', 46.211, 54.415, 39.56, 46.791
'MAFFT_b0#0061_hhH_tree_87_OP_1.1834961203615137_Split_61.fasta', 46.309, 56.243, 38.62, 49.746
'MAFFT_b0#0061_hhH_tree_88_OP_2.9570433978664177_Split_61.fasta', 47.16, 55.782, 40.73, 49.184
'MAFFT_b0#0061_hhH_tree_97_OP_2.1094152983091004_Split_61.fasta', 47.843, 56.813, 38.481, 51.887
'MAFFT_b0#0061_hhT_tree_18_OP_1.3304542342131214_Split_61.fasta', 32.661, 39.366, 27.971, 33.796
'MAFFT_b0#0061_hhT_tree_30_OP_2.908145211858187_Split_61.fasta', 49.662, 58.857, 44.032, 52.484
'MAFFT_b0#0061_htH_tree_18_OP_1.3304542342131214_Split_61.fasta', 32.478, 39.146, 27.219, 33.604
'MAFFT_b0#0061_htH_tree_30_OP_2.908145211858187_Split_61.fasta', 48.978, 58.081, 43.956, 51.125
'MAFFT_b0#0061_htH_tree_72_OP_1.8278688995959085_Split_61.fasta', 45.966, 54.147, 38.216, 48.443
'MAFFT_b0#0061_htH_tree_88_OP_2.9570433978664177_Split_61.fasta', 47.696, 56.39, 41.299, 51.17
'MAFFT_b0#0061_htT_tree_87_OP_1.1834961203615137_Split_61.fasta', 45.983, 55.9, 41.005, 49.957
'MAFFT_b0#0061_htT_tree_97_OP_2.1094152983091004_Split_61.fasta', 47.118, 55.823, 37.731, 51.157
'MAFFT_b0#0061_thH_tree_18_OP_1.3304542342131214_Split_61.fasta', 32.661, 39.366, 27.971, 33.796
'MAFFT_b0#0061_thH_tree_72_OP_1.8278688995959085_Split_61.fasta', 45.961, 54.142, 38.212, 48.433
'MAFFT_b0#0061_thT_tree_30_OP_2.908145211858187_Split_61.fasta', 49.662, 58.857, 44.032, 52.484
'MAFFT_b0#0061_thT_tree_72_OP_1.8278688995959085_Split_61.fasta', 45.961, 54.142, 38.212, 48.433
'MAFFT_b0#0061_thT_tree_87_OP_1.1834961203615137_Split_61.fasta', 46.309, 56.243, 38.62, 49.746
'MAFFT_b0#0061_thT_tree_88_OP_2.9570433978664177_Split_61.fasta', 47.16, 55.782, 40.73, 49.184
'MAFFT_b0#0061_thT_tree_97_OP_2.1094152983091004_Split_61.fasta', 47.843, 56.813, 38.481, 51.887
'MAFFT_b0#0061_ttT_tree_18_OP_1.3304542342131214_Split_61.fasta', 32.478, 39.146, 27.219, 33.604
'MAFFT_b0#0061_ttT_tree_30_OP_2.908145211858187_Split_61.fasta', 48.978, 58.081, 43.956, 51.125
'MAFFT_b0#0061_ttT_tree_72_OP_1.8278688995959085_Split_61.fasta', 45.966, 54.147, 38.216, 48.443
'MAFFT_b0#0061_ttT_tree_87_OP_1.1834961203615137_Split_61.fasta', 45.983, 55.9, 41.005, 49.957
'MAFFT_b0#0061_ttT_tree_88_OP_2.9570433978664177_Split_61.fasta', 47.696, 56.39, 41.299, 51.17
'MAFFT_b0#0061_ttT_tree_97_OP_2.1094152983091004_Split_61.fasta', 47.118, 55.823, 37.731, 51.157
'MAFFT_b0#0063_hhH_tree_37_OP_2.065965428692473_Split_63.fasta', 49.575, 58.78, 44.104, 51.516
'MAFFT_b0#0063_hhT_tree_89_OP_2.6540913216611166_Split_63.fasta', 44.59, 53.03, 38.503, 49.778
'MAFFT_b0#0063_htH_tree_37_OP_2.065965428692473_Split_63.fasta', 48.407, 57.319, 42.844, 50.463
'MAFFT_b0#0063_htH_tree_89_OP_2.6540913216611166_Split_63.fasta', 43.841, 52.024, 38.7, 49.343
'MAFFT_b0#0063_thH_tree_37_OP_2.065965428692473_Split_63.fasta', 49.575, 58.78, 44.104, 51.516
'MAFFT_b0#0063_thT_tree_89_OP_2.6540913216611166_Split_63.fasta', 44.595, 53.034, 38.509, 49.783
'MAFFT_b0#0063_ttH_tree_37_OP_2.065965428692473_Split_63.fasta', 48.407, 57.319, 42.844, 50.463
'MAFFT_b0#0063_ttH_tree_89_OP_2.6540913216611166_Split_63.fasta', 43.843, 52.024, 38.709, 49.346
'MAFFT_b0#0065_htH_tree_26_OP_2.2970226808572787_Split_65.fasta', 47.841, 56.848, 41.642, 52.417
'MAFFT_b0#0065_htT_tree_55_OP_1.534121132575311_Split_65.fasta', 37.422, 44.983, 33.053, 41.959
'MAFFT_b0#0065_thH_tree_26_OP_2.2970226808572787_Split_65.fasta', 47.29, 56.167, 41.156, 51.943
'MAFFT_b0#0065_thH_tree_55_OP_1.534121132575311_Split_65.fasta', 36.913, 44.336, 33.111, 41.225
'MAFFT_b0#0065_thT_tree_55_OP_1.534121132575311_Split_65.fasta', 36.913, 44.336, 33.111, 41.225
'MAFFT_b0#0065_ttH_tree_26_OP_2.2970226808572787_Split_65.fasta', 47.802, 56.805, 41.639, 52.34
'MAFFT_b0#0065_ttT_tree_26_OP_2.2970226808572787_Split_65.fasta', 47.802, 56.805, 41.639, 52.34
'MAFFT_b0#0065_ttT_tree_55_OP_1.534121132575311_Split_65.fasta', 37.422, 44.983, 33.053, 41.959
'MAFFT_b0#0066_hhH_tree_77_OP_1.3827668594678542_Split_66.fasta', 41.745, 50.368, 33.401, 46.613
'MAFFT_b0#0066_hhT_tree_99_OP_1.9136688454364907_Split_66.fasta', 46.107, 54.847, 43.402, 48.977
'MAFFT_b0#0066_htT_tree_99_OP_1.9136688454364907_Split_66.fasta', 45.949, 54.703, 43.435, 48.931
'MAFFT_b0#0066_thH_tree_77_OP_1.3827668594678542_Split_66.fasta', 41.745, 50.368, 33.401, 46.613
'MAFFT_b0#0066_thH_tree_99_OP_1.9136688454364907_Split_66.fasta', 46.109, 54.848, 43.404, 48.979
'MAFFT_b0#0066_thT_tree_99_OP_1.9136688454364907_Split_66.fasta', 46.109, 54.848, 43.404, 48.979
'MAFFT_b0#0066_ttH_tree_77_OP_1.3827668594678542_Split_66.fasta', 42.383, 51.158, 33.211, 47.564
'MAFFT_b0#0066_ttT_tree_77_OP_1.3827668594678542_Split_66.fasta', 42.383, 51.158, 33.211, 47.564
'MAFFT_b0#0067_hhT_tree_4_OP_1.1542677766261527_Split_67.fasta', 39.598, 48.118, 32.342, 43.639
'MAFFT_b0#0067_htH_tree_4_OP_1.1542677766261527_Split_67.fasta', 42.814, 51.769, 36.881, 46.227
'MAFFT_b0#0067_htH_tree_76_OP_1.9781210467371317_Split_67.fasta', 48.678, 57.384, 38.144, 51.515
'MAFFT_b0#0067_thH_tree_76_OP_1.9781210467371317_Split_67.fasta', 47.995, 56.672, 37.439, 50.391
'MAFFT_b0#0067_thT_tree_4_OP_1.1542677766261527_Split_67.fasta', 39.598, 48.118, 32.342, 43.639
'MAFFT_b0#0067_ttH_tree_76_OP_1.9781210467371317_Split_67.fasta', 48.678, 57.384, 38.144, 51.515
'MAFFT_b0#0067_ttT_tree_4_OP_1.1542677766261527_Split_67.fasta', 42.814, 51.769, 36.881, 46.227
'MAFFT_b0#0067_ttT_tree_76_OP_1.9781210467371317_Split_67.fasta', 48.678, 57.384, 38.144, 51.515
'MAFFT_b0#0069_htH_tree_20_OP_2.4221981553992458_Split_69.fasta', 37.954, 44.528, 36.06, 42.485
'MAFFT_b0#0069_htH_tree_73_OP_2.973262473304242_Split_69.fasta', 45.706, 54.277, 35.874, 50.637
'MAFFT_b0#0069_htT_tree_20_OP_2.4221981553992458_Split_69.fasta', 37.954, 44.528, 36.06, 42.485
'MAFFT_b0#0069_htT_tree_73_OP_2.973262473304242_Split_69.fasta', 45.706, 54.277, 35.874, 50.637
'MAFFT_b0#0069_thH_tree_20_OP_2.4221981553992458_Split_69.fasta', 38.218, 44.806, 36.278, 42.71
'MAFFT_b0#0069_thH_tree_73_OP_2.973262473304242_Split_69.fasta', 45.167, 53.627, 35.475, 50.478
'MAFFT_b0#0069_thT_tree_20_OP_2.4221981553992458_Split_69.fasta', 38.218, 44.806, 36.278, 42.71
'MAFFT_b0#0069_ttH_tree_73_OP_2.973262473304242_Split_69.fasta', 45.706, 54.277, 35.874, 50.637
'MAFFT_b0#0070_hhH_tree_86_OP_1.7393056698625855_Split_70.fasta', 46.639, 55.482, 38.802, 50.068
'MAFFT_b0#0070_hhT_tree_17_OP_1.818409912056766_Split_70.fasta', 43.234, 51.503, 36.011, 46.465
'MAFFT_b0#0070_htH_tree_86_OP_1.7393056698625855_Split_70.fasta', 45.563, 54.165, 40.416, 48.482
'MAFFT_b0#0070_thH_tree_17_OP_1.818409912056766_Split_70.fasta', 43.701, 52.086, 36.467, 46.394
'MAFFT_b0#0070_thH_tree_86_OP_1.7393056698625855_Split_70.fasta', 46.639, 55.482, 38.802, 50.068
'MAFFT_b0#0070_ttH_tree_17_OP_1.818409912056766_Split_70.fasta', 43.702, 52.087, 36.47, 46.395
'MAFFT_b0#0070_ttT_tree_17_OP_1.818409912056766_Split_70.fasta', 43.702, 52.087, 36.47, 46.395
'MAFFT_b0#0070_ttT_tree_86_OP_1.7393056698625855_Split_70.fasta', 45.563, 54.165, 40.416, 48.482
'MAFFT_b0#0071_thH_tree_83_OP_1.1196527601502904_Split_71.fasta', 50.89, 61.293, 42.234, 55.617
'MAFFT_b0#0071_thT_tree_83_OP_1.1196527601502904_Split_71.fasta', 50.89, 61.293, 42.234, 55.617
'MAFFT_b0#0071_ttH_tree_83_OP_1.1196527601502904_Split_71.fasta', 49.83, 59.981, 43.083, 53.737
'MAFFT_b0#0071_ttT_tree_83_OP_1.1196527601502904_Split_71.fasta', 49.83, 59.981, 43.083, 53.737
'MAFFT_b0#0072_hhH_tree_16_OP_1.904493049197901_Split_72.fasta', 44.661, 53.648, 36.887, 49.331
'MAFFT_b0#0072_hhH_tree_2_OP_2.0780663887168265_Split_72.fasta', 42.465, 49.351, 40.639, 43.368
'MAFFT_b0#0072_htH_tree_2_OP_2.0780663887168265_Split_72.fasta', 41.943, 49.154, 40.632, 42.938
'MAFFT_b0#0072_htT_tree_16_OP_1.904493049197901_Split_72.fasta', 43.93, 52.88, 36.355, 48.637
'MAFFT_b0#0072_htT_tree_2_OP_2.0780663887168265_Split_72.fasta', 41.943, 49.154, 40.632, 42.938
'MAFFT_b0#0072_thH_tree_2_OP_2.0780663887168265_Split_72.fasta', 42.465, 49.351, 40.639, 43.368
'MAFFT_b0#0072_ttH_tree_16_OP_1.904493049197901_Split_72.fasta', 43.93, 52.88, 36.355, 48.637
'MAFFT_b0#0072_ttT_tree_16_OP_1.904493049197901_Split_72.fasta', 43.93, 52.88, 36.355, 48.637
'MAFFT_b0#0073_hhT_tree_96_OP_2.2598618576256135_Split_73.fasta', 50.676, 59.908, 41.209, 53.759
'MAFFT_b0#0073_htH_tree_96_OP_2.2598618576256135_Split_73.fasta', 50.595, 59.812, 41.558, 53.761
'MAFFT_b0#0073_htT_tree_38_OP_1.4036490691810368_Split_73.fasta', 38.266, 45.387, 32.989, 43.463
'MAFFT_b0#0073_htT_tree_96_OP_2.2598618576256135_Split_73.fasta', 50.595, 59.812, 41.558, 53.761
'MAFFT_b0#0073_thT_tree_38_OP_1.4036490691810368_Split_73.fasta', 38.321, 45.534, 33.178, 43.443
'MAFFT_b0#0073_thT_tree_96_OP_2.2598618576256135_Split_73.fasta', 50.676, 59.908, 41.209, 53.759
'MAFFT_b0#0073_ttH_tree_38_OP_1.4036490691810368_Split_73.fasta', 37.284, 44.254, 32.562, 42.029
'MAFFT_b0#0073_ttT_tree_38_OP_1.4036490691810368_Split_73.fasta', 37.284, 44.254, 32.562, 42.029
'MAFFT_b0#0074_hhH_tree_56_OP_1.8151633835449412_Split_74.fasta', 48.085, 57.815, 40.285, 51.703
'MAFFT_b0#0074_hhH_tree_79_OP_1.1319264156945865_Split_74.fasta', 40.544, 48.729, 36.071, 43.987
'MAFFT_b0#0074_htH_tree_56_OP_1.8151633835449412_Split_74.fasta', 48.09, 57.762, 40.191, 51.931
'MAFFT_b0#0074_htT_tree_79_OP_1.1319264156945865_Split_74.fasta', 40.739, 49.025, 36.825, 43.897
'MAFFT_b0#0074_thT_tree_56_OP_1.8151633835449412_Split_74.fasta', 48.085, 57.815, 40.285, 51.703
'MAFFT_b0#0074_ttH_tree_56_OP_1.8151633835449412_Split_74.fasta', 48.09, 57.762, 40.191, 51.931
'MAFFT_b0#0074_ttH_tree_79_OP_1.1319264156945865_Split_74.fasta', 40.739, 49.025, 36.825, 43.897
'MAFFT_b0#0074_ttT_tree_79_OP_1.1319264156945865_Split_74.fasta', 40.739, 49.025, 36.825, 43.897
'MAFFT_b0#0075_hhH_tree_81_OP_1.1314497018902243_Split_75.fasta', 42.198, 51.458, 32.882, 43.761
'MAFFT_b0#0075_hhT_tree_19_OP_1.5848887345678324_Split_75.fasta', 46.822, 55.948, 36.747, 49.964
'MAFFT_b0#0075_htH_tree_19_OP_1.5848887345678324_Split_75.fasta', 46.799, 55.929, 36.722, 49.933
'MAFFT_b0#0075_htH_tree_81_OP_1.1314497018902243_Split_75.fasta', 42.165, 51.426, 32.865, 43.746
'MAFFT_b0#0075_thH_tree_81_OP_1.1314497018902243_Split_75.fasta', 42.337, 51.629, 33.001, 43.893
'MAFFT_b0#0075_thT_tree_19_OP_1.5848887345678324_Split_75.fasta', 46.87, 55.993, 37.734, 49.456
'MAFFT_b0#0075_ttH_tree_19_OP_1.5848887345678324_Split_75.fasta', 46.846, 55.973, 37.706, 49.425
'MAFFT_b0#0075_ttH_tree_81_OP_1.1314497018902243_Split_75.fasta', 42.303, 51.596, 32.984, 43.879
'MAFFT_b0#0077_hhT_tree_15_OP_2.550159221795637_Split_77.fasta', 48.746, 57.955, 39.532, 52.798
'MAFFT_b0#0077_htT_tree_15_OP_2.550159221795637_Split_77.fasta', 47.084, 55.671, 38.007, 51.037
'MAFFT_b0#0077_thH_tree_15_OP_2.550159221795637_Split_77.fasta', 48.746, 57.955, 39.532, 52.798
'MAFFT_b0#0077_thT_tree_15_OP_2.550159221795637_Split_77.fasta', 48.746, 57.955, 39.532, 52.798
'MAFFT_b0#0079_hhH_tree_53_OP_2.8446810696084794_Split_79.fasta', 46.434, 54.873, 40.43, 49.472
'MAFFT_b0#0079_hhT_tree_53_OP_2.8446810696084794_Split_79.fasta', 46.434, 54.873, 40.43, 49.472
'MAFFT_b0#0079_htT_tree_53_OP_2.8446810696084794_Split_79.fasta', 46.403, 54.836, 40.415, 49.435
'MAFFT_b0#0079_ttH_tree_53_OP_2.8446810696084794_Split_79.fasta', 46.366, 54.797, 40.399, 49.346
'MAFFT_b0#0081_hhH_tree_28_OP_2.8015195195451144_Split_81.fasta', 41.533, 49.835, 36.156, 46.855
'MAFFT_b0#0081_hhT_tree_28_OP_2.8015195195451144_Split_81.fasta', 41.533, 49.835, 36.156, 46.855
'MAFFT_b0#0081_htH_tree_70_OP_2.86216121405654_Split_81.fasta', 48.419, 57.574, 43.101, 51.218
'MAFFT_b0#0081_htT_tree_70_OP_2.86216121405654_Split_81.fasta', 48.419, 57.574, 43.101, 51.218
'MAFFT_b0#0081_thH_tree_70_OP_2.86216121405654_Split_81.fasta', 48.855, 58.078, 43.326, 51.437
'MAFFT_b0#0081_thT_tree_28_OP_2.8015195195451144_Split_81.fasta', 41.533, 49.835, 36.156, 46.855
'MAFFT_b0#0081_ttH_tree_28_OP_2.8015195195451144_Split_81.fasta', 42.058, 50.473, 36.854, 47.244
'MAFFT_b0#0081_ttH_tree_70_OP_2.86216121405654_Split_81.fasta', 48.419, 57.574, 43.101, 51.218
'MAFFT_b0#0085_hhH_tree_6_OP_2.614406638642872_Split_85.fasta', 40.457, 47.614, 32.946, 45.594
'MAFFT_b0#0085_htH_tree_6_OP_2.614406638642872_Split_85.fasta', 40.426, 47.582, 32.959, 45.539
'MAFFT_b0#0085_htT_tree_43_OP_1.1593268235540946_Split_85.fasta', 48.114, 58.188, 41.418, 51.605
'MAFFT_b0#0085_htT_tree_6_OP_2.614406638642872_Split_85.fasta', 40.426, 47.582, 32.959, 45.539
'MAFFT_b0#0085_thT_tree_43_OP_1.1593268235540946_Split_85.fasta', 48.387, 58.418, 42.323, 49.768
'MAFFT_b0#0085_thT_tree_6_OP_2.614406638642872_Split_85.fasta', 40.457, 47.614, 32.946, 45.594
'MAFFT_b0#0085_ttH_tree_43_OP_1.1593268235540946_Split_85.fasta', 48.114, 58.188, 41.418, 51.605
'MAFFT_b0#0085_ttT_tree_43_OP_1.1593268235540946_Split_85.fasta', 48.114, 58.188, 41.418, 51.605
'MAFFT_b0#0086_hhH_tree_98_OP_1.0089131553899002_Split_86.fasta', 42.09, 51.412, 36.077, 44.673
'MAFFT_b0#0086_hhT_tree_98_OP_1.0089131553899002_Split_86.fasta', 42.09, 51.412, 36.077, 44.673
'MAFFT_b0#0086_htH_tree_98_OP_1.0089131553899002_Split_86.fasta', 42.247, 51.632, 36.898, 45.412
'MAFFT_b0#0086_thH_tree_98_OP_1.0089131553899002_Split_86.fasta', 42.09, 51.412, 36.077, 44.673
'MAFFT_b0#0088_hhH_tree_24_OP_2.5256879150632905_Split_88.fasta', 44.423, 53.078, 39.308, 46.775
'MAFFT_b0#0088_htH_tree_24_OP_2.5256879150632905_Split_88.fasta', 44.63, 53.392, 39.705, 47.034
'MAFFT_b0#0088_htT_tree_24_OP_2.5256879150632905_Split_88.fasta', 44.63, 53.392, 39.705, 47.034
'MAFFT_b0#0088_thH_tree_24_OP_2.5256879150632905_Split_88.fasta', 44.423, 53.078, 39.308, 46.775
'MAFFT_b0#0089_hhH_tree_3_OP_2.728084439580989_Split_89.fasta', 43.711, 51.468, 39.381, 47.408
'MAFFT_b0#0089_hhT_tree_3_OP_2.728084439580989_Split_89.fasta', 43.711, 51.468, 39.381, 47.408
'MAFFT_b0#0089_htH_tree_3_OP_2.728084439580989_Split_89.fasta', 43.377, 51.012, 40.168, 47.278
'MAFFT_b0#0089_htT_tree_3_OP_2.728084439580989_Split_89.fasta', 43.377, 51.012, 40.168, 47.278
'MAFFT_b0#0091_hhH_tree_58_OP_2.470758940826272_Split_91.fasta', 44.728, 52.272, 35.444, 50.147
'MAFFT_b0#0091_htH_tree_58_OP_2.470758940826272_Split_91.fasta', 44.728, 52.272, 35.444, 50.147
'MAFFT_b0#0091_thH_tree_58_OP_2.470758940826272_Split_91.fasta', 45.159, 52.798, 35.84, 50.635
'MAFFT_b0#0091_thT_tree_58_OP_2.470758940826272_Split_91.fasta', 45.159, 52.798, 35.84, 50.635
'MAFFT_b0#0092_hhH_tree_42_OP_1.3915835484150982_Split_92.fasta', 47.076, 55.308, 41.866, 50.702
'MAFFT_b0#0092_htH_tree_42_OP_1.3915835484150982_Split_92.fasta', 46.632, 54.855, 41.296, 50.629
'MAFFT_b0#0092_thH_tree_42_OP_1.3915835484150982_Split_92.fasta', 47.059, 55.28, 41.88, 50.721
'MAFFT_b0#0092_thT_tree_42_OP_1.3915835484150982_Split_92.fasta', 47.059, 55.28, 41.88, 50.721
'MAFFT_b0#0093_hhH_tree_50_OP_1.9153041649578615_Split_93.fasta', 39.928, 47.665, 34.305, 44.483
'MAFFT_b0#0093_htH_tree_49_OP_1.2895147288295243_Split_93.fasta', 46.869, 56.889, 40.78, 47.928
'MAFFT_b0#0093_htH_tree_50_OP_1.9153041649578615_Split_93.fasta', 42.909, 50.954, 35.814, 47.645
'MAFFT_b0#0093_htT_tree_50_OP_1.9153041649578615_Split_93.fasta', 42.909, 50.954, 35.814, 47.645
'MAFFT_b0#0093_thH_tree_49_OP_1.2895147288295243_Split_93.fasta', 45.724, 55.454, 40.669, 46.866
'MAFFT_b0#0093_thT_tree_49_OP_1.2895147288295243_Split_93.fasta', 45.724, 55.454, 40.669, 46.866
'MAFFT_b0#0093_ttT_tree_49_OP_1.2895147288295243_Split_93.fasta', 45.683, 55.425, 38.234, 47.732
'MAFFT_b0#0093_ttT_tree_50_OP_1.9153041649578615_Split_93.fasta', 41.971, 49.821, 34.903, 46.59
'MAFFT_b0#0094_hhH_tree_61_OP_2.233368308529553_Split_94.fasta', 49.284, 58.322, 39.484, 52.885
'MAFFT_b0#0094_hhT_tree_63_OP_2.7597843575557506_Split_94.fasta', 46.542, 54.852, 39.368, 48.789
'MAFFT_b0#0094_htT_tree_63_OP_2.7597843575557506_Split_94.fasta', 47.648, 55.955, 39.197, 51.445
'MAFFT_b0#0094_thH_tree_61_OP_2.233368308529553_Split_94.fasta', 49.201, 58.218, 39.414, 52.82
'MAFFT_b0#0094_thH_tree_63_OP_2.7597843575557506_Split_94.fasta', 47.017, 55.428, 39.728, 49.263
'MAFFT_b0#0094_thT_tree_61_OP_2.233368308529553_Split_94.fasta', 49.201, 58.218, 39.414, 52.82
'MAFFT_b0#0094_thT_tree_63_OP_2.7597843575557506_Split_94.fasta', 47.017, 55.428, 39.728, 49.263
'MAFFT_b0#0094_ttH_tree_61_OP_2.233368308529553_Split_94.fasta', 48.194, 56.96, 37.936, 51.651
'MAFFT_b0#0095_hhH_tree_36_OP_1.861931102167887_Split_95.fasta', 42.948, 50.512, 36.05, 46.24
'MAFFT_b0#0095_hhT_tree_25_OP_1.0509666088927379_Split_95.fasta', 40.646, 49.293, 34.024, 42.92
'MAFFT_b0#0095_hhT_tree_36_OP_1.861931102167887_Split_95.fasta', 42.948, 50.512, 36.05, 46.24
'MAFFT_b0#0095_htT_tree_25_OP_1.0509666088927379_Split_95.fasta', 40.646, 49.293, 34.024, 42.92
'MAFFT_b0#0095_htT_tree_36_OP_1.861931102167887_Split_95.fasta', 42.948, 50.512, 36.05, 46.24
'MAFFT_b0#0095_thT_tree_25_OP_1.0509666088927379_Split_95.fasta', 40.297, 48.957, 35.273, 41.657
'MAFFT_b0#0095_thT_tree_36_OP_1.861931102167887_Split_95.fasta', 42.914, 50.474, 36.052, 46.193
'MAFFT_b0#0095_ttH_tree_25_OP_1.0509666088927379_Split_95.fasta', 40.297, 48.957, 35.273, 41.657
'MAFFT_b1#0001_hhH_tree_41_OP_1.752396225471006_Split_1.fasta', 31.6, 38.977, 28.674, 34.405
'MAFFT_b1#0001_hhH_tree_68_OP_2.7543395888868245_Split_1.fasta', 35.228, 42.089, 30.223, 38.144
'MAFFT_b1#0001_hhT_tree_41_OP_1.752396225471006_Split_1.fasta', 31.6, 38.977, 28.674, 34.405
'MAFFT_b1#0001_hhT_tree_68_OP_2.7543395888868245_Split_1.fasta', 35.228, 42.089, 30.223, 38.144
'MAFFT_b1#0001_htH_tree_41_OP_1.752396225471006_Split_1.fasta', 32.149, 39.523, 29.52, 34.93
'MAFFT_b1#0001_htH_tree_68_OP_2.7543395888868245_Split_1.fasta', 36.053, 42.962, 31.776, 38.882
'MAFFT_b1#0001_htT_tree_41_OP_1.752396225471006_Split_1.fasta', 32.149, 39.523, 29.52, 34.93
'MAFFT_b1#0001_htT_tree_68_OP_2.7543395888868245_Split_1.fasta', 36.053, 42.962, 31.776, 38.882
'MAFFT_b1#0003_hhH_tree_7_OP_2.423506546963713_Split_3.fasta', 47.543, 55.787, 39.148, 50.458
'MAFFT_b1#0003_hhT_tree_7_OP_2.423506546963713_Split_3.fasta', 47.543, 55.787, 39.148, 50.458
'MAFFT_b1#0003_htH_tree_7_OP_2.423506546963713_Split_3.fasta', 48.415, 56.692, 38.371, 50.847
'MAFFT_b1#0003_htT_tree_7_OP_2.423506546963713_Split_3.fasta', 48.415, 56.692, 38.371, 50.847
'MAFFT_b1#0006_hhH_tree_12_OP_2.973153388725351_Split_6.fasta', 45.918, 54.23, 35.231, 50.292
'MAFFT_b1#0006_hhH_tree_82_OP_2.6007870123262946_Split_6.fasta', 50.238, 59.822, 46.057, 52.153
'MAFFT_b1#0006_hhT_tree_12_OP_2.973153388725351_Split_6.fasta', 45.918, 54.23, 35.231, 50.292
'MAFFT_b1#0006_hhT_tree_82_OP_2.6007870123262946_Split_6.fasta', 50.238, 59.822, 46.057, 52.153
'MAFFT_b1#0006_htH_tree_12_OP_2.973153388725351_Split_6.fasta', 46.339, 54.77, 35.515, 50.687
'MAFFT_b1#0006_htH_tree_82_OP_2.6007870123262946_Split_6.fasta', 49.163, 58.854, 43.263, 52.319
'MAFFT_b1#0006_htT_tree_12_OP_2.973153388725351_Split_6.fasta', 46.339, 54.77, 35.515, 50.687
'MAFFT_b1#0006_htT_tree_82_OP_2.6007870123262946_Split_6.fasta', 49.163, 58.854, 43.263, 52.319
'MAFFT_b1#0007_hhH_tree_40_OP_1.431276692692299_Split_7.fasta', 48.383, 58.218, 38.468, 52.334
'MAFFT_b1#0007_hhT_tree_40_OP_1.431276692692299_Split_7.fasta', 48.383, 58.218, 38.468, 52.334
'MAFFT_b1#0007_htH_tree_40_OP_1.431276692692299_Split_7.fasta', 48.546, 58.459, 38.76, 52.58
'MAFFT_b1#0007_htT_tree_40_OP_1.431276692692299_Split_7.fasta', 48.546, 58.459, 38.76, 52.58
'MAFFT_b1#0008_hhH_tree_29_OP_1.1774471868850718_Split_8.fasta', 42.525, 50.287, 34.998, 45.646
'MAFFT_b1#0008_hhT_tree_29_OP_1.1774471868850718_Split_8.fasta', 42.525, 50.287, 34.998, 45.646
'MAFFT_b1#0008_htH_tree_29_OP_1.1774471868850718_Split_8.fasta', 42.521, 50.282, 34.993, 45.641
'MAFFT_b1#0008_htT_tree_29_OP_1.1774471868850718_Split_8.fasta', 42.521, 50.282, 34.993, 45.641
'MAFFT_b1#0010_hhH_tree_48_OP_1.0349214069593133_Split_10.fasta', 44.085, 53.497, 37.462, 45.882
'MAFFT_b1#0010_hhH_tree_51_OP_1.018044877173671_Split_10.fasta', 45.665, 54.933, 39.581, 49.803
'MAFFT_b1#0010_hhT_tree_48_OP_1.0349214069593133_Split_10.fasta', 44.085, 53.497, 37.462, 45.882
'MAFFT_b1#0010_hhT_tree_51_OP_1.018044877173671_Split_10.fasta', 45.665, 54.933, 39.581, 49.803
'MAFFT_b1#0010_htH_tree_48_OP_1.0349214069593133_Split_10.fasta', 42.495, 51.547, 34.982, 45.533
'MAFFT_b1#0010_htH_tree_51_OP_1.018044877173671_Split_10.fasta', 44.316, 53.534, 38.319, 48.156
'MAFFT_b1#0010_htT_tree_48_OP_1.0349214069593133_Split_10.fasta', 42.495, 51.547, 34.982, 45.533
'MAFFT_b1#0010_htT_tree_51_OP_1.018044877173671_Split_10.fasta', 44.316, 53.534, 38.319, 48.156
'MAFFT_b1#0011_hhH_tree_84_OP_2.680201119072135_Split_11.fasta', 42.206, 50.311, 33.167, 48.243
'MAFFT_b1#0011_hhT_tree_84_OP_2.680201119072135_Split_11.fasta', 42.206, 50.311, 33.167, 48.243
'MAFFT_b1#0011_htH_tree_84_OP_2.680201119072135_Split_11.fasta', 42.281, 50.424, 34.86, 46.835
'MAFFT_b1#0011_htT_tree_84_OP_2.680201119072135_Split_11.fasta', 42.281, 50.424, 34.86, 46.835
'MAFFT_b1#0012_hhH_tree_62_OP_2.4330105528955412_Split_12.fasta', 42.498, 50.01, 34.804, 46.929
'MAFFT_b1#0012_hhT_tree_62_OP_2.4330105528955412_Split_12.fasta', 42.498, 50.01, 34.804, 46.929
'MAFFT_b1#0012_htH_tree_62_OP_2.4330105528955412_Split_12.fasta', 41.486, 48.772, 37.981, 45.358
'MAFFT_b1#0012_htT_tree_62_OP_2.4330105528955412_Split_12.fasta', 41.486, 48.772, 37.981, 45.358
'MAFFT_b1#0014_hhH_tree_44_OP_2.639288724484837_Split_14.fasta', 47.061, 55.747, 40.238, 50.777
'MAFFT_b1#0014_hhH_tree_67_OP_1.9260663748429023_Split_14.fasta', 47.772, 56.788, 37.392, 52.876
'MAFFT_b1#0014_hhT_tree_44_OP_2.639288724484837_Split_14.fasta', 47.061, 55.747, 40.238, 50.777
'MAFFT_b1#0014_hhT_tree_67_OP_1.9260663748429023_Split_14.fasta', 47.772, 56.788, 37.392, 52.876
'MAFFT_b1#0014_htH_tree_44_OP_2.639288724484837_Split_14.fasta', 47.54, 56.332, 40.579, 51.263
'MAFFT_b1#0014_htH_tree_67_OP_1.9260663748429023_Split_14.fasta', 46.611, 55.2, 40.723, 52.046
'MAFFT_b1#0014_htT_tree_44_OP_2.639288724484837_Split_14.fasta', 47.54, 56.332, 40.579, 51.263
'MAFFT_b1#0014_htT_tree_67_OP_1.9260663748429023_Split_14.fasta', 46.611, 55.2, 40.723, 52.046
'MAFFT_b1#0016_hhH_tree_33_OP_2.3139125348148384_Split_16.fasta', 42.306, 50.629, 38.305, 46.307
'MAFFT_b1#0016_hhT_tree_33_OP_2.3139125348148384_Split_16.fasta', 42.306, 50.629, 38.305, 46.307
'MAFFT_b1#0016_htH_tree_33_OP_2.3139125348148384_Split_16.fasta', 42.56, 50.97, 39.69, 47.315
'MAFFT_b1#0016_htT_tree_33_OP_2.3139125348148384_Split_16.fasta', 42.56, 50.97, 39.69, 47.315
'MAFFT_b1#0017_hhH_tree_45_OP_2.295265953595705_Split_17.fasta', 40.737, 48.013, 33.723, 45.674
'MAFFT_b1#0017_hhH_tree_90_OP_2.1610607075340664_Split_17.fasta', 47.113, 55.759, 40.871, 49.395
'MAFFT_b1#0017_hhT_tree_45_OP_2.295265953595705_Split_17.fasta', 40.737, 48.013, 33.723, 45.674
'MAFFT_b1#0017_hhT_tree_90_OP_2.1610607075340664_Split_17.fasta', 47.113, 55.759, 40.871, 49.395
'MAFFT_b1#0017_htH_tree_45_OP_2.295265953595705_Split_17.fasta', 39.902, 46.988, 33.991, 44.699
'MAFFT_b1#0017_htH_tree_90_OP_2.1610607075340664_Split_17.fasta', 46.789, 55.301, 40.859, 48.818
'MAFFT_b1#0017_htT_tree_45_OP_2.295265953595705_Split_17.fasta', 39.902, 46.988, 33.991, 44.699
'MAFFT_b1#0017_htT_tree_90_OP_2.1610607075340664_Split_17.fasta', 46.789, 55.301, 40.859, 48.818
'MAFFT_b1#0019_hhH_tree_54_OP_1.6636194832224898_Split_19.fasta', 45.028, 53.706, 36.956, 48.843
'MAFFT_b1#0019_hhH_tree_94_OP_2.5553791369687318_Split_19.fasta', 44.283, 52.088, 39.564, 45.876
'MAFFT_b1#0019_hhT_tree_54_OP_1.6636194832224898_Split_19.fasta', 45.028, 53.706, 36.956, 48.843
'MAFFT_b1#0019_hhT_tree_94_OP_2.5553791369687318_Split_19.fasta', 44.283, 52.088, 39.564, 45.876
'MAFFT_b1#0019_htH_tree_54_OP_1.6636194832224898_Split_19.fasta', 44.994, 53.691, 36.918, 48.761
'MAFFT_b1#0019_htH_tree_94_OP_2.5553791369687318_Split_19.fasta', 44.647, 52.531, 39.885, 46.22
'MAFFT_b1#0019_htT_tree_54_OP_1.6636194832224898_Split_19.fasta', 44.994, 53.691, 36.918, 48.761
'MAFFT_b1#0019_htT_tree_94_OP_2.5553791369687318_Split_19.fasta', 44.647, 52.531, 39.885, 46.22
'MAFFT_b1#0022_hhH_tree_39_OP_1.522040361295851_Split_22.fasta', 47.817, 57.362, 40.474, 52.935
'MAFFT_b1#0022_hhH_tree_64_OP_2.935413362566628_Split_22.fasta', 46.685, 55.165, 34.546, 50.993
'MAFFT_b1#0022_hhT_tree_39_OP_1.522040361295851_Split_22.fasta', 47.817, 57.362, 40.474, 52.935
'MAFFT_b1#0022_hhT_tree_64_OP_2.935413362566628_Split_22.fasta', 46.685, 55.165, 34.546, 50.993
'MAFFT_b1#0022_htH_tree_39_OP_1.522040361295851_Split_22.fasta', 47.315, 56.814, 42.419, 50.492
'MAFFT_b1#0022_htH_tree_64_OP_2.935413362566628_Split_22.fasta', 47.144, 55.733, 34.896, 51.522
'MAFFT_b1#0022_htT_tree_39_OP_1.522040361295851_Split_22.fasta', 47.315, 56.814, 42.419, 50.492
'MAFFT_b1#0022_htT_tree_64_OP_2.935413362566628_Split_22.fasta', 47.144, 55.733, 34.896, 51.522
'MAFFT_b1#0024_hhH_tree_34_OP_2.407510533391993_Split_24.fasta', 43.999, 52.485, 39.41, 46.362
'MAFFT_b1#0024_hhT_tree_34_OP_2.407510533391993_Split_24.fasta', 43.999, 52.485, 39.41, 46.362
'MAFFT_b1#0024_htH_tree_34_OP_2.407510533391993_Split_24.fasta', 42.794, 50.847, 38.209, 44.902
'MAFFT_b1#0024_htT_tree_34_OP_2.407510533391993_Split_24.fasta', 42.794, 50.847, 38.209, 44.902
'MAFFT_b1#0025_hhH_tree_59_OP_2.170731131311491_Split_25.fasta', 46.252, 55.181, 38.824, 51.138
'MAFFT_b1#0025_hhH_tree_85_OP_2.480824599307775_Split_25.fasta', 44.218, 52.944, 39.207, 48.249
'MAFFT_b1#0025_hhT_tree_59_OP_2.170731131311491_Split_25.fasta', 46.252, 55.181, 38.824, 51.138
'MAFFT_b1#0025_hhT_tree_85_OP_2.480824599307775_Split_25.fasta', 44.218, 52.944, 39.207, 48.249
'MAFFT_b1#0025_htH_tree_59_OP_2.170731131311491_Split_25.fasta', 45.147, 53.779, 37.65, 49.981
'MAFFT_b1#0025_htH_tree_85_OP_2.480824599307775_Split_25.fasta', 44.625, 53.456, 39.553, 48.568
'MAFFT_b1#0025_htT_tree_59_OP_2.170731131311491_Split_25.fasta', 45.147, 53.779, 37.65, 49.981
'MAFFT_b1#0025_htT_tree_85_OP_2.480824599307775_Split_25.fasta', 44.625, 53.456, 39.553, 48.568
'MAFFT_b1#0026_hhH_tree_21_OP_2.1310205653910055_Split_26.fasta', 38.724, 46.046, 35.678, 40.39
'MAFFT_b1#0026_hhH_tree_80_OP_2.5217903856188704_Split_26.fasta', 44.469, 52.988, 39.367, 49.308
'MAFFT_b1#0026_hhT_tree_21_OP_2.1310205653910055_Split_26.fasta', 38.724, 46.046, 35.678, 40.39
'MAFFT_b1#0026_hhT_tree_80_OP_2.5217903856188704_Split_26.fasta', 44.469, 52.988, 39.367, 49.308
'MAFFT_b1#0026_htH_tree_21_OP_2.1310205653910055_Split_26.fasta', 38.896, 46.267, 34.589, 40.986
'MAFFT_b1#0026_htH_tree_80_OP_2.5217903856188704_Split_26.fasta', 44.896, 53.51, 39.69, 49.726
'MAFFT_b1#0026_htT_tree_21_OP_2.1310205653910055_Split_26.fasta', 38.896, 46.267, 34.589, 40.986
'MAFFT_b1#0026_htT_tree_80_OP_2.5217903856188704_Split_26.fasta', 44.896, 53.51, 39.69, 49.726
'MAFFT_b1#0027_hhH_tree_10_OP_1.9679388553310329_Split_27.fasta', 45.79, 54.706, 38.419, 48.843
'MAFFT_b1#0027_hhT_tree_10_OP_1.9679388553310329_Split_27.fasta', 45.79, 54.706, 38.419, 48.843
'MAFFT_b1#0027_htH_tree_10_OP_1.9679388553310329_Split_27.fasta', 45.755, 54.673, 40.408, 46.358
'MAFFT_b1#0027_htT_tree_10_OP_1.9679388553310329_Split_27.fasta', 45.755, 54.673, 40.408, 46.358
'MAFFT_b1#0028_hhH_tree_66_OP_2.9673947251158412_Split_28.fasta', 43.825, 51.74, 38.289, 47.527
'MAFFT_b1#0028_hhT_tree_66_OP_2.9673947251158412_Split_28.fasta', 43.825, 51.74, 38.289, 47.527
'MAFFT_b1#0028_htH_tree_66_OP_2.9673947251158412_Split_28.fasta', 43.153, 50.889, 33.836, 47.595
'MAFFT_b1#0028_htT_tree_66_OP_2.9673947251158412_Split_28.fasta', 43.153, 50.889, 33.836, 47.595
'MAFFT_b1#0029_hhH_tree_27_OP_1.6859321025856457_Split_29.fasta', 44.368, 52.089, 39.897, 47.586
'MAFFT_b1#0029_hhT_tree_27_OP_1.6859321025856457_Split_29.fasta', 44.368, 52.089, 39.897, 47.586
'MAFFT_b1#0029_htH_tree_27_OP_1.6859321025856457_Split_29.fasta', 43.467, 51.057, 39.691, 46.327
'MAFFT_b1#0029_htT_tree_27_OP_1.6859321025856457_Split_29.fasta', 43.467, 51.057, 39.691, 46.327
'MAFFT_b1#0031_hhH_tree_23_OP_2.940403370408288_Split_31.fasta', 42.213, 50.593, 37.665, 48.317
'MAFFT_b1#0031_hhH_tree_78_OP_1.9842214843426838_Split_31.fasta', 36.35, 43.203, 29.167, 37.244
'MAFFT_b1#0031_hhT_tree_23_OP_2.940403370408288_Split_31.fasta', 42.213, 50.593, 37.665, 48.317
'MAFFT_b1#0031_hhT_tree_78_OP_1.9842214843426838_Split_31.fasta', 36.35, 43.203, 29.167, 37.244
'MAFFT_b1#0031_htH_tree_23_OP_2.940403370408288_Split_31.fasta', 43.061, 51.516, 38.268, 48.944
'MAFFT_b1#0031_htH_tree_78_OP_1.9842214843426838_Split_31.fasta', 36.586, 43.481, 28.933, 37.411
'MAFFT_b1#0031_htT_tree_23_OP_2.940403370408288_Split_31.fasta', 43.061, 51.516, 38.268, 48.944
'MAFFT_b1#0031_htT_tree_78_OP_1.9842214843426838_Split_31.fasta', 36.586, 43.481, 28.933, 37.411
'MAFFT_b1#0035_hhH_tree_71_OP_2.3680950705345123_Split_35.fasta', 46.879, 55.998, 38.974, 49.609
'MAFFT_b1#0035_hhH_tree_75_OP_2.4023709813773846_Split_35.fasta', 46.729, 55.212, 43.518, 50.148
'MAFFT_b1#0035_hhH_tree_9_OP_1.5653274151471246_Split_35.fasta', 42.691, 50.883, 34.091, 47.761
'MAFFT_b1#0035_hhT_tree_71_OP_2.3680950705345123_Split_35.fasta', 46.879, 55.998, 38.974, 49.609
'MAFFT_b1#0035_hhT_tree_75_OP_2.4023709813773846_Split_35.fasta', 46.729, 55.212, 43.518, 50.148
'MAFFT_b1#0035_hhT_tree_9_OP_1.5653274151471246_Split_35.fasta', 42.691, 50.883, 34.091, 47.761
'MAFFT_b1#0035_htH_tree_71_OP_2.3680950705345123_Split_35.fasta', 46.847, 55.965, 38.943, 49.575
'MAFFT_b1#0035_htH_tree_75_OP_2.4023709813773846_Split_35.fasta', 46.734, 55.216, 43.523, 50.153
'MAFFT_b1#0035_htH_tree_9_OP_1.5653274151471246_Split_35.fasta', 43.172, 51.072, 37.154, 46.619
'MAFFT_b1#0035_htT_tree_71_OP_2.3680950705345123_Split_35.fasta', 46.847, 55.965, 38.943, 49.575
'MAFFT_b1#0035_htT_tree_75_OP_2.4023709813773846_Split_35.fasta', 46.734, 55.216, 43.523, 50.153
'MAFFT_b1#0035_htT_tree_9_OP_1.5653274151471246_Split_35.fasta', 43.172, 51.072, 37.154, 46.619
'MAFFT_b1#0036_hhH_tree_69_OP_2.9824622002885617_Split_36.fasta', 44.219, 52.547, 34.92, 46.521
'MAFFT_b1#0036_hhH_tree_74_OP_2.943304477827338_Split_36.fasta', 43.028, 51.303, 35.207, 47.748
'MAFFT_b1#0036_hhH_tree_91_OP_2.3523277060939405_Split_36.fasta', 42.5, 49.982, 39.218, 46.073
'MAFFT_b1#0036_hhT_tree_69_OP_2.9824622002885617_Split_36.fasta', 44.219, 52.547, 34.92, 46.521
'MAFFT_b1#0036_hhT_tree_74_OP_2.943304477827338_Split_36.fasta', 43.028, 51.303, 35.207, 47.748
'MAFFT_b1#0036_hhT_tree_91_OP_2.3523277060939405_Split_36.fasta', 42.5, 49.982, 39.218, 46.073
'MAFFT_b1#0036_htH_tree_69_OP_2.9824622002885617_Split_36.fasta', 44.694, 53.166, 36.539, 46.62
'MAFFT_b1#0036_htH_tree_74_OP_2.943304477827338_Split_36.fasta', 43.404, 51.707, 37.69, 47.138
'MAFFT_b1#0036_htH_tree_91_OP_2.3523277060939405_Split_36.fasta', 42.984, 50.618, 39.597, 46.456
'MAFFT_b1#0036_htT_tree_69_OP_2.9824622002885617_Split_36.fasta', 44.694, 53.166, 36.539, 46.62
'MAFFT_b1#0036_htT_tree_74_OP_2.943304477827338_Split_36.fasta', 43.404, 51.707, 37.69, 47.138
'MAFFT_b1#0036_htT_tree_91_OP_2.3523277060939405_Split_36.fasta', 42.984, 50.618, 39.597, 46.456
'MAFFT_b1#0037_hhH_tree_46_OP_2.5904987735791676_Split_37.fasta', 45.542, 53.249, 39.197, 48.56
'MAFFT_b1#0037_hhH_tree_65_OP_1.3986977410996977_Split_37.fasta', 48.873, 58.875, 39.311, 54.386
'MAFFT_b1#0037_hhT_tree_46_OP_2.5904987735791676_Split_37.fasta', 45.542, 53.249, 39.197, 48.56
'MAFFT_b1#0037_hhT_tree_65_OP_1.3986977410996977_Split_37.fasta', 48.873, 58.875, 39.311, 54.386
'MAFFT_b1#0037_htH_tree_46_OP_2.5904987735791676_Split_37.fasta', 45.849, 53.467, 38.411, 49.699
'MAFFT_b1#0037_htH_tree_65_OP_1.3986977410996977_Split_37.fasta', 48.777, 58.777, 39.271, 54.265
'MAFFT_b1#0037_htT_tree_46_OP_2.5904987735791676_Split_37.fasta', 45.849, 53.467, 38.411, 49.699
'MAFFT_b1#0037_htT_tree_65_OP_1.3986977410996977_Split_37.fasta', 48.777, 58.777, 39.271, 54.265
'MAFFT_b1#0039_hhH_tree_22_OP_1.0333726057419617_Split_39.fasta', 51.183, 61.546, 39.798, 55.63
'MAFFT_b1#0039_hhT_tree_22_OP_1.0333726057419617_Split_39.fasta', 51.183, 61.546, 39.798, 55.63
'MAFFT_b1#0039_htH_tree_22_OP_1.0333726057419617_Split_39.fasta', 50.72, 60.925, 45.969, 53.962
'MAFFT_b1#0039_htT_tree_22_OP_1.0333726057419617_Split_39.fasta', 50.72, 60.925, 45.969, 53.962
'MAFFT_b1#0041_hhH_tree_31_OP_2.371648195541206_Split_41.fasta', 44.513, 52.945, 35.198, 49.582
'MAFFT_b1#0041_hhH_tree_8_OP_2.990366431633018_Split_41.fasta', 48.854, 57.569, 42.777, 53.309
'MAFFT_b1#0041_hhT_tree_31_OP_2.371648195541206_Split_41.fasta', 44.513, 52.945, 35.198, 49.582
'MAFFT_b1#0041_hhT_tree_8_OP_2.990366431633018_Split_41.fasta', 48.854, 57.569, 42.777, 53.309
'MAFFT_b1#0041_htH_tree_31_OP_2.371648195541206_Split_41.fasta', 45.143, 53.667, 35.812, 50.202
'MAFFT_b1#0041_htH_tree_8_OP_2.990366431633018_Split_41.fasta', 48.895, 57.601, 42.836, 53.36
'MAFFT_b1#0041_htT_tree_31_OP_2.371648195541206_Split_41.fasta', 45.143, 53.667, 35.812, 50.202
'MAFFT_b1#0041_htT_tree_8_OP_2.990366431633018_Split_41.fasta', 48.895, 57.601, 42.836, 53.36
'MAFFT_b1#0042_hhH_tree_92_OP_1.133352346367843_Split_42.fasta', 43.132, 51.72, 34.703, 46.748
'MAFFT_b1#0042_hhT_tree_92_OP_1.133352346367843_Split_42.fasta', 43.132, 51.72, 34.703, 46.748
'MAFFT_b1#0042_htH_tree_92_OP_1.133352346367843_Split_42.fasta', 42.732, 51.231, 37.174, 43.744
'MAFFT_b1#0042_htT_tree_92_OP_1.133352346367843_Split_42.fasta', 42.732, 51.231, 37.174, 43.744
'MAFFT_b1#0043_hhH_tree_95_OP_2.498402958697362_Split_43.fasta', 52.494, 62.229, 47.013, 54.826
'MAFFT_b1#0043_hhT_tree_95_OP_2.498402958697362_Split_43.fasta', 52.494, 62.229, 47.013, 54.826
'MAFFT_b1#0043_htH_tree_95_OP_2.498402958697362_Split_43.fasta', 50.959, 60.353, 45.353, 52.636
'MAFFT_b1#0043_htT_tree_95_OP_2.498402958697362_Split_43.fasta', 50.959, 60.353, 45.353, 52.636
'MAFFT_b1#0044_hhH_tree_14_OP_1.7440813830902329_Split_44.fasta', 37.067, 44.476, 32.069, 40.338
'MAFFT_b1#0044_hhH_tree_52_OP_2.165361006866358_Split_44.fasta', 45.513, 54.405, 40.103, 48.889
'MAFFT_b1#0044_hhT_tree_14_OP_1.7440813830902329_Split_44.fasta', 37.067, 44.476, 32.069, 40.338
'MAFFT_b1#0044_hhT_tree_52_OP_2.165361006866358_Split_44.fasta', 45.513, 54.405, 40.103, 48.889
'MAFFT_b1#0044_htH_tree_14_OP_1.7440813830902329_Split_44.fasta', 37.046, 44.46, 32.031, 40.302
'MAFFT_b1#0044_htH_tree_52_OP_2.165361006866358_Split_44.fasta', 45.842, 54.884, 40.304, 49.204
'MAFFT_b1#0044_htT_tree_14_OP_1.7440813830902329_Split_44.fasta', 37.046, 44.46, 32.031, 40.302
'MAFFT_b1#0044_htT_tree_52_OP_2.165361006866358_Split_44.fasta', 45.842, 54.884, 40.304, 49.204
'MSA.BALIPHY.aln.best.23410.fas', 52.575, 63.106, 45.926, 55.812
'MSA.MAFFT.aln.With_Names', 53.647, 63.809, 43.389, 58.403
'MSA.MUSCLE.aln.best.23410.fas', 47.839, 54.967, 43.997, 47.365
'MSA.PRANK.aln.With_Names', 35.36, 42.917, 28.958, 38.071
'MUSCLE_diversified_replicate.abc.1.afa', 46.572, 55.277, 39.344, 47.739
'MUSCLE_diversified_replicate.abc.101.afa', 42.356, 50.729, 37.134, 42.89
'MUSCLE_diversified_replicate.abc.105.afa', 44.654, 52.92, 39.153, 46.45
'MUSCLE_diversified_replicate.abc.109.afa', 49.325, 57.706, 44.557, 50.911
'MUSCLE_diversified_replicate.abc.113.afa', 49.869, 58.289, 45.612, 51.746
'MUSCLE_diversified_replicate.abc.117.afa', 44.399, 53.208, 38.082, 45.259
'MUSCLE_diversified_replicate.abc.121.afa', 44.317, 52.938, 39.693, 45.966
'MUSCLE_diversified_replicate.abc.125.afa', 45.929, 54.318, 41.209, 46.484
'MUSCLE_diversified_replicate.abc.129.afa', 44.836, 53.457, 39.531, 46.092
'MUSCLE_diversified_replicate.abc.13.afa', 47.839, 56.265, 42.45, 47.751
'MUSCLE_diversified_replicate.abc.133.afa', 50.971, 59.652, 44.734, 53.024
'MUSCLE_diversified_replicate.abc.137.afa', 43.418, 52.01, 37.716, 43.907
'MUSCLE_diversified_replicate.abc.141.afa', 42.55, 50.873, 38.396, 43.783
'MUSCLE_diversified_replicate.abc.145.afa', 45.764, 54.094, 41.801, 46.891
'MUSCLE_diversified_replicate.abc.149.afa', 49.215, 57.985, 43.296, 51.49
'MUSCLE_diversified_replicate.abc.153.afa', 45.559, 54.081, 39.566, 46.612
'MUSCLE_diversified_replicate.abc.157.afa', 41.607, 50.157, 36.089, 43.292
'MUSCLE_diversified_replicate.abc.161.afa', 48.635, 56.707, 44.359, 50.24
'MUSCLE_diversified_replicate.abc.165.afa', 43.446, 51.86, 38.755, 45.333
'MUSCLE_diversified_replicate.abc.169.afa', 46.788, 54.881, 41.611, 48.061
'MUSCLE_diversified_replicate.abc.17.afa', 47.04, 54.9, 43.603, 48.53
'MUSCLE_diversified_replicate.abc.173.afa', 46.702, 55.085, 41.06, 47.012
'MUSCLE_diversified_replicate.abc.177.afa', 43.856, 52.477, 38.295, 45.302
'MUSCLE_diversified_replicate.abc.181.afa', 46.087, 54.446, 40.993, 47.371
'MUSCLE_diversified_replicate.abc.185.afa', 43.176, 51.499, 38.296, 44.673
'MUSCLE_diversified_replicate.abc.189.afa', 43.426, 52.087, 37.868, 46.167
'MUSCLE_diversified_replicate.abc.193.afa', 43.371, 51.917, 37.578, 44.521
'MUSCLE_diversified_replicate.abc.197.afa', 46.172, 54.573, 40.942, 46.71
'MUSCLE_diversified_replicate.abc.201.afa', 46.312, 54.958, 39.743, 47.21
'MUSCLE_diversified_replicate.abc.205.afa', 46.949, 55.659, 40.642, 48.005
'MUSCLE_diversified_replicate.abc.209.afa', 45.564, 54.163, 40.084, 47.111
'MUSCLE_diversified_replicate.abc.21.afa', 43.236, 51.544, 39.182, 45.131
'MUSCLE_diversified_replicate.abc.213.afa', 45.549, 53.015, 41.895, 47.666
'MUSCLE_diversified_replicate.abc.217.afa', 46.738, 55.339, 40.86, 48.054
'MUSCLE_diversified_replicate.abc.221.afa', 47.775, 56.163, 41.466, 48.931
'MUSCLE_diversified_replicate.abc.225.afa', 42.843, 51.522, 37.846, 43.756
'MUSCLE_diversified_replicate.abc.229.afa', 43.045, 51.329, 37.906, 45.428
'MUSCLE_diversified_replicate.abc.233.afa', 44.99, 52.89, 40.991, 46.694
'MUSCLE_diversified_replicate.abc.237.afa', 41.693, 49.852, 37.265, 43.736
'MUSCLE_diversified_replicate.abc.241.afa', 46.223, 54.724, 40.143, 47.686
'MUSCLE_diversified_replicate.abc.245.afa', 43.313, 51.673, 37.976, 44.237
'MUSCLE_diversified_replicate.abc.249.afa', 45.234, 54.022, 39.485, 46.552
'MUSCLE_diversified_replicate.abc.25.afa', 38.236, 42.525, 34.683, 36.503
'MUSCLE_diversified_replicate.abc.253.afa', 47.74, 55.699, 43.668, 49.785
'MUSCLE_diversified_replicate.abc.257.afa', 47.228, 55.841, 40.537, 47.622
'MUSCLE_diversified_replicate.abc.261.afa', 41.486, 49.645, 36.126, 43.587
'MUSCLE_diversified_replicate.abc.265.afa', 43.391, 51.639, 38.027, 44.895
'MUSCLE_diversified_replicate.abc.269.afa', 46.856, 55.49, 41.33, 48.21
'MUSCLE_diversified_replicate.abc.273.afa', 42.33, 50.442, 38.257, 44.48
'MUSCLE_diversified_replicate.abc.277.afa', 43.068, 51.527, 38.038, 44.533
'MUSCLE_diversified_replicate.abc.281.afa', 43.906, 52.712, 38.703, 45.152
'MUSCLE_diversified_replicate.abc.285.afa', 47.19, 56.374, 39.465, 48.815
'MUSCLE_diversified_replicate.abc.289.afa', 46.365, 54.955, 42.495, 47.293
'MUSCLE_diversified_replicate.abc.29.afa', 42.264, 50.291, 37.931, 44.045
'MUSCLE_diversified_replicate.abc.293.afa', 46.486, 54.929, 41.036, 47.391
'MUSCLE_diversified_replicate.abc.297.afa', 45.895, 54.304, 41.583, 46.702
'MUSCLE_diversified_replicate.abc.301.afa', 40.136, 47.451, 35.583, 39.53
'MUSCLE_diversified_replicate.abc.305.afa', 46.043, 54.47, 40.658, 47.294
'MUSCLE_diversified_replicate.abc.309.afa', 45.12, 54.07, 39.685, 47.085
'MUSCLE_diversified_replicate.abc.313.afa', 41.477, 49.788, 36.875, 43.755
'MUSCLE_diversified_replicate.abc.317.afa', 41.105, 49.314, 35.728, 43.063
'MUSCLE_diversified_replicate.abc.321.afa', 47.421, 56.087, 42.294, 47.338
'MUSCLE_diversified_replicate.abc.325.afa', 44.631, 53.105, 39.565, 46.07
'MUSCLE_diversified_replicate.abc.329.afa', 42.807, 51.366, 37.865, 44.054
'MUSCLE_diversified_replicate.abc.33.afa', 43.661, 52.272, 38.442, 45.302
'MUSCLE_diversified_replicate.abc.333.afa', 50.711, 59.265, 46.417, 52.517
'MUSCLE_diversified_replicate.abc.337.afa', 48.79, 57.162, 43.808, 51.032
'MUSCLE_diversified_replicate.abc.341.afa', 41.925, 50.004, 37.139, 43.61
'MUSCLE_diversified_replicate.abc.345.afa', 49.38, 58.072, 43.253, 51.958
'MUSCLE_diversified_replicate.abc.349.afa', 47.335, 56.097, 41.823, 47.675
'MUSCLE_diversified_replicate.abc.353.afa', 44.269, 52.934, 39.265, 45.984
'MUSCLE_diversified_replicate.abc.357.afa', 45.822, 54.069, 39.954, 47.125
'MUSCLE_diversified_replicate.abc.361.afa', 43.019, 50.991, 38.664, 44.856
'MUSCLE_diversified_replicate.abc.365.afa', 46.309, 55.281, 39.087, 48.099
'MUSCLE_diversified_replicate.abc.369.afa', 45.613, 53.849, 40.251, 46.709
'MUSCLE_diversified_replicate.abc.37.afa', 46.436, 55.112, 39.647, 47.284
'MUSCLE_diversified_replicate.abc.373.afa', 47.061, 55.867, 41.293, 48.66
'MUSCLE_diversified_replicate.abc.377.afa', 44.602, 52.866, 39.761, 45.781
'MUSCLE_diversified_replicate.abc.381.afa', 43.394, 51.622, 38.358, 44.746
'MUSCLE_diversified_replicate.abc.385.afa', 48.327, 57.256, 42.004, 49.174
'MUSCLE_diversified_replicate.abc.389.afa', 42.329, 50.538, 37.775, 43.463
'MUSCLE_diversified_replicate.abc.393.afa', 46.478, 54.746, 41.026, 47.605
'MUSCLE_diversified_replicate.abc.397.afa', 46.972, 55.315, 40.888, 47.763
'MUSCLE_diversified_replicate.abc.41.afa', 42.676, 50.873, 38.544, 44.312
'MUSCLE_diversified_replicate.abc.45.afa', 48.084, 56.299, 44.417, 50.442
'MUSCLE_diversified_replicate.abc.49.afa', 46.981, 55.575, 41.932, 48.264
'MUSCLE_diversified_replicate.abc.5.afa', 46.725, 55.368, 40.46, 47.577
'MUSCLE_diversified_replicate.abc.53.afa', 42.216, 50.252, 38.078, 43.692
'MUSCLE_diversified_replicate.abc.57.afa', 45.731, 54.479, 41.434, 47.203
'MUSCLE_diversified_replicate.abc.61.afa', 50.016, 58.714, 44.861, 52.192
'MUSCLE_diversified_replicate.abc.65.afa', 46.131, 54.622, 41.709, 46.1
'MUSCLE_diversified_replicate.abc.69.afa', 39.961, 47.81, 36.272, 41.74
'MUSCLE_diversified_replicate.abc.73.afa', 43.999, 52.664, 39.274, 45.582
'MUSCLE_diversified_replicate.abc.77.afa', 45.287, 53.625, 39.458, 46.619
'MUSCLE_diversified_replicate.abc.81.afa', 47.729, 56.74, 42.521, 48.563
'MUSCLE_diversified_replicate.abc.85.afa', 46.51, 55.106, 40.283, 47.117
'MUSCLE_diversified_replicate.abc.89.afa', 46.876, 55.71, 41.374, 48.121
'MUSCLE_diversified_replicate.abc.9.afa', 44.689, 53.553, 38.587, 45.734
'MUSCLE_diversified_replicate.abc.93.afa', 44.149, 52.774, 38.923, 45.915
'MUSCLE_diversified_replicate.abc.97.afa', 49.726, 58.322, 44.254, 52.498
'MUSCLE_diversified_replicate.acb.10.afa', 44.874, 53.69, 38.859, 46.641
'MUSCLE_diversified_replicate.acb.102.afa', 41.249, 48.443, 37.829, 44.17
'MUSCLE_diversified_replicate.acb.106.afa', 47.177, 55.807, 42.336, 48.721
'MUSCLE_diversified_replicate.acb.110.afa', 46.025, 54.366, 41.563, 46.26
'MUSCLE_diversified_replicate.acb.114.afa', 45.563, 54.136, 39.447, 46.506
'MUSCLE_diversified_replicate.acb.118.afa', 39.702, 47.171, 35.214, 42.187
'MUSCLE_diversified_replicate.acb.122.afa', 42.747, 51.29, 36.256, 44.171
'MUSCLE_diversified_replicate.acb.126.afa', 43.891, 52.519, 38.788, 45.054
'MUSCLE_diversified_replicate.acb.130.afa', 46.286, 54.784, 40.032, 47.474
'MUSCLE_diversified_replicate.acb.134.afa', 41.206, 48.782, 38.916, 42.04
'MUSCLE_diversified_replicate.acb.138.afa', 47.731, 56.499, 42.704, 47.453
'MUSCLE_diversified_replicate.acb.14.afa', 46.748, 54.287, 43.71, 49.083
'MUSCLE_diversified_replicate.acb.142.afa', 48.158, 56.431, 42.259, 50.829
'MUSCLE_diversified_replicate.acb.146.afa', 46.336, 54.81, 41.919, 46.633
'MUSCLE_diversified_replicate.acb.150.afa', 49.866, 58.616, 43.75, 52.895
'MUSCLE_diversified_replicate.acb.154.afa', 43.715, 51.877, 38.942, 44.873
'MUSCLE_diversified_replicate.acb.158.afa', 44.915, 52.765, 39.654, 46.084
'MUSCLE_diversified_replicate.acb.162.afa', 50.19, 58.887, 45.789, 52.576
'MUSCLE_diversified_replicate.acb.166.afa', 47.009, 55.839, 41.021, 47.496
'MUSCLE_diversified_replicate.acb.170.afa', 46.618, 55.47, 39.922, 47.982
'MUSCLE_diversified_replicate.acb.174.afa', 48.511, 56.506, 43.058, 50.782
'MUSCLE_diversified_replicate.acb.178.afa', 46.824, 54.87, 41.659, 49.406
'MUSCLE_diversified_replicate.acb.18.afa', 46.668, 54.943, 41.456, 47.844
'MUSCLE_diversified_replicate.acb.182.afa', 41.993, 49.911, 37.727, 45.038
'MUSCLE_diversified_replicate.acb.186.afa', 45.312, 53.899, 42.944, 44.677
'MUSCLE_diversified_replicate.acb.190.afa', 47.934, 56.363, 41.91, 48.762
'MUSCLE_diversified_replicate.acb.194.afa', 49.514, 57.794, 45.783, 51.597
'MUSCLE_diversified_replicate.acb.198.afa', 48.713, 56.717, 45.394, 49.302
'MUSCLE_diversified_replicate.acb.2.afa', 48.127, 56.37, 43.87, 48.548
'MUSCLE_diversified_replicate.acb.202.afa', 45.46, 53.813, 38.575, 46.605
'MUSCLE_diversified_replicate.acb.206.afa', 43.093, 51.216, 38.697, 45.051
'MUSCLE_diversified_replicate.acb.210.afa', 42.499, 50.111, 40.463, 43.148
'MUSCLE_diversified_replicate.acb.214.afa', 49.24, 57.707, 43.223, 51.284
'MUSCLE_diversified_replicate.acb.218.afa', 49.264, 57.578, 44.939, 51.349
'MUSCLE_diversified_replicate.acb.22.afa', 45.397, 53.249, 40.993, 47.009
'MUSCLE_diversified_replicate.acb.222.afa', 45.105, 53.254, 40.209, 45.547
'MUSCLE_diversified_replicate.acb.226.afa', 48.515, 56.75, 42.476, 50.606
'MUSCLE_diversified_replicate.acb.230.afa', 42.535, 50.2, 39.443, 45.367
'MUSCLE_diversified_replicate.acb.234.afa', 46.114, 54.879, 39.637, 47.763
'MUSCLE_diversified_replicate.acb.238.afa', 43.454, 51.483, 39.717, 44.329
'MUSCLE_diversified_replicate.acb.242.afa', 44.95, 54.223, 38.589, 46.455
'MUSCLE_diversified_replicate.acb.246.afa', 44.293, 53.23, 38.231, 45.383
'MUSCLE_diversified_replicate.acb.250.afa', 43.452, 51.926, 38.02, 44.672
'MUSCLE_diversified_replicate.acb.254.afa', 46.491, 55.252, 39.68, 47.239
'MUSCLE_diversified_replicate.acb.258.afa', 43.46, 51.146, 39.947, 44.23
'MUSCLE_diversified_replicate.acb.26.afa', 47.352, 56.074, 40.69, 48.277
'MUSCLE_diversified_replicate.acb.262.afa', 49.047, 57.364, 43.691, 51.161
'MUSCLE_diversified_replicate.acb.266.afa', 45.947, 53.979, 40.966, 47.244
'MUSCLE_diversified_replicate.acb.270.afa', 39.325, 43.846, 36.099, 37.789
'MUSCLE_diversified_replicate.acb.274.afa', 46.242, 54.791, 40.674, 47.338
'MUSCLE_diversified_replicate.acb.278.afa', 41.231, 48.515, 39.306, 42.118
'MUSCLE_diversified_replicate.acb.282.afa', 42.23, 50.273, 38.033, 44.551
'MUSCLE_diversified_replicate.acb.286.afa', 50.113, 58.479, 46.248, 52.003
'MUSCLE_diversified_replicate.acb.290.afa', 50.392, 58.731, 45.323, 52.693
'MUSCLE_diversified_replicate.acb.294.afa', 43.513, 51.61, 38.73, 45.306
'MUSCLE_diversified_replicate.acb.298.afa', 45.391, 53.675, 41.323, 46.309
'MUSCLE_diversified_replicate.acb.30.afa', 40.676, 47.987, 37.428, 43.062
'MUSCLE_diversified_replicate.acb.302.afa', 41.228, 48.636, 37.168, 44.544
'MUSCLE_diversified_replicate.acb.306.afa', 47.13, 55.276, 42.236, 49.267
'MUSCLE_diversified_replicate.acb.310.afa', 42.053, 49.66, 40.371, 42.601
'MUSCLE_diversified_replicate.acb.314.afa', 45.674, 53.099, 41.689, 47.316
'MUSCLE_diversified_replicate.acb.318.afa', 50.364, 58.759, 45.007, 52.407
'MUSCLE_diversified_replicate.acb.322.afa', 46.039, 53.823, 42.09, 48.225
'MUSCLE_diversified_replicate.acb.326.afa', 37.675, 40.973, 35.234, 36.986
'MUSCLE_diversified_replicate.acb.330.afa', 47.808, 55.8, 43.985, 50.252
'MUSCLE_diversified_replicate.acb.334.afa', 46.771, 55.478, 40.486, 46.828
'MUSCLE_diversified_replicate.acb.338.afa', 43.813, 51.573, 38.823, 45.357
'MUSCLE_diversified_replicate.acb.34.afa', 49.328, 57.445, 45.243, 52.215
'MUSCLE_diversified_replicate.acb.342.afa', 48.949, 57.078, 45.783, 51.529
'MUSCLE_diversified_replicate.acb.346.afa', 46.162, 55.084, 41.052, 46.472
'MUSCLE_diversified_replicate.acb.350.afa', 40.67, 48.303, 35.602, 43.077
'MUSCLE_diversified_replicate.acb.354.afa', 42.605, 50.379, 39.481, 43.939
'MUSCLE_diversified_replicate.acb.358.afa', 45.024, 53.55, 38.88, 46.059
'MUSCLE_diversified_replicate.acb.362.afa', 48.596, 56.615, 43.025, 51.376
'MUSCLE_diversified_replicate.acb.366.afa', 46.513, 54.248, 42.423, 49.533
'MUSCLE_diversified_replicate.acb.370.afa', 45.315, 53.172, 41.208, 46.483
'MUSCLE_diversified_replicate.acb.374.afa', 43.63, 51.502, 38.101, 44.736
'MUSCLE_diversified_replicate.acb.378.afa', 48.822, 57.163, 42.776, 50.71
'MUSCLE_diversified_replicate.acb.38.afa', 46.416, 55.159, 39.914, 47.834
'MUSCLE_diversified_replicate.acb.382.afa', 43.859, 51.232, 40.347, 47.047
'MUSCLE_diversified_replicate.acb.386.afa', 49.762, 58.314, 44.053, 52.757
'MUSCLE_diversified_replicate.acb.390.afa', 42.24, 50.089, 37.996, 44.165
'MUSCLE_diversified_replicate.acb.394.afa', 40.374, 47.447, 37.034, 43.485
'MUSCLE_diversified_replicate.acb.398.afa', 42.729, 50.299, 40.055, 43.725
'MUSCLE_diversified_replicate.acb.42.afa', 43.458, 51.403, 39.163, 45.999
'MUSCLE_diversified_replicate.acb.46.afa', 43.073, 51.223, 38.478, 45.101
'MUSCLE_diversified_replicate.acb.50.afa', 40.802, 47.981, 39.292, 41.836
'MUSCLE_diversified_replicate.acb.54.afa', 45.51, 52.871, 42.603, 47.788
'MUSCLE_diversified_replicate.acb.58.afa', 46.122, 53.804, 42.695, 48.082
'MUSCLE_diversified_replicate.acb.6.afa', 47.021, 55.732, 41.461, 47.868
'MUSCLE_diversified_replicate.acb.62.afa', 45.977, 54.288, 40.836, 47.084
'MUSCLE_diversified_replicate.acb.66.afa', 45.677, 53.725, 40.383, 46.368
'MUSCLE_diversified_replicate.acb.70.afa', 43.707, 51.755, 37.417, 43.767
'MUSCLE_diversified_replicate.acb.74.afa', 42.394, 50.019, 40.475, 42.914
'MUSCLE_diversified_replicate.acb.78.afa', 41.177, 48.947, 37.648, 43.386
'MUSCLE_diversified_replicate.acb.82.afa', 43.614, 51.647, 37.623, 45.247
'MUSCLE_diversified_replicate.acb.86.afa', 45.715, 54.019, 40.83, 47.112
'MUSCLE_diversified_replicate.acb.90.afa', 46.508, 55.069, 39.865, 47.922
'MUSCLE_diversified_replicate.acb.94.afa', 49.896, 58.351, 45.328, 52.639
'MUSCLE_diversified_replicate.acb.98.afa', 41.884, 49.313, 37.294, 44.488
'MUSCLE_diversified_replicate.bca.103.afa', 43.673, 52.257, 39.016, 44.63
'MUSCLE_diversified_replicate.bca.107.afa', 47.498, 56.426, 41.822, 47.386
'MUSCLE_diversified_replicate.bca.11.afa', 46.578, 54.878, 42.192, 47.958
'MUSCLE_diversified_replicate.bca.111.afa', 42.737, 50.842, 38.451, 43.934
'MUSCLE_diversified_replicate.bca.115.afa', 37.716, 44.545, 32.901, 37.045
'MUSCLE_diversified_replicate.bca.119.afa', 44.484, 53.244, 38.735, 45.116
'MUSCLE_diversified_replicate.bca.123.afa', 47.914, 56.805, 40.449, 49.068
'MUSCLE_diversified_replicate.bca.127.afa', 47.206, 56.301, 40.931, 49.194
'MUSCLE_diversified_replicate.bca.131.afa', 44.768, 53.261, 39.275, 45.137
'MUSCLE_diversified_replicate.bca.135.afa', 43.76, 52.192, 38.7, 44.878
'MUSCLE_diversified_replicate.bca.139.afa', 46.576, 55.208, 40.836, 47.861
'MUSCLE_diversified_replicate.bca.143.afa', 43.391, 51.921, 38.395, 44.8
'MUSCLE_diversified_replicate.bca.147.afa', 44.003, 51.353, 40.541, 45.377
'MUSCLE_diversified_replicate.bca.15.afa', 39.739, 43.504, 37.703, 38.834
'MUSCLE_diversified_replicate.bca.151.afa', 42.945, 51.153, 38.108, 44.146
'MUSCLE_diversified_replicate.bca.155.afa', 48.345, 56.618, 44.231, 49.864
'MUSCLE_diversified_replicate.bca.159.afa', 44.883, 53.197, 39.844, 46.948
'MUSCLE_diversified_replicate.bca.163.afa', 43.774, 52.455, 37.226, 44.933
'MUSCLE_diversified_replicate.bca.167.afa', 40.4, 48.701, 34.802, 41.876
'MUSCLE_diversified_replicate.bca.171.afa', 49.584, 57.973, 46.076, 50.536
'MUSCLE_diversified_replicate.bca.175.afa', 44.923, 52.288, 42.573, 45.555
'MUSCLE_diversified_replicate.bca.179.afa', 45.596, 52.959, 42.463, 47.758
'MUSCLE_diversified_replicate.bca.183.afa', 47.08, 55.84, 40.548, 47.763
'MUSCLE_diversified_replicate.bca.187.afa', 46.966, 55.367, 43.998, 47.072
'MUSCLE_diversified_replicate.bca.19.afa', 46.16, 55.098, 39.392, 47.506
'MUSCLE_diversified_replicate.bca.191.afa', 46.363, 54.879, 39.977, 48.183
'MUSCLE_diversified_replicate.bca.195.afa', 43.878, 52.697, 37.411, 45.954
'MUSCLE_diversified_replicate.bca.199.afa', 45.457, 52.898, 41.876, 47.475
'MUSCLE_diversified_replicate.bca.203.afa', 49.701, 58.095, 44.523, 51.927
'MUSCLE_diversified_replicate.bca.207.afa', 46.474, 55.069, 40.65, 47.865
'MUSCLE_diversified_replicate.bca.211.afa', 44.389, 52.906, 39.599, 46.311
'MUSCLE_diversified_replicate.bca.215.afa', 45.817, 54.459, 39.073, 47.153
'MUSCLE_diversified_replicate.bca.219.afa', 49.109, 57.552, 43.299, 51.231
'MUSCLE_diversified_replicate.bca.223.afa', 45.862, 54.574, 39.415, 46.856
'MUSCLE_diversified_replicate.bca.227.afa', 47.587, 56.351, 41.423, 48.755
'MUSCLE_diversified_replicate.bca.23.afa', 45.275, 53.25, 39.821, 46.245
'MUSCLE_diversified_replicate.bca.231.afa', 39.685, 47.209, 37.384, 42.338
'MUSCLE_diversified_replicate.bca.235.afa', 44.288, 52.319, 39.506, 46.717
'MUSCLE_diversified_replicate.bca.239.afa', 47.42, 56.218, 41.781, 47.779
'MUSCLE_diversified_replicate.bca.243.afa', 49.288, 57.42, 44.353, 51.588
'MUSCLE_diversified_replicate.bca.247.afa', 44.843, 53.703, 39.686, 45.926
'MUSCLE_diversified_replicate.bca.251.afa', 43.633, 52.237, 37.371, 45.233
'MUSCLE_diversified_replicate.bca.255.afa', 47.07, 55.774, 42.514, 46.918
'MUSCLE_diversified_replicate.bca.259.afa', 46.711, 55.501, 42.396, 47.859
'MUSCLE_diversified_replicate.bca.263.afa', 45.02, 53.714, 41.513, 45.342
'MUSCLE_diversified_replicate.bca.267.afa', 44.479, 52.723, 40.126, 45.661
'MUSCLE_diversified_replicate.bca.27.afa', 43.816, 52.36, 39.103, 45.446
'MUSCLE_diversified_replicate.bca.271.afa', 50.067, 58.191, 45.132, 52.437
'MUSCLE_diversified_replicate.bca.275.afa', 39.506, 43.131, 36.499, 38.052
'MUSCLE_diversified_replicate.bca.279.afa', 45.25, 53.63, 40.828, 45.584
'MUSCLE_diversified_replicate.bca.283.afa', 43.793, 52.495, 39.213, 45.265
'MUSCLE_diversified_replicate.bca.287.afa', 45.829, 54.195, 41.495, 46.265
'MUSCLE_diversified_replicate.bca.291.afa', 47.057, 55.892, 40.714, 48.163
'MUSCLE_diversified_replicate.bca.295.afa', 46.192, 54.661, 40.486, 47.344
'MUSCLE_diversified_replicate.bca.299.afa', 41.811, 49.825, 37.531, 43.271
'MUSCLE_diversified_replicate.bca.3.afa', 46.18, 54.134, 40.486, 47.546
'MUSCLE_diversified_replicate.bca.303.afa', 42.901, 51.408, 37.059, 43.914
'MUSCLE_diversified_replicate.bca.307.afa', 45.211, 53.452, 39.163, 46.978
'MUSCLE_diversified_replicate.bca.31.afa', 48.581, 56.748, 44.059, 51.038
'MUSCLE_diversified_replicate.bca.311.afa', 46.217, 54.669, 42.689, 45.523
'MUSCLE_diversified_replicate.bca.315.afa', 45.388, 53.801, 40.214, 47.121
'MUSCLE_diversified_replicate.bca.319.afa', 46.431, 55.184, 40.578, 46.442
'MUSCLE_diversified_replicate.bca.323.afa', 43.407, 51.933, 37.385, 45.522
'MUSCLE_diversified_replicate.bca.327.afa', 47.217, 55.241, 42.275, 50.48
'MUSCLE_diversified_replicate.bca.331.afa', 43.765, 52.266, 38.39, 44.588
'MUSCLE_diversified_replicate.bca.335.afa', 48.878, 57.007, 45.51, 49.981
'MUSCLE_diversified_replicate.bca.339.afa', 42.637, 50.738, 37.656, 43.326
'MUSCLE_diversified_replicate.bca.343.afa', 45.002, 53.223, 39.197, 46.757
'MUSCLE_diversified_replicate.bca.347.afa', 46.404, 54.458, 42.273, 48.128
'MUSCLE_diversified_replicate.bca.35.afa', 49.2, 57.687, 43.607, 51.415
'MUSCLE_diversified_replicate.bca.351.afa', 41.424, 49.435, 36.907, 42.082
'MUSCLE_diversified_replicate.bca.355.afa', 43.992, 51.464, 40.551, 45.036
'MUSCLE_diversified_replicate.bca.359.afa', 44.043, 52.738, 39.222, 45.716
'MUSCLE_diversified_replicate.bca.363.afa', 48.859, 57.267, 43.262, 51.333
'MUSCLE_diversified_replicate.bca.367.afa', 42.027, 50.242, 37.493, 42.143
'MUSCLE_diversified_replicate.bca.371.afa', 48.126, 56.265, 43.085, 50.524
'MUSCLE_diversified_replicate.bca.375.afa', 45.986, 54.428, 40.975, 47.19
'MUSCLE_diversified_replicate.bca.379.afa', 47.254, 55.875, 42.147, 47.808
'MUSCLE_diversified_replicate.bca.383.afa', 47.767, 56.392, 41.808, 48.901
'MUSCLE_diversified_replicate.bca.387.afa', 46.555, 55.341, 43.604, 46.542
'MUSCLE_diversified_replicate.bca.39.afa', 46.547, 54.566, 41.493, 48.004
'MUSCLE_diversified_replicate.bca.391.afa', 44.023, 52.345, 38.875, 45.424
'MUSCLE_diversified_replicate.bca.395.afa', 49.918, 58.475, 45.263, 52.578
'MUSCLE_diversified_replicate.bca.399.afa', 43.078, 51.69, 37.562, 44.833
'MUSCLE_diversified_replicate.bca.43.afa', 45.216, 54.239, 40.07, 46.706
'MUSCLE_diversified_replicate.bca.47.afa', 42.778, 51.298, 37.967, 44.016
'MUSCLE_diversified_replicate.bca.51.afa', 42.877, 51.043, 38.609, 44.876
'MUSCLE_diversified_replicate.bca.55.afa', 44.908, 53.204, 38.881, 45.855
'MUSCLE_diversified_replicate.bca.59.afa', 47.052, 55.069, 42.112, 49.321
'MUSCLE_diversified_replicate.bca.63.afa', 43.995, 51.933, 38.87, 45.357
'MUSCLE_diversified_replicate.bca.67.afa', 40.802, 49.005, 35.143, 42.703
'MUSCLE_diversified_replicate.bca.7.afa', 43.011, 51.335, 37.779, 44.695
'MUSCLE_diversified_replicate.bca.71.afa', 44.546, 53.365, 39.514, 46.522
'MUSCLE_diversified_replicate.bca.75.afa', 42.651, 51.141, 36.176, 44.832
'MUSCLE_diversified_replicate.bca.79.afa', 42.755, 50.907, 38.468, 44.339
'MUSCLE_diversified_replicate.bca.83.afa', 44.615, 53.521, 39.314, 46.753
'MUSCLE_diversified_replicate.bca.87.afa', 42.943, 51.003, 38.39, 44.384
'MUSCLE_diversified_replicate.bca.91.afa', 44.24, 52.971, 38.545, 45.395
'MUSCLE_diversified_replicate.bca.95.afa', 43.518, 52.11, 37.883, 44.623
'MUSCLE_diversified_replicate.bca.99.afa', 42.072, 50.143, 37.117, 43.443
'MUSCLE_diversified_replicate.none.0.afa', 47.839, 54.967, 43.997, 47.365
'MUSCLE_diversified_replicate.none.100.afa', 40.009, 46.009, 35.986, 38.954
'MUSCLE_diversified_replicate.none.104.afa', 39.148, 44.871, 35.194, 38.198
'MUSCLE_diversified_replicate.none.108.afa', 40.507, 46.617, 37.026, 39.511
'MUSCLE_diversified_replicate.none.112.afa', 44.043, 51.917, 39.841, 44.836
'MUSCLE_diversified_replicate.none.116.afa', 39.044, 44.124, 35.951, 37.514
'MUSCLE_diversified_replicate.none.12.afa', 47.716, 54.694, 44.233, 47.649
'MUSCLE_diversified_replicate.none.120.afa', 48.027, 55.206, 45.081, 48.497
'MUSCLE_diversified_replicate.none.124.afa', 47.782, 54.86, 43.889, 47.589
'MUSCLE_diversified_replicate.none.128.afa', 47.219, 54.147, 44.529, 47.753
'MUSCLE_diversified_replicate.none.132.afa', 49.174, 57.236, 45.418, 51.323
'MUSCLE_diversified_replicate.none.136.afa', 47.102, 53.859, 43.808, 46.519
'MUSCLE_diversified_replicate.none.140.afa', 40.045, 46.2, 36.351, 39.486
'MUSCLE_diversified_replicate.none.144.afa', 46.422, 52.785, 43.098, 45.437
'MUSCLE_diversified_replicate.none.148.afa', 41.024, 47.6, 37.573, 40.531
'MUSCLE_diversified_replicate.none.152.afa', 46.944, 53.352, 43.44, 46.014
'MUSCLE_diversified_replicate.none.156.afa', 51.444, 59.906, 47.486, 52.842
'MUSCLE_diversified_replicate.none.16.afa', 47.902, 54.867, 44.543, 47.815
'MUSCLE_diversified_replicate.none.160.afa', 40.97, 47.289, 36.483, 39.877
'MUSCLE_diversified_replicate.none.164.afa', 48.143, 55.361, 43.956, 48.135
'MUSCLE_diversified_replicate.none.168.afa', 41.133, 47.621, 36.761, 40.214
'MUSCLE_diversified_replicate.none.172.afa', 41.0, 47.323, 36.875, 40.215
'MUSCLE_diversified_replicate.none.176.afa', 40.369, 46.488, 36.001, 39.143
'MUSCLE_diversified_replicate.none.180.afa', 47.979, 55.08, 44.137, 47.537
'MUSCLE_diversified_replicate.none.184.afa', 50.942, 59.549, 46.487, 53.144
'MUSCLE_diversified_replicate.none.188.afa', 46.297, 52.427, 43.178, 45.351
'MUSCLE_diversified_replicate.none.192.afa', 40.648, 46.77, 36.915, 40.469
'MUSCLE_diversified_replicate.none.196.afa', 46.927, 53.752, 43.655, 47.418
'MUSCLE_diversified_replicate.none.20.afa', 49.949, 58.047, 45.008, 51.981
'MUSCLE_diversified_replicate.none.200.afa', 45.88, 51.868, 42.833, 45.212
'MUSCLE_diversified_replicate.none.204.afa', 47.414, 54.342, 43.485, 46.966
'MUSCLE_diversified_replicate.none.208.afa', 43.806, 51.788, 38.797, 44.476
'MUSCLE_diversified_replicate.none.212.afa', 39.979, 45.942, 35.931, 38.9
'MUSCLE_diversified_replicate.none.216.afa', 39.762, 45.769, 35.426, 38.499
'MUSCLE_diversified_replicate.none.220.afa', 39.385, 45.405, 34.955, 38.302
'MUSCLE_diversified_replicate.none.224.afa', 44.262, 52.518, 40.573, 45.153
'MUSCLE_diversified_replicate.none.228.afa', 47.868, 55.397, 45.56, 49.109
'MUSCLE_diversified_replicate.none.232.afa', 47.699, 54.745, 44.699, 48.324
'MUSCLE_diversified_replicate.none.236.afa', 40.691, 46.903, 36.429, 39.714
'MUSCLE_diversified_replicate.none.24.afa', 45.713, 51.693, 43.135, 45.181
'MUSCLE_diversified_replicate.none.240.afa', 48.22, 55.387, 43.948, 48.122
'MUSCLE_diversified_replicate.none.244.afa', 39.78, 45.731, 35.833, 38.904
'MUSCLE_diversified_replicate.none.248.afa', 40.504, 46.522, 37.035, 40.102
'MUSCLE_diversified_replicate.none.252.afa', 47.926, 55.033, 44.905, 48.552
'MUSCLE_diversified_replicate.none.256.afa', 48.042, 55.138, 44.959, 48.361
'MUSCLE_diversified_replicate.none.260.afa', 39.76, 45.473, 36.237, 39.54
'MUSCLE_diversified_replicate.none.264.afa', 40.27, 46.112, 36.912, 39.19
'MUSCLE_diversified_replicate.none.268.afa', 37.561, 42.267, 36.041, 35.756
'MUSCLE_diversified_replicate.none.272.afa', 47.996, 55.106, 45.396, 48.773
'MUSCLE_diversified_replicate.none.276.afa', 47.688, 54.58, 44.741, 48.035
'MUSCLE_diversified_replicate.none.28.afa', 47.634, 54.616, 44.318, 47.244
'MUSCLE_diversified_replicate.none.280.afa', 47.096, 53.869, 44.235, 47.256
'MUSCLE_diversified_replicate.none.284.afa', 47.251, 54.015, 43.432, 47.081
'MUSCLE_diversified_replicate.none.288.afa', 47.896, 54.951, 45.153, 48.463
'MUSCLE_diversified_replicate.none.292.afa', 41.258, 47.828, 38.627, 40.815
'MUSCLE_diversified_replicate.none.296.afa', 40.125, 46.241, 36.53, 39.406
'MUSCLE_diversified_replicate.none.300.afa', 40.413, 46.735, 36.746, 39.905
'MUSCLE_diversified_replicate.none.304.afa', 46.386, 52.821, 42.681, 45.606
'MUSCLE_diversified_replicate.none.308.afa', 48.139, 55.31, 44.826, 48.465
'MUSCLE_diversified_replicate.none.312.afa', 47.324, 54.188, 43.736, 47.19
'MUSCLE_diversified_replicate.none.316.afa', 49.745, 57.942, 43.975, 51.866
'MUSCLE_diversified_replicate.none.32.afa', 47.334, 54.217, 44.476, 47.209
'MUSCLE_diversified_replicate.none.320.afa', 47.624, 54.799, 44.921, 48.188
'MUSCLE_diversified_replicate.none.324.afa', 46.863, 53.709, 44.439, 47.47
'MUSCLE_diversified_replicate.none.328.afa', 48.126, 55.132, 45.127, 48.685
'MUSCLE_diversified_replicate.none.332.afa', 47.863, 54.886, 44.002, 47.468
'MUSCLE_diversified_replicate.none.336.afa', 47.227, 53.919, 46.926, 48.306
'MUSCLE_diversified_replicate.none.340.afa', 47.487, 54.419, 43.86, 47.152
'MUSCLE_diversified_replicate.none.344.afa', 43.511, 51.516, 39.613, 43.758
'MUSCLE_diversified_replicate.none.348.afa', 39.645, 45.66, 36.122, 38.848
'MUSCLE_diversified_replicate.none.352.afa', 47.484, 54.551, 43.08, 47.455
'MUSCLE_diversified_replicate.none.356.afa', 46.305, 52.676, 43.514, 46.123
'MUSCLE_diversified_replicate.none.36.afa', 46.589, 53.303, 43.902, 46.607
'MUSCLE_diversified_replicate.none.360.afa', 47.029, 53.845, 42.801, 46.595
'MUSCLE_diversified_replicate.none.364.afa', 39.419, 45.393, 35.434, 38.466
'MUSCLE_diversified_replicate.none.368.afa', 47.591, 54.797, 43.879, 47.371
'MUSCLE_diversified_replicate.none.372.afa', 43.913, 52.018, 38.298, 44.148
'MUSCLE_diversified_replicate.none.376.afa', 47.418, 54.407, 44.591, 48.051
'MUSCLE_diversified_replicate.none.380.afa', 39.651, 45.561, 35.615, 38.794
'MUSCLE_diversified_replicate.none.384.afa', 47.625, 54.469, 46.085, 49.119
'MUSCLE_diversified_replicate.none.388.afa', 39.594, 45.771, 35.574, 38.725
'MUSCLE_diversified_replicate.none.392.afa', 39.143, 45.157, 35.786, 38.633
'MUSCLE_diversified_replicate.none.396.afa', 43.308, 51.255, 38.873, 43.869
'MUSCLE_diversified_replicate.none.4.afa', 47.765, 54.743, 43.695, 47.396
'MUSCLE_diversified_replicate.none.40.afa', 39.579, 45.537, 36.803, 38.446
'MUSCLE_diversified_replicate.none.44.afa', 40.167, 46.206, 36.317, 39.19
'MUSCLE_diversified_replicate.none.48.afa', 47.532, 54.469, 44.407, 47.086
'MUSCLE_diversified_replicate.none.52.afa', 40.532, 46.633, 36.03, 39.423
'MUSCLE_diversified_replicate.none.56.afa', 39.963, 45.67, 36.166, 38.819
'MUSCLE_diversified_replicate.none.60.afa', 47.361, 54.256, 43.523, 47.069
'MUSCLE_diversified_replicate.none.64.afa', 46.855, 53.708, 43.872, 47.134
'MUSCLE_diversified_replicate.none.68.afa', 47.989, 55.102, 44.592, 47.192
'MUSCLE_diversified_replicate.none.72.afa', 47.975, 55.084, 44.693, 48.292
'MUSCLE_diversified_replicate.none.76.afa', 45.009, 51.518, 42.202, 45.53
'MUSCLE_diversified_replicate.none.8.afa', 38.955, 44.49, 35.741, 37.398
'MUSCLE_diversified_replicate.none.80.afa', 40.091, 46.242, 35.901, 38.856
'MUSCLE_diversified_replicate.none.84.afa', 47.079, 53.623, 46.098, 48.186
'MUSCLE_diversified_replicate.none.88.afa', 47.526, 54.482, 44.146, 47.77
'MUSCLE_diversified_replicate.none.92.afa', 47.33, 54.341, 43.642, 47.428
'MUSCLE_diversified_replicate.none.96.afa', 47.621, 54.476, 43.696, 47.337
'PRANK_b0#0050_hhH_tree_63_OP_0.36203966777708846_Split_50.fasta', 11.487, 17.023, 5.872, 13.416
'PRANK_b0#0050_hhT_tree_63_OP_0.36203966777708846_Split_50.fasta', 30.412, 38.664, 24.72, 32.454
'PRANK_b0#0050_htT_tree_63_OP_0.36203966777708846_Split_50.fasta', 29.461, 37.69, 23.1, 31.636
'PRANK_b0#0050_ttH_tree_63_OP_0.36203966777708846_Split_50.fasta', 11.891, 17.302, 7.039, 13.971
'PRANK_b0#0051_hhT_tree_7_OP_0.4287654329803016_Split_51.fasta', 16.254, 22.008, 9.989, 16.691
'PRANK_b0#0051_htH_tree_7_OP_0.4287654329803016_Split_51.fasta', 17.139, 23.321, 10.449, 17.667
'PRANK_b0#0051_htT_tree_7_OP_0.4287654329803016_Split_51.fasta', 13.017, 17.836, 8.036, 13.154
'PRANK_b0#0051_ttT_tree_7_OP_0.4287654329803016_Split_51.fasta', 13.159, 17.983, 8.226, 13.317
'PRANK_b0#0053_hhH_tree_13_OP_0.09692142234876278_Split_53.fasta', 13.289, 17.254, 11.613, 13.884
'PRANK_b0#0053_htT_tree_13_OP_0.09692142234876278_Split_53.fasta', 9.562, 13.153, 5.732, 11.933
'PRANK_b0#0053_htT_tree_69_OP_0.05304651807751681_Split_53.fasta', 30.444, 37.005, 26.359, 33.39
'PRANK_b0#0053_thT_tree_69_OP_0.05304651807751681_Split_53.fasta', 30.126, 36.635, 25.809, 33.173
'PRANK_b0#0053_ttH_tree_13_OP_0.09692142234876278_Split_53.fasta', 13.254, 17.22, 11.566, 13.855
'PRANK_b0#0053_ttH_tree_69_OP_0.05304651807751681_Split_53.fasta', 35.591, 42.22, 31.227, 39.099
'PRANK_b0#0053_ttT_tree_13_OP_0.09692142234876278_Split_53.fasta', 13.909, 18.205, 10.129, 16.318
'PRANK_b0#0053_ttT_tree_69_OP_0.05304651807751681_Split_53.fasta', 30.126, 36.635, 25.809, 33.173
'PRANK_b0#0054_hhT_tree_37_OP_0.3234162682987525_Split_54.fasta', 34.343, 43.019, 28.234, 37.067
'PRANK_b0#0054_htH_tree_11_OP_0.0660385202278223_Split_54.fasta', 19.305, 24.059, 15.794, 21.639
'PRANK_b0#0054_htT_tree_37_OP_0.3234162682987525_Split_54.fasta', 35.937, 44.812, 29.958, 38.418
'PRANK_b0#0054_htT_tree_60_OP_0.2742882468420108_Split_54.fasta', 31.075, 39.362, 27.75, 30.964
'PRANK_b0#0054_thH_tree_11_OP_0.0660385202278223_Split_54.fasta', 19.743, 24.521, 16.22, 22.179
'PRANK_b0#0054_thH_tree_60_OP_0.2742882468420108_Split_54.fasta', 30.511, 38.609, 25.739, 31.472
'PRANK_b0#0054_thT_tree_11_OP_0.0660385202278223_Split_54.fasta', 18.951, 22.987, 15.848, 20.07
'PRANK_b0#0054_thT_tree_60_OP_0.2742882468420108_Split_54.fasta', 30.966, 39.213, 27.56, 30.717
'PRANK_b0#0054_ttH_tree_11_OP_0.0660385202278223_Split_54.fasta', 19.843, 24.615, 16.333, 22.252
'PRANK_b0#0054_ttH_tree_37_OP_0.3234162682987525_Split_54.fasta', 31.69, 40.043, 27.749, 34.674
'PRANK_b0#0054_ttT_tree_37_OP_0.3234162682987525_Split_54.fasta', 32.662, 41.086, 26.858, 35.604
'PRANK_b0#0054_ttT_tree_60_OP_0.2742882468420108_Split_54.fasta', 30.954, 39.194, 27.553, 30.703
'PRANK_b0#0055_hhH_tree_96_OP_0.3899661250904219_Split_55.fasta', 22.394, 29.265, 16.898, 24.58
'PRANK_b0#0055_hhT_tree_23_OP_0.41879358418754387_Split_55.fasta', 20.96, 27.854, 19.204, 24.132
'PRANK_b0#0055_hhT_tree_40_OP_0.08821008325435137_Split_55.fasta', 24.226, 30.586, 19.696, 26.168
'PRANK_b0#0055_hhT_tree_96_OP_0.3899661250904219_Split_55.fasta', 21.98, 29.017, 16.684, 23.833
'PRANK_b0#0055_htH_tree_96_OP_0.3899661250904219_Split_55.fasta', 23.143, 30.238, 17.52, 25.307
'PRANK_b0#0055_thH_tree_23_OP_0.41879358418754387_Split_55.fasta', 24.105, 31.211, 21.787, 26.81
'PRANK_b0#0055_thH_tree_40_OP_0.08821008325435137_Split_55.fasta', 26.305, 32.828, 21.384, 27.72
'PRANK_b0#0055_thT_tree_40_OP_0.08821008325435137_Split_55.fasta', 24.226, 30.586, 19.696, 26.168
'PRANK_b0#0055_ttH_tree_23_OP_0.41879358418754387_Split_55.fasta', 23.746, 30.865, 21.635, 26.694
'PRANK_b0#0055_ttT_tree_23_OP_0.41879358418754387_Split_55.fasta', 20.731, 27.556, 18.851, 23.444
'PRANK_b0#0055_ttT_tree_40_OP_0.08821008325435137_Split_55.fasta', 24.226, 30.586, 19.696, 26.168
'PRANK_b0#0055_ttT_tree_96_OP_0.3899661250904219_Split_55.fasta', 21.496, 28.486, 16.252, 23.286
'PRANK_b0#0056_hhH_tree_56_OP_0.23502932209680477_Split_56.fasta', 25.119, 32.243, 21.168, 27.421
'PRANK_b0#0056_htH_tree_56_OP_0.23502932209680477_Split_56.fasta', 24.641, 31.707, 21.08, 27.001
'PRANK_b0#0056_htT_tree_99_OP_0.18594199344926288_Split_56.fasta', 32.194, 40.554, 27.604, 34.348
'PRANK_b0#0056_thH_tree_99_OP_0.18594199344926288_Split_56.fasta', 33.299, 41.77, 25.869, 35.63
'PRANK_b0#0056_thT_tree_56_OP_0.23502932209680477_Split_56.fasta', 25.598, 32.755, 21.559, 28.111
'PRANK_b0#0056_thT_tree_99_OP_0.18594199344926288_Split_56.fasta', 32.194, 40.554, 27.604, 34.348
'PRANK_b0#0056_ttH_tree_56_OP_0.23502932209680477_Split_56.fasta', 24.089, 30.991, 20.48, 26.098
'PRANK_b0#0056_ttH_tree_99_OP_0.18594199344926288_Split_56.fasta', 33.403, 41.869, 25.947, 35.732
'PRANK_b0#0057_htH_tree_64_OP_0.05970650417263379_Split_57.fasta', 26.105, 33.729, 22.209, 32.669
'PRANK_b0#0057_thH_tree_64_OP_0.05970650417263379_Split_57.fasta', 26.116, 33.735, 22.238, 32.674
'PRANK_b0#0057_thT_tree_64_OP_0.05970650417263379_Split_57.fasta', 25.871, 33.242, 22.165, 32.345
'PRANK_b0#0057_ttH_tree_64_OP_0.05970650417263379_Split_57.fasta', 26.116, 33.735, 22.238, 32.674
'PRANK_b0#0058_hhH_tree_84_OP_0.3564845080908704_Split_58.fasta', 19.819, 25.677, 17.674, 21.217
'PRANK_b0#0058_hhT_tree_84_OP_0.3564845080908704_Split_58.fasta', 20.556, 26.344, 18.327, 21.953
'PRANK_b0#0058_hhT_tree_97_OP_0.1673876920856745_Split_58.fasta', 25.977, 29.654, 24.768, 24.627
'PRANK_b0#0058_htT_tree_84_OP_0.3564845080908704_Split_58.fasta', 20.567, 26.35, 18.322, 22.013
'PRANK_b0#0058_htT_tree_97_OP_0.1673876920856745_Split_58.fasta', 25.874, 29.445, 24.68, 24.487
'PRANK_b0#0058_thH_tree_97_OP_0.1673876920856745_Split_58.fasta', 27.062, 30.484, 26.282, 25.203
'PRANK_b0#0058_thT_tree_97_OP_0.1673876920856745_Split_58.fasta', 25.552, 29.077, 24.264, 24.103
'PRANK_b0#0058_ttT_tree_84_OP_0.3564845080908704_Split_58.fasta', 21.691, 27.838, 18.158, 24.528
'PRANK_b0#0059_hhT_tree_80_OP_0.3860599313375234_Split_59.fasta', 24.271, 31.611, 19.757, 24.441
'PRANK_b0#0059_htH_tree_36_OP_0.21650135794201675_Split_59.fasta', 24.356, 31.027, 20.689, 27.673
'PRANK_b0#0059_htH_tree_80_OP_0.3860599313375234_Split_59.fasta', 23.633, 30.901, 19.284, 24.418
'PRANK_b0#0059_htH_tree_85_OP_0.16592734946943577_Split_59.fasta', 23.89, 30.993, 20.462, 24.21
'PRANK_b0#0059_htT_tree_36_OP_0.21650135794201675_Split_59.fasta', 23.469, 30.779, 18.776, 26.798
'PRANK_b0#0059_htT_tree_80_OP_0.3860599313375234_Split_59.fasta', 23.464, 30.769, 18.884, 23.705
'PRANK_b0#0059_htT_tree_85_OP_0.16592734946943577_Split_59.fasta', 25.17, 32.064, 19.802, 27.013
'PRANK_b0#0059_thH_tree_36_OP_0.21650135794201675_Split_59.fasta', 24.097, 30.674, 20.242, 27.196
'PRANK_b0#0059_thH_tree_85_OP_0.16592734946943577_Split_59.fasta', 23.871, 30.965, 20.364, 24.2
'PRANK_b0#0059_ttH_tree_80_OP_0.3860599313375234_Split_59.fasta', 23.62, 30.937, 19.249, 24.393
'PRANK_b0#0059_ttH_tree_85_OP_0.16592734946943577_Split_59.fasta', 23.894, 30.991, 20.379, 24.224
'PRANK_b0#0059_ttT_tree_36_OP_0.21650135794201675_Split_59.fasta', 23.438, 30.737, 18.757, 26.753
'PRANK_b0#0060_hhH_tree_24_OP_0.35224591752289836_Split_60.fasta', 28.391, 35.75, 21.905, 29.786
'PRANK_b0#0060_hhT_tree_24_OP_0.35224591752289836_Split_60.fasta', 30.092, 37.963, 25.184, 31.306
'PRANK_b0#0060_ttH_tree_24_OP_0.35224591752289836_Split_60.fasta', 28.454, 35.816, 21.957, 29.837
'PRANK_b0#0060_ttT_tree_24_OP_0.35224591752289836_Split_60.fasta', 29.948, 37.857, 25.26, 30.954
'PRANK_b0#0061_hhH_tree_16_OP_0.3566466444359746_Split_61.fasta', 11.096, 18.078, 8.522, 15.308
'PRANK_b0#0061_thT_tree_16_OP_0.3566466444359746_Split_61.fasta', 18.478, 25.686, 14.451, 21.463
'PRANK_b0#0061_ttH_tree_16_OP_0.3566466444359746_Split_61.fasta', 11.217, 18.221, 8.618, 15.473
'PRANK_b0#0061_ttT_tree_16_OP_0.3566466444359746_Split_61.fasta', 18.638, 25.819, 14.876, 21.694
'PRANK_b0#0062_hhH_tree_0_OP_0.4657131574362508_Split_62.fasta', 23.982, 31.673, 21.822, 24.983
'PRANK_b0#0062_hhT_tree_81_OP_0.4058614503238694_Split_62.fasta', 24.322, 32.428, 19.664, 26.583
'PRANK_b0#0062_htH_tree_0_OP_0.4657131574362508_Split_62.fasta', 24.66, 32.638, 22.542, 25.031
'PRANK_b0#0062_htT_tree_81_OP_0.4058614503238694_Split_62.fasta', 24.989, 33.271, 20.478, 27.155
'PRANK_b0#0062_thH_tree_81_OP_0.4058614503238694_Split_62.fasta', 26.146, 34.145, 21.193, 28.089
'PRANK_b0#0062_thT_tree_0_OP_0.4657131574362508_Split_62.fasta', 24.932, 32.895, 22.27, 26.283
'PRANK_b0#0062_thT_tree_81_OP_0.4058614503238694_Split_62.fasta', 24.989, 33.271, 20.478, 27.155
'PRANK_b0#0062_ttT_tree_0_OP_0.4657131574362508_Split_62.fasta', 23.758, 31.595, 21.33, 24.677
'PRANK_b0#0063_htH_tree_71_OP_0.26664288485028304_Split_63.fasta', 31.655, 39.156, 26.763, 34.392
'PRANK_b0#0063_htT_tree_71_OP_0.26664288485028304_Split_63.fasta', 32.896, 40.933, 26.019, 35.758
'PRANK_b0#0063_thH_tree_71_OP_0.26664288485028304_Split_63.fasta', 31.607, 39.11, 26.744, 34.381
'PRANK_b0#0063_thT_tree_71_OP_0.26664288485028304_Split_63.fasta', 32.952, 40.979, 26.093, 35.808
'PRANK_b0#0065_hhH_tree_48_OP_0.33799514808893955_Split_65.fasta', 25.115, 32.666, 22.799, 27.732
'PRANK_b0#0065_htH_tree_48_OP_0.33799514808893955_Split_65.fasta', 26.043, 33.854, 23.499, 28.784
'PRANK_b0#0065_thH_tree_48_OP_0.33799514808893955_Split_65.fasta', 25.196, 32.757, 22.878, 27.831
'PRANK_b0#0065_thT_tree_48_OP_0.33799514808893955_Split_65.fasta', 26.771, 34.542, 23.994, 29.452
'PRANK_b0#0067_hhH_tree_6_OP_0.18497671267226667_Split_67.fasta', 32.216, 40.098, 29.341, 31.783
'PRANK_b0#0067_htH_tree_6_OP_0.18497671267226667_Split_67.fasta', 32.276, 40.155, 29.403, 31.842
'PRANK_b0#0067_thT_tree_6_OP_0.18497671267226667_Split_67.fasta', 33.466, 41.521, 30.71, 33.406
'PRANK_b0#0067_ttT_tree_6_OP_0.18497671267226667_Split_67.fasta', 33.448, 41.5, 30.699, 33.383
'PRANK_b0#0070_htH_tree_30_OP_0.20469024912096356_Split_70.fasta', 31.193, 38.979, 27.788, 34.668
'PRANK_b0#0070_htH_tree_43_OP_0.41666011848334805_Split_70.fasta', 35.574, 44.606, 29.359, 37.677
'PRANK_b0#0070_htT_tree_30_OP_0.20469024912096356_Split_70.fasta', 32.737, 40.461, 27.858, 36.531
'PRANK_b0#0070_thH_tree_30_OP_0.20469024912096356_Split_70.fasta', 30.244, 37.947, 26.695, 33.893
'PRANK_b0#0070_thH_tree_43_OP_0.41666011848334805_Split_70.fasta', 35.566, 44.603, 29.33, 37.64
'PRANK_b0#0070_ttH_tree_43_OP_0.41666011848334805_Split_70.fasta', 35.199, 44.299, 28.636, 37.69
'PRANK_b0#0070_ttT_tree_30_OP_0.20469024912096356_Split_70.fasta', 32.676, 40.367, 27.846, 36.513
'PRANK_b0#0070_ttT_tree_43_OP_0.41666011848334805_Split_70.fasta', 35.546, 44.598, 28.266, 37.58
'PRANK_b0#0073_htT_tree_10_OP_0.17197861239551077_Split_73.fasta', 24.717, 29.82, 25.935, 27.42
'PRANK_b0#0073_thH_tree_10_OP_0.17197861239551077_Split_73.fasta', 27.575, 33.691, 27.353, 31.895
'PRANK_b0#0073_ttH_tree_10_OP_0.17197861239551077_Split_73.fasta', 27.543, 33.672, 27.314, 31.86
'PRANK_b0#0073_ttT_tree_10_OP_0.17197861239551077_Split_73.fasta', 24.717, 29.82, 25.935, 27.42
'PRANK_b0#0077_hhH_tree_35_OP_0.23719613041625226_Split_77.fasta', 18.668, 25.853, 15.443, 23.375
'PRANK_b0#0077_hhT_tree_35_OP_0.23719613041625226_Split_77.fasta', 17.336, 24.522, 12.958, 22.653
'PRANK_b0#0077_htT_tree_35_OP_0.23719613041625226_Split_77.fasta', 16.114, 23.134, 11.984, 21.439
'PRANK_b0#0077_htT_tree_79_OP_0.39849921812999034_Split_77.fasta', 25.849, 31.721, 21.896, 25.72
'PRANK_b0#0077_thH_tree_35_OP_0.23719613041625226_Split_77.fasta', 17.92, 25.113, 14.823, 22.668
'PRANK_b0#0077_thH_tree_79_OP_0.39849921812999034_Split_77.fasta', 25.016, 30.667, 21.495, 24.635
'PRANK_b0#0077_thT_tree_79_OP_0.39849921812999034_Split_77.fasta', 26.139, 32.103, 23.385, 24.833
'PRANK_b0#0077_ttT_tree_79_OP_0.39849921812999034_Split_77.fasta', 26.184, 32.149, 23.63, 24.564
'PRANK_b0#0078_hhH_tree_86_OP_0.2347265646541319_Split_78.fasta', 19.597, 27.876, 14.109, 25.714
'PRANK_b0#0078_hhT_tree_53_OP_0.05303947942235687_Split_78.fasta', 27.861, 34.602, 23.41, 29.581
'PRANK_b0#0078_htH_tree_53_OP_0.05303947942235687_Split_78.fasta', 22.567, 28.887, 19.425, 23.121
'PRANK_b0#0078_htH_tree_86_OP_0.2347265646541319_Split_78.fasta', 19.678, 27.808, 14.466, 26.235
'PRANK_b0#0078_thH_tree_86_OP_0.2347265646541319_Split_78.fasta', 19.578, 27.785, 14.188, 25.635
'PRANK_b0#0078_thT_tree_53_OP_0.05303947942235687_Split_78.fasta', 27.861, 34.602, 23.41, 29.581
'PRANK_b0#0078_ttH_tree_53_OP_0.05303947942235687_Split_78.fasta', 22.519, 28.83, 18.881, 23.924
'PRANK_b0#0078_ttT_tree_86_OP_0.2347265646541319_Split_78.fasta', 19.545, 27.597, 14.425, 26.011
'PRANK_b0#0079_hhH_tree_88_OP_0.1810795500099957_Split_79.fasta', 20.459, 27.161, 17.797, 24.366
'PRANK_b0#0079_hhT_tree_88_OP_0.1810795500099957_Split_79.fasta', 21.546, 28.258, 18.921, 25.524
'PRANK_b0#0079_ttH_tree_88_OP_0.1810795500099957_Split_79.fasta', 20.469, 27.17, 17.806, 24.376
'PRANK_b0#0079_ttT_tree_88_OP_0.1810795500099957_Split_79.fasta', 21.407, 28.121, 18.783, 25.366
'PRANK_b0#0080_hhT_tree_3_OP_0.05125309180508808_Split_80.fasta', 40.093, 49.449, 37.491, 41.561
'PRANK_b0#0080_htH_tree_3_OP_0.05125309180508808_Split_80.fasta', 40.409, 49.752, 37.819, 42.112
'PRANK_b0#0080_htT_tree_3_OP_0.05125309180508808_Split_80.fasta', 39.908, 49.297, 37.33, 41.42
'PRANK_b0#0080_ttH_tree_3_OP_0.05125309180508808_Split_80.fasta', 40.356, 49.684, 37.745, 42.026
'PRANK_b0#0081_hhH_tree_5_OP_0.22898839817158656_Split_81.fasta', 34.082, 43.381, 30.165, 36.51
'PRANK_b0#0081_hhT_tree_51_OP_0.3986228120499837_Split_81.fasta', 35.496, 43.974, 30.077, 37.527
'PRANK_b0#0081_hhT_tree_73_OP_0.04516409856856096_Split_81.fasta', 39.627, 48.301, 32.739, 41.781
'PRANK_b0#0081_htH_tree_51_OP_0.3986228120499837_Split_81.fasta', 35.802, 44.603, 30.214, 38.184
'PRANK_b0#0081_htT_tree_5_OP_0.22898839817158656_Split_81.fasta', 34.437, 43.686, 29.77, 37.358
'PRANK_b0#0081_htT_tree_73_OP_0.04516409856856096_Split_81.fasta', 39.627, 48.301, 32.739, 41.781
'PRANK_b0#0081_thH_tree_5_OP_0.22898839817158656_Split_81.fasta', 34.066, 43.367, 30.147, 36.543
'PRANK_b0#0081_thH_tree_73_OP_0.04516409856856096_Split_81.fasta', 38.717, 47.049, 30.52, 41.546
'PRANK_b0#0081_thT_tree_51_OP_0.3986228120499837_Split_81.fasta', 34.859, 43.323, 30.554, 37.046
'PRANK_b0#0081_ttH_tree_51_OP_0.3986228120499837_Split_81.fasta', 36.478, 45.258, 32.017, 38.583
'PRANK_b0#0081_ttH_tree_73_OP_0.04516409856856096_Split_81.fasta', 38.673, 46.912, 30.428, 41.391
'PRANK_b0#0081_ttT_tree_5_OP_0.22898839817158656_Split_81.fasta', 34.439, 43.693, 29.766, 37.351
'PRANK_b0#0085_hhT_tree_59_OP_0.3079281034987719_Split_85.fasta', 21.654, 28.936, 15.084, 24.368
'PRANK_b0#0085_thT_tree_59_OP_0.3079281034987719_Split_85.fasta', 21.436, 28.727, 14.87, 24.098
'PRANK_b0#0085_ttH_tree_59_OP_0.3079281034987719_Split_85.fasta', 21.479, 28.771, 14.912, 24.005
'PRANK_b0#0085_ttT_tree_59_OP_0.3079281034987719_Split_85.fasta', 21.573, 28.869, 15.047, 24.15
'PRANK_b0#0086_hhH_tree_46_OP_0.17943757149806483_Split_86.fasta', 33.513, 41.941, 28.414, 34.809
'PRANK_b0#0086_hhT_tree_46_OP_0.17943757149806483_Split_86.fasta', 33.704, 42.083, 29.618, 34.197
'PRANK_b0#0086_hhT_tree_47_OP_0.4322745197435511_Split_86.fasta', 22.5, 30.797, 16.826, 24.343
'PRANK_b0#0086_htT_tree_47_OP_0.4322745197435511_Split_86.fasta', 22.2, 30.447, 15.97, 23.739
'PRANK_b0#0086_thT_tree_46_OP_0.17943757149806483_Split_86.fasta', 33.631, 42.068, 28.785, 35.046
'PRANK_b0#0086_thT_tree_47_OP_0.4322745197435511_Split_86.fasta', 23.549, 31.978, 17.088, 25.36
'PRANK_b0#0086_ttH_tree_46_OP_0.17943757149806483_Split_86.fasta', 34.164, 42.511, 30.615, 34.624
'PRANK_b0#0086_ttH_tree_47_OP_0.4322745197435511_Split_86.fasta', 22.107, 30.387, 18.461, 22.837
'PRANK_b0#0087_hhT_tree_44_OP_0.200818760412537_Split_87.fasta', 24.636, 31.256, 22.177, 27.646
'PRANK_b0#0087_htT_tree_44_OP_0.200818760412537_Split_87.fasta', 24.642, 31.262, 22.185, 27.651
'PRANK_b0#0087_thT_tree_44_OP_0.200818760412537_Split_87.fasta', 24.677, 31.298, 22.223, 27.687
'PRANK_b0#0087_ttT_tree_44_OP_0.200818760412537_Split_87.fasta', 24.666, 31.297, 20.982, 27.708
'PRANK_b0#0088_hhH_tree_14_OP_0.3064418702671071_Split_88.fasta', 12.515, 17.503, 9.989, 13.404
'PRANK_b0#0088_hhT_tree_92_OP_0.23387605000900108_Split_88.fasta', 34.337, 42.552, 30.001, 37.795
'PRANK_b0#0088_htH_tree_92_OP_0.23387605000900108_Split_88.fasta', 33.209, 40.981, 28.735, 36.792
'PRANK_b0#0088_htT_tree_14_OP_0.3064418702671071_Split_88.fasta', 13.665, 18.792, 11.895, 16.878
'PRANK_b0#0088_thH_tree_92_OP_0.23387605000900108_Split_88.fasta', 33.502, 41.308, 28.973, 37.078
'PRANK_b0#0088_thT_tree_14_OP_0.3064418702671071_Split_88.fasta', 13.711, 18.821, 11.932, 16.881
'PRANK_b0#0088_thT_tree_92_OP_0.23387605000900108_Split_88.fasta', 34.137, 42.029, 29.855, 37.814
'PRANK_b0#0088_ttH_tree_14_OP_0.3064418702671071_Split_88.fasta', 12.515, 17.503, 9.989, 13.404
'PRANK_b0#0089_hhH_tree_21_OP_0.22890592879188038_Split_89.fasta', 33.321, 41.999, 29.706, 33.136
'PRANK_b0#0089_htT_tree_21_OP_0.22890592879188038_Split_89.fasta', 32.857, 41.567, 29.265, 32.559
'PRANK_b0#0089_thH_tree_21_OP_0.22890592879188038_Split_89.fasta', 33.975, 42.838, 30.16, 33.768
'PRANK_b0#0089_ttT_tree_21_OP_0.22890592879188038_Split_89.fasta', 33.446, 42.321, 29.724, 33.194
'PRANK_b0#0090_hhT_tree_95_OP_0.1030307002700046_Split_90.fasta', 37.704, 46.783, 29.159, 38.32
'PRANK_b0#0090_thH_tree_95_OP_0.1030307002700046_Split_90.fasta', 39.312, 48.627, 28.646, 40.589
'PRANK_b0#0090_ttH_tree_95_OP_0.1030307002700046_Split_90.fasta', 39.915, 49.379, 31.98, 41.474
'PRANK_b0#0090_ttT_tree_95_OP_0.1030307002700046_Split_90.fasta', 38.315, 47.544, 29.598, 38.884
'PRANK_b0#0091_hhH_tree_4_OP_0.3917727204478945_Split_91.fasta', 25.612, 33.059, 21.59, 26.851
'PRANK_b0#0091_htT_tree_4_OP_0.3917727204478945_Split_91.fasta', 25.595, 32.888, 22.265, 26.679
'PRANK_b0#0091_thH_tree_4_OP_0.3917727204478945_Split_91.fasta', 25.308, 32.817, 21.108, 26.533
'PRANK_b0#0091_thT_tree_4_OP_0.3917727204478945_Split_91.fasta', 24.915, 32.2, 21.661, 26.224
'PRANK_b0#0096_hhH_tree_77_OP_0.06320220646162977_Split_96.fasta', 27.546, 33.987, 23.092, 31.662
'PRANK_b0#0096_hhT_tree_77_OP_0.06320220646162977_Split_96.fasta', 22.518, 27.596, 19.819, 26.885
'PRANK_b0#0096_htH_tree_77_OP_0.06320220646162977_Split_96.fasta', 27.546, 33.987, 23.092, 31.662
'PRANK_b0#0096_ttT_tree_77_OP_0.06320220646162977_Split_96.fasta', 22.334, 27.466, 19.562, 26.509
'PRANK_b1#0000_hhH_tree_61_OP_0.4330011748014624_Split_0.fasta', 21.369, 28.455, 17.988, 22.624
'PRANK_b1#0000_hhT_tree_61_OP_0.4330011748014624_Split_0.fasta', 21.998, 29.093, 19.326, 23.051
'PRANK_b1#0000_htH_tree_61_OP_0.4330011748014624_Split_0.fasta', 21.38, 28.469, 17.991, 22.638
'PRANK_b1#0000_htT_tree_61_OP_0.4330011748014624_Split_0.fasta', 22.025, 29.119, 19.343, 23.053
'PRANK_b1#0001_hhH_tree_89_OP_0.08315440018559267_Split_1.fasta', 42.655, 51.737, 36.033, 43.491
'PRANK_b1#0001_hhT_tree_89_OP_0.08315440018559267_Split_1.fasta', 42.771, 51.781, 36.173, 43.601
'PRANK_b1#0001_htH_tree_89_OP_0.08315440018559267_Split_1.fasta', 42.646, 51.713, 36.039, 43.489
'PRANK_b1#0001_htT_tree_89_OP_0.08315440018559267_Split_1.fasta', 42.639, 51.652, 36.038, 43.48
'PRANK_b1#0004_hhH_tree_20_OP_0.1825262028599538_Split_4.fasta', 26.938, 34.918, 21.043, 29.218
'PRANK_b1#0004_hhH_tree_2_OP_0.0971126692608415_Split_4.fasta', 23.887, 28.26, 20.624, 22.801
'PRANK_b1#0004_hhT_tree_20_OP_0.1825262028599538_Split_4.fasta', 29.311, 36.87, 24.209, 31.097
'PRANK_b1#0004_hhT_tree_2_OP_0.0971126692608415_Split_4.fasta', 21.966, 29.163, 17.534, 23.86
'PRANK_b1#0004_htH_tree_20_OP_0.1825262028599538_Split_4.fasta', 27.693, 35.693, 22.016, 29.87
'PRANK_b1#0004_htH_tree_2_OP_0.0971126692608415_Split_4.fasta', 23.788, 28.127, 20.948, 22.407
'PRANK_b1#0004_htT_tree_20_OP_0.1825262028599538_Split_4.fasta', 29.229, 36.772, 24.144, 31.023
'PRANK_b1#0004_htT_tree_2_OP_0.0971126692608415_Split_4.fasta', 22.065, 29.374, 17.535, 23.967
'PRANK_b1#0005_hhH_tree_67_OP_0.008476858088944328_Split_5.fasta', 43.115, 51.821, 40.288, 44.31
'PRANK_b1#0005_hhT_tree_67_OP_0.008476858088944328_Split_5.fasta', 40.381, 48.862, 38.278, 41.603
'PRANK_b1#0005_htH_tree_67_OP_0.008476858088944328_Split_5.fasta', 43.106, 51.811, 40.28, 44.302
'PRANK_b1#0005_htT_tree_67_OP_0.008476858088944328_Split_5.fasta', 40.349, 48.827, 38.226, 41.557
'PRANK_b1#0006_hhH_tree_90_OP_0.4673207261707267_Split_6.fasta', 23.464, 31.49, 19.436, 24.926
'PRANK_b1#0006_hhT_tree_90_OP_0.4673207261707267_Split_6.fasta', 22.862, 30.825, 19.406, 23.842
'PRANK_b1#0006_htH_tree_90_OP_0.4673207261707267_Split_6.fasta', 23.581, 31.657, 19.387, 24.833
'PRANK_b1#0006_htT_tree_90_OP_0.4673207261707267_Split_6.fasta', 23.669, 31.729, 19.503, 24.568
'PRANK_b1#0007_hhH_tree_41_OP_0.02098294888047958_Split_7.fasta', 27.891, 34.557, 21.859, 31.575
'PRANK_b1#0007_hhT_tree_41_OP_0.02098294888047958_Split_7.fasta', 27.791, 34.595, 21.407, 31.065
'PRANK_b1#0007_htH_tree_41_OP_0.02098294888047958_Split_7.fasta', 27.891, 34.557, 21.859, 31.575
'PRANK_b1#0007_htT_tree_41_OP_0.02098294888047958_Split_7.fasta', 27.791, 34.595, 21.407, 31.065
'PRANK_b1#0008_hhH_tree_15_OP_0.23700500204391878_Split_8.fasta', 18.238, 22.413, 15.905, 19.429
'PRANK_b1#0008_hhT_tree_15_OP_0.23700500204391878_Split_8.fasta', 11.845, 16.009, 9.656, 13.615
'PRANK_b1#0008_htH_tree_15_OP_0.23700500204391878_Split_8.fasta', 17.012, 21.086, 14.448, 18.058
'PRANK_b1#0008_htT_tree_15_OP_0.23700500204391878_Split_8.fasta', 16.747, 22.37, 14.626, 18.763
'PRANK_b1#0009_hhH_tree_29_OP_0.3263217068805121_Split_9.fasta', 8.257, 12.588, 4.54, 8.412
'PRANK_b1#0009_hhT_tree_29_OP_0.3263217068805121_Split_9.fasta', 8.517, 13.105, 4.693, 9.849
'PRANK_b1#0009_htH_tree_29_OP_0.3263217068805121_Split_9.fasta', 8.189, 12.519, 4.722, 8.29
'PRANK_b1#0009_htT_tree_29_OP_0.3263217068805121_Split_9.fasta', 8.419, 13.044, 4.284, 9.351
'PRANK_b1#0010_hhH_tree_55_OP_0.12131382649812672_Split_10.fasta', 34.142, 42.127, 27.185, 36.297
'PRANK_b1#0010_hhH_tree_78_OP_0.2199134490774199_Split_10.fasta', 8.684, 14.284, 5.505, 11.632
'PRANK_b1#0010_hhH_tree_93_OP_0.22235197408396468_Split_10.fasta', 37.956, 46.81, 35.248, 38.244
'PRANK_b1#0010_hhT_tree_55_OP_0.12131382649812672_Split_10.fasta', 34.278, 42.368, 27.251, 36.122
'PRANK_b1#0010_hhT_tree_78_OP_0.2199134490774199_Split_10.fasta', 7.202, 12.833, 4.384, 10.39
'PRANK_b1#0010_hhT_tree_93_OP_0.22235197408396468_Split_10.fasta', 38.1, 47.035, 35.338, 38.386
'PRANK_b1#0010_htH_tree_55_OP_0.12131382649812672_Split_10.fasta', 34.111, 42.09, 27.167, 36.265
'PRANK_b1#0010_htH_tree_78_OP_0.2199134490774199_Split_10.fasta', 8.652, 14.246, 5.691, 11.718
'PRANK_b1#0010_htH_tree_93_OP_0.22235197408396468_Split_10.fasta', 37.857, 46.696, 35.18, 38.129
'PRANK_b1#0010_htT_tree_55_OP_0.12131382649812672_Split_10.fasta', 34.174, 42.249, 27.14, 36.011
'PRANK_b1#0010_htT_tree_78_OP_0.2199134490774199_Split_10.fasta', 7.199, 12.831, 4.381, 10.388
'PRANK_b1#0010_htT_tree_93_OP_0.22235197408396468_Split_10.fasta', 38.27, 47.149, 35.321, 38.864
'PRANK_b1#0012_hhH_tree_39_OP_0.22687500454657905_Split_12.fasta', 39.923, 49.046, 33.714, 42.65
'PRANK_b1#0012_hhH_tree_42_OP_0.0496315149686164_Split_12.fasta', 35.668, 44.17, 28.901, 39.495
'PRANK_b1#0012_hhT_tree_39_OP_0.22687500454657905_Split_12.fasta', 40.553, 49.803, 33.047, 43.751
'PRANK_b1#0012_hhT_tree_42_OP_0.0496315149686164_Split_12.fasta', 36.273, 44.615, 29.996, 39.424
'PRANK_b1#0012_htH_tree_39_OP_0.22687500454657905_Split_12.fasta', 39.901, 49.028, 33.674, 42.606
'PRANK_b1#0012_htH_tree_42_OP_0.0496315149686164_Split_12.fasta', 35.47, 43.899, 28.768, 39.323
'PRANK_b1#0012_htT_tree_39_OP_0.22687500454657905_Split_12.fasta', 40.556, 49.809, 33.043, 43.76
'PRANK_b1#0012_htT_tree_42_OP_0.0496315149686164_Split_12.fasta', 36.292, 44.638, 29.987, 39.422
'PRANK_b1#0015_hhH_tree_18_OP_0.2024155938605975_Split_15.fasta', 38.13, 47.814, 30.023, 40.474
'PRANK_b1#0015_hhT_tree_18_OP_0.2024155938605975_Split_15.fasta', 39.805, 49.686, 33.242, 41.97
'PRANK_b1#0015_htH_tree_18_OP_0.2024155938605975_Split_15.fasta', 38.462, 48.227, 31.281, 41.313
'PRANK_b1#0015_htT_tree_18_OP_0.2024155938605975_Split_15.fasta', 39.797, 49.671, 33.236, 41.952
'PRANK_b1#0017_hhH_tree_25_OP_0.40331807202508463_Split_17.fasta', 24.74, 30.531, 22.851, 24.814
'PRANK_b1#0017_hhT_tree_25_OP_0.40331807202508463_Split_17.fasta', 23.801, 29.241, 19.487, 24.423
'PRANK_b1#0017_htH_tree_25_OP_0.40331807202508463_Split_17.fasta', 23.35, 28.941, 22.015, 23.96
'PRANK_b1#0017_htT_tree_25_OP_0.40331807202508463_Split_17.fasta', 23.234, 28.439, 18.99, 24.597
'PRANK_b1#0018_hhH_tree_75_OP_0.4799762788828158_Split_18.fasta', 23.301, 29.811, 18.821, 26.146
'PRANK_b1#0018_hhT_tree_75_OP_0.4799762788828158_Split_18.fasta', 24.237, 30.867, 19.588, 26.313
'PRANK_b1#0018_htH_tree_75_OP_0.4799762788828158_Split_18.fasta', 22.627, 29.219, 18.827, 25.657
'PRANK_b1#0018_htT_tree_75_OP_0.4799762788828158_Split_18.fasta', 22.99, 29.547, 18.688, 25.327
'PRANK_b1#0020_hhH_tree_32_OP_0.46510307915842913_Split_20.fasta', 6.375, 11.128, 3.268, 6.909
'PRANK_b1#0020_hhH_tree_45_OP_0.34336798907063576_Split_20.fasta', 37.677, 47.372, 30.482, 42.122
'PRANK_b1#0020_hhT_tree_32_OP_0.46510307915842913_Split_20.fasta', 9.004, 14.644, 4.789, 10.899
'PRANK_b1#0020_hhT_tree_45_OP_0.34336798907063576_Split_20.fasta', 36.433, 45.972, 30.441, 39.702
'PRANK_b1#0020_htH_tree_32_OP_0.46510307915842913_Split_20.fasta', 5.678, 10.561, 2.987, 6.506
'PRANK_b1#0020_htH_tree_45_OP_0.34336798907063576_Split_20.fasta', 37.65, 47.363, 30.467, 42.016
'PRANK_b1#0020_htT_tree_32_OP_0.46510307915842913_Split_20.fasta', 9.159, 14.816, 4.932, 10.987
'PRANK_b1#0020_htT_tree_45_OP_0.34336798907063576_Split_20.fasta', 35.783, 45.416, 30.232, 38.117
'PRANK_b1#0021_hhH_tree_72_OP_0.03379288926432422_Split_21.fasta', 34.192, 40.118, 32.123, 36.261
'PRANK_b1#0021_hhT_tree_72_OP_0.03379288926432422_Split_21.fasta', 32.29, 37.091, 30.017, 30.692
'PRANK_b1#0021_htH_tree_72_OP_0.03379288926432422_Split_21.fasta', 34.215, 40.142, 32.145, 36.287
'PRANK_b1#0021_htT_tree_72_OP_0.03379288926432422_Split_21.fasta', 31.953, 36.712, 29.856, 30.591
'PRANK_b1#0022_hhH_tree_82_OP_0.3028561213552523_Split_22.fasta', 21.106, 26.195, 17.707, 20.139
'PRANK_b1#0022_hhH_tree_83_OP_0.37330283834351374_Split_22.fasta', 40.95, 50.354, 32.905, 43.38
'PRANK_b1#0022_hhT_tree_82_OP_0.3028561213552523_Split_22.fasta', 22.127, 28.645, 19.837, 23.456
'PRANK_b1#0022_hhT_tree_83_OP_0.37330283834351374_Split_22.fasta', 31.321, 38.807, 25.169, 31.839
'PRANK_b1#0022_htH_tree_82_OP_0.3028561213552523_Split_22.fasta', 21.844, 27.139, 18.418, 21.008
'PRANK_b1#0022_htH_tree_83_OP_0.37330283834351374_Split_22.fasta', 41.04, 50.461, 32.993, 43.484
'PRANK_b1#0022_htT_tree_82_OP_0.3028561213552523_Split_22.fasta', 22.196, 28.714, 19.923, 23.534
'PRANK_b1#0022_htT_tree_83_OP_0.37330283834351374_Split_22.fasta', 31.581, 39.096, 25.65, 31.921
'PRANK_b1#0024_hhH_tree_12_OP_0.12503863659849623_Split_24.fasta', 29.783, 37.233, 26.106, 35.543
'PRANK_b1#0024_hhH_tree_28_OP_0.026059464327883253_Split_24.fasta', 37.207, 44.844, 32.849, 40.655
'PRANK_b1#0024_hhH_tree_34_OP_0.3871869419205337_Split_24.fasta', 35.273, 43.977, 30.835, 37.369
'PRANK_b1#0024_hhH_tree_58_OP_0.4060880752132891_Split_24.fasta', 32.511, 40.457, 28.057, 34.018
'PRANK_b1#0024_hhH_tree_65_OP_0.2277419037379937_Split_24.fasta', 23.982, 32.045, 19.359, 27.989
'PRANK_b1#0024_hhT_tree_12_OP_0.12503863659849623_Split_24.fasta', 29.297, 36.693, 25.568, 35.027
'PRANK_b1#0024_hhT_tree_28_OP_0.026059464327883253_Split_24.fasta', 37.116, 44.854, 31.387, 41.389
'PRANK_b1#0024_hhT_tree_34_OP_0.3871869419205337_Split_24.fasta', 30.303, 37.898, 27.576, 32.486
'PRANK_b1#0024_hhT_tree_58_OP_0.4060880752132891_Split_24.fasta', 32.854, 41.078, 27.474, 34.471
'PRANK_b1#0024_hhT_tree_65_OP_0.2277419037379937_Split_24.fasta', 24.819, 32.564, 20.652, 28.581
'PRANK_b1#0024_htH_tree_12_OP_0.12503863659849623_Split_24.fasta', 29.668, 37.095, 26.011, 35.427
'PRANK_b1#0024_htH_tree_28_OP_0.026059464327883253_Split_24.fasta', 37.207, 44.844, 32.849, 40.655
'PRANK_b1#0024_htH_tree_34_OP_0.3871869419205337_Split_24.fasta', 33.282, 41.126, 28.587, 35.52
'PRANK_b1#0024_htH_tree_58_OP_0.4060880752132891_Split_24.fasta', 35.551, 44.293, 29.138, 37.426
'PRANK_b1#0024_htH_tree_65_OP_0.2277419037379937_Split_24.fasta', 24.058, 32.182, 19.354, 28.082
'PRANK_b1#0024_htT_tree_12_OP_0.12503863659849623_Split_24.fasta', 29.297, 36.693, 25.568, 35.027
'PRANK_b1#0024_htT_tree_28_OP_0.026059464327883253_Split_24.fasta', 37.11, 44.847, 31.38, 41.381
'PRANK_b1#0024_htT_tree_34_OP_0.3871869419205337_Split_24.fasta', 32.048, 40.117, 29.118, 34.079
'PRANK_b1#0024_htT_tree_58_OP_0.4060880752132891_Split_24.fasta', 32.886, 41.156, 27.481, 34.541
'PRANK_b1#0024_htT_tree_65_OP_0.2277419037379937_Split_24.fasta', 24.839, 32.58, 20.661, 28.573
'PRANK_b1#0026_hhH_tree_87_OP_0.11403984600375927_Split_26.fasta', 22.989, 27.923, 21.132, 24.882
'PRANK_b1#0026_hhT_tree_87_OP_0.11403984600375927_Split_26.fasta', 28.364, 33.647, 26.117, 30.357
'PRANK_b1#0026_htH_tree_87_OP_0.11403984600375927_Split_26.fasta', 23.035, 27.953, 21.21, 24.96
'PRANK_b1#0026_htT_tree_87_OP_0.11403984600375927_Split_26.fasta', 28.377, 33.657, 26.136, 30.377
'PRANK_b1#0028_hhH_tree_70_OP_0.3490789034502281_Split_28.fasta', 17.48, 25.279, 10.912, 19.921
'PRANK_b1#0028_hhT_tree_70_OP_0.3490789034502281_Split_28.fasta', 21.741, 29.737, 19.688, 21.325
'PRANK_b1#0028_htH_tree_70_OP_0.3490789034502281_Split_28.fasta', 23.516, 32.177, 16.075, 24.355
'PRANK_b1#0028_htT_tree_70_OP_0.3490789034502281_Split_28.fasta', 25.059, 33.634, 18.183, 25.865
'PRANK_b1#0029_hhH_tree_1_OP_0.05363264786522631_Split_29.fasta', 19.803, 26.419, 16.552, 21.387
'PRANK_b1#0029_hhH_tree_62_OP_0.09025347905865139_Split_29.fasta', 19.872, 26.222, 16.019, 25.629
'PRANK_b1#0029_hhT_tree_1_OP_0.05363264786522631_Split_29.fasta', 18.95, 25.459, 13.847, 21.439
'PRANK_b1#0029_hhT_tree_62_OP_0.09025347905865139_Split_29.fasta', 22.176, 28.608, 19.539, 27.95
'PRANK_b1#0029_htH_tree_1_OP_0.05363264786522631_Split_29.fasta', 19.767, 26.364, 14.571, 22.285
'PRANK_b1#0029_htH_tree_62_OP_0.09025347905865139_Split_29.fasta', 19.872, 26.222, 16.019, 25.629
'PRANK_b1#0029_htT_tree_1_OP_0.05363264786522631_Split_29.fasta', 19.03, 25.557, 15.981, 20.563
'PRANK_b1#0029_htT_tree_62_OP_0.09025347905865139_Split_29.fasta', 22.18, 28.614, 19.541, 27.952
'PRANK_b1#0030_hhH_tree_68_OP_0.2161589229083642_Split_30.fasta', 37.195, 46.225, 26.764, 38.43
'PRANK_b1#0030_hhT_tree_68_OP_0.2161589229083642_Split_30.fasta', 37.513, 46.541, 29.073, 38.648
'PRANK_b1#0030_htH_tree_68_OP_0.2161589229083642_Split_30.fasta', 38.48, 47.393, 28.357, 39.798
'PRANK_b1#0030_htT_tree_68_OP_0.2161589229083642_Split_30.fasta', 37.432, 46.458, 28.999, 38.579
'PRANK_b1#0032_hhH_tree_17_OP_0.0883996370966601_Split_32.fasta', 18.306, 24.747, 14.734, 19.648
'PRANK_b1#0032_hhH_tree_31_OP_0.2991272106085847_Split_32.fasta', 44.042, 53.506, 36.977, 46.52
'PRANK_b1#0032_hhH_tree_57_OP_0.01035969654869301_Split_32.fasta', 36.487, 43.907, 32.093, 41.025
'PRANK_b1#0032_hhH_tree_74_OP_0.34003546929790274_Split_32.fasta', 37.351, 46.785, 27.256, 37.888
'PRANK_b1#0032_hhH_tree_76_OP_0.3744455664317578_Split_32.fasta', 22.191, 29.668, 14.592, 23.971
'PRANK_b1#0032_hhT_tree_17_OP_0.0883996370966601_Split_32.fasta', 16.961, 22.908, 13.093, 18.655
'PRANK_b1#0032_hhT_tree_31_OP_0.2991272106085847_Split_32.fasta', 42.92, 52.411, 36.562, 45.394
'PRANK_b1#0032_hhT_tree_57_OP_0.01035969654869301_Split_32.fasta', 36.874, 44.487, 32.742, 41.275
'PRANK_b1#0032_hhT_tree_74_OP_0.34003546929790274_Split_32.fasta', 26.774, 34.5, 20.061, 28.61
'PRANK_b1#0032_hhT_tree_76_OP_0.3744455664317578_Split_32.fasta', 19.961, 26.793, 14.405, 21.48
'PRANK_b1#0032_htH_tree_17_OP_0.0883996370966601_Split_32.fasta', 18.405, 24.842, 14.802, 19.723
'PRANK_b1#0032_htH_tree_31_OP_0.2991272106085847_Split_32.fasta', 44.038, 53.526, 36.951, 46.492
'PRANK_b1#0032_htH_tree_57_OP_0.01035969654869301_Split_32.fasta', 36.487, 43.907, 32.093, 41.025
'PRANK_b1#0032_htH_tree_74_OP_0.34003546929790274_Split_32.fasta', 28.274, 35.914, 21.955, 29.95
'PRANK_b1#0032_htH_tree_76_OP_0.3744455664317578_Split_32.fasta', 22.169, 29.663, 14.553, 23.971
'PRANK_b1#0032_htT_tree_17_OP_0.0883996370966601_Split_32.fasta', 17.068, 23.03, 13.195, 18.755
'PRANK_b1#0032_htT_tree_31_OP_0.2991272106085847_Split_32.fasta', 42.92, 52.411, 36.562, 45.394
'PRANK_b1#0032_htT_tree_57_OP_0.01035969654869301_Split_32.fasta', 36.855, 44.456, 32.677, 41.327
'PRANK_b1#0032_htT_tree_74_OP_0.34003546929790274_Split_32.fasta', 37.241, 46.696, 27.227, 37.602
'PRANK_b1#0032_htT_tree_76_OP_0.3744455664317578_Split_32.fasta', 19.961, 26.793, 14.405, 21.48
'PRANK_b1#0034_hhH_tree_33_OP_0.48048927330141855_Split_34.fasta', 9.947, 17.175, 5.962, 11.194
'PRANK_b1#0034_hhH_tree_52_OP_0.03486385316080837_Split_34.fasta', 23.504, 29.505, 19.363, 28.332
'PRANK_b1#0034_hhT_tree_33_OP_0.48048927330141855_Split_34.fasta', 18.85, 26.019, 15.224, 19.391
'PRANK_b1#0034_hhT_tree_52_OP_0.03486385316080837_Split_34.fasta', 20.72, 26.206, 19.305, 26.075
'PRANK_b1#0034_htH_tree_33_OP_0.48048927330141855_Split_34.fasta', 19.046, 26.494, 14.911, 20.198
'PRANK_b1#0034_htH_tree_52_OP_0.03486385316080837_Split_34.fasta', 23.506, 29.503, 19.365, 28.333
'PRANK_b1#0034_htT_tree_33_OP_0.48048927330141855_Split_34.fasta', 19.177, 26.417, 15.498, 19.749
'PRANK_b1#0034_htT_tree_52_OP_0.03486385316080837_Split_34.fasta', 20.72, 26.206, 19.305, 26.075
'PRANK_b1#0036_hhH_tree_8_OP_0.3698786236358351_Split_36.fasta', 29.412, 39.281, 23.121, 31.63
'PRANK_b1#0036_hhT_tree_8_OP_0.3698786236358351_Split_36.fasta', 29.158, 39.031, 22.944, 31.43
'PRANK_b1#0036_htH_tree_8_OP_0.3698786236358351_Split_36.fasta', 29.48, 39.098, 23.021, 32.541
'PRANK_b1#0036_htT_tree_8_OP_0.3698786236358351_Split_36.fasta', 30.113, 39.925, 25.058, 32.094
'PRANK_b1#0037_hhH_tree_19_OP_0.2601680197593299_Split_37.fasta', 32.532, 39.378, 27.672, 35.793
'PRANK_b1#0037_hhT_tree_19_OP_0.2601680197593299_Split_37.fasta', 33.428, 40.424, 28.4, 36.94
'PRANK_b1#0037_htH_tree_19_OP_0.2601680197593299_Split_37.fasta', 32.448, 39.259, 27.658, 35.683
'PRANK_b1#0037_htT_tree_19_OP_0.2601680197593299_Split_37.fasta', 33.408, 40.404, 28.363, 36.903
'PRANK_b1#0038_hhH_tree_22_OP_0.1313757710015392_Split_38.fasta', 28.691, 35.898, 25.852, 29.375
'PRANK_b1#0038_hhH_tree_38_OP_0.29843463616112814_Split_38.fasta', 40.195, 49.76, 33.156, 42.999
'PRANK_b1#0038_hhH_tree_91_OP_0.31689700001611826_Split_38.fasta', 34.4, 42.817, 29.082, 35.45
'PRANK_b1#0038_hhT_tree_22_OP_0.1313757710015392_Split_38.fasta', 28.163, 35.479, 25.175, 29.067
'PRANK_b1#0038_hhT_tree_38_OP_0.29843463616112814_Split_38.fasta', 40.164, 49.759, 35.071, 42.166
'PRANK_b1#0038_hhT_tree_91_OP_0.31689700001611826_Split_38.fasta', 34.634, 43.001, 29.306, 35.747
'PRANK_b1#0038_htH_tree_22_OP_0.1313757710015392_Split_38.fasta', 28.85, 36.037, 26.032, 29.515
'PRANK_b1#0038_htH_tree_38_OP_0.29843463616112814_Split_38.fasta', 40.233, 49.796, 33.182, 43.005
'PRANK_b1#0038_htH_tree_91_OP_0.31689700001611826_Split_38.fasta', 34.926, 43.51, 28.537, 37.671
'PRANK_b1#0038_htT_tree_22_OP_0.1313757710015392_Split_38.fasta', 28.163, 35.441, 25.214, 29.132
'PRANK_b1#0038_htT_tree_38_OP_0.29843463616112814_Split_38.fasta', 40.164, 49.759, 35.071, 42.166
'PRANK_b1#0038_htT_tree_91_OP_0.31689700001611826_Split_38.fasta', 34.421, 42.674, 28.927, 35.464
'PRANK_b1#0040_hhH_tree_27_OP_0.14896923282821622_Split_40.fasta', 43.501, 53.497, 34.924, 47.5
'PRANK_b1#0040_hhH_tree_9_OP_0.3803136599863731_Split_40.fasta', 16.018, 22.501, 11.421, 15.764
'PRANK_b1#0040_hhT_tree_27_OP_0.14896923282821622_Split_40.fasta', 43.649, 53.667, 34.811, 48.072
'PRANK_b1#0040_hhT_tree_9_OP_0.3803136599863731_Split_40.fasta', 13.855, 20.0, 9.658, 13.73
'PRANK_b1#0040_htH_tree_27_OP_0.14896923282821622_Split_40.fasta', 43.504, 53.499, 34.93, 47.504
'PRANK_b1#0040_htH_tree_9_OP_0.3803136599863731_Split_40.fasta', 15.638, 22.058, 11.172, 15.446
'PRANK_b1#0040_htT_tree_27_OP_0.14896923282821622_Split_40.fasta', 44.019, 54.014, 35.602, 48.026
'PRANK_b1#0040_htT_tree_9_OP_0.3803136599863731_Split_40.fasta', 14.213, 20.447, 9.888, 14.063
'PRANK_b1#0041_hhH_tree_98_OP_0.2156405548443302_Split_41.fasta', 16.159, 22.559, 13.931, 19.345
'PRANK_b1#0041_hhT_tree_98_OP_0.2156405548443302_Split_41.fasta', 17.931, 24.301, 15.971, 20.686
'PRANK_b1#0041_htH_tree_98_OP_0.2156405548443302_Split_41.fasta', 16.16, 22.539, 13.869, 19.145
'PRANK_b1#0041_htT_tree_98_OP_0.2156405548443302_Split_41.fasta', 17.788, 24.178, 15.819, 20.558
'PRANK_b1#0042_hhH_tree_26_OP_0.19458729828343746_Split_42.fasta', 42.033, 51.948, 33.388, 44.004
'PRANK_b1#0042_hhH_tree_50_OP_0.41441335319694456_Split_42.fasta', 27.58, 35.017, 25.106, 28.66
'PRANK_b1#0042_hhT_tree_26_OP_0.19458729828343746_Split_42.fasta', 39.157, 48.277, 37.921, 38.406
'PRANK_b1#0042_hhT_tree_50_OP_0.41441335319694456_Split_42.fasta', 26.887, 33.794, 24.652, 27.745
'PRANK_b1#0042_htH_tree_26_OP_0.19458729828343746_Split_42.fasta', 39.725, 49.073, 31.669, 41.596
'PRANK_b1#0042_htH_tree_50_OP_0.41441335319694456_Split_42.fasta', 27.029, 34.16, 24.787, 28.013
'PRANK_b1#0042_htT_tree_26_OP_0.19458729828343746_Split_42.fasta', 39.239, 48.382, 37.996, 38.495
'PRANK_b1#0042_htT_tree_50_OP_0.41441335319694456_Split_42.fasta', 26.837, 33.747, 24.58, 27.683
'PRANK_b1#0044_hhH_tree_66_OP_0.002445136450722696_Split_44.fasta', 33.684, 41.204, 25.604, 35.927
'PRANK_b1#0044_hhT_tree_66_OP_0.002445136450722696_Split_44.fasta', 30.42, 37.713, 25.374, 31.185
'PRANK_b1#0044_htH_tree_66_OP_0.002445136450722696_Split_44.fasta', 37.807, 45.96, 35.282, 38.789
'PRANK_b1#0044_htT_tree_66_OP_0.002445136450722696_Split_44.fasta', 36.356, 44.49, 33.822, 37.901
'PRANK_b1#0047_hhH_tree_49_OP_0.3808211405032018_Split_47.fasta', 25.73, 33.468, 22.347, 27.342
'PRANK_b1#0047_hhH_tree_54_OP_0.19617966006842125_Split_47.fasta', 26.603, 33.235, 22.111, 28.564
'PRANK_b1#0047_hhH_tree_94_OP_0.02673109171310184_Split_47.fasta', 38.339, 47.23, 37.395, 41.354
'PRANK_b1#0047_hhT_tree_49_OP_0.3808211405032018_Split_47.fasta', 28.121, 35.91, 22.861, 30.941
'PRANK_b1#0047_hhT_tree_54_OP_0.19617966006842125_Split_47.fasta', 39.39, 47.906, 32.728, 41.786
'PRANK_b1#0047_hhT_tree_94_OP_0.02673109171310184_Split_47.fasta', 39.057, 48.661, 35.959, 41.526
'PRANK_b1#0047_htH_tree_49_OP_0.3808211405032018_Split_47.fasta', 28.328, 36.152, 23.07, 30.848
'PRANK_b1#0047_htH_tree_54_OP_0.19617966006842125_Split_47.fasta', 26.603, 33.231, 22.103, 28.566
'PRANK_b1#0047_htH_tree_94_OP_0.02673109171310184_Split_47.fasta', 37.443, 46.14, 36.311, 39.19
'PRANK_b1#0047_htT_tree_49_OP_0.3808211405032018_Split_47.fasta', 28.295, 36.052, 23.039, 31.114
'PRANK_b1#0047_htT_tree_54_OP_0.19617966006842125_Split_47.fasta', 39.626, 48.157, 32.799, 42.184
'PRANK_b1#0047_htT_tree_94_OP_0.02673109171310184_Split_47.fasta', 39.082, 48.687, 36.004, 41.564
'23410', 53.923, 64.949, 47.017, 56.24
