code_PAM250_GO_-6_GE_-1,sp_HENIKOFF_with_gaps_PAM250_GO_-6_GE_-1,sp_HENIKOFF_without_gaps_PAM250_GO_-6_GE_-1,sp_CLUSTAL_WEIGHTS_mid_root_PAM250_GO_-6_GE_-1,sp_CLUSTAL_WEIGHTS_diff_sum_PAM250_GO_-6_GE_-1
'bali_phy_msa.1.fas', -66.083, -68.045, -55.853, -68.147
'bali_phy_msa.10.fas', 2.27, 7.946, -0.805, -0.368
'bali_phy_msa.100.fas', 2.524, 7.92, -1.429, -1.291
'bali_phy_msa.101.fas', 2.026, 7.561, 0.364, -1.138
'bali_phy_msa.102.fas', -1.936, 2.638, -3.034, -5.511
'bali_phy_msa.103.fas', 1.169, 6.371, -0.502, -2.345
'bali_phy_msa.104.fas', 3.119, 9.106, 1.195, 0.073
'bali_phy_msa.105.fas', 1.338, 6.439, 0.236, -1.709
'bali_phy_msa.106.fas', 2.09, 7.792, 2.902, -1.525
'bali_phy_msa.107.fas', 2.661, 7.891, -1.344, -0.197
'bali_phy_msa.108.fas', 2.018, 7.303, -0.114, -0.565
'bali_phy_msa.109.fas', 3.367, 8.985, 0.04, 0.386
'bali_phy_msa.11.fas', 2.044, 7.252, -1.403, -0.651
'bali_phy_msa.110.fas', 2.861, 8.212, 0.025, 0.235
'bali_phy_msa.111.fas', 0.031, 4.959, -1.872, -3.065
'bali_phy_msa.112.fas', 1.824, 6.962, 0.936, -1.551
'bali_phy_msa.113.fas', 1.345, 6.623, -0.138, -2.014
'bali_phy_msa.114.fas', 1.015, 6.424, -1.881, -1.967
'bali_phy_msa.115.fas', 3.332, 9.098, -1.3, 1.196
'bali_phy_msa.116.fas', 2.367, 7.775, -0.293, -1.342
'bali_phy_msa.117.fas', -1.144, 3.429, -2.576, -5.139
'bali_phy_msa.118.fas', 2.196, 7.629, -1.894, -0.681
'bali_phy_msa.119.fas', 1.812, 7.155, -0.557, -1.672
'bali_phy_msa.12.fas', 3.33, 8.982, -1.353, -0.206
'bali_phy_msa.120.fas', 0.832, 5.762, -1.235, -2.796
'bali_phy_msa.121.fas', 1.749, 6.74, -0.807, -2.267
'bali_phy_msa.122.fas', 3.183, 8.733, -1.369, 0.706
'bali_phy_msa.123.fas', 1.886, 7.13, -1.945, -0.04
'bali_phy_msa.124.fas', -0.053, 4.612, -2.934, -3.61
'bali_phy_msa.125.fas', 3.277, 8.685, 3.9, -0.488
'bali_phy_msa.126.fas', 0.373, 5.067, -0.876, -2.961
'bali_phy_msa.127.fas', 2.209, 7.391, -1.386, -0.006
'bali_phy_msa.128.fas', 3.12, 8.764, -0.858, -1.154
'bali_phy_msa.129.fas', 2.47, 7.746, -1.602, -0.198
'bali_phy_msa.13.fas', 2.716, 8.417, -0.393, 0.477
'bali_phy_msa.130.fas', 0.874, 6.125, -0.979, -2.267
'bali_phy_msa.131.fas', 1.643, 7.012, -1.164, -1.683
'bali_phy_msa.132.fas', 1.934, 7.099, 0.174, -1.297
'bali_phy_msa.133.fas', 2.23, 7.498, -0.43, -1.893
'bali_phy_msa.134.fas', 2.111, 7.62, -0.099, -0.854
'bali_phy_msa.135.fas', 2.889, 8.253, 0.863, -0.553
'bali_phy_msa.136.fas', 2.378, 7.849, -1.108, 0.136
'bali_phy_msa.137.fas', 2.62, 7.947, -0.501, -0.421
'bali_phy_msa.138.fas', 1.434, 6.631, -0.018, -1.453
'bali_phy_msa.139.fas', 1.171, 6.174, -1.351, -1.672
'bali_phy_msa.14.fas', 3.731, 9.662, 0.21, 1.397
'bali_phy_msa.140.fas', 1.824, 7.137, -1.679, -0.123
'bali_phy_msa.141.fas', 0.931, 5.875, 0.239, -2.44
'bali_phy_msa.142.fas', 4.289, 10.192, 0.737, 2.088
'bali_phy_msa.143.fas', 3.47, 9.23, 1.173, 0.19
'bali_phy_msa.144.fas', 1.224, 6.434, -1.548, -2.06
'bali_phy_msa.145.fas', -0.807, 3.631, -2.095, -4.217
'bali_phy_msa.146.fas', 2.542, 8.073, -2.043, -0.577
'bali_phy_msa.147.fas', 1.908, 7.199, 3.145, -1.185
'bali_phy_msa.148.fas', 0.416, 5.493, -1.638, -2.77
'bali_phy_msa.149.fas', 0.867, 6.064, -0.824, -1.813
'bali_phy_msa.15.fas', 0.617, 5.464, -2.248, -2.198
'bali_phy_msa.150.fas', -0.857, 3.914, -4.137, -4.196
'bali_phy_msa.151.fas', -4.257, -0.335, -3.715, -7.806
'bali_phy_msa.152.fas', 2.407, 7.707, 0.201, -1.069
'bali_phy_msa.153.fas', 1.851, 7.308, -2.843, -0.869
'bali_phy_msa.154.fas', 1.266, 6.455, -1.258, -1.685
'bali_phy_msa.155.fas', 1.668, 6.817, 0.75, -1.235
'bali_phy_msa.156.fas', 2.471, 7.867, 1.016, -0.529
'bali_phy_msa.157.fas', 0.435, 5.618, -1.832, -1.934
'bali_phy_msa.158.fas', 0.019, 5.123, -1.223, -3.21
'bali_phy_msa.159.fas', 1.586, 6.71, 0.134, -1.1
'bali_phy_msa.16.fas', 0.85, 5.812, -1.309, -2.573
'bali_phy_msa.160.fas', 3.066, 8.799, 0.899, -0.223
'bali_phy_msa.161.fas', 2.554, 8.16, 1.132, -0.257
'bali_phy_msa.162.fas', 3.498, 9.312, 2.437, 0.392
'bali_phy_msa.163.fas', 0.886, 5.811, -1.081, -2.594
'bali_phy_msa.164.fas', 1.3, 6.505, -0.444, -2.097
'bali_phy_msa.165.fas', 3.584, 9.201, -0.881, 0.537
'bali_phy_msa.166.fas', 0.554, 5.372, -1.238, -3.367
'bali_phy_msa.167.fas', -0.235, 4.383, -1.589, -3.455
'bali_phy_msa.168.fas', 0.672, 5.839, -1.309, -2.367
'bali_phy_msa.169.fas', -3.504, 0.803, -6.412, -6.471
'bali_phy_msa.17.fas', 0.13, 5.092, -3.37, -3.026
'bali_phy_msa.170.fas', 0.852, 6.021, -2.498, -3.145
'bali_phy_msa.171.fas', 3.022, 8.735, 1.241, -0.085
'bali_phy_msa.172.fas', 1.758, 7.211, -0.319, -1.844
'bali_phy_msa.173.fas', 1.539, 6.913, 0.219, -1.11
'bali_phy_msa.174.fas', 2.586, 8.208, -0.126, -1.448
'bali_phy_msa.175.fas', 1.161, 6.571, -3.733, -1.479
'bali_phy_msa.176.fas', 2.323, 7.714, 0.181, -0.89
'bali_phy_msa.177.fas', -0.324, 4.542, -3.703, -3.868
'bali_phy_msa.178.fas', 2.89, 8.433, -0.659, 0.454
'bali_phy_msa.179.fas', 3.423, 9.115, 1.973, 0.8
'bali_phy_msa.18.fas', 3.014, 8.464, -0.707, 0.551
'bali_phy_msa.180.fas', -0.306, 4.554, -3.436, -3.122
'bali_phy_msa.181.fas', 1.531, 6.787, -0.981, -1.952
'bali_phy_msa.182.fas', 1.836, 6.983, -0.199, -1.485
'bali_phy_msa.183.fas', 2.406, 8.102, -2.087, -0.495
'bali_phy_msa.184.fas', 3.33, 8.833, 0.388, -0.684
'bali_phy_msa.185.fas', -0.282, 4.756, -4.021, -3.168
'bali_phy_msa.186.fas', 1.995, 7.259, -1.101, -1.179
'bali_phy_msa.187.fas', 3.038, 8.442, -0.564, -0.291
'bali_phy_msa.188.fas', 1.574, 6.772, -0.465, -1.616
'bali_phy_msa.189.fas', 2.477, 7.96, -2.07, -0.078
'bali_phy_msa.19.fas', 0.101, 5.196, -1.37, -3.38
'bali_phy_msa.190.fas', 0.72, 5.743, -3.099, -1.602
'bali_phy_msa.191.fas', -0.734, 3.954, -4.232, -4.793
'bali_phy_msa.192.fas', 2.584, 8.322, 0.384, -0.729
'bali_phy_msa.193.fas', 1.8, 7.139, -3.319, -2.168
'bali_phy_msa.194.fas', 1.941, 7.199, -0.397, -1.345
'bali_phy_msa.195.fas', 2.31, 7.776, 0.35, 0.386
'bali_phy_msa.196.fas', 1.694, 7.227, -1.34, -1.121
'bali_phy_msa.197.fas', 2.682, 8.315, 0.403, -0.805
'bali_phy_msa.198.fas', 3.275, 8.678, 1.258, -0.253
'bali_phy_msa.199.fas', -0.866, 3.701, -1.503, -4.341
'bali_phy_msa.2.fas', -0.636, 3.952, -1.093, -3.519
'bali_phy_msa.20.fas', 0.814, 5.744, -0.443, -2.185
'bali_phy_msa.200.fas', 0.629, 5.975, -0.212, -2.31
'bali_phy_msa.201.fas', 2.045, 7.502, 0.634, -1.053
'bali_phy_msa.202.fas', 0.23, 5.161, 1.404, -3.924
'bali_phy_msa.203.fas', 2.815, 8.267, 0.981, -0.307
'bali_phy_msa.204.fas', -0.228, 4.652, -4.336, -3.482
'bali_phy_msa.205.fas', 1.283, 6.535, -0.946, -0.954
'bali_phy_msa.206.fas', 0.778, 5.566, 0.609, -2.931
'bali_phy_msa.207.fas', -4.788, -0.736, -5.72, -8.017
'bali_phy_msa.208.fas', -6.788, -3.182, -8.603, -10.778
'bali_phy_msa.209.fas', 1.056, 6.124, -0.315, -2.25
'bali_phy_msa.21.fas', 2.781, 8.206, 1.556, 0.125
'bali_phy_msa.210.fas', 2.352, 7.363, 0.553, -1.356
'bali_phy_msa.211.fas', -0.286, 4.256, -1.366, -3.969
'bali_phy_msa.212.fas', 2.159, 7.485, -1.884, 0.591
'bali_phy_msa.213.fas', 1.777, 6.896, -0.585, -2.077
'bali_phy_msa.214.fas', 2.223, 7.629, 0.672, -1.069
'bali_phy_msa.215.fas', 0.229, 5.072, -1.996, -3.084
'bali_phy_msa.216.fas', -0.112, 4.709, -2.037, -4.356
'bali_phy_msa.217.fas', 4.244, 10.12, 0.01, 0.798
'bali_phy_msa.218.fas', 2.034, 7.316, -1.29, -0.553
'bali_phy_msa.219.fas', 0.892, 6.154, -1.466, -2.002
'bali_phy_msa.22.fas', 3.358, 8.937, 0.484, 0.034
'bali_phy_msa.220.fas', 1.421, 6.592, -1.725, -1.151
'bali_phy_msa.221.fas', 2.466, 7.916, 0.889, -0.285
'bali_phy_msa.222.fas', 2.527, 7.944, 0.97, -0.265
'bali_phy_msa.223.fas', 0.124, 5.21, -1.689, -3.002
'bali_phy_msa.224.fas', 1.383, 6.387, -0.431, -2.022
'bali_phy_msa.225.fas', -0.52, 4.196, -2.52, -4.289
'bali_phy_msa.226.fas', 2.278, 7.697, -0.046, -1.118
'bali_phy_msa.227.fas', -1.636, 2.975, -2.972, -5.08
'bali_phy_msa.228.fas', 0.769, 5.959, -1.154, -2.318
'bali_phy_msa.229.fas', 1.857, 7.092, 0.055, -0.912
'bali_phy_msa.23.fas', 1.904, 7.247, -0.22, -0.599
'bali_phy_msa.230.fas', 2.415, 7.867, 0.684, -0.851
'bali_phy_msa.231.fas', 1.433, 6.691, -1.194, -1.422
'bali_phy_msa.232.fas', 1.159, 6.253, -2.51, -2.267
'bali_phy_msa.233.fas', 1.753, 7.038, 2.424, -4.185
'bali_phy_msa.234.fas', 2.009, 7.384, -1.526, -1.437
'bali_phy_msa.235.fas', 2.375, 7.832, -1.116, -1.262
'bali_phy_msa.236.fas', 1.521, 6.653, -2.138, -1.88
'bali_phy_msa.237.fas', 1.906, 7.057, -2.886, -1.256
'bali_phy_msa.238.fas', 2.075, 7.464, -2.691, -1.012
'bali_phy_msa.239.fas', 1.566, 6.766, -0.443, -0.962
'bali_phy_msa.24.fas', 3.049, 8.72, 1.141, 0.009
'bali_phy_msa.240.fas', 2.499, 7.793, 0.686, -0.86
'bali_phy_msa.241.fas', 1.013, 6.02, 2.544, -3.239
'bali_phy_msa.242.fas', 1.113, 6.173, -1.745, -2.198
'bali_phy_msa.243.fas', 2.646, 8.292, 0.112, -1.181
'bali_phy_msa.244.fas', 2.408, 7.582, 1.023, -1.189
'bali_phy_msa.245.fas', 3.222, 9.002, -0.482, 0.242
'bali_phy_msa.246.fas', 3.598, 9.168, 1.285, 0.169
'bali_phy_msa.247.fas', 0.247, 5.057, -1.702, -2.013
'bali_phy_msa.248.fas', 3.622, 9.442, 0.716, 1.382
'bali_phy_msa.249.fas', 2.463, 7.941, -0.431, -0.618
'bali_phy_msa.25.fas', 3.115, 8.841, 1.166, -0.002
'bali_phy_msa.250.fas', 0.162, 4.958, -1.62, -3.657
'bali_phy_msa.251.fas', 2.597, 8.059, -2.543, -1.363
'bali_phy_msa.252.fas', 2.395, 7.751, 0.787, -0.606
'bali_phy_msa.253.fas', 0.978, 6.267, -1.207, -2.75
'bali_phy_msa.254.fas', -2.65, 1.564, -6.066, -5.952
'bali_phy_msa.255.fas', -3.268, 1.386, -4.698, -6.362
'bali_phy_msa.256.fas', 1.07, 6.106, -0.444, -2.555
'bali_phy_msa.257.fas', 0.893, 6.132, 0.93, -2.729
'bali_phy_msa.258.fas', 0.786, 5.855, -0.524, -2.747
'bali_phy_msa.259.fas', 0.022, 5.084, -1.617, -2.954
'bali_phy_msa.26.fas', 2.462, 7.744, 0.949, -0.817
'bali_phy_msa.260.fas', 2.35, 7.863, -1.949, 0.011
'bali_phy_msa.261.fas', 2.0, 7.017, -0.031, -1.912
'bali_phy_msa.262.fas', 2.148, 7.416, -1.273, -1.695
'bali_phy_msa.263.fas', 2.145, 7.77, -1.464, -1.675
'bali_phy_msa.264.fas', 2.134, 7.554, -0.525, -1.06
'bali_phy_msa.265.fas', 2.079, 7.691, -1.392, -1.018
'bali_phy_msa.266.fas', 2.803, 8.357, 1.255, -0.296
'bali_phy_msa.267.fas', 3.401, 9.358, 1.573, 0.623
'bali_phy_msa.268.fas', 0.488, 5.522, -3.626, -2.389
'bali_phy_msa.269.fas', 2.719, 8.289, -0.906, -0.885
'bali_phy_msa.27.fas', 2.69, 8.176, 0.169, -0.353
'bali_phy_msa.270.fas', -1.196, 3.479, -3.714, -5.612
'bali_phy_msa.271.fas', -8.645, -5.507, -8.727, -12.077
'bali_phy_msa.272.fas', 1.384, 6.707, -0.47, -0.637
'bali_phy_msa.273.fas', 1.388, 6.803, -0.822, -1.703
'bali_phy_msa.274.fas', 1.543, 6.533, -0.017, -1.993
'bali_phy_msa.275.fas', 3.082, 8.594, -0.131, -0.043
'bali_phy_msa.276.fas', 3.241, 8.695, 0.651, -0.304
'bali_phy_msa.277.fas', -1.043, 3.462, -2.603, -4.161
'bali_phy_msa.278.fas', 1.874, 7.442, -0.437, -0.082
'bali_phy_msa.279.fas', 0.865, 5.923, -0.891, -1.702
'bali_phy_msa.28.fas', 2.766, 8.095, 0.995, -0.565
'bali_phy_msa.280.fas', 1.101, 6.289, 2.232, -2.582
'bali_phy_msa.281.fas', 2.793, 8.22, 0.641, 0.057
'bali_phy_msa.282.fas', 0.907, 5.92, -1.131, -2.016
'bali_phy_msa.283.fas', 0.077, 4.93, -1.943, -2.778
'bali_phy_msa.284.fas', 1.742, 6.948, -0.019, -1.493
'bali_phy_msa.285.fas', 0.825, 5.979, -1.031, -2.52
'bali_phy_msa.286.fas', 1.554, 6.768, -1.756, -1.436
'bali_phy_msa.287.fas', 3.881, 9.394, 1.257, 0.456
'bali_phy_msa.288.fas', 0.819, 5.942, -1.481, -2.123
'bali_phy_msa.289.fas', -0.463, 4.322, -2.188, -3.499
'bali_phy_msa.29.fas', 2.018, 7.336, 0.186, -1.375
'bali_phy_msa.290.fas', 1.825, 7.035, 0.458, -1.202
'bali_phy_msa.291.fas', 1.587, 7.017, -3.141, -2.234
'bali_phy_msa.292.fas', 1.108, 6.015, 0.129, -1.955
'bali_phy_msa.293.fas', 0.65, 5.702, -1.7, -2.542
'bali_phy_msa.294.fas', 1.575, 6.924, 0.254, -1.475
'bali_phy_msa.295.fas', 3.07, 8.674, 1.37, -0.086
'bali_phy_msa.296.fas', 1.179, 6.437, -2.0, -2.402
'bali_phy_msa.297.fas', 1.66, 7.011, -0.007, -1.422
'bali_phy_msa.298.fas', 1.716, 7.056, 1.035, -0.292
'bali_phy_msa.299.fas', 1.596, 6.813, 0.17, -1.788
'bali_phy_msa.3.fas', 0.586, 5.637, -1.646, -2.828
'bali_phy_msa.30.fas', 2.766, 8.112, 0.279, -1.208
'bali_phy_msa.300.fas', 1.013, 6.008, -0.743, -2.297
'bali_phy_msa.301.fas', 0.263, 5.09, -2.582, -2.9
'bali_phy_msa.302.fas', 1.718, 7.014, 0.185, -1.381
'bali_phy_msa.303.fas', 1.109, 6.394, 2.189, -3.588
'bali_phy_msa.304.fas', 0.003, 5.072, -1.916, -3.181
'bali_phy_msa.305.fas', 2.124, 7.537, -0.233, -1.462
'bali_phy_msa.306.fas', 2.263, 8.045, -0.379, -0.877
'bali_phy_msa.307.fas', 2.983, 8.568, 1.255, 0.296
'bali_phy_msa.308.fas', 0.526, 5.758, -0.59, -2.586
'bali_phy_msa.309.fas', 2.315, 7.657, 0.374, -1.224
'bali_phy_msa.31.fas', 1.87, 7.371, -1.345, -0.115
'bali_phy_msa.310.fas', 0.662, 5.755, 0.231, -2.984
'bali_phy_msa.311.fas', 3.185, 8.714, 0.848, -0.279
'bali_phy_msa.312.fas', 3.914, 9.528, 1.037, 2.014
'bali_phy_msa.313.fas', 0.224, 5.102, -2.389, -3.367
'bali_phy_msa.314.fas', 2.813, 8.337, 0.181, -0.077
'bali_phy_msa.315.fas', 1.98, 7.246, 0.649, -0.779
'bali_phy_msa.316.fas', 0.821, 5.961, -0.387, -2.248
'bali_phy_msa.317.fas', 1.482, 6.745, -3.624, -1.987
'bali_phy_msa.318.fas', 2.882, 8.64, 3.076, -0.521
'bali_phy_msa.319.fas', 3.183, 8.897, 1.314, 0.384
'bali_phy_msa.32.fas', 2.394, 7.665, -0.231, -0.687
'bali_phy_msa.320.fas', 1.153, 6.342, -0.601, -2.312
'bali_phy_msa.321.fas', 2.596, 8.034, 0.059, -0.544
'bali_phy_msa.322.fas', 2.161, 7.515, 0.06, -0.989
'bali_phy_msa.323.fas', 2.598, 8.126, -1.073, -1.176
'bali_phy_msa.324.fas', 1.66, 6.853, -0.368, -0.821
'bali_phy_msa.325.fas', 4.161, 9.881, -0.019, 1.565
'bali_phy_msa.326.fas', 3.576, 9.086, 1.552, 0.037
'bali_phy_msa.327.fas', 2.196, 7.803, 0.102, -0.788
'bali_phy_msa.328.fas', 1.719, 6.922, 0.42, -1.327
'bali_phy_msa.329.fas', 0.715, 5.729, -1.549, -1.899
'bali_phy_msa.33.fas', 0.406, 5.402, -2.48, -1.886
'bali_phy_msa.330.fas', 0.534, 5.515, -2.513, -3.005
'bali_phy_msa.331.fas', 0.323, 5.476, -0.85, -2.916
'bali_phy_msa.332.fas', 1.308, 6.411, 4.498, -2.084
'bali_phy_msa.333.fas', 2.73, 8.38, -1.486, 0.654
'bali_phy_msa.334.fas', 3.188, 8.765, -0.907, 0.5
'bali_phy_msa.335.fas', -0.505, 4.124, -3.546, -4.057
'bali_phy_msa.336.fas', 1.66, 7.13, 0.03, -1.705
'bali_phy_msa.337.fas', 2.286, 7.769, 0.748, -0.944
'bali_phy_msa.338.fas', 1.659, 7.139, -1.771, -1.681
'bali_phy_msa.339.fas', 2.995, 8.552, -0.586, -0.409
'bali_phy_msa.34.fas', 4.165, 10.079, -0.997, 0.107
'bali_phy_msa.340.fas', 3.031, 8.485, -0.949, -0.066
'bali_phy_msa.341.fas', 3.443, 9.159, 1.258, -0.027
'bali_phy_msa.342.fas', 1.081, 6.054, 2.523, -3.585
'bali_phy_msa.343.fas', 0.285, 5.464, -1.764, -3.278
'bali_phy_msa.344.fas', 1.872, 7.176, -1.881, -0.05
'bali_phy_msa.345.fas', 2.726, 8.185, -0.7, -0.194
'bali_phy_msa.346.fas', 2.897, 8.454, 1.867, -1.407
'bali_phy_msa.347.fas', 2.787, 8.344, 0.641, -0.571
'bali_phy_msa.348.fas', 0.878, 5.916, 0.328, -1.27
'bali_phy_msa.349.fas', 2.033, 7.311, 0.433, -0.369
'bali_phy_msa.35.fas', 2.013, 7.74, -3.078, -1.071
'bali_phy_msa.350.fas', 1.856, 7.269, 2.839, -2.462
'bali_phy_msa.351.fas', 1.1, 6.248, 0.938, -1.578
'bali_phy_msa.352.fas', 2.065, 7.372, 0.129, -0.583
'bali_phy_msa.353.fas', 1.928, 7.413, -0.14, -0.684
'bali_phy_msa.354.fas', 1.122, 6.209, 0.051, -1.999
'bali_phy_msa.355.fas', 1.65, 7.02, -0.43, -1.371
'bali_phy_msa.356.fas', 0.362, 5.266, -1.135, -2.384
'bali_phy_msa.357.fas', 3.068, 8.716, -0.524, 1.382
'bali_phy_msa.358.fas', 0.499, 5.59, -1.609, -2.0
'bali_phy_msa.359.fas', 1.815, 7.029, -0.837, -1.732
'bali_phy_msa.36.fas', 1.906, 7.412, -0.532, -0.314
'bali_phy_msa.360.fas', 3.996, 9.876, -0.248, 0.653
'bali_phy_msa.361.fas', 2.848, 8.333, 0.39, 0.674
'bali_phy_msa.362.fas', 2.359, 7.741, 1.61, -0.837
'bali_phy_msa.363.fas', 4.42, 10.217, 1.166, 0.965
'bali_phy_msa.364.fas', 1.864, 6.969, -0.547, -0.5
'bali_phy_msa.365.fas', 1.901, 7.183, -1.554, -1.405
'bali_phy_msa.366.fas', 2.982, 8.661, 1.881, -1.033
'bali_phy_msa.367.fas', 0.209, 5.185, -0.732, -2.888
'bali_phy_msa.368.fas', 1.026, 6.33, -0.846, -1.869
'bali_phy_msa.369.fas', 3.23, 9.048, 1.215, 0.242
'bali_phy_msa.37.fas', 0.796, 5.659, -0.519, -2.766
'bali_phy_msa.370.fas', 2.6, 8.094, 0.505, -0.502
'bali_phy_msa.371.fas', 1.74, 7.109, -1.465, -0.209
'bali_phy_msa.372.fas', 3.225, 9.023, 1.225, -0.198
'bali_phy_msa.373.fas', 0.957, 5.823, -1.194, -2.631
'bali_phy_msa.374.fas', 4.238, 10.019, -0.906, 1.873
'bali_phy_msa.375.fas', 2.649, 8.043, 4.774, -1.559
'bali_phy_msa.376.fas', 3.563, 9.263, -0.367, 0.764
'bali_phy_msa.377.fas', -0.606, 4.235, -1.699, -3.939
'bali_phy_msa.378.fas', -1.305, 3.595, -3.422, -4.528
'bali_phy_msa.379.fas', 3.295, 9.244, 2.126, -0.023
'bali_phy_msa.38.fas', 1.329, 6.814, -2.018, -1.907
'bali_phy_msa.380.fas', 2.996, 8.658, -1.534, -0.231
'bali_phy_msa.381.fas', 2.796, 8.576, 1.643, -0.726
'bali_phy_msa.382.fas', 1.605, 7.038, -0.306, -1.935
'bali_phy_msa.383.fas', 0.114, 5.048, -1.108, -3.565
'bali_phy_msa.384.fas', 1.573, 6.931, -3.154, -1.831
'bali_phy_msa.385.fas', -0.155, 4.831, 1.265, -4.044
'bali_phy_msa.386.fas', 3.039, 8.694, -2.037, -0.13
'bali_phy_msa.387.fas', 1.33, 6.301, 1.386, -4.563
'bali_phy_msa.388.fas', 1.033, 6.444, -0.237, -2.217
'bali_phy_msa.389.fas', -0.379, 4.397, -3.816, -2.801
'bali_phy_msa.39.fas', 0.475, 5.747, -2.166, -3.106
'bali_phy_msa.390.fas', 2.121, 7.497, -1.564, -0.884
'bali_phy_msa.391.fas', 2.297, 7.629, -1.817, -0.748
'bali_phy_msa.392.fas', 2.517, 8.115, -0.363, 0.692
'bali_phy_msa.393.fas', 1.28, 6.43, -0.81, -2.614
'bali_phy_msa.394.fas', 2.438, 7.728, -0.228, -0.38
'bali_phy_msa.395.fas', 3.331, 8.811, 0.073, -0.563
'bali_phy_msa.396.fas', 2.547, 8.233, -1.889, 0.444
'bali_phy_msa.397.fas', -6.653, -2.897, -9.105, -10.075
'bali_phy_msa.398.fas', 0.114, 5.225, -2.124, -3.592
'bali_phy_msa.399.fas', 1.722, 6.936, -2.029, -1.32
'bali_phy_msa.4.fas', 2.113, 7.48, 0.495, -0.556
'bali_phy_msa.40.fas', 1.602, 6.666, -2.746, -1.552
'bali_phy_msa.400.fas', 3.306, 8.935, -1.89, -0.093
'bali_phy_msa.41.fas', 2.133, 7.565, 1.012, -0.313
'bali_phy_msa.42.fas', 0.146, 5.26, -4.12, -2.171
'bali_phy_msa.43.fas', 2.114, 7.778, 0.157, -1.15
'bali_phy_msa.44.fas', 0.991, 6.13, -1.479, -2.631
'bali_phy_msa.45.fas', 3.423, 9.164, -1.072, 0.428
'bali_phy_msa.46.fas', 2.498, 7.975, 0.906, -1.137
'bali_phy_msa.47.fas', 1.863, 7.216, 0.364, -0.911
'bali_phy_msa.48.fas', 1.624, 6.707, -0.439, -2.733
'bali_phy_msa.49.fas', 2.193, 7.624, -0.189, -1.33
'bali_phy_msa.5.fas', 1.654, 7.026, -1.061, -1.999
'bali_phy_msa.50.fas', 1.509, 6.629, -1.758, -2.095
'bali_phy_msa.51.fas', 1.383, 6.842, -0.311, -1.375
'bali_phy_msa.52.fas', 2.237, 7.537, -1.232, 0.002
'bali_phy_msa.53.fas', 0.24, 5.243, -3.511, -3.284
'bali_phy_msa.54.fas', 1.559, 6.864, -3.109, -2.087
'bali_phy_msa.55.fas', 2.174, 7.474, -0.708, -1.698
'bali_phy_msa.56.fas', 3.626, 9.263, 0.042, 1.408
'bali_phy_msa.57.fas', 1.723, 7.13, -0.742, -1.644
'bali_phy_msa.58.fas', 3.406, 9.066, 2.034, -0.638
'bali_phy_msa.59.fas', 1.997, 7.001, 1.099, -2.116
'bali_phy_msa.6.fas', 2.257, 7.655, 0.362, -0.773
'bali_phy_msa.60.fas', 4.147, 9.916, -0.19, 0.859
'bali_phy_msa.61.fas', 2.275, 7.647, 1.173, -0.352
'bali_phy_msa.62.fas', 1.373, 6.746, 2.24, -2.369
'bali_phy_msa.63.fas', 1.706, 7.298, 2.507, -3.396
'bali_phy_msa.64.fas', 1.446, 6.408, -2.35, -1.742
'bali_phy_msa.65.fas', 2.518, 7.932, -2.345, -1.293
'bali_phy_msa.66.fas', 1.328, 6.277, -0.274, -2.465
'bali_phy_msa.67.fas', 1.811, 7.159, 0.124, -0.836
'bali_phy_msa.68.fas', 3.097, 8.97, -0.857, 0.329
'bali_phy_msa.69.fas', 1.268, 6.427, -1.517, -1.287
'bali_phy_msa.7.fas', -0.098, 4.617, 0.405, -5.445
'bali_phy_msa.70.fas', 1.644, 6.743, 1.294, -2.976
'bali_phy_msa.71.fas', 1.928, 7.101, -1.4, -1.916
'bali_phy_msa.72.fas', 3.313, 9.027, 0.895, -0.271
'bali_phy_msa.73.fas', 2.391, 7.816, -0.18, -1.269
'bali_phy_msa.74.fas', 2.488, 7.897, -2.208, -0.312
'bali_phy_msa.75.fas', 2.421, 7.992, -0.25, -0.42
'bali_phy_msa.76.fas', 1.19, 6.234, -1.159, -1.81
'bali_phy_msa.77.fas', 1.209, 6.483, -2.027, -1.694
'bali_phy_msa.78.fas', 2.33, 7.644, 0.855, -0.518
'bali_phy_msa.79.fas', 2.161, 7.632, 0.586, -0.822
'bali_phy_msa.8.fas', -0.773, 3.919, -2.525, -4.121
'bali_phy_msa.80.fas', 2.308, 7.826, -1.346, 0.397
'bali_phy_msa.81.fas', 2.946, 8.678, 0.884, -0.5
'bali_phy_msa.82.fas', 1.239, 6.656, -0.203, -1.458
'bali_phy_msa.83.fas', 0.095, 4.905, -3.126, -3.151
'bali_phy_msa.84.fas', 1.774, 7.06, -3.058, -2.16
'bali_phy_msa.85.fas', 0.737, 5.997, -1.767, -1.618
'bali_phy_msa.86.fas', 1.19, 6.241, -1.126, -2.54
'bali_phy_msa.87.fas', 1.85, 7.091, -1.343, -1.131
'bali_phy_msa.88.fas', 1.156, 6.266, -1.556, -1.975
'bali_phy_msa.89.fas', 0.246, 5.354, -4.233, -2.551
'bali_phy_msa.9.fas', -0.461, 4.278, -2.34, -4.537
'bali_phy_msa.90.fas', 0.812, 5.849, -0.786, -2.702
'bali_phy_msa.91.fas', 1.398, 6.234, 0.278, -1.921
'bali_phy_msa.92.fas', -0.289, 4.484, -3.238, -4.704
'bali_phy_msa.93.fas', 3.265, 8.963, -0.838, 0.478
'bali_phy_msa.94.fas', 3.653, 9.517, -0.201, 1.053
'bali_phy_msa.95.fas', 1.602, 6.828, 1.659, -3.978
'bali_phy_msa.96.fas', 0.489, 5.395, -3.334, -3.39
'bali_phy_msa.97.fas', 0.559, 5.342, 1.162, -2.708
'bali_phy_msa.98.fas', 2.097, 7.423, 1.815, -1.525
'bali_phy_msa.99.fas', 1.77, 7.043, 2.698, -2.593
'MAFFT_b0#0051_hhH_tree_47_OP_1.2558167082838578_Split_51.fasta', -3.207, 2.462, -7.846, -4.022
'MAFFT_b0#0051_htH_tree_0_OP_1.9201310643830272_Split_51.fasta', -1.647, 1.397, -3.474, -6.593
'MAFFT_b0#0051_htH_tree_57_OP_1.8145645468714477_Split_51.fasta', -1.47, 3.519, -1.761, -5.991
'MAFFT_b0#0051_htH_tree_93_OP_2.2336854992597184_Split_51.fasta', 0.739, 6.322, -6.392, -1.991
'MAFFT_b0#0051_htT_tree_0_OP_1.9201310643830272_Split_51.fasta', -1.647, 1.397, -3.474, -6.593
'MAFFT_b0#0051_htT_tree_57_OP_1.8145645468714477_Split_51.fasta', -1.47, 3.519, -1.761, -5.991
'MAFFT_b0#0051_thH_tree_57_OP_1.8145645468714477_Split_51.fasta', -0.376, 4.75, -0.236, -4.814
'MAFFT_b0#0051_thH_tree_93_OP_2.2336854992597184_Split_51.fasta', 1.265, 6.851, -5.806, -1.688
'MAFFT_b0#0051_thT_tree_0_OP_1.9201310643830272_Split_51.fasta', 0.072, 4.732, 0.901, -4.03
'MAFFT_b0#0051_thT_tree_47_OP_1.2558167082838578_Split_51.fasta', -3.207, 2.462, -7.846, -4.022
'MAFFT_b0#0051_ttH_tree_47_OP_1.2558167082838578_Split_51.fasta', -4.149, 1.19, -8.041, -6.063
'MAFFT_b0#0051_ttH_tree_93_OP_2.2336854992597184_Split_51.fasta', 0.739, 6.322, -6.392, -1.991
'MAFFT_b0#0051_ttT_tree_0_OP_1.9201310643830272_Split_51.fasta', -1.647, 1.397, -3.474, -6.593
'MAFFT_b0#0051_ttT_tree_47_OP_1.2558167082838578_Split_51.fasta', -4.149, 1.19, -8.041, -6.063
'MAFFT_b0#0051_ttT_tree_57_OP_1.8145645468714477_Split_51.fasta', -1.47, 3.519, -1.761, -5.991
'MAFFT_b0#0051_ttT_tree_93_OP_2.2336854992597184_Split_51.fasta', 0.739, 6.322, -6.392, -1.991
'MAFFT_b0#0053_hhH_tree_5_OP_1.3773636194735985_Split_53.fasta', 0.508, 6.801, -1.96, -2.173
'MAFFT_b0#0053_hhH_tree_60_OP_2.2485867324412547_Split_53.fasta', -0.83, 4.839, -2.463, -6.731
'MAFFT_b0#0053_hhT_tree_60_OP_2.2485867324412547_Split_53.fasta', -0.83, 4.839, -2.463, -6.731
'MAFFT_b0#0053_htH_tree_5_OP_1.3773636194735985_Split_53.fasta', 1.122, 7.331, -0.67, -1.985
'MAFFT_b0#0053_htT_tree_5_OP_1.3773636194735985_Split_53.fasta', 1.122, 7.331, -0.67, -1.985
'MAFFT_b0#0053_thH_tree_60_OP_2.2485867324412547_Split_53.fasta', -0.83, 4.839, -2.463, -6.731
'MAFFT_b0#0053_thT_tree_5_OP_1.3773636194735985_Split_53.fasta', 0.472, 6.759, -2.006, -2.234
'MAFFT_b0#0053_ttH_tree_60_OP_2.2485867324412547_Split_53.fasta', -0.479, 5.262, -2.179, -6.345
'MAFFT_b0#0054_hhH_tree_35_OP_2.3157753293540146_Split_54.fasta', -3.227, 1.629, -2.321, -5.499
'MAFFT_b0#0054_htH_tree_35_OP_2.3157753293540146_Split_54.fasta', -3.084, 1.817, -2.24, -5.372
'MAFFT_b0#0054_thH_tree_35_OP_2.3157753293540146_Split_54.fasta', -3.227, 1.629, -2.321, -5.499
'MAFFT_b0#0054_ttT_tree_35_OP_2.3157753293540146_Split_54.fasta', -3.084, 1.817, -2.24, -5.372
'MAFFT_b0#0057_htH_tree_1_OP_1.4037489078147287_Split_57.fasta', -5.307, -0.039, -9.003, -6.693
'MAFFT_b0#0057_htT_tree_1_OP_1.4037489078147287_Split_57.fasta', -5.307, -0.039, -9.003, -6.693
'MAFFT_b0#0057_thT_tree_1_OP_1.4037489078147287_Split_57.fasta', -5.218, 0.067, -8.165, -6.582
'MAFFT_b0#0057_ttT_tree_1_OP_1.4037489078147287_Split_57.fasta', -5.307, -0.039, -9.003, -6.693
'MAFFT_b0#0058_hhH_tree_13_OP_1.7913990869854772_Split_58.fasta', -7.961, -3.539, -9.213, -11.677
'MAFFT_b0#0058_htH_tree_11_OP_1.3146381684889776_Split_58.fasta', 0.12, 5.809, -2.38, -3.895
'MAFFT_b0#0058_htH_tree_13_OP_1.7913990869854772_Split_58.fasta', -7.827, -3.324, -7.595, -12.254
'MAFFT_b0#0058_htT_tree_11_OP_1.3146381684889776_Split_58.fasta', 0.12, 5.809, -2.38, -3.895
'MAFFT_b0#0058_thH_tree_13_OP_1.7913990869854772_Split_58.fasta', -7.961, -3.539, -9.213, -11.677
'MAFFT_b0#0058_ttH_tree_11_OP_1.3146381684889776_Split_58.fasta', 0.995, 6.713, -0.923, -4.333
'MAFFT_b0#0058_ttT_tree_11_OP_1.3146381684889776_Split_58.fasta', 0.995, 6.713, -0.923, -4.333
'MAFFT_b0#0058_ttT_tree_13_OP_1.7913990869854772_Split_58.fasta', -7.827, -3.324, -7.595, -12.254
'MAFFT_b0#0060_hhT_tree_32_OP_1.498379977124041_Split_60.fasta', -0.532, 3.999, -4.209, -6.168
'MAFFT_b0#0060_htH_tree_32_OP_1.498379977124041_Split_60.fasta', -0.72, 3.803, -4.424, -6.368
'MAFFT_b0#0060_htT_tree_32_OP_1.498379977124041_Split_60.fasta', -0.72, 3.803, -4.424, -6.368
'MAFFT_b0#0060_ttH_tree_32_OP_1.498379977124041_Split_60.fasta', -0.72, 3.803, -4.424, -6.368
'MAFFT_b0#0061_hhH_tree_87_OP_1.1834961203615137_Split_61.fasta', -2.782, 3.013, -5.378, -5.868
'MAFFT_b0#0061_hhH_tree_88_OP_2.9570433978664177_Split_61.fasta', -0.797, 4.259, -2.659, -5.892
'MAFFT_b0#0061_hhH_tree_97_OP_2.1094152983091004_Split_61.fasta', -0.27, 4.84, -4.62, -2.801
'MAFFT_b0#0061_hhT_tree_18_OP_1.3304542342131214_Split_61.fasta', -16.266, -13.419, -15.85, -21.511
'MAFFT_b0#0061_hhT_tree_30_OP_2.908145211858187_Split_61.fasta', 3.498, 9.38, 3.936, 0.269
'MAFFT_b0#0061_htH_tree_18_OP_1.3304542342131214_Split_61.fasta', -16.311, -13.493, -16.612, -21.587
'MAFFT_b0#0061_htH_tree_30_OP_2.908145211858187_Split_61.fasta', 2.529, 8.246, 3.51, -1.746
'MAFFT_b0#0061_htH_tree_72_OP_1.8278688995959085_Split_61.fasta', -2.828, 1.292, -5.999, -5.483
'MAFFT_b0#0061_htH_tree_88_OP_2.9570433978664177_Split_61.fasta', -0.24, 4.864, -2.075, -3.915
'MAFFT_b0#0061_htT_tree_87_OP_1.1834961203615137_Split_61.fasta', -2.754, 3.035, -2.806, -5.014
'MAFFT_b0#0061_htT_tree_97_OP_2.1094152983091004_Split_61.fasta', -0.098, 5.066, -4.117, -2.665
'MAFFT_b0#0061_thH_tree_18_OP_1.3304542342131214_Split_61.fasta', -16.266, -13.419, -15.85, -21.511
'MAFFT_b0#0061_thH_tree_72_OP_1.8278688995959085_Split_61.fasta', -2.834, 1.287, -6.003, -5.492
'MAFFT_b0#0061_thT_tree_30_OP_2.908145211858187_Split_61.fasta', 3.498, 9.38, 3.936, 0.269
'MAFFT_b0#0061_thT_tree_72_OP_1.8278688995959085_Split_61.fasta', -2.834, 1.287, -6.003, -5.492
'MAFFT_b0#0061_thT_tree_87_OP_1.1834961203615137_Split_61.fasta', -2.782, 3.013, -5.378, -5.868
'MAFFT_b0#0061_thT_tree_88_OP_2.9570433978664177_Split_61.fasta', -0.797, 4.259, -2.659, -5.892
'MAFFT_b0#0061_thT_tree_97_OP_2.1094152983091004_Split_61.fasta', -0.27, 4.84, -4.62, -2.801
'MAFFT_b0#0061_ttT_tree_18_OP_1.3304542342131214_Split_61.fasta', -16.311, -13.493, -16.612, -21.587
'MAFFT_b0#0061_ttT_tree_30_OP_2.908145211858187_Split_61.fasta', 2.529, 8.246, 3.51, -1.746
'MAFFT_b0#0061_ttT_tree_72_OP_1.8278688995959085_Split_61.fasta', -2.828, 1.292, -5.999, -5.483
'MAFFT_b0#0061_ttT_tree_87_OP_1.1834961203615137_Split_61.fasta', -2.754, 3.035, -2.806, -5.014
'MAFFT_b0#0061_ttT_tree_88_OP_2.9570433978664177_Split_61.fasta', -0.24, 4.864, -2.075, -3.915
'MAFFT_b0#0061_ttT_tree_97_OP_2.1094152983091004_Split_61.fasta', -0.098, 5.066, -4.117, -2.665
'MAFFT_b0#0063_hhH_tree_37_OP_2.065965428692473_Split_63.fasta', 1.196, 6.739, 0.271, -4.103
'MAFFT_b0#0063_hhT_tree_89_OP_2.6540913216611166_Split_63.fasta', -4.622, -0.221, -4.137, -6.301
'MAFFT_b0#0063_htH_tree_37_OP_2.065965428692473_Split_63.fasta', 0.968, 6.53, 0.052, -4.24
'MAFFT_b0#0063_htH_tree_89_OP_2.6540913216611166_Split_63.fasta', -4.427, -0.028, -4.039, -6.095
'MAFFT_b0#0063_thH_tree_37_OP_2.065965428692473_Split_63.fasta', 1.196, 6.739, 0.271, -4.103
'MAFFT_b0#0063_thT_tree_89_OP_2.6540913216611166_Split_63.fasta', -4.619, -0.219, -4.133, -6.298
'MAFFT_b0#0063_ttH_tree_37_OP_2.065965428692473_Split_63.fasta', 0.968, 6.53, 0.052, -4.24
'MAFFT_b0#0063_ttH_tree_89_OP_2.6540913216611166_Split_63.fasta', -4.423, -0.025, -4.032, -6.09
'MAFFT_b0#0065_htH_tree_26_OP_2.2970226808572787_Split_65.fasta', -1.573, 3.486, -2.268, -4.322
'MAFFT_b0#0065_htT_tree_55_OP_1.534121132575311_Split_65.fasta', -11.503, -8.386, -10.242, -13.109
'MAFFT_b0#0065_thH_tree_26_OP_2.2970226808572787_Split_65.fasta', -2.112, 2.846, -2.755, -4.829
'MAFFT_b0#0065_thH_tree_55_OP_1.534121132575311_Split_65.fasta', -11.915, -8.879, -10.655, -13.897
'MAFFT_b0#0065_thT_tree_55_OP_1.534121132575311_Split_65.fasta', -11.915, -8.879, -10.655, -13.897
'MAFFT_b0#0065_ttH_tree_26_OP_2.2970226808572787_Split_65.fasta', -1.608, 3.437, -2.284, -4.375
'MAFFT_b0#0065_ttT_tree_26_OP_2.2970226808572787_Split_65.fasta', -1.608, 3.437, -2.284, -4.375
'MAFFT_b0#0065_ttT_tree_55_OP_1.534121132575311_Split_65.fasta', -11.503, -8.386, -10.242, -13.109
'MAFFT_b0#0066_hhH_tree_77_OP_1.3827668594678542_Split_66.fasta', -5.367, -0.665, -8.778, -6.823
'MAFFT_b0#0066_hhT_tree_99_OP_1.9136688454364907_Split_66.fasta', -2.525, 2.273, -1.704, -6.683
'MAFFT_b0#0066_htT_tree_99_OP_1.9136688454364907_Split_66.fasta', -2.712, 2.093, -1.774, -6.769
'MAFFT_b0#0066_thH_tree_77_OP_1.3827668594678542_Split_66.fasta', -5.367, -0.665, -8.778, -6.823
'MAFFT_b0#0066_thH_tree_99_OP_1.9136688454364907_Split_66.fasta', -2.524, 2.274, -1.702, -6.682
'MAFFT_b0#0066_thT_tree_99_OP_1.9136688454364907_Split_66.fasta', -2.524, 2.274, -1.702, -6.682
'MAFFT_b0#0066_ttH_tree_77_OP_1.3827668594678542_Split_66.fasta', -5.057, -0.286, -9.06, -6.323
'MAFFT_b0#0066_ttT_tree_77_OP_1.3827668594678542_Split_66.fasta', -5.057, -0.286, -9.06, -6.323
'MAFFT_b0#0067_hhT_tree_4_OP_1.1542677766261527_Split_67.fasta', -7.215, -2.265, -9.369, -8.524
'MAFFT_b0#0067_htH_tree_4_OP_1.1542677766261527_Split_67.fasta', -3.788, 1.671, -3.741, -6.055
'MAFFT_b0#0067_htH_tree_76_OP_1.9781210467371317_Split_67.fasta', -0.053, 5.261, -6.068, -2.481
'MAFFT_b0#0067_thH_tree_76_OP_1.9781210467371317_Split_67.fasta', -1.077, 4.239, -7.329, -3.977
'MAFFT_b0#0067_thT_tree_4_OP_1.1542677766261527_Split_67.fasta', -7.215, -2.265, -9.369, -8.524
'MAFFT_b0#0067_ttH_tree_76_OP_1.9781210467371317_Split_67.fasta', -0.053, 5.261, -6.068, -2.481
'MAFFT_b0#0067_ttT_tree_4_OP_1.1542677766261527_Split_67.fasta', -3.788, 1.671, -3.741, -6.055
'MAFFT_b0#0067_ttT_tree_76_OP_1.9781210467371317_Split_67.fasta', -0.053, 5.261, -6.068, -2.481
'MAFFT_b0#0069_htH_tree_20_OP_2.4221981553992458_Split_69.fasta', -9.126, -6.301, -6.151, -10.601
'MAFFT_b0#0069_htH_tree_73_OP_2.973262473304242_Split_69.fasta', -1.88, 2.999, -6.994, -3.48
'MAFFT_b0#0069_htT_tree_20_OP_2.4221981553992458_Split_69.fasta', -9.126, -6.301, -6.151, -10.601
'MAFFT_b0#0069_htT_tree_73_OP_2.973262473304242_Split_69.fasta', -1.88, 2.999, -6.994, -3.48
'MAFFT_b0#0069_thH_tree_20_OP_2.4221981553992458_Split_69.fasta', -8.864, -6.024, -5.933, -10.373
'MAFFT_b0#0069_thH_tree_73_OP_2.973262473304242_Split_69.fasta', -2.313, 2.438, -6.908, -3.748
'MAFFT_b0#0069_thT_tree_20_OP_2.4221981553992458_Split_69.fasta', -8.864, -6.024, -5.933, -10.373
'MAFFT_b0#0069_ttH_tree_73_OP_2.973262473304242_Split_69.fasta', -1.88, 2.999, -6.994, -3.48
'MAFFT_b0#0070_hhH_tree_86_OP_1.7393056698625855_Split_70.fasta', -2.446, 2.49, -6.184, -4.731
'MAFFT_b0#0070_hhT_tree_17_OP_1.818409912056766_Split_70.fasta', -6.045, -1.098, -8.834, -8.176
'MAFFT_b0#0070_htH_tree_86_OP_1.7393056698625855_Split_70.fasta', -2.593, 2.383, -3.939, -5.779
'MAFFT_b0#0070_thH_tree_17_OP_1.818409912056766_Split_70.fasta', -5.547, -0.487, -8.717, -8.571
'MAFFT_b0#0070_thH_tree_86_OP_1.7393056698625855_Split_70.fasta', -2.446, 2.49, -6.184, -4.731
'MAFFT_b0#0070_ttH_tree_17_OP_1.818409912056766_Split_70.fasta', -5.546, -0.486, -8.714, -8.57
'MAFFT_b0#0070_ttT_tree_17_OP_1.818409912056766_Split_70.fasta', -5.546, -0.486, -8.714, -8.57
'MAFFT_b0#0070_ttT_tree_86_OP_1.7393056698625855_Split_70.fasta', -2.593, 2.383, -3.939, -5.779
'MAFFT_b0#0071_thH_tree_83_OP_1.1196527601502904_Split_71.fasta', 1.467, 7.565, -0.633, -0.336
'MAFFT_b0#0071_thT_tree_83_OP_1.1196527601502904_Split_71.fasta', 1.467, 7.565, -0.633, -0.336
'MAFFT_b0#0071_ttH_tree_83_OP_1.1196527601502904_Split_71.fasta', 0.669, 6.524, 0.496, -2.148
'MAFFT_b0#0071_ttT_tree_83_OP_1.1196527601502904_Split_71.fasta', 0.669, 6.524, 0.496, -2.148
'MAFFT_b0#0072_hhH_tree_16_OP_1.904493049197901_Split_72.fasta', -4.015, 0.871, -6.996, -5.693
'MAFFT_b0#0072_hhH_tree_2_OP_2.0780663887168265_Split_72.fasta', -3.313, 0.428, -2.876, -6.816
'MAFFT_b0#0072_htH_tree_2_OP_2.0780663887168265_Split_72.fasta', -5.495, -1.799, -3.573, -9.343
'MAFFT_b0#0072_htT_tree_16_OP_1.904493049197901_Split_72.fasta', -4.731, 0.13, -7.89, -6.211
'MAFFT_b0#0072_htT_tree_2_OP_2.0780663887168265_Split_72.fasta', -5.495, -1.799, -3.573, -9.343
'MAFFT_b0#0072_thH_tree_2_OP_2.0780663887168265_Split_72.fasta', -3.313, 0.428, -2.876, -6.816
'MAFFT_b0#0072_ttH_tree_16_OP_1.904493049197901_Split_72.fasta', -4.731, 0.13, -7.89, -6.211
'MAFFT_b0#0072_ttT_tree_16_OP_1.904493049197901_Split_72.fasta', -4.731, 0.13, -7.89, -6.211
'MAFFT_b0#0073_hhT_tree_96_OP_2.2598618576256135_Split_73.fasta', 4.732, 10.759, 0.55, 1.812
'MAFFT_b0#0073_htH_tree_96_OP_2.2598618576256135_Split_73.fasta', 4.568, 10.595, 0.728, 1.844
'MAFFT_b0#0073_htT_tree_38_OP_1.4036490691810368_Split_73.fasta', -11.41, -8.728, -12.666, -12.547
'MAFFT_b0#0073_htT_tree_96_OP_2.2598618576256135_Split_73.fasta', 4.568, 10.595, 0.728, 1.844
'MAFFT_b0#0073_thT_tree_38_OP_1.4036490691810368_Split_73.fasta', -10.831, -7.984, -12.157, -11.764
'MAFFT_b0#0073_thT_tree_96_OP_2.2598618576256135_Split_73.fasta', 4.732, 10.759, 0.55, 1.812
'MAFFT_b0#0073_ttH_tree_38_OP_1.4036490691810368_Split_73.fasta', -12.309, -9.76, -13.265, -13.847
'MAFFT_b0#0073_ttT_tree_38_OP_1.4036490691810368_Split_73.fasta', -12.309, -9.76, -13.265, -13.847
'MAFFT_b0#0074_hhH_tree_56_OP_1.8151633835449412_Split_74.fasta', -0.206, 6.148, -2.201, -2.069
'MAFFT_b0#0074_hhH_tree_79_OP_1.1319264156945865_Split_74.fasta', -7.998, -3.809, -7.112, -10.034
'MAFFT_b0#0074_htH_tree_56_OP_1.8151633835449412_Split_74.fasta', -0.15, 6.146, -2.749, -1.747
'MAFFT_b0#0074_htT_tree_79_OP_1.1319264156945865_Split_74.fasta', -7.763, -3.461, -7.352, -9.494
'MAFFT_b0#0074_thT_tree_56_OP_1.8151633835449412_Split_74.fasta', -0.206, 6.148, -2.201, -2.069
'MAFFT_b0#0074_ttH_tree_56_OP_1.8151633835449412_Split_74.fasta', -0.15, 6.146, -2.749, -1.747
'MAFFT_b0#0074_ttH_tree_79_OP_1.1319264156945865_Split_74.fasta', -7.763, -3.461, -7.352, -9.494
'MAFFT_b0#0074_ttT_tree_79_OP_1.1319264156945865_Split_74.fasta', -7.763, -3.461, -7.352, -9.494
'MAFFT_b0#0075_hhH_tree_81_OP_1.1314497018902243_Split_75.fasta', -8.094, -3.112, -12.511, -11.027
'MAFFT_b0#0075_hhT_tree_19_OP_1.5848887345678324_Split_75.fasta', -1.021, 4.702, -6.325, -4.619
'MAFFT_b0#0075_htH_tree_19_OP_1.5848887345678324_Split_75.fasta', -1.045, 4.683, -6.356, -4.645
'MAFFT_b0#0075_htH_tree_81_OP_1.1314497018902243_Split_75.fasta', -8.143, -3.156, -12.542, -11.051
'MAFFT_b0#0075_thH_tree_81_OP_1.1314497018902243_Split_75.fasta', -7.973, -2.964, -12.419, -10.931
'MAFFT_b0#0075_thT_tree_19_OP_1.5848887345678324_Split_75.fasta', -1.431, 4.209, -5.938, -5.593
'MAFFT_b0#0075_ttH_tree_19_OP_1.5848887345678324_Split_75.fasta', -1.455, 4.191, -5.97, -5.619
'MAFFT_b0#0075_ttH_tree_81_OP_1.1314497018902243_Split_75.fasta', -8.023, -3.008, -12.45, -10.955
'MAFFT_b0#0077_hhT_tree_15_OP_2.550159221795637_Split_77.fasta', 0.505, 6.137, -3.627, -2.012
'MAFFT_b0#0077_htT_tree_15_OP_2.550159221795637_Split_77.fasta', -2.284, 2.654, -5.497, -4.806
'MAFFT_b0#0077_thH_tree_15_OP_2.550159221795637_Split_77.fasta', 0.505, 6.137, -3.627, -2.012
'MAFFT_b0#0077_thT_tree_15_OP_2.550159221795637_Split_77.fasta', 0.505, 6.137, -3.627, -2.012
'MAFFT_b0#0079_hhH_tree_53_OP_2.8446810696084794_Split_79.fasta', 0.309, 5.378, 0.93, -3.72
'MAFFT_b0#0079_hhT_tree_53_OP_2.8446810696084794_Split_79.fasta', 0.309, 5.378, 0.93, -3.72
'MAFFT_b0#0079_htT_tree_53_OP_2.8446810696084794_Split_79.fasta', 0.266, 5.329, 0.91, -3.77
'MAFFT_b0#0079_ttH_tree_53_OP_2.8446810696084794_Split_79.fasta', 0.229, 5.279, 0.875, -3.837
'MAFFT_b0#0081_hhH_tree_28_OP_2.8015195195451144_Split_81.fasta', -6.024, -1.313, -5.304, -8.517
'MAFFT_b0#0081_hhT_tree_28_OP_2.8015195195451144_Split_81.fasta', -6.024, -1.313, -5.304, -8.517
'MAFFT_b0#0081_htH_tree_70_OP_2.86216121405654_Split_81.fasta', -0.576, 4.784, -1.517, -5.098
'MAFFT_b0#0081_htT_tree_70_OP_2.86216121405654_Split_81.fasta', -0.576, 4.784, -1.517, -5.098
'MAFFT_b0#0081_thH_tree_70_OP_2.86216121405654_Split_81.fasta', -0.087, 5.342, -1.249, -4.815
'MAFFT_b0#0081_thT_tree_28_OP_2.8015195195451144_Split_81.fasta', -6.024, -1.313, -5.304, -8.517
'MAFFT_b0#0081_ttH_tree_28_OP_2.8015195195451144_Split_81.fasta', -5.582, -0.792, -4.751, -8.146
'MAFFT_b0#0081_ttH_tree_70_OP_2.86216121405654_Split_81.fasta', -0.576, 4.784, -1.517, -5.098
'MAFFT_b0#0085_hhH_tree_6_OP_2.614406638642872_Split_85.fasta', -6.842, -3.021, -10.733, -8.211
'MAFFT_b0#0085_htH_tree_6_OP_2.614406638642872_Split_85.fasta', -6.87, -3.059, -10.724, -8.242
'MAFFT_b0#0085_htT_tree_43_OP_1.1593268235540946_Split_85.fasta', -1.073, 4.677, -2.318, -3.808
'MAFFT_b0#0085_htT_tree_6_OP_2.614406638642872_Split_85.fasta', -6.87, -3.059, -10.724, -8.242
'MAFFT_b0#0085_thT_tree_43_OP_1.1593268235540946_Split_85.fasta', -0.78, 5.009, -2.278, -6.102
'MAFFT_b0#0085_thT_tree_6_OP_2.614406638642872_Split_85.fasta', -6.842, -3.021, -10.733, -8.211
'MAFFT_b0#0085_ttH_tree_43_OP_1.1593268235540946_Split_85.fasta', -1.073, 4.677, -2.318, -3.808
'MAFFT_b0#0085_ttT_tree_43_OP_1.1593268235540946_Split_85.fasta', -1.073, 4.677, -2.318, -3.808
'MAFFT_b0#0086_hhH_tree_98_OP_1.0089131553899002_Split_86.fasta', -5.895, -0.681, -7.387, -9.294
'MAFFT_b0#0086_hhT_tree_98_OP_1.0089131553899002_Split_86.fasta', -5.895, -0.681, -7.387, -9.294
'MAFFT_b0#0086_htH_tree_98_OP_1.0089131553899002_Split_86.fasta', -5.781, -0.428, -6.337, -8.723
'MAFFT_b0#0086_thH_tree_98_OP_1.0089131553899002_Split_86.fasta', -5.895, -0.681, -7.387, -9.294
'MAFFT_b0#0088_hhH_tree_24_OP_2.5256879150632905_Split_88.fasta', -3.572, 1.553, -3.391, -8.89
'MAFFT_b0#0088_htH_tree_24_OP_2.5256879150632905_Split_88.fasta', -3.426, 1.785, -3.128, -8.611
'MAFFT_b0#0088_htT_tree_24_OP_2.5256879150632905_Split_88.fasta', -3.426, 1.785, -3.128, -8.611
'MAFFT_b0#0088_thH_tree_24_OP_2.5256879150632905_Split_88.fasta', -3.572, 1.553, -3.391, -8.89
'MAFFT_b0#0089_hhH_tree_3_OP_2.728084439580989_Split_89.fasta', -2.032, 2.599, -0.683, -4.638
'MAFFT_b0#0089_hhT_tree_3_OP_2.728084439580989_Split_89.fasta', -2.032, 2.599, -0.683, -4.638
'MAFFT_b0#0089_htH_tree_3_OP_2.728084439580989_Split_89.fasta', -2.15, 2.399, 0.144, -4.51
'MAFFT_b0#0089_htT_tree_3_OP_2.728084439580989_Split_89.fasta', -2.15, 2.399, 0.144, -4.51
'MAFFT_b0#0091_hhH_tree_58_OP_2.470758940826272_Split_91.fasta', -3.519, 0.417, -9.383, -5.011
'MAFFT_b0#0091_htH_tree_58_OP_2.470758940826272_Split_91.fasta', -3.519, 0.417, -9.383, -5.011
'MAFFT_b0#0091_thH_tree_58_OP_2.470758940826272_Split_91.fasta', -2.438, 1.766, -8.08, -3.7
'MAFFT_b0#0091_thT_tree_58_OP_2.470758940826272_Split_91.fasta', -2.438, 1.766, -8.08, -3.7
'MAFFT_b0#0092_hhH_tree_42_OP_1.3915835484150982_Split_92.fasta', -0.686, 4.133, 0.851, -3.252
'MAFFT_b0#0092_htH_tree_42_OP_1.3915835484150982_Split_92.fasta', -1.135, 3.666, 0.264, -3.322
'MAFFT_b0#0092_thH_tree_42_OP_1.3915835484150982_Split_92.fasta', -0.706, 4.099, 0.865, -3.238
'MAFFT_b0#0092_thT_tree_42_OP_1.3915835484150982_Split_92.fasta', -0.706, 4.099, 0.865, -3.238
'MAFFT_b0#0093_hhH_tree_50_OP_1.9153041649578615_Split_93.fasta', -9.109, -5.027, -9.61, -11.151
'MAFFT_b0#0093_htH_tree_49_OP_1.2895147288295243_Split_93.fasta', -1.136, 5.367, -2.842, -7.136
'MAFFT_b0#0093_htH_tree_50_OP_1.9153041649578615_Split_93.fasta', -5.641, -1.226, -7.803, -7.309
'MAFFT_b0#0093_htT_tree_50_OP_1.9153041649578615_Split_93.fasta', -5.641, -1.226, -7.803, -7.309
'MAFFT_b0#0093_thH_tree_49_OP_1.2895147288295243_Split_93.fasta', -1.863, 4.352, -2.045, -7.83
'MAFFT_b0#0093_thT_tree_49_OP_1.2895147288295243_Split_93.fasta', -1.863, 4.352, -2.045, -7.83
'MAFFT_b0#0093_ttT_tree_49_OP_1.2895147288295243_Split_93.fasta', -1.925, 4.303, -4.607, -7.15
'MAFFT_b0#0093_ttT_tree_50_OP_1.9153041649578615_Split_93.fasta', -5.519, -1.029, -7.837, -7.1
'MAFFT_b0#0094_hhH_tree_61_OP_2.233368308529553_Split_94.fasta', 1.881, 7.292, -2.699, -0.379
'MAFFT_b0#0094_hhT_tree_63_OP_2.7597843575557506_Split_94.fasta', -1.678, 3.211, -3.728, -6.415
'MAFFT_b0#0094_htT_tree_63_OP_2.7597843575557506_Split_94.fasta', -0.197, 4.698, -3.363, -3.327
'MAFFT_b0#0094_thH_tree_61_OP_2.233368308529553_Split_94.fasta', 1.785, 7.176, -2.787, -0.453
'MAFFT_b0#0094_thH_tree_63_OP_2.7597843575557506_Split_94.fasta', -1.283, 3.684, -3.46, -5.989
'MAFFT_b0#0094_thT_tree_61_OP_2.233368308529553_Split_94.fasta', 1.785, 7.176, -2.787, -0.453
'MAFFT_b0#0094_thT_tree_63_OP_2.7597843575557506_Split_94.fasta', -1.283, 3.684, -3.46, -5.989
'MAFFT_b0#0094_ttH_tree_61_OP_2.233368308529553_Split_94.fasta', 1.589, 6.96, -3.773, -0.704
'MAFFT_b0#0095_hhH_tree_36_OP_1.861931102167887_Split_95.fasta', -6.177, -2.82, -8.637, -9.174
'MAFFT_b0#0095_hhT_tree_25_OP_1.0509666088927379_Split_95.fasta', -6.279, -1.306, -7.582, -10.073
'MAFFT_b0#0095_hhT_tree_36_OP_1.861931102167887_Split_95.fasta', -6.177, -2.82, -8.637, -9.174
'MAFFT_b0#0095_htT_tree_25_OP_1.0509666088927379_Split_95.fasta', -6.279, -1.306, -7.582, -10.073
'MAFFT_b0#0095_htT_tree_36_OP_1.861931102167887_Split_95.fasta', -6.177, -2.82, -8.637, -9.174
'MAFFT_b0#0095_thT_tree_25_OP_1.0509666088927379_Split_95.fasta', -6.568, -1.598, -6.145, -11.501
'MAFFT_b0#0095_thT_tree_36_OP_1.861931102167887_Split_95.fasta', -6.207, -2.864, -8.646, -9.206
'MAFFT_b0#0095_ttH_tree_25_OP_1.0509666088927379_Split_95.fasta', -6.568, -1.598, -6.145, -11.501
'MAFFT_b1#0001_hhH_tree_41_OP_1.752396225471006_Split_1.fasta', -14.53, -10.539, -14.436, -17.928
'MAFFT_b1#0001_hhH_tree_68_OP_2.7543395888868245_Split_1.fasta', -10.505, -6.444, -10.685, -13.045
'MAFFT_b1#0001_hhT_tree_41_OP_1.752396225471006_Split_1.fasta', -14.53, -10.539, -14.436, -17.928
'MAFFT_b1#0001_hhT_tree_68_OP_2.7543395888868245_Split_1.fasta', -10.505, -6.444, -10.685, -13.045
'MAFFT_b1#0001_htH_tree_41_OP_1.752396225471006_Split_1.fasta', -13.715, -9.724, -13.322, -17.164
'MAFFT_b1#0001_htH_tree_68_OP_2.7543395888868245_Split_1.fasta', -9.336, -5.261, -8.442, -12.279
'MAFFT_b1#0001_htT_tree_41_OP_1.752396225471006_Split_1.fasta', -13.715, -9.724, -13.322, -17.164
'MAFFT_b1#0001_htT_tree_68_OP_2.7543395888868245_Split_1.fasta', -9.336, -5.261, -8.442, -12.279
'MAFFT_b1#0003_hhH_tree_7_OP_2.423506546963713_Split_3.fasta', 0.987, 6.671, -2.884, -0.573
'MAFFT_b1#0003_hhT_tree_7_OP_2.423506546963713_Split_3.fasta', 0.987, 6.671, -2.884, -0.573
'MAFFT_b1#0003_htH_tree_7_OP_2.423506546963713_Split_3.fasta', 2.429, 8.161, -3.313, 0.439
'MAFFT_b1#0003_htT_tree_7_OP_2.423506546963713_Split_3.fasta', 2.429, 8.161, -3.313, 0.439
'MAFFT_b1#0006_hhH_tree_12_OP_2.973153388725351_Split_6.fasta', -1.901, 2.835, -8.473, -4.545
'MAFFT_b1#0006_hhH_tree_82_OP_2.6007870123262946_Split_6.fasta', 1.607, 7.61, 1.63, -3.644
'MAFFT_b1#0006_hhT_tree_12_OP_2.973153388725351_Split_6.fasta', -1.901, 2.835, -8.473, -4.545
'MAFFT_b1#0006_hhT_tree_82_OP_2.6007870123262946_Split_6.fasta', 1.607, 7.61, 1.63, -3.644
'MAFFT_b1#0006_htH_tree_12_OP_2.973153388725351_Split_6.fasta', -1.547, 3.283, -8.244, -4.168
'MAFFT_b1#0006_htH_tree_82_OP_2.6007870123262946_Split_6.fasta', 0.571, 6.667, -0.171, -3.634
'MAFFT_b1#0006_htT_tree_12_OP_2.973153388725351_Split_6.fasta', -1.547, 3.283, -8.244, -4.168
'MAFFT_b1#0006_htT_tree_82_OP_2.6007870123262946_Split_6.fasta', 0.571, 6.667, -0.171, -3.634
'MAFFT_b1#0007_hhH_tree_40_OP_1.431276692692299_Split_7.fasta', -0.062, 5.624, -4.799, -2.937
'MAFFT_b1#0007_hhT_tree_40_OP_1.431276692692299_Split_7.fasta', -0.062, 5.624, -4.799, -2.937
'MAFFT_b1#0007_htH_tree_40_OP_1.431276692692299_Split_7.fasta', 0.13, 5.885, -4.447, -2.585
'MAFFT_b1#0007_htT_tree_40_OP_1.431276692692299_Split_7.fasta', 0.13, 5.885, -4.447, -2.585
'MAFFT_b1#0008_hhH_tree_29_OP_1.1774471868850718_Split_8.fasta', -4.315, -0.096, -8.068, -6.265
'MAFFT_b1#0008_hhT_tree_29_OP_1.1774471868850718_Split_8.fasta', -4.315, -0.096, -8.068, -6.265
'MAFFT_b1#0008_htH_tree_29_OP_1.1774471868850718_Split_8.fasta', -4.312, -0.092, -8.068, -6.265
'MAFFT_b1#0008_htT_tree_29_OP_1.1774471868850718_Split_8.fasta', -4.312, -0.092, -8.068, -6.265
'MAFFT_b1#0010_hhH_tree_48_OP_1.0349214069593133_Split_10.fasta', -5.144, 0.663, -5.852, -8.888
'MAFFT_b1#0010_hhH_tree_51_OP_1.018044877173671_Split_10.fasta', -1.897, 3.469, -2.342, -4.591
'MAFFT_b1#0010_hhT_tree_48_OP_1.0349214069593133_Split_10.fasta', -5.144, 0.663, -5.852, -8.888
'MAFFT_b1#0010_hhT_tree_51_OP_1.018044877173671_Split_10.fasta', -1.897, 3.469, -2.342, -4.591
'MAFFT_b1#0010_htH_tree_48_OP_1.0349214069593133_Split_10.fasta', -6.363, -1.142, -8.211, -8.491
'MAFFT_b1#0010_htH_tree_51_OP_1.018044877173671_Split_10.fasta', -3.178, 2.172, -3.517, -6.174
'MAFFT_b1#0010_htT_tree_48_OP_1.0349214069593133_Split_10.fasta', -6.363, -1.142, -8.211, -8.491
'MAFFT_b1#0010_htT_tree_51_OP_1.018044877173671_Split_10.fasta', -3.178, 2.172, -3.517, -6.174
'MAFFT_b1#0011_hhH_tree_84_OP_2.680201119072135_Split_11.fasta', -7.27, -2.846, -11.233, -8.236
'MAFFT_b1#0011_hhT_tree_84_OP_2.680201119072135_Split_11.fasta', -7.27, -2.846, -11.233, -8.236
'MAFFT_b1#0011_htH_tree_84_OP_2.680201119072135_Split_11.fasta', -6.258, -1.56, -8.027, -8.938
'MAFFT_b1#0011_htT_tree_84_OP_2.680201119072135_Split_11.fasta', -6.258, -1.56, -8.027, -8.938
'MAFFT_b1#0012_hhH_tree_62_OP_2.4330105528955412_Split_12.fasta', -7.741, -4.653, -11.054, -9.224
'MAFFT_b1#0012_hhT_tree_62_OP_2.4330105528955412_Split_12.fasta', -7.741, -4.653, -11.054, -9.224
'MAFFT_b1#0012_htH_tree_62_OP_2.4330105528955412_Split_12.fasta', -7.743, -4.669, -6.775, -10.312
'MAFFT_b1#0012_htT_tree_62_OP_2.4330105528955412_Split_12.fasta', -7.743, -4.669, -6.775, -10.312
'MAFFT_b1#0014_hhH_tree_44_OP_2.639288724484837_Split_14.fasta', -0.541, 4.783, -1.982, -4.627
'MAFFT_b1#0014_hhH_tree_67_OP_1.9260663748429023_Split_14.fasta', -0.304, 4.904, -6.381, -1.876
'MAFFT_b1#0014_hhT_tree_44_OP_2.639288724484837_Split_14.fasta', -0.541, 4.783, -1.982, -4.627
'MAFFT_b1#0014_hhT_tree_67_OP_1.9260663748429023_Split_14.fasta', -0.304, 4.904, -6.381, -1.876
'MAFFT_b1#0014_htH_tree_44_OP_2.639288724484837_Split_14.fasta', -0.149, 5.256, -1.748, -4.197
'MAFFT_b1#0014_htH_tree_67_OP_1.9260663748429023_Split_14.fasta', -0.76, 4.26, -0.987, -2.295
'MAFFT_b1#0014_htT_tree_44_OP_2.639288724484837_Split_14.fasta', -0.149, 5.256, -1.748, -4.197
'MAFFT_b1#0014_htT_tree_67_OP_1.9260663748429023_Split_14.fasta', -0.76, 4.26, -0.987, -2.295
'MAFFT_b1#0016_hhH_tree_33_OP_2.3139125348148384_Split_16.fasta', -4.837, 0.223, -3.046, -7.354
'MAFFT_b1#0016_hhT_tree_33_OP_2.3139125348148384_Split_16.fasta', -4.837, 0.223, -3.046, -7.354
'MAFFT_b1#0016_htH_tree_33_OP_2.3139125348148384_Split_16.fasta', -4.65, 0.481, -2.277, -6.477
'MAFFT_b1#0016_htT_tree_33_OP_2.3139125348148384_Split_16.fasta', -4.65, 0.481, -2.277, -6.477
'MAFFT_b1#0017_hhH_tree_45_OP_2.295265953595705_Split_17.fasta', -8.474, -5.363, -10.752, -8.878
'MAFFT_b1#0017_hhH_tree_90_OP_2.1610607075340664_Split_17.fasta', 0.438, 5.528, -0.258, -2.026
'MAFFT_b1#0017_hhT_tree_45_OP_2.295265953595705_Split_17.fasta', -8.474, -5.363, -10.752, -8.878
'MAFFT_b1#0017_hhT_tree_90_OP_2.1610607075340664_Split_17.fasta', 0.438, 5.528, -0.258, -2.026
'MAFFT_b1#0017_htH_tree_45_OP_2.295265953595705_Split_17.fasta', -9.935, -7.108, -11.336, -10.811
'MAFFT_b1#0017_htH_tree_90_OP_2.1610607075340664_Split_17.fasta', 0.211, 5.311, -0.138, -2.809
'MAFFT_b1#0017_htT_tree_45_OP_2.295265953595705_Split_17.fasta', -9.935, -7.108, -11.336, -10.811
'MAFFT_b1#0017_htT_tree_90_OP_2.1610607075340664_Split_17.fasta', 0.211, 5.311, -0.138, -2.809
'MAFFT_b1#0019_hhH_tree_54_OP_1.6636194832224898_Split_19.fasta', -3.095, 2.452, -5.911, -4.771
'MAFFT_b1#0019_hhH_tree_94_OP_2.5553791369687318_Split_19.fasta', -5.259, -1.476, -6.672, -10.029
'MAFFT_b1#0019_hhT_tree_54_OP_1.6636194832224898_Split_19.fasta', -3.095, 2.452, -5.911, -4.771
'MAFFT_b1#0019_hhT_tree_94_OP_2.5553791369687318_Split_19.fasta', -5.259, -1.476, -6.672, -10.029
'MAFFT_b1#0019_htH_tree_54_OP_1.6636194832224898_Split_19.fasta', -3.132, 2.435, -5.943, -4.855
'MAFFT_b1#0019_htH_tree_94_OP_2.5553791369687318_Split_19.fasta', -4.965, -1.126, -6.447, -9.726
'MAFFT_b1#0019_htT_tree_54_OP_1.6636194832224898_Split_19.fasta', -3.132, 2.435, -5.943, -4.855
'MAFFT_b1#0019_htT_tree_94_OP_2.5553791369687318_Split_19.fasta', -4.965, -1.126, -6.447, -9.726
'MAFFT_b1#0022_hhH_tree_39_OP_1.522040361295851_Split_22.fasta', -0.014, 5.932, -1.311, -0.145
'MAFFT_b1#0022_hhH_tree_64_OP_2.935413362566628_Split_22.fasta', -1.944, 3.066, -8.526, -4.878
'MAFFT_b1#0022_hhT_tree_39_OP_1.522040361295851_Split_22.fasta', -0.014, 5.932, -1.311, -0.145
'MAFFT_b1#0022_hhT_tree_64_OP_2.935413362566628_Split_22.fasta', -1.944, 3.066, -8.526, -4.878
'MAFFT_b1#0022_htH_tree_39_OP_1.522040361295851_Split_22.fasta', -0.414, 5.483, 0.151, -2.805
'MAFFT_b1#0022_htH_tree_64_OP_2.935413362566628_Split_22.fasta', -1.613, 3.481, -8.306, -4.412
'MAFFT_b1#0022_htT_tree_39_OP_1.522040361295851_Split_22.fasta', -0.414, 5.483, 0.151, -2.805
'MAFFT_b1#0022_htT_tree_64_OP_2.935413362566628_Split_22.fasta', -1.613, 3.481, -8.306, -4.412
'MAFFT_b1#0024_hhH_tree_34_OP_2.407510533391993_Split_24.fasta', -6.206, -1.974, -8.469, -10.931
'MAFFT_b1#0024_hhT_tree_34_OP_2.407510533391993_Split_24.fasta', -6.206, -1.974, -8.469, -10.931
'MAFFT_b1#0024_htH_tree_34_OP_2.407510533391993_Split_24.fasta', -6.96, -2.992, -8.88, -11.826
'MAFFT_b1#0024_htT_tree_34_OP_2.407510533391993_Split_24.fasta', -6.96, -2.992, -8.88, -11.826
'MAFFT_b1#0025_hhH_tree_59_OP_2.170731131311491_Split_25.fasta', -2.194, 3.168, -4.354, -4.713
'MAFFT_b1#0025_hhH_tree_85_OP_2.480824599307775_Split_25.fasta', -3.016, 2.233, -2.588, -5.088
'MAFFT_b1#0025_hhT_tree_59_OP_2.170731131311491_Split_25.fasta', -2.194, 3.168, -4.354, -4.713
'MAFFT_b1#0025_hhT_tree_85_OP_2.480824599307775_Split_25.fasta', -3.016, 2.233, -2.588, -5.088
'MAFFT_b1#0025_htH_tree_59_OP_2.170731131311491_Split_25.fasta', -2.499, 2.825, -4.677, -4.864
'MAFFT_b1#0025_htH_tree_85_OP_2.480824599307775_Split_25.fasta', -2.689, 2.612, -2.357, -4.776
'MAFFT_b1#0025_htT_tree_59_OP_2.170731131311491_Split_25.fasta', -2.499, 2.825, -4.677, -4.864
'MAFFT_b1#0025_htT_tree_85_OP_2.480824599307775_Split_25.fasta', -2.689, 2.612, -2.357, -4.776
'MAFFT_b1#0026_hhH_tree_21_OP_2.1310205653910055_Split_26.fasta', -10.075, -5.752, -7.285, -14.347
'MAFFT_b1#0026_hhH_tree_80_OP_2.5217903856188704_Split_26.fasta', -3.47, 1.614, -2.65, -5.837
'MAFFT_b1#0026_hhT_tree_21_OP_2.1310205653910055_Split_26.fasta', -10.075, -5.752, -7.285, -14.347
'MAFFT_b1#0026_hhT_tree_80_OP_2.5217903856188704_Split_26.fasta', -3.47, 1.614, -2.65, -5.837
'MAFFT_b1#0026_htH_tree_21_OP_2.1310205653910055_Split_26.fasta', -9.84, -5.473, -9.202, -13.528
'MAFFT_b1#0026_htH_tree_80_OP_2.5217903856188704_Split_26.fasta', -3.136, 2.022, -2.437, -5.47
'MAFFT_b1#0026_htT_tree_21_OP_2.1310205653910055_Split_26.fasta', -9.84, -5.473, -9.202, -13.528
'MAFFT_b1#0026_htT_tree_80_OP_2.5217903856188704_Split_26.fasta', -3.136, 2.022, -2.437, -5.47
'MAFFT_b1#0027_hhH_tree_10_OP_1.9679388553310329_Split_27.fasta', -1.539, 4.291, -3.766, -4.019
'MAFFT_b1#0027_hhT_tree_10_OP_1.9679388553310329_Split_27.fasta', -1.539, 4.291, -3.766, -4.019
'MAFFT_b1#0027_htH_tree_10_OP_1.9679388553310329_Split_27.fasta', -1.574, 4.258, -1.268, -6.736
'MAFFT_b1#0027_htT_tree_10_OP_1.9679388553310329_Split_27.fasta', -1.574, 4.258, -1.268, -6.736
'MAFFT_b1#0028_hhH_tree_66_OP_2.9673947251158412_Split_28.fasta', -3.714, 0.637, -4.495, -7.169
'MAFFT_b1#0028_hhT_tree_66_OP_2.9673947251158412_Split_28.fasta', -3.714, 0.637, -4.495, -7.169
'MAFFT_b1#0028_htH_tree_66_OP_2.9673947251158412_Split_28.fasta', -4.911, -0.805, -9.533, -7.562
'MAFFT_b1#0028_htT_tree_66_OP_2.9673947251158412_Split_28.fasta', -4.911, -0.805, -9.533, -7.562
'MAFFT_b1#0029_hhH_tree_27_OP_1.6859321025856457_Split_29.fasta', -0.912, 3.835, -1.593, -4.161
'MAFFT_b1#0029_hhT_tree_27_OP_1.6859321025856457_Split_29.fasta', -0.912, 3.835, -1.593, -4.161
'MAFFT_b1#0029_htH_tree_27_OP_1.6859321025856457_Split_29.fasta', -2.737, 1.395, -2.811, -6.247
'MAFFT_b1#0029_htT_tree_27_OP_1.6859321025856457_Split_29.fasta', -2.737, 1.395, -2.811, -6.247
'MAFFT_b1#0031_hhH_tree_23_OP_2.940403370408288_Split_31.fasta', -5.297, -0.844, -3.675, -6.768
'MAFFT_b1#0031_hhH_tree_78_OP_1.9842214843426838_Split_31.fasta', -12.392, -9.298, -14.566, -16.31
'MAFFT_b1#0031_hhT_tree_23_OP_2.940403370408288_Split_31.fasta', -5.297, -0.844, -3.675, -6.768
'MAFFT_b1#0031_hhT_tree_78_OP_1.9842214843426838_Split_31.fasta', -12.392, -9.298, -14.566, -16.31
'MAFFT_b1#0031_htH_tree_23_OP_2.940403370408288_Split_31.fasta', -4.401, 0.136, -3.038, -6.132
'MAFFT_b1#0031_htH_tree_78_OP_1.9842214843426838_Split_31.fasta', -12.077, -8.95, -15.11, -15.858
'MAFFT_b1#0031_htT_tree_23_OP_2.940403370408288_Split_31.fasta', -4.401, 0.136, -3.038, -6.132
'MAFFT_b1#0031_htT_tree_78_OP_1.9842214843426838_Split_31.fasta', -12.077, -8.95, -15.11, -15.858
'MAFFT_b1#0035_hhH_tree_71_OP_2.3680950705345123_Split_35.fasta', -1.362, 4.011, -4.938, -3.568
'MAFFT_b1#0035_hhH_tree_75_OP_2.4023709813773846_Split_35.fasta', -1.486, 3.285, 0.201, -4.135
'MAFFT_b1#0035_hhH_tree_9_OP_1.5653274151471246_Split_35.fasta', -5.651, -0.977, -10.878, -6.952
'MAFFT_b1#0035_hhT_tree_71_OP_2.3680950705345123_Split_35.fasta', -1.362, 4.011, -4.938, -3.568
'MAFFT_b1#0035_hhT_tree_75_OP_2.4023709813773846_Split_35.fasta', -1.486, 3.285, 0.201, -4.135
'MAFFT_b1#0035_hhT_tree_9_OP_1.5653274151471246_Split_35.fasta', -5.651, -0.977, -10.878, -6.952
'MAFFT_b1#0035_htH_tree_71_OP_2.3680950705345123_Split_35.fasta', -1.396, 3.977, -4.968, -3.603
'MAFFT_b1#0035_htH_tree_75_OP_2.4023709813773846_Split_35.fasta', -1.481, 3.289, 0.206, -4.13
'MAFFT_b1#0035_htH_tree_9_OP_1.5653274151471246_Split_35.fasta', -5.056, -0.951, -7.504, -7.783
'MAFFT_b1#0035_htT_tree_71_OP_2.3680950705345123_Split_35.fasta', -1.396, 3.977, -4.968, -3.603
'MAFFT_b1#0035_htT_tree_75_OP_2.4023709813773846_Split_35.fasta', -1.481, 3.289, 0.206, -4.13
'MAFFT_b1#0035_htT_tree_9_OP_1.5653274151471246_Split_35.fasta', -5.056, -0.951, -7.504, -7.783
'MAFFT_b1#0036_hhH_tree_69_OP_2.9824622002885617_Split_36.fasta', -3.429, 1.775, -7.546, -7.228
'MAFFT_b1#0036_hhH_tree_74_OP_2.943304477827338_Split_36.fasta', -5.407, -0.785, -7.545, -8.338
'MAFFT_b1#0036_hhH_tree_91_OP_2.3523277060939405_Split_36.fasta', -6.189, -2.604, -5.096, -9.104
'MAFFT_b1#0036_hhT_tree_69_OP_2.9824622002885617_Split_36.fasta', -3.429, 1.775, -7.546, -7.228
'MAFFT_b1#0036_hhT_tree_74_OP_2.943304477827338_Split_36.fasta', -5.407, -0.785, -7.545, -8.338
'MAFFT_b1#0036_hhT_tree_91_OP_2.3523277060939405_Split_36.fasta', -6.189, -2.604, -5.096, -9.104
'MAFFT_b1#0036_htH_tree_69_OP_2.9824622002885617_Split_36.fasta', -2.862, 2.465, -5.411, -6.877
'MAFFT_b1#0036_htH_tree_74_OP_2.943304477827338_Split_36.fasta', -4.913, -0.206, -4.424, -9.161
'MAFFT_b1#0036_htH_tree_91_OP_2.3523277060939405_Split_36.fasta', -5.865, -2.161, -4.889, -8.817
'MAFFT_b1#0036_htT_tree_69_OP_2.9824622002885617_Split_36.fasta', -2.862, 2.465, -5.411, -6.877
'MAFFT_b1#0036_htT_tree_74_OP_2.943304477827338_Split_36.fasta', -4.913, -0.206, -4.424, -9.161
'MAFFT_b1#0036_htT_tree_91_OP_2.3523277060939405_Split_36.fasta', -5.865, -2.161, -4.889, -8.817
'MAFFT_b1#0037_hhH_tree_46_OP_2.5904987735791676_Split_37.fasta', -2.117, 1.983, -4.255, -5.382
'MAFFT_b1#0037_hhH_tree_65_OP_1.3986977410996977_Split_37.fasta', 0.195, 6.195, -4.534, -0.712
'MAFFT_b1#0037_hhT_tree_46_OP_2.5904987735791676_Split_37.fasta', -2.117, 1.983, -4.255, -5.382
'MAFFT_b1#0037_hhT_tree_65_OP_1.3986977410996977_Split_37.fasta', 0.195, 6.195, -4.534, -0.712
'MAFFT_b1#0037_htH_tree_46_OP_2.5904987735791676_Split_37.fasta', -1.838, 2.167, -5.754, -3.918
'MAFFT_b1#0037_htH_tree_65_OP_1.3986977410996977_Split_37.fasta', 0.087, 6.077, -4.608, -0.815
'MAFFT_b1#0037_htT_tree_46_OP_2.5904987735791676_Split_37.fasta', -1.838, 2.167, -5.754, -3.918
'MAFFT_b1#0037_htT_tree_65_OP_1.3986977410996977_Split_37.fasta', 0.087, 6.077, -4.608, -0.815
'MAFFT_b1#0039_hhH_tree_22_OP_1.0333726057419617_Split_39.fasta', 2.052, 8.293, -3.193, -0.119
'MAFFT_b1#0039_hhT_tree_22_OP_1.0333726057419617_Split_39.fasta', 2.052, 8.293, -3.193, -0.119
'MAFFT_b1#0039_htH_tree_22_OP_1.0333726057419617_Split_39.fasta', 1.727, 7.844, 2.396, -2.322
'MAFFT_b1#0039_htT_tree_22_OP_1.0333726057419617_Split_39.fasta', 1.727, 7.844, 2.396, -2.322
'MAFFT_b1#0041_hhH_tree_31_OP_2.371648195541206_Split_41.fasta', -4.203, 1.096, -8.788, -4.564
'MAFFT_b1#0041_hhH_tree_8_OP_2.990366431633018_Split_41.fasta', 0.489, 5.902, -0.19, -0.465
'MAFFT_b1#0041_hhT_tree_31_OP_2.371648195541206_Split_41.fasta', -4.203, 1.096, -8.788, -4.564
'MAFFT_b1#0041_hhT_tree_8_OP_2.990366431633018_Split_41.fasta', 0.489, 5.902, -0.19, -0.465
'MAFFT_b1#0041_htH_tree_31_OP_2.371648195541206_Split_41.fasta', -3.683, 1.705, -8.312, -3.995
'MAFFT_b1#0041_htH_tree_8_OP_2.990366431633018_Split_41.fasta', 0.542, 5.945, -0.12, -0.405
'MAFFT_b1#0041_htT_tree_31_OP_2.371648195541206_Split_41.fasta', -3.683, 1.705, -8.312, -3.995
'MAFFT_b1#0041_htT_tree_8_OP_2.990366431633018_Split_41.fasta', 0.542, 5.945, -0.12, -0.405
'MAFFT_b1#0042_hhH_tree_92_OP_1.133352346367843_Split_42.fasta', -4.95, 0.214, -9.011, -7.868
'MAFFT_b1#0042_hhT_tree_92_OP_1.133352346367843_Split_42.fasta', -4.95, 0.214, -9.011, -7.868
'MAFFT_b1#0042_htH_tree_92_OP_1.133352346367843_Split_42.fasta', -5.087, 0.01, -6.984, -11.15
'MAFFT_b1#0042_htT_tree_92_OP_1.133352346367843_Split_42.fasta', -5.087, 0.01, -6.984, -11.15
'MAFFT_b1#0043_hhH_tree_95_OP_2.498402958697362_Split_43.fasta', 3.762, 9.844, 3.436, -0.514
'MAFFT_b1#0043_hhT_tree_95_OP_2.498402958697362_Split_43.fasta', 3.762, 9.844, 3.436, -0.514
'MAFFT_b1#0043_htH_tree_95_OP_2.498402958697362_Split_43.fasta', 3.069, 9.054, 2.641, -1.634
'MAFFT_b1#0043_htT_tree_95_OP_2.498402958697362_Split_43.fasta', 3.069, 9.054, 2.641, -1.634
'MAFFT_b1#0044_hhH_tree_14_OP_1.7440813830902329_Split_44.fasta', -9.95, -5.59, -10.884, -10.854
'MAFFT_b1#0044_hhH_tree_52_OP_2.165361006866358_Split_44.fasta', -0.817, 4.577, -0.571, -3.837
'MAFFT_b1#0044_hhT_tree_14_OP_1.7440813830902329_Split_44.fasta', -9.95, -5.59, -10.884, -10.854
'MAFFT_b1#0044_hhT_tree_52_OP_2.165361006866358_Split_44.fasta', -0.817, 4.577, -0.571, -3.837
'MAFFT_b1#0044_htH_tree_14_OP_1.7440813830902329_Split_44.fasta', -9.984, -5.617, -10.939, -10.905
'MAFFT_b1#0044_htH_tree_52_OP_2.165361006866358_Split_44.fasta', -0.543, 4.981, -0.466, -3.57
'MAFFT_b1#0044_htT_tree_14_OP_1.7440813830902329_Split_44.fasta', -9.984, -5.617, -10.939, -10.905
'MAFFT_b1#0044_htT_tree_52_OP_2.165361006866358_Split_44.fasta', -0.543, 4.981, -0.466, -3.57
'MSA.BALIPHY.aln.best.23410.fas', 2.429, 7.933, 0.741, -0.693
'MSA.MAFFT.aln.With_Names', 4.564, 10.705, -1.447, 3.004
'MSA.MUSCLE.aln.best.23410.fas', 0.888, 3.612, -2.284, -4.164
'MSA.PRANK.aln.With_Names', -24.58, -24.117, -21.824, -30.232
'MUSCLE_diversified_replicate.abc.1.afa', 1.118, 6.387, -2.337, -2.819
'MUSCLE_diversified_replicate.abc.101.afa', -1.404, 3.638, -3.106, -5.552
'MUSCLE_diversified_replicate.abc.105.afa', 0.474, 5.515, -1.655, -2.381
'MUSCLE_diversified_replicate.abc.109.afa', 3.755, 8.76, 2.479, 0.961
'MUSCLE_diversified_replicate.abc.113.afa', 4.129, 9.394, 3.456, 1.021
'MUSCLE_diversified_replicate.abc.117.afa', -0.137, 5.125, -2.389, -4.022
'MUSCLE_diversified_replicate.abc.121.afa', 0.279, 5.531, 0.194, -3.787
'MUSCLE_diversified_replicate.abc.125.afa', 0.541, 5.572, -0.507, -3.787
'MUSCLE_diversified_replicate.abc.129.afa', 1.184, 6.643, -0.592, -2.48
'MUSCLE_diversified_replicate.abc.13.afa', 3.163, 8.537, 1.271, -1.975
'MUSCLE_diversified_replicate.abc.133.afa', 5.439, 10.796, 2.713, 3.367
'MUSCLE_diversified_replicate.abc.137.afa', -0.466, 4.72, -1.58, -5.696
'MUSCLE_diversified_replicate.abc.141.afa', -1.538, 3.338, -1.733, -5.741
'MUSCLE_diversified_replicate.abc.145.afa', 0.288, 5.263, 0.18, -3.266
'MUSCLE_diversified_replicate.abc.149.afa', 3.282, 8.55, 0.816, 1.348
'MUSCLE_diversified_replicate.abc.153.afa', 0.358, 5.229, -1.554, -3.219
'MUSCLE_diversified_replicate.abc.157.afa', -2.48, 2.477, -3.417, -5.983
'MUSCLE_diversified_replicate.abc.161.afa', 3.148, 7.97, 2.719, 0.017
'MUSCLE_diversified_replicate.abc.165.afa', -0.275, 5.131, -1.56, -3.243
'MUSCLE_diversified_replicate.abc.169.afa', 2.087, 7.182, 0.172, -1.415
'MUSCLE_diversified_replicate.abc.17.afa', 2.152, 6.799, 2.4, -0.986
'MUSCLE_diversified_replicate.abc.173.afa', 1.825, 6.688, -0.033, -2.387
'MUSCLE_diversified_replicate.abc.177.afa', -0.135, 4.904, -1.741, -3.529
'MUSCLE_diversified_replicate.abc.181.afa', 1.269, 6.42, -0.44, -2.027
'MUSCLE_diversified_replicate.abc.185.afa', -0.772, 4.465, -2.056, -4.197
'MUSCLE_diversified_replicate.abc.189.afa', -1.223, 4.079, -2.681, -3.61
'MUSCLE_diversified_replicate.abc.193.afa', -0.81, 4.163, -2.654, -4.54
'MUSCLE_diversified_replicate.abc.197.afa', 0.933, 5.95, -0.346, -3.023
'MUSCLE_diversified_replicate.abc.201.afa', 1.932, 7.162, -0.696, -1.712
'MUSCLE_diversified_replicate.abc.205.afa', 2.262, 7.434, -0.185, -1.292
'MUSCLE_diversified_replicate.abc.209.afa', 0.024, 4.929, -1.68, -3.14
'MUSCLE_diversified_replicate.abc.21.afa', -1.424, 3.432, -1.554, -4.396
'MUSCLE_diversified_replicate.abc.213.afa', 0.371, 4.328, 0.663, -2.191
'MUSCLE_diversified_replicate.abc.217.afa', 2.086, 7.681, -0.507, -1.292
'MUSCLE_diversified_replicate.abc.221.afa', 2.372, 7.431, -0.143, -0.79
'MUSCLE_diversified_replicate.abc.225.afa', -1.243, 3.82, -2.664, -4.995
'MUSCLE_diversified_replicate.abc.229.afa', -1.043, 3.659, -1.991, -3.459
'MUSCLE_diversified_replicate.abc.233.afa', 0.379, 5.176, -0.233, -2.473
'MUSCLE_diversified_replicate.abc.237.afa', -2.4, 2.603, -3.192, -5.356
'MUSCLE_diversified_replicate.abc.241.afa', 1.413, 6.431, -0.558, -2.079
'MUSCLE_diversified_replicate.abc.245.afa', -0.291, 4.771, -2.109, -4.165
'MUSCLE_diversified_replicate.abc.249.afa', 0.661, 6.129, -1.165, -2.729
'MUSCLE_diversified_replicate.abc.25.afa', -8.736, -9.599, -12.27, -15.743
'MUSCLE_diversified_replicate.abc.253.afa', 2.401, 6.848, 2.406, -0.149
'MUSCLE_diversified_replicate.abc.257.afa', 2.387, 7.635, -0.093, -1.828
'MUSCLE_diversified_replicate.abc.261.afa', -3.363, 1.194, -4.588, -6.606
'MUSCLE_diversified_replicate.abc.265.afa', -1.113, 3.809, -2.036, -4.846
'MUSCLE_diversified_replicate.abc.269.afa', 2.001, 7.213, -0.13, -1.342
'MUSCLE_diversified_replicate.abc.273.afa', -1.84, 3.192, -2.274, -4.52
'MUSCLE_diversified_replicate.abc.277.afa', -1.476, 3.651, -2.653, -5.028
'MUSCLE_diversified_replicate.abc.281.afa', -0.677, 4.743, -2.138, -4.065
'MUSCLE_diversified_replicate.abc.285.afa', 2.363, 8.099, -0.885, -1.129
'MUSCLE_diversified_replicate.abc.289.afa', 1.825, 7.331, 1.487, -2.295
'MUSCLE_diversified_replicate.abc.29.afa', -2.594, 2.002, -3.495, -5.724
'MUSCLE_diversified_replicate.abc.293.afa', 1.486, 6.797, -0.337, -2.173
'MUSCLE_diversified_replicate.abc.297.afa', 0.894, 5.98, 0.264, -3.767
'MUSCLE_diversified_replicate.abc.301.afa', -6.364, -3.858, -10.489, -12.275
'MUSCLE_diversified_replicate.abc.305.afa', 1.519, 6.596, -0.439, -2.084
'MUSCLE_diversified_replicate.abc.309.afa', 0.45, 6.146, -1.62, -2.605
'MUSCLE_diversified_replicate.abc.313.afa', -3.016, 1.751, -3.531, -5.401
'MUSCLE_diversified_replicate.abc.317.afa', -3.996, 0.518, -5.356, -7.13
'MUSCLE_diversified_replicate.abc.321.afa', 2.663, 8.239, 1.332, -2.194
'MUSCLE_diversified_replicate.abc.325.afa', 0.515, 5.915, -1.287, -2.852
'MUSCLE_diversified_replicate.abc.329.afa', -1.804, 3.268, -3.198, -5.268
'MUSCLE_diversified_replicate.abc.33.afa', -0.802, 4.343, -2.587, -3.953
'MUSCLE_diversified_replicate.abc.333.afa', 5.125, 10.481, 4.667, 2.087
'MUSCLE_diversified_replicate.abc.337.afa', 3.535, 8.58, 2.672, 1.529
'MUSCLE_diversified_replicate.abc.341.afa', -2.508, 2.08, -3.734, -6.157
'MUSCLE_diversified_replicate.abc.345.afa', 3.323, 8.556, 0.52, 1.613
'MUSCLE_diversified_replicate.abc.349.afa', 2.431, 7.743, 0.674, -1.908
'MUSCLE_diversified_replicate.abc.353.afa', 0.396, 5.939, -1.031, -2.648
'MUSCLE_diversified_replicate.abc.357.afa', 0.799, 5.724, -1.106, -2.619
'MUSCLE_diversified_replicate.abc.361.afa', -1.145, 3.733, -2.344, -4.16
'MUSCLE_diversified_replicate.abc.365.afa', 1.296, 6.82, -1.306, -2.071
'MUSCLE_diversified_replicate.abc.369.afa', 0.883, 5.918, -0.817, -2.664
'MUSCLE_diversified_replicate.abc.37.afa', 1.432, 6.692, -1.62, -2.509
'MUSCLE_diversified_replicate.abc.373.afa', 2.666, 8.106, 1.103, -0.3
'MUSCLE_diversified_replicate.abc.377.afa', -0.248, 4.742, -1.831, -3.384
'MUSCLE_diversified_replicate.abc.381.afa', -0.804, 4.092, -2.185, -4.39
'MUSCLE_diversified_replicate.abc.385.afa', 3.432, 9.116, 0.757, -0.313
'MUSCLE_diversified_replicate.abc.389.afa', -1.914, 3.028, -2.823, -5.419
'MUSCLE_diversified_replicate.abc.393.afa', 1.561, 6.754, -0.856, -1.782
'MUSCLE_diversified_replicate.abc.397.afa', 1.503, 6.574, -1.662, -2.222
'MUSCLE_diversified_replicate.abc.41.afa', -1.637, 3.304, -2.099, -4.67
'MUSCLE_diversified_replicate.abc.45.afa', 2.505, 7.392, 1.953, 0.285
'MUSCLE_diversified_replicate.abc.49.afa', 1.201, 6.331, -0.34, -2.032
'MUSCLE_diversified_replicate.abc.5.afa', 1.361, 6.676, -1.648, -2.395
'MUSCLE_diversified_replicate.abc.53.afa', -2.393, 2.252, -3.056, -5.565
'MUSCLE_diversified_replicate.abc.57.afa', 1.567, 7.075, 0.65, -1.315
'MUSCLE_diversified_replicate.abc.61.afa', 4.098, 9.461, 2.9, 1.277
'MUSCLE_diversified_replicate.abc.65.afa', 1.43, 6.64, 0.629, -3.175
'MUSCLE_diversified_replicate.abc.69.afa', -4.933, -0.666, -4.643, -7.965
'MUSCLE_diversified_replicate.abc.73.afa', 0.318, 5.623, -0.984, -2.889
'MUSCLE_diversified_replicate.abc.77.afa', 0.118, 5.002, -1.789, -3.308
'MUSCLE_diversified_replicate.abc.81.afa', 2.581, 8.26, 1.573, -1.309
'MUSCLE_diversified_replicate.abc.85.afa', 1.566, 6.614, -0.884, -2.453
'MUSCLE_diversified_replicate.abc.89.afa', 1.826, 7.097, 0.978, -2.351
'MUSCLE_diversified_replicate.abc.9.afa', 0.2, 5.404, -1.618, -3.536
'MUSCLE_diversified_replicate.abc.93.afa', 0.175, 5.747, -1.764, -2.995
'MUSCLE_diversified_replicate.abc.97.afa', 4.54, 9.682, 2.657, 2.965
'MUSCLE_diversified_replicate.acb.10.afa', 1.246, 6.779, -0.8, -1.677
'MUSCLE_diversified_replicate.acb.102.afa', -4.836, -1.291, -4.662, -6.534
'MUSCLE_diversified_replicate.acb.106.afa', 1.954, 7.116, 0.738, -1.239
'MUSCLE_diversified_replicate.acb.110.afa', 0.462, 5.215, 0.467, -4.149
'MUSCLE_diversified_replicate.acb.114.afa', 0.492, 5.374, -1.817, -3.209
'MUSCLE_diversified_replicate.acb.118.afa', -5.912, -2.323, -5.712, -8.974
'MUSCLE_diversified_replicate.acb.122.afa', -1.99, 3.079, -4.436, -5.867
'MUSCLE_diversified_replicate.acb.126.afa', -0.333, 4.88, -1.507, -4.155
'MUSCLE_diversified_replicate.acb.130.afa', 1.915, 7.056, -0.557, -1.591
'MUSCLE_diversified_replicate.acb.134.afa', -4.241, -0.611, -3.039, -8.934
'MUSCLE_diversified_replicate.acb.138.afa', 2.997, 8.509, 1.821, -1.819
'MUSCLE_diversified_replicate.acb.14.afa', 1.015, 5.249, 1.56, -1.38
'MUSCLE_diversified_replicate.acb.142.afa', 2.752, 7.817, 0.182, 1.045
'MUSCLE_diversified_replicate.acb.146.afa', 0.481, 5.416, 0.077, -4.1
'MUSCLE_diversified_replicate.acb.150.afa', 3.922, 9.338, 1.409, 2.508
'MUSCLE_diversified_replicate.acb.154.afa', -1.308, 3.403, -1.755, -4.905
'MUSCLE_diversified_replicate.acb.158.afa', -0.547, 3.707, -1.678, -4.356
'MUSCLE_diversified_replicate.acb.162.afa', 4.928, 10.264, 4.414, 2.796
'MUSCLE_diversified_replicate.acb.166.afa', 1.803, 7.264, 0.152, -2.602
'MUSCLE_diversified_replicate.acb.170.afa', 1.233, 6.538, -1.573, -2.383
'MUSCLE_diversified_replicate.acb.174.afa', 3.017, 7.715, 1.066, 0.737
'MUSCLE_diversified_replicate.acb.178.afa', 1.795, 6.423, 0.083, -0.457
'MUSCLE_diversified_replicate.acb.18.afa', 1.723, 6.868, -0.317, -1.605
'MUSCLE_diversified_replicate.acb.182.afa', -3.726, 0.384, -3.301, -5.539
'MUSCLE_diversified_replicate.acb.186.afa', 0.531, 5.697, 2.001, -5.061
'MUSCLE_diversified_replicate.acb.190.afa', 3.032, 8.396, 0.186, -0.872
'MUSCLE_diversified_replicate.acb.194.afa', 4.403, 9.861, 3.378, 1.644
'MUSCLE_diversified_replicate.acb.198.afa', 3.586, 8.502, 3.929, -0.607
'MUSCLE_diversified_replicate.acb.2.afa', 2.878, 7.581, 2.953, -1.46
'MUSCLE_diversified_replicate.acb.202.afa', 0.262, 5.492, -2.457, -4.014
'MUSCLE_diversified_replicate.acb.206.afa', -2.589, 1.8, -2.149, -5.092
'MUSCLE_diversified_replicate.acb.210.afa', -3.015, 0.868, -0.77, -7.3
'MUSCLE_diversified_replicate.acb.214.afa', 4.056, 9.09, 1.331, 1.895
'MUSCLE_diversified_replicate.acb.218.afa', 3.954, 8.986, 4.035, 0.889
'MUSCLE_diversified_replicate.acb.22.afa', 1.271, 5.914, -0.144, -1.702
'MUSCLE_diversified_replicate.acb.222.afa', 0.53, 5.308, -0.202, -4.22
'MUSCLE_diversified_replicate.acb.226.afa', 3.397, 8.243, 0.573, 1.188
'MUSCLE_diversified_replicate.acb.230.afa', -3.168, 0.636, -1.96, -5.087
'MUSCLE_diversified_replicate.acb.234.afa', 0.726, 5.996, -1.965, -2.669
'MUSCLE_diversified_replicate.acb.238.afa', -1.711, 2.955, -1.445, -5.592
'MUSCLE_diversified_replicate.acb.242.afa', 0.343, 6.212, -0.873, -3.447
'MUSCLE_diversified_replicate.acb.246.afa', -0.413, 4.825, -2.179, -4.17
'MUSCLE_diversified_replicate.acb.250.afa', -0.377, 4.905, -2.269, -4.095
'MUSCLE_diversified_replicate.acb.254.afa', 1.09, 6.307, -2.096, -2.714
'MUSCLE_diversified_replicate.acb.258.afa', -2.046, 2.08, -1.659, -6.282
'MUSCLE_diversified_replicate.acb.26.afa', 2.232, 7.445, -0.333, -1.432
'MUSCLE_diversified_replicate.acb.262.afa', 3.637, 8.509, 2.019, 1.459
'MUSCLE_diversified_replicate.acb.266.afa', 1.425, 6.373, -0.321, -1.863
'MUSCLE_diversified_replicate.acb.270.afa', -8.192, -8.842, -10.978, -14.827
'MUSCLE_diversified_replicate.acb.274.afa', 1.816, 7.181, 0.219, -1.865
'MUSCLE_diversified_replicate.acb.278.afa', -4.606, -1.342, -1.846, -9.053
'MUSCLE_diversified_replicate.acb.282.afa', -3.839, 0.11, -3.033, -6.143
'MUSCLE_diversified_replicate.acb.286.afa', 5.073, 10.524, 4.542, 2.225
'MUSCLE_diversified_replicate.acb.290.afa', 5.029, 10.35, 3.098, 3.04
'MUSCLE_diversified_replicate.acb.294.afa', -1.986, 2.642, -2.269, -5.452
'MUSCLE_diversified_replicate.acb.298.afa', 0.772, 5.727, 0.512, -3.037
'MUSCLE_diversified_replicate.acb.30.afa', -4.735, -1.129, -3.834, -7.521
'MUSCLE_diversified_replicate.acb.302.afa', -4.934, -1.478, -4.567, -7.28
'MUSCLE_diversified_replicate.acb.306.afa', 1.826, 6.419, 0.864, -1.359
'MUSCLE_diversified_replicate.acb.310.afa', -3.479, 0.285, -1.068, -7.99
'MUSCLE_diversified_replicate.acb.314.afa', -0.085, 3.741, 0.079, -3.364
'MUSCLE_diversified_replicate.acb.318.afa', 5.022, 10.365, 2.609, 2.659
'MUSCLE_diversified_replicate.acb.322.afa', -0.298, 3.748, -0.438, -2.819
'MUSCLE_diversified_replicate.acb.326.afa', -10.45, -12.507, -13.9, -15.773
'MUSCLE_diversified_replicate.acb.330.afa', 2.076, 6.798, 1.176, 0.352
'MUSCLE_diversified_replicate.acb.334.afa', 1.832, 6.992, -0.283, -3.146
'MUSCLE_diversified_replicate.acb.338.afa', -1.366, 2.82, -2.599, -4.794
'MUSCLE_diversified_replicate.acb.34.afa', 4.275, 9.32, 3.403, 2.595
'MUSCLE_diversified_replicate.acb.342.afa', 3.934, 8.976, 4.024, 2.144
'MUSCLE_diversified_replicate.acb.346.afa', 0.7, 6.002, -0.503, -3.991
'MUSCLE_diversified_replicate.acb.350.afa', -4.381, -0.562, -5.314, -7.194
'MUSCLE_diversified_replicate.acb.354.afa', -2.899, 1.248, -2.073, -6.45
'MUSCLE_diversified_replicate.acb.358.afa', 0.169, 5.159, -2.241, -3.511
'MUSCLE_diversified_replicate.acb.362.afa', 2.838, 7.588, 0.517, 1.195
'MUSCLE_diversified_replicate.acb.366.afa', 1.776, 6.136, 1.695, 0.164
'MUSCLE_diversified_replicate.acb.370.afa', 0.255, 4.655, 0.343, -3.571
'MUSCLE_diversified_replicate.acb.374.afa', -1.674, 2.872, -2.946, -5.521
'MUSCLE_diversified_replicate.acb.378.afa', 3.534, 8.409, 0.837, 1.132
'MUSCLE_diversified_replicate.acb.38.afa', 1.347, 6.648, -0.854, -2.026
'MUSCLE_diversified_replicate.acb.382.afa', -1.445, 2.361, -1.752, -3.309
'MUSCLE_diversified_replicate.acb.386.afa', 3.803, 9.061, 1.454, 1.948
'MUSCLE_diversified_replicate.acb.390.afa', -4.197, -0.333, -3.75, -7.25
'MUSCLE_diversified_replicate.acb.394.afa', -5.163, -1.829, -4.976, -6.663
'MUSCLE_diversified_replicate.acb.398.afa', -2.906, 1.162, -1.899, -6.557
'MUSCLE_diversified_replicate.acb.42.afa', -2.168, 2.261, -2.357, -4.647
'MUSCLE_diversified_replicate.acb.46.afa', -2.582, 1.822, -2.254, -5.235
'MUSCLE_diversified_replicate.acb.50.afa', -4.397, -0.918, -1.88, -8.942
'MUSCLE_diversified_replicate.acb.54.afa', 0.07, 4.02, 0.596, -2.152
'MUSCLE_diversified_replicate.acb.58.afa', 0.804, 4.956, 2.031, -2.147
'MUSCLE_diversified_replicate.acb.6.afa', 2.056, 7.444, -0.396, -1.4
'MUSCLE_diversified_replicate.acb.62.afa', 0.851, 6.023, -0.69, -2.594
'MUSCLE_diversified_replicate.acb.66.afa', 0.739, 5.57, -1.649, -2.913
'MUSCLE_diversified_replicate.acb.70.afa', -1.238, 3.475, -3.705, -5.851
'MUSCLE_diversified_replicate.acb.74.afa', -3.239, 0.498, -0.577, -7.784
'MUSCLE_diversified_replicate.acb.78.afa', -4.89, -0.987, -3.508, -7.935
'MUSCLE_diversified_replicate.acb.82.afa', -1.992, 2.574, -4.43, -5.169
'MUSCLE_diversified_replicate.acb.86.afa', 1.307, 6.329, -0.304, -1.712
'MUSCLE_diversified_replicate.acb.90.afa', 1.736, 6.879, -1.188, -1.85
'MUSCLE_diversified_replicate.acb.94.afa', 4.086, 9.463, 2.77, 2.613
'MUSCLE_diversified_replicate.acb.98.afa', -3.906, -0.241, -4.332, -6.028
'MUSCLE_diversified_replicate.bca.103.afa', -0.877, 4.36, -1.768, -4.413
'MUSCLE_diversified_replicate.bca.107.afa', 2.283, 7.614, 1.063, -2.708
'MUSCLE_diversified_replicate.bca.11.afa', 2.299, 7.448, 0.792, -0.668
'MUSCLE_diversified_replicate.bca.111.afa', -2.089, 2.56, -3.087, -5.622
'MUSCLE_diversified_replicate.bca.115.afa', -8.284, -6.157, -12.803, -14.039
'MUSCLE_diversified_replicate.bca.119.afa', 0.231, 5.696, -1.994, -3.812
'MUSCLE_diversified_replicate.bca.123.afa', 2.652, 8.117, -0.782, -1.151
'MUSCLE_diversified_replicate.bca.127.afa', 2.195, 7.891, 0.897, -1.129
'MUSCLE_diversified_replicate.bca.131.afa', -0.362, 4.677, -1.855, -5.015
'MUSCLE_diversified_replicate.bca.135.afa', -0.955, 4.067, -2.665, -4.657
'MUSCLE_diversified_replicate.bca.139.afa', 1.221, 6.191, -0.135, -2.196
'MUSCLE_diversified_replicate.bca.143.afa', -0.273, 5.055, -1.881, -3.697
'MUSCLE_diversified_replicate.bca.147.afa', -0.966, 2.985, -1.148, -4.101
'MUSCLE_diversified_replicate.bca.15.afa', -7.932, -9.576, -9.932, -13.759
'MUSCLE_diversified_replicate.bca.151.afa', -1.33, 3.524, -3.008, -4.813
'MUSCLE_diversified_replicate.bca.155.afa', 2.986, 7.814, 2.531, -0.137
'MUSCLE_diversified_replicate.bca.159.afa', 0.125, 5.084, -1.391, -2.304
'MUSCLE_diversified_replicate.bca.163.afa', -0.642, 4.499, -3.134, -4.524
'MUSCLE_diversified_replicate.bca.167.afa', -4.825, -0.503, -6.392, -8.546
'MUSCLE_diversified_replicate.bca.171.afa', 4.602, 9.702, 5.465, 0.935
'MUSCLE_diversified_replicate.bca.175.afa', -0.165, 3.649, 0.063, -4.176
'MUSCLE_diversified_replicate.bca.179.afa', 0.055, 3.962, 0.896, -2.667
'MUSCLE_diversified_replicate.bca.183.afa', 1.893, 7.191, -0.586, -1.797
'MUSCLE_diversified_replicate.bca.187.afa', 1.705, 6.752, 2.015, -3.221
'MUSCLE_diversified_replicate.bca.19.afa', 1.486, 6.986, -1.607, -1.929
'MUSCLE_diversified_replicate.bca.191.afa', 1.691, 6.961, -0.763, -1.549
'MUSCLE_diversified_replicate.bca.195.afa', -0.418, 4.875, -2.604, -3.76
'MUSCLE_diversified_replicate.bca.199.afa', -0.043, 3.803, 0.34, -2.713
'MUSCLE_diversified_replicate.bca.203.afa', 4.585, 9.941, 2.539, 2.514
'MUSCLE_diversified_replicate.bca.207.afa', 1.524, 6.69, -0.187, -1.558
'MUSCLE_diversified_replicate.bca.211.afa', -0.445, 4.656, -2.035, -3.426
'MUSCLE_diversified_replicate.bca.215.afa', 0.903, 6.052, -1.74, -2.59
'MUSCLE_diversified_replicate.bca.219.afa', 3.595, 8.733, 1.208, 1.551
'MUSCLE_diversified_replicate.bca.223.afa', 0.75, 5.758, -1.811, -3.04
'MUSCLE_diversified_replicate.bca.227.afa', 2.887, 8.658, 0.071, -0.495
'MUSCLE_diversified_replicate.bca.23.afa', 0.715, 5.678, -1.851, -2.914
'MUSCLE_diversified_replicate.bca.231.afa', -6.008, -2.075, -4.442, -8.191
'MUSCLE_diversified_replicate.bca.235.afa', -0.817, 4.029, -2.046, -3.172
'MUSCLE_diversified_replicate.bca.239.afa', 2.637, 8.132, 0.918, -1.572
'MUSCLE_diversified_replicate.bca.243.afa', 4.008, 9.124, 1.845, 1.833
'MUSCLE_diversified_replicate.bca.247.afa', 0.728, 6.355, -0.901, -2.739
'MUSCLE_diversified_replicate.bca.251.afa', -0.702, 4.756, -2.888, -4.313
'MUSCLE_diversified_replicate.bca.255.afa', 2.347, 7.879, 1.554, -2.399
'MUSCLE_diversified_replicate.bca.259.afa', 1.776, 7.2, 2.007, -2.222
'MUSCLE_diversified_replicate.bca.263.afa', 0.008, 5.136, 0.7, -4.819
'MUSCLE_diversified_replicate.bca.267.afa', -0.05, 4.816, -0.293, -4.274
'MUSCLE_diversified_replicate.bca.27.afa', -0.541, 4.699, -1.551, -3.977
'MUSCLE_diversified_replicate.bca.271.afa', 4.779, 9.972, 2.592, 2.802
'MUSCLE_diversified_replicate.bca.275.afa', -7.989, -9.643, -11.31, -14.741
'MUSCLE_diversified_replicate.bca.279.afa', 0.253, 5.347, -0.502, -3.99
'MUSCLE_diversified_replicate.bca.283.afa', -1.045, 4.151, -1.996, -4.154
'MUSCLE_diversified_replicate.bca.287.afa', 1.076, 6.189, 0.362, -3.029
'MUSCLE_diversified_replicate.bca.291.afa', 2.644, 8.11, 0.207, -0.757
'MUSCLE_diversified_replicate.bca.295.afa', 1.499, 6.672, -0.917, -2.112
'MUSCLE_diversified_replicate.bca.299.afa', -2.73, 1.932, -3.799, -5.955
'MUSCLE_diversified_replicate.bca.3.afa', 0.447, 4.829, -1.405, -2.668
'MUSCLE_diversified_replicate.bca.303.afa', -1.328, 3.599, -3.14, -5.361
'MUSCLE_diversified_replicate.bca.307.afa', 0.592, 5.526, -1.471, -2.543
'MUSCLE_diversified_replicate.bca.31.afa', 3.461, 8.398, 1.915, 1.453
'MUSCLE_diversified_replicate.bca.311.afa', 1.303, 6.255, 2.103, -3.914
'MUSCLE_diversified_replicate.bca.315.afa', 1.042, 6.349, -0.623, -2.3
'MUSCLE_diversified_replicate.bca.319.afa', 1.535, 6.925, -0.003, -3.351
'MUSCLE_diversified_replicate.bca.323.afa', -1.35, 3.82, -3.426, -4.514
'MUSCLE_diversified_replicate.bca.327.afa', 2.486, 7.204, 0.964, 0.839
'MUSCLE_diversified_replicate.bca.331.afa', -0.141, 5.123, -2.173, -4.062
'MUSCLE_diversified_replicate.bca.335.afa', 4.069, 9.075, 4.248, 0.627
'MUSCLE_diversified_replicate.bca.339.afa', -1.822, 3.009, -3.386, -5.873
'MUSCLE_diversified_replicate.bca.343.afa', -0.194, 4.655, -1.97, -3.393
'MUSCLE_diversified_replicate.bca.347.afa', 1.297, 6.251, 0.685, -1.521
'MUSCLE_diversified_replicate.bca.35.afa', 2.998, 8.071, 0.944, 1.222
'MUSCLE_diversified_replicate.bca.351.afa', -2.315, 2.287, -3.241, -6.122
'MUSCLE_diversified_replicate.bca.355.afa', -1.308, 2.81, -1.156, -4.908
'MUSCLE_diversified_replicate.bca.359.afa', -0.318, 4.957, -1.902, -3.426
'MUSCLE_diversified_replicate.bca.363.afa', 2.453, 7.309, 0.422, 0.594
'MUSCLE_diversified_replicate.bca.367.afa', -1.803, 3.1, -2.87, -6.871
'MUSCLE_diversified_replicate.bca.371.afa', 2.992, 7.665, 1.398, 1.124
'MUSCLE_diversified_replicate.bca.375.afa', 0.849, 5.881, -0.473, -2.68
'MUSCLE_diversified_replicate.bca.379.afa', 2.355, 7.783, 0.919, -1.361
'MUSCLE_diversified_replicate.bca.383.afa', 2.643, 8.015, 0.537, -0.876
'MUSCLE_diversified_replicate.bca.387.afa', 1.944, 7.323, 3.876, -3.125
'MUSCLE_diversified_replicate.bca.39.afa', 1.476, 6.117, 0.068, -1.756
'MUSCLE_diversified_replicate.bca.391.afa', -0.35, 4.871, -2.43, -4.05
'MUSCLE_diversified_replicate.bca.395.afa', 4.618, 10.336, 2.983, 3.03
'MUSCLE_diversified_replicate.bca.399.afa', -1.846, 3.122, -2.988, -5.228
'MUSCLE_diversified_replicate.bca.43.afa', 0.633, 6.245, -0.876, -2.515
'MUSCLE_diversified_replicate.bca.47.afa', -1.974, 3.021, -3.333, -5.453
'MUSCLE_diversified_replicate.bca.51.afa', -1.153, 3.792, -1.966, -4.098
'MUSCLE_diversified_replicate.bca.55.afa', -0.715, 4.054, -2.789, -4.048
'MUSCLE_diversified_replicate.bca.59.afa', 2.037, 6.944, 1.129, -0.637
'MUSCLE_diversified_replicate.bca.63.afa', -1.474, 2.885, -2.634, -4.765
'MUSCLE_diversified_replicate.bca.67.afa', -4.079, 0.43, -5.355, -7.487
'MUSCLE_diversified_replicate.bca.7.afa', -1.214, 3.78, -3.13, -4.689
'MUSCLE_diversified_replicate.bca.71.afa', -0.176, 5.301, -1.696, -3.025
'MUSCLE_diversified_replicate.bca.75.afa', -1.352, 3.819, -3.935, -4.671
'MUSCLE_diversified_replicate.bca.79.afa', -1.604, 3.303, -2.892, -4.591
'MUSCLE_diversified_replicate.bca.83.afa', -0.538, 4.862, -2.009, -3.377
'MUSCLE_diversified_replicate.bca.87.afa', -2.217, 2.45, -3.555, -5.915
'MUSCLE_diversified_replicate.bca.91.afa', -0.172, 5.136, -2.469, -4.099
'MUSCLE_diversified_replicate.bca.95.afa', -1.05, 3.892, -2.422, -4.813
'MUSCLE_diversified_replicate.bca.99.afa', -2.154, 2.537, -3.773, -6.01
'MUSCLE_diversified_replicate.none.0.afa', 0.888, 3.612, -2.284, -4.164
'MUSCLE_diversified_replicate.none.100.afa', -5.73, -4.261, -9.886, -12.504
'MUSCLE_diversified_replicate.none.104.afa', -6.57, -5.595, -10.775, -13.164
'MUSCLE_diversified_replicate.none.108.afa', -6.555, -5.287, -8.497, -13.685
'MUSCLE_diversified_replicate.none.112.afa', -1.023, 2.941, -0.924, -6.923
'MUSCLE_diversified_replicate.none.116.afa', -9.066, -9.713, -12.701, -17.485
'MUSCLE_diversified_replicate.none.12.afa', 0.052, 2.173, -3.408, -4.458
'MUSCLE_diversified_replicate.none.120.afa', 0.728, 3.428, -2.922, -3.427
'MUSCLE_diversified_replicate.none.124.afa', 0.626, 3.463, -2.765, -4.23
'MUSCLE_diversified_replicate.none.128.afa', -0.079, 2.405, -3.625, -4.202
'MUSCLE_diversified_replicate.none.132.afa', 3.867, 8.893, 3.66, 0.927
'MUSCLE_diversified_replicate.none.136.afa', 0.607, 3.038, -2.937, -4.819
'MUSCLE_diversified_replicate.none.140.afa', -6.042, -4.653, -9.649, -11.873
'MUSCLE_diversified_replicate.none.144.afa', -2.301, -1.275, -5.509, -8.338
'MUSCLE_diversified_replicate.none.148.afa', -4.89, -3.033, -8.009, -11.459
'MUSCLE_diversified_replicate.none.152.afa', -1.192, 0.099, -4.387, -7.013
'MUSCLE_diversified_replicate.none.156.afa', 5.977, 11.283, 6.414, 2.275
'MUSCLE_diversified_replicate.none.16.afa', 0.712, 3.141, -2.301, -3.999
'MUSCLE_diversified_replicate.none.160.afa', -5.068, -3.29, -9.532, -11.737
'MUSCLE_diversified_replicate.none.164.afa', 0.576, 3.308, -3.221, -4.285
'MUSCLE_diversified_replicate.none.168.afa', -4.901, -3.018, -9.232, -11.291
'MUSCLE_diversified_replicate.none.172.afa', -5.045, -3.215, -9.013, -11.318
'MUSCLE_diversified_replicate.none.176.afa', -5.673, -4.137, -10.204, -12.333
'MUSCLE_diversified_replicate.none.180.afa', 0.978, 3.61, -2.356, -4.031
'MUSCLE_diversified_replicate.none.184.afa', 5.342, 10.742, 5.471, 2.497
'MUSCLE_diversified_replicate.none.188.afa', -1.829, -0.57, -4.205, -7.881
'MUSCLE_diversified_replicate.none.192.afa', -4.993, -3.453, -8.907, -10.54
'MUSCLE_diversified_replicate.none.196.afa', -0.259, 2.307, -3.441, -4.685
'MUSCLE_diversified_replicate.none.20.afa', 4.403, 9.496, 2.242, 2.03
'MUSCLE_diversified_replicate.none.200.afa', -2.063, -1.144, -5.519, -7.921
'MUSCLE_diversified_replicate.none.204.afa', 0.144, 2.668, -3.409, -4.927
'MUSCLE_diversified_replicate.none.208.afa', -0.14, 4.552, 0.042, -5.443
'MUSCLE_diversified_replicate.none.212.afa', -6.916, -6.028, -11.699, -13.92
'MUSCLE_diversified_replicate.none.216.afa', -6.02, -4.573, -10.504, -12.62
'MUSCLE_diversified_replicate.none.220.afa', -6.436, -4.864, -10.891, -12.995
'MUSCLE_diversified_replicate.none.224.afa', 0.375, 5.257, 2.085, -4.374
'MUSCLE_diversified_replicate.none.228.afa', 1.442, 5.09, 2.551, -2.877
'MUSCLE_diversified_replicate.none.232.afa', 0.671, 3.441, -2.977, -3.42
'MUSCLE_diversified_replicate.none.236.afa', -4.933, -3.276, -9.355, -11.399
'MUSCLE_diversified_replicate.none.24.afa', -2.528, -1.493, -6.528, -8.238
'MUSCLE_diversified_replicate.none.240.afa', 1.35, 4.278, -2.384, -3.518
'MUSCLE_diversified_replicate.none.244.afa', -6.284, -4.876, -10.259, -12.668
'MUSCLE_diversified_replicate.none.248.afa', -6.281, -5.214, -10.09, -12.865
'MUSCLE_diversified_replicate.none.252.afa', 0.897, 3.694, -2.707, -3.191
'MUSCLE_diversified_replicate.none.256.afa', 1.17, 4.038, -1.518, -3.197
'MUSCLE_diversified_replicate.none.260.afa', -6.407, -5.416, -10.59, -12.891
'MUSCLE_diversified_replicate.none.264.afa', -6.713, -5.851, -10.213, -14.472
'MUSCLE_diversified_replicate.none.268.afa', -10.109, -10.855, -15.549, -18.149
'MUSCLE_diversified_replicate.none.272.afa', 0.389, 2.854, -3.278, -3.783
'MUSCLE_diversified_replicate.none.276.afa', 0.994, 3.691, -1.566, -3.338
'MUSCLE_diversified_replicate.none.28.afa', 0.535, 3.076, -2.467, -4.953
'MUSCLE_diversified_replicate.none.280.afa', -0.718, 1.253, -3.438, -5.237
'MUSCLE_diversified_replicate.none.284.afa', 0.268, 2.654, -2.828, -4.317
'MUSCLE_diversified_replicate.none.288.afa', 0.717, 3.343, -2.85, -3.3
'MUSCLE_diversified_replicate.none.292.afa', -4.549, -2.418, -7.372, -11.318
'MUSCLE_diversified_replicate.none.296.afa', -5.549, -3.865, -9.127, -11.987
'MUSCLE_diversified_replicate.none.300.afa', -5.25, -3.52, -8.737, -11.103
'MUSCLE_diversified_replicate.none.304.afa', -1.672, -0.203, -4.699, -7.661
'MUSCLE_diversified_replicate.none.308.afa', 0.991, 3.892, -1.916, -3.362
'MUSCLE_diversified_replicate.none.312.afa', 0.033, 2.538, -3.533, -5.126
'MUSCLE_diversified_replicate.none.316.afa', 4.369, 9.392, 1.721, 2.237
'MUSCLE_diversified_replicate.none.32.afa', -0.016, 2.525, -3.942, -5.449
'MUSCLE_diversified_replicate.none.320.afa', 0.039, 2.425, -3.692, -4.162
'MUSCLE_diversified_replicate.none.324.afa', -0.087, 2.301, -2.21, -4.096
'MUSCLE_diversified_replicate.none.328.afa', 1.188, 3.997, -2.259, -2.952
'MUSCLE_diversified_replicate.none.332.afa', 0.931, 3.657, -2.513, -4.218
'MUSCLE_diversified_replicate.none.336.afa', -1.165, 0.654, -2.436, -5.757
'MUSCLE_diversified_replicate.none.340.afa', 0.816, 3.359, -3.168, -4.481
'MUSCLE_diversified_replicate.none.344.afa', -0.798, 3.643, 0.495, -6.201
'MUSCLE_diversified_replicate.none.348.afa', -6.235, -4.965, -10.096, -12.481
'MUSCLE_diversified_replicate.none.352.afa', 0.387, 3.153, -3.893, -4.093
'MUSCLE_diversified_replicate.none.356.afa', -1.691, -0.408, -4.807, -6.928
'MUSCLE_diversified_replicate.none.36.afa', -0.726, 1.612, -4.456, -5.9
'MUSCLE_diversified_replicate.none.360.afa', 0.036, 2.418, -3.868, -4.908
'MUSCLE_diversified_replicate.none.364.afa', -6.186, -4.712, -10.265, -12.478
'MUSCLE_diversified_replicate.none.368.afa', 0.267, 3.028, -3.5, -5.004
'MUSCLE_diversified_replicate.none.372.afa', -0.462, 4.172, -0.991, -5.667
'MUSCLE_diversified_replicate.none.376.afa', -0.178, 2.209, -2.862, -4.387
'MUSCLE_diversified_replicate.none.380.afa', -6.11, -4.623, -10.334, -12.368
'MUSCLE_diversified_replicate.none.384.afa', 0.027, 2.251, -2.252, -3.12
'MUSCLE_diversified_replicate.none.388.afa', -6.331, -4.7, -10.066, -12.634
'MUSCLE_diversified_replicate.none.392.afa', -6.517, -5.041, -9.786, -12.649
'MUSCLE_diversified_replicate.none.396.afa', -1.795, 2.218, -3.432, -6.751
'MUSCLE_diversified_replicate.none.4.afa', 0.785, 3.468, -2.655, -4.199
'MUSCLE_diversified_replicate.none.40.afa', -6.245, -4.898, -8.889, -13.545
'MUSCLE_diversified_replicate.none.44.afa', -5.869, -4.569, -9.781, -12.209
'MUSCLE_diversified_replicate.none.48.afa', -0.665, 1.646, -5.273, -6.318
'MUSCLE_diversified_replicate.none.52.afa', -5.818, -4.326, -10.224, -12.541
'MUSCLE_diversified_replicate.none.56.afa', -7.109, -6.614, -11.199, -14.144
'MUSCLE_diversified_replicate.none.60.afa', 0.144, 2.658, -3.18, -4.797
'MUSCLE_diversified_replicate.none.64.afa', -0.382, 1.915, -3.264, -4.88
'MUSCLE_diversified_replicate.none.68.afa', 1.041, 3.761, -1.841, -4.713
'MUSCLE_diversified_replicate.none.72.afa', 0.795, 3.674, -2.264, -3.554
'MUSCLE_diversified_replicate.none.76.afa', -1.804, 0.191, -4.883, -6.401
'MUSCLE_diversified_replicate.none.8.afa', -7.776, -7.331, -10.921, -15.603
'MUSCLE_diversified_replicate.none.80.afa', -5.597, -4.062, -9.691, -11.971
'MUSCLE_diversified_replicate.none.84.afa', -0.877, 1.185, -2.675, -5.523
'MUSCLE_diversified_replicate.none.88.afa', 0.539, 3.264, -2.663, -4.146
'MUSCLE_diversified_replicate.none.92.afa', 0.535, 3.066, -2.691, -3.625
'MUSCLE_diversified_replicate.none.96.afa', 0.855, 3.51, -2.526, -3.995
'PRANK_b0#0050_hhH_tree_63_OP_0.36203966777708846_Split_50.fasta', -49.43, -50.829, -49.315, -53.925
'PRANK_b0#0050_hhT_tree_63_OP_0.36203966777708846_Split_50.fasta', -21.31, -18.122, -22.704, -24.847
'PRANK_b0#0050_htT_tree_63_OP_0.36203966777708846_Split_50.fasta', -22.58, -19.441, -23.822, -25.968
'PRANK_b0#0050_ttH_tree_63_OP_0.36203966777708846_Split_50.fasta', -49.056, -50.556, -47.94, -53.483
'PRANK_b0#0051_hhT_tree_7_OP_0.4287654329803016_Split_51.fasta', -38.739, -38.416, -41.837, -44.625
'PRANK_b0#0051_htH_tree_7_OP_0.4287654329803016_Split_51.fasta', -37.757, -36.777, -41.534, -43.54
'PRANK_b0#0051_htT_tree_7_OP_0.4287654329803016_Split_51.fasta', -41.716, -42.931, -42.774, -47.79
'PRANK_b0#0051_ttT_tree_7_OP_0.4287654329803016_Split_51.fasta', -41.561, -42.774, -42.541, -47.611
'PRANK_b0#0053_hhH_tree_13_OP_0.09692142234876278_Split_53.fasta', -44.123, -46.363, -41.382, -49.15
'PRANK_b0#0053_htT_tree_13_OP_0.09692142234876278_Split_53.fasta', -46.839, -49.264, -45.726, -50.395
'PRANK_b0#0053_htT_tree_69_OP_0.05304651807751681_Split_53.fasta', -22.696, -21.159, -22.69, -25.432
'PRANK_b0#0053_thT_tree_69_OP_0.05304651807751681_Split_53.fasta', -23.045, -21.561, -23.246, -25.687
'PRANK_b0#0053_ttH_tree_13_OP_0.09692142234876278_Split_53.fasta', -44.158, -46.397, -41.429, -49.179
'PRANK_b0#0053_ttH_tree_69_OP_0.05304651807751681_Split_53.fasta', -13.781, -11.999, -14.141, -15.484
'PRANK_b0#0053_ttT_tree_13_OP_0.09692142234876278_Split_53.fasta', -41.254, -42.912, -40.106, -44.667
'PRANK_b0#0053_ttT_tree_69_OP_0.05304651807751681_Split_53.fasta', -23.045, -21.561, -23.246, -25.687
'PRANK_b0#0054_hhT_tree_37_OP_0.3234162682987525_Split_54.fasta', -18.137, -14.347, -18.267, -21.09
'PRANK_b0#0054_htH_tree_11_OP_0.0660385202278223_Split_54.fasta', -43.641, -45.754, -41.293, -48.299
'PRANK_b0#0054_htT_tree_37_OP_0.3234162682987525_Split_54.fasta', -16.232, -12.219, -15.708, -19.706
'PRANK_b0#0054_htT_tree_60_OP_0.2742882468420108_Split_54.fasta', -21.864, -18.615, -19.417, -27.9
'PRANK_b0#0054_thH_tree_11_OP_0.0660385202278223_Split_54.fasta', -43.203, -45.292, -40.867, -47.759
'PRANK_b0#0054_thH_tree_60_OP_0.2742882468420108_Split_54.fasta', -21.213, -17.897, -20.412, -25.896
'PRANK_b0#0054_thT_tree_11_OP_0.0660385202278223_Split_54.fasta', -46.902, -51.157, -44.468, -54.1
'PRANK_b0#0054_thT_tree_60_OP_0.2742882468420108_Split_54.fasta', -21.766, -18.519, -19.435, -27.926
'PRANK_b0#0054_ttH_tree_11_OP_0.0660385202278223_Split_54.fasta', -43.102, -45.198, -40.753, -47.685
'PRANK_b0#0054_ttH_tree_37_OP_0.3234162682987525_Split_54.fasta', -21.329, -17.974, -18.742, -24.461
'PRANK_b0#0054_ttT_tree_37_OP_0.3234162682987525_Split_54.fasta', -20.544, -17.162, -19.981, -23.33
'PRANK_b0#0054_ttT_tree_60_OP_0.2742882468420108_Split_54.fasta', -21.779, -18.538, -19.442, -27.94
'PRANK_b0#0055_hhH_tree_96_OP_0.3899661250904219_Split_55.fasta', -32.773, -31.38, -33.045, -36.249
'PRANK_b0#0055_hhT_tree_23_OP_0.41879358418754387_Split_55.fasta', -36.212, -35.498, -36.514, -38.072
'PRANK_b0#0055_hhT_tree_40_OP_0.08821008325435137_Split_55.fasta', -31.373, -30.88, -30.662, -35.545
'PRANK_b0#0055_hhT_tree_96_OP_0.3899661250904219_Split_55.fasta', -33.045, -31.422, -33.158, -36.798
'PRANK_b0#0055_htH_tree_96_OP_0.3899661250904219_Split_55.fasta', -31.93, -30.354, -32.446, -35.3
'PRANK_b0#0055_thH_tree_23_OP_0.41879358418754387_Split_55.fasta', -32.318, -31.186, -32.47, -35.108
'PRANK_b0#0055_thH_tree_40_OP_0.08821008325435137_Split_55.fasta', -28.549, -27.918, -28.188, -33.419
'PRANK_b0#0055_thT_tree_40_OP_0.08821008325435137_Split_55.fasta', -31.373, -30.88, -30.662, -35.545
'PRANK_b0#0055_ttH_tree_23_OP_0.41879358418754387_Split_55.fasta', -32.576, -31.412, -32.361, -35.111
'PRANK_b0#0055_ttT_tree_23_OP_0.41879358418754387_Split_55.fasta', -36.343, -35.675, -36.477, -39.105
'PRANK_b0#0055_ttT_tree_40_OP_0.08821008325435137_Split_55.fasta', -31.373, -30.88, -30.662, -35.545
'PRANK_b0#0055_ttT_tree_96_OP_0.3899661250904219_Split_55.fasta', -33.579, -32.0, -33.618, -37.36
'PRANK_b0#0056_hhH_tree_56_OP_0.23502932209680477_Split_56.fasta', -28.428, -26.52, -26.741, -32.477
'PRANK_b0#0056_htH_tree_56_OP_0.23502932209680477_Split_56.fasta', -28.961, -27.107, -27.176, -32.952
'PRANK_b0#0056_htT_tree_99_OP_0.18594199344926288_Split_56.fasta', -20.254, -16.997, -19.19, -24.601
'PRANK_b0#0056_thH_tree_99_OP_0.18594199344926288_Split_56.fasta', -18.992, -15.699, -20.74, -22.8
'PRANK_b0#0056_thT_tree_56_OP_0.23502932209680477_Split_56.fasta', -28.074, -26.067, -25.998, -32.013
'PRANK_b0#0056_thT_tree_99_OP_0.18594199344926288_Split_56.fasta', -20.254, -16.997, -19.19, -24.601
'PRANK_b0#0056_ttH_tree_56_OP_0.23502932209680477_Split_56.fasta', -29.46, -27.746, -27.697, -33.816
'PRANK_b0#0056_ttH_tree_99_OP_0.18594199344926288_Split_56.fasta', -18.862, -15.57, -20.646, -22.693
'PRANK_b0#0057_htH_tree_64_OP_0.05970650417263379_Split_57.fasta', -43.013, -43.626, -34.026, -45.715
'PRANK_b0#0057_thH_tree_64_OP_0.05970650417263379_Split_57.fasta', -43.003, -43.621, -33.999, -45.711
'PRANK_b0#0057_thT_tree_64_OP_0.05970650417263379_Split_57.fasta', -43.203, -44.049, -34.246, -45.944
'PRANK_b0#0057_ttH_tree_64_OP_0.05970650417263379_Split_57.fasta', -43.003, -43.621, -33.999, -45.711
'PRANK_b0#0058_hhH_tree_84_OP_0.3564845080908704_Split_58.fasta', -37.509, -37.884, -34.99, -41.889
'PRANK_b0#0058_hhT_tree_84_OP_0.3564845080908704_Split_58.fasta', -36.947, -37.54, -34.641, -41.796
'PRANK_b0#0058_hhT_tree_97_OP_0.1673876920856745_Split_58.fasta', -27.578, -30.441, -32.564, -35.604
'PRANK_b0#0058_htT_tree_84_OP_0.3564845080908704_Split_58.fasta', -36.923, -37.453, -34.613, -41.753
'PRANK_b0#0058_htT_tree_97_OP_0.1673876920856745_Split_58.fasta', -27.675, -30.635, -32.664, -35.735
'PRANK_b0#0058_thH_tree_97_OP_0.1673876920856745_Split_58.fasta', -26.601, -29.822, -32.448, -35.54
'PRANK_b0#0058_thT_tree_97_OP_0.1673876920856745_Split_58.fasta', -27.977, -31.011, -33.118, -36.163
'PRANK_b0#0058_ttT_tree_84_OP_0.3564845080908704_Split_58.fasta', -35.878, -36.314, -34.93, -39.369
'PRANK_b0#0059_hhT_tree_80_OP_0.3860599313375234_Split_59.fasta', -30.868, -29.262, -29.579, -36.81
'PRANK_b0#0059_htH_tree_36_OP_0.21650135794201675_Split_59.fasta', -38.19, -38.832, -33.983, -41.773
'PRANK_b0#0059_htH_tree_80_OP_0.3860599313375234_Split_59.fasta', -32.448, -31.06, -30.728, -38.114
'PRANK_b0#0059_htH_tree_85_OP_0.16592734946943577_Split_59.fasta', -31.81, -29.688, -30.44, -36.098
'PRANK_b0#0059_htT_tree_36_OP_0.21650135794201675_Split_59.fasta', -38.137, -37.644, -34.93, -41.856
'PRANK_b0#0059_htT_tree_80_OP_0.3860599313375234_Split_59.fasta', -31.612, -30.018, -30.423, -37.469
'PRANK_b0#0059_htT_tree_85_OP_0.16592734946943577_Split_59.fasta', -28.581, -25.853, -31.333, -30.875
'PRANK_b0#0059_thH_tree_36_OP_0.21650135794201675_Split_59.fasta', -38.409, -39.087, -35.423, -42.019
'PRANK_b0#0059_thH_tree_85_OP_0.16592734946943577_Split_59.fasta', -31.518, -29.239, -30.168, -35.743
'PRANK_b0#0059_ttH_tree_80_OP_0.3860599313375234_Split_59.fasta', -32.454, -31.036, -30.722, -38.108
'PRANK_b0#0059_ttH_tree_85_OP_0.16592734946943577_Split_59.fasta', -31.5, -29.218, -30.155, -35.721
'PRANK_b0#0059_ttT_tree_36_OP_0.21650135794201675_Split_59.fasta', -38.169, -37.686, -34.948, -41.901
'PRANK_b0#0060_hhH_tree_24_OP_0.35224591752289836_Split_60.fasta', -26.249, -24.603, -27.115, -31.646
'PRANK_b0#0060_hhT_tree_24_OP_0.35224591752289836_Split_60.fasta', -23.593, -21.275, -23.498, -28.812
'PRANK_b0#0060_ttH_tree_24_OP_0.35224591752289836_Split_60.fasta', -26.152, -24.504, -27.028, -31.562
'PRANK_b0#0060_ttT_tree_24_OP_0.35224591752289836_Split_60.fasta', -23.781, -21.421, -23.38, -29.383
'PRANK_b0#0061_hhH_tree_16_OP_0.3566466444359746_Split_61.fasta', -47.83, -46.927, -46.392, -49.676
'PRANK_b0#0061_thT_tree_16_OP_0.3566466444359746_Split_61.fasta', -34.956, -32.897, -34.532, -38.116
'PRANK_b0#0061_ttH_tree_16_OP_0.3566466444359746_Split_61.fasta', -47.709, -46.784, -46.297, -49.511
'PRANK_b0#0061_ttT_tree_16_OP_0.3566466444359746_Split_61.fasta', -34.821, -32.777, -33.782, -37.953
'PRANK_b0#0062_hhH_tree_0_OP_0.4657131574362508_Split_62.fasta', -32.908, -31.901, -28.373, -37.863
'PRANK_b0#0062_hhT_tree_81_OP_0.4058614503238694_Split_62.fasta', -29.716, -27.005, -27.568, -33.56
'PRANK_b0#0062_htH_tree_0_OP_0.4657131574362508_Split_62.fasta', -32.187, -30.925, -27.819, -37.921
'PRANK_b0#0062_htT_tree_81_OP_0.4058614503238694_Split_62.fasta', -28.789, -25.937, -27.084, -32.6
'PRANK_b0#0062_thH_tree_81_OP_0.4058614503238694_Split_62.fasta', -27.322, -24.643, -25.256, -31.411
'PRANK_b0#0062_thT_tree_0_OP_0.4657131574362508_Split_62.fasta', -32.17, -30.909, -27.733, -36.794
'PRANK_b0#0062_thT_tree_81_OP_0.4058614503238694_Split_62.fasta', -28.789, -25.937, -27.084, -32.6
'PRANK_b0#0062_ttT_tree_0_OP_0.4657131574362508_Split_62.fasta', -33.397, -32.162, -29.184, -38.204
'PRANK_b0#0063_htH_tree_71_OP_0.26664288485028304_Split_63.fasta', -22.201, -19.588, -22.814, -24.586
'PRANK_b0#0063_htT_tree_71_OP_0.26664288485028304_Split_63.fasta', -20.2, -16.959, -22.354, -22.548
'PRANK_b0#0063_thH_tree_71_OP_0.26664288485028304_Split_63.fasta', -22.23, -19.62, -22.809, -24.578
'PRANK_b0#0063_thT_tree_71_OP_0.26664288485028304_Split_63.fasta', -20.164, -16.931, -22.309, -22.507
'PRANK_b0#0065_hhH_tree_48_OP_0.33799514808893955_Split_65.fasta', -32.551, -30.953, -28.013, -36.264
'PRANK_b0#0065_htH_tree_48_OP_0.33799514808893955_Split_65.fasta', -31.623, -29.765, -27.313, -35.212
'PRANK_b0#0065_thH_tree_48_OP_0.33799514808893955_Split_65.fasta', -32.5, -30.889, -27.967, -36.192
'PRANK_b0#0065_thT_tree_48_OP_0.33799514808893955_Split_65.fasta', -30.91, -28.994, -27.705, -34.25
'PRANK_b0#0067_hhH_tree_6_OP_0.18497671267226667_Split_67.fasta', -24.138, -22.562, -22.621, -31.586
'PRANK_b0#0067_htH_tree_6_OP_0.18497671267226667_Split_67.fasta', -24.103, -22.528, -22.586, -31.55
'PRANK_b0#0067_thT_tree_6_OP_0.18497671267226667_Split_67.fasta', -23.172, -21.504, -21.186, -30.228
'PRANK_b0#0067_ttT_tree_6_OP_0.18497671267226667_Split_67.fasta', -23.189, -21.525, -21.197, -30.25
'PRANK_b0#0070_htH_tree_30_OP_0.20469024912096356_Split_70.fasta', -21.519, -18.928, -19.715, -23.477
'PRANK_b0#0070_htH_tree_43_OP_0.41666011848334805_Split_70.fasta', -15.837, -11.967, -15.956, -18.893
'PRANK_b0#0070_htT_tree_30_OP_0.20469024912096356_Split_70.fasta', -20.255, -17.71, -19.984, -22.05
'PRANK_b0#0070_thH_tree_30_OP_0.20469024912096356_Split_70.fasta', -22.667, -20.132, -21.015, -24.58
'PRANK_b0#0070_thH_tree_43_OP_0.41666011848334805_Split_70.fasta', -15.854, -11.974, -15.999, -18.94
'PRANK_b0#0070_ttH_tree_43_OP_0.41666011848334805_Split_70.fasta', -16.077, -12.064, -16.665, -18.872
'PRANK_b0#0070_ttT_tree_30_OP_0.20469024912096356_Split_70.fasta', -20.301, -17.791, -19.982, -22.066
'PRANK_b0#0070_ttT_tree_43_OP_0.41666011848334805_Split_70.fasta', -16.093, -12.195, -17.47, -19.295
'PRANK_b0#0073_htT_tree_10_OP_0.17197861239551077_Split_73.fasta', -32.284, -34.006, -29.945, -35.706
'PRANK_b0#0073_thH_tree_10_OP_0.17197861239551077_Split_73.fasta', -27.954, -27.479, -25.659, -28.896
'PRANK_b0#0073_ttH_tree_10_OP_0.17197861239551077_Split_73.fasta', -27.985, -27.498, -25.698, -28.931
'PRANK_b0#0073_ttT_tree_10_OP_0.17197861239551077_Split_73.fasta', -32.284, -34.006, -29.945, -35.706
'PRANK_b0#0077_hhH_tree_35_OP_0.23719613041625226_Split_77.fasta', -49.851, -51.289, -41.143, -54.133
'PRANK_b0#0077_hhT_tree_35_OP_0.23719613041625226_Split_77.fasta', -51.132, -52.394, -44.043, -54.337
'PRANK_b0#0077_htT_tree_35_OP_0.23719613041625226_Split_77.fasta', -52.359, -53.786, -44.908, -55.611
'PRANK_b0#0077_htT_tree_79_OP_0.39849921812999034_Split_77.fasta', -29.131, -30.035, -33.574, -35.375
'PRANK_b0#0077_thH_tree_35_OP_0.23719613041625226_Split_77.fasta', -50.642, -52.071, -41.686, -54.923
'PRANK_b0#0077_thH_tree_79_OP_0.39849921812999034_Split_77.fasta', -30.081, -31.214, -34.005, -36.647
'PRANK_b0#0077_thT_tree_79_OP_0.39849921812999034_Split_77.fasta', -28.58, -29.308, -36.077, -36.798
'PRANK_b0#0077_ttT_tree_79_OP_0.39849921812999034_Split_77.fasta', -28.556, -29.283, -35.781, -36.955
'PRANK_b0#0078_hhH_tree_86_OP_0.2347265646541319_Split_78.fasta', -31.712, -27.801, -32.923, -31.422
'PRANK_b0#0078_hhT_tree_53_OP_0.05303947942235687_Split_78.fasta', -27.282, -25.91, -24.998, -31.378
'PRANK_b0#0078_htH_tree_53_OP_0.05303947942235687_Split_78.fasta', -34.696, -34.052, -30.838, -40.508
'PRANK_b0#0078_htH_tree_86_OP_0.2347265646541319_Split_78.fasta', -31.79, -27.976, -32.718, -30.991
'PRANK_b0#0078_thH_tree_86_OP_0.2347265646541319_Split_78.fasta', -31.801, -27.975, -32.945, -31.485
'PRANK_b0#0078_thT_tree_53_OP_0.05303947942235687_Split_78.fasta', -27.282, -25.91, -24.998, -31.378
'PRANK_b0#0078_ttH_tree_53_OP_0.05303947942235687_Split_78.fasta', -34.722, -34.088, -31.81, -39.644
'PRANK_b0#0078_ttT_tree_86_OP_0.2347265646541319_Split_78.fasta', -31.8, -28.047, -32.747, -31.108
'PRANK_b0#0079_hhH_tree_88_OP_0.1810795500099957_Split_79.fasta', -37.02, -36.115, -36.253, -38.486
'PRANK_b0#0079_hhT_tree_88_OP_0.1810795500099957_Split_79.fasta', -36.063, -35.134, -35.666, -37.389
'PRANK_b0#0079_ttH_tree_88_OP_0.1810795500099957_Split_79.fasta', -37.01, -36.107, -36.243, -38.476
'PRANK_b0#0079_ttT_tree_88_OP_0.1810795500099957_Split_79.fasta', -36.205, -35.274, -35.807, -37.547
'PRANK_b0#0080_hhT_tree_3_OP_0.05125309180508808_Split_80.fasta', -10.462, -5.443, -8.613, -15.095
'PRANK_b0#0080_htH_tree_3_OP_0.05125309180508808_Split_80.fasta', -9.916, -4.835, -7.754, -14.45
'PRANK_b0#0080_htT_tree_3_OP_0.05125309180508808_Split_80.fasta', -10.647, -5.594, -8.773, -15.236
'PRANK_b0#0080_ttH_tree_3_OP_0.05125309180508808_Split_80.fasta', -9.969, -4.902, -7.829, -14.537
'PRANK_b0#0081_hhH_tree_5_OP_0.22898839817158656_Split_81.fasta', -20.038, -16.33, -18.215, -24.083
'PRANK_b0#0081_hhT_tree_51_OP_0.3986228120499837_Split_81.fasta', -15.926, -12.504, -16.469, -19.147
'PRANK_b0#0081_hhT_tree_73_OP_0.04516409856856096_Split_81.fasta', -11.833, -7.631, -14.174, -15.411
'PRANK_b0#0081_htH_tree_51_OP_0.3986228120499837_Split_81.fasta', -15.599, -11.979, -16.273, -18.482
'PRANK_b0#0081_htT_tree_5_OP_0.22898839817158656_Split_81.fasta', -19.8, -16.137, -18.535, -23.252
'PRANK_b0#0081_htT_tree_73_OP_0.04516409856856096_Split_81.fasta', -11.833, -7.631, -14.174, -15.411
'PRANK_b0#0081_thH_tree_5_OP_0.22898839817158656_Split_81.fasta', -20.073, -16.373, -18.284, -24.101
'PRANK_b0#0081_thH_tree_73_OP_0.04516409856856096_Split_81.fasta', -12.692, -8.738, -16.817, -15.973
'PRANK_b0#0081_thT_tree_51_OP_0.3986228120499837_Split_81.fasta', -16.594, -13.192, -15.626, -19.711
'PRANK_b0#0081_ttH_tree_51_OP_0.3986228120499837_Split_81.fasta', -14.851, -11.25, -14.093, -18.003
'PRANK_b0#0081_ttH_tree_73_OP_0.04516409856856096_Split_81.fasta', -12.727, -8.917, -16.96, -16.207
'PRANK_b0#0081_ttT_tree_5_OP_0.22898839817158656_Split_81.fasta', -19.802, -16.135, -18.537, -23.259
'PRANK_b0#0085_hhT_tree_59_OP_0.3079281034987719_Split_85.fasta', -34.651, -33.143, -35.923, -38.003
'PRANK_b0#0085_thT_tree_59_OP_0.3079281034987719_Split_85.fasta', -34.849, -33.338, -36.116, -38.249
'PRANK_b0#0085_ttH_tree_59_OP_0.3079281034987719_Split_85.fasta', -34.866, -33.369, -36.12, -38.334
'PRANK_b0#0085_ttT_tree_59_OP_0.3079281034987719_Split_85.fasta', -34.725, -33.219, -35.803, -38.195
'PRANK_b0#0086_hhH_tree_46_OP_0.17943757149806483_Split_86.fasta', -19.879, -16.795, -19.828, -24.941
'PRANK_b0#0086_hhT_tree_46_OP_0.17943757149806483_Split_86.fasta', -19.65, -16.595, -18.174, -25.847
'PRANK_b0#0086_hhT_tree_47_OP_0.4322745197435511_Split_86.fasta', -33.534, -30.71, -33.57, -37.732
'PRANK_b0#0086_htT_tree_47_OP_0.4322745197435511_Split_86.fasta', -33.828, -31.061, -34.989, -38.379
'PRANK_b0#0086_thT_tree_46_OP_0.17943757149806483_Split_86.fasta', -19.661, -16.557, -19.018, -24.668
'PRANK_b0#0086_thT_tree_47_OP_0.4322745197435511_Split_86.fasta', -32.301, -29.296, -33.771, -36.555
'PRANK_b0#0086_ttH_tree_46_OP_0.17943757149806483_Split_86.fasta', -19.271, -16.271, -16.097, -25.76
'PRANK_b0#0086_ttH_tree_47_OP_0.4322745197435511_Split_86.fasta', -33.574, -30.715, -31.027, -38.604
'PRANK_b0#0087_hhT_tree_44_OP_0.200818760412537_Split_87.fasta', -29.64, -29.68, -27.939, -32.873
'PRANK_b0#0087_htT_tree_44_OP_0.200818760412537_Split_87.fasta', -29.634, -29.674, -27.931, -32.868
'PRANK_b0#0087_thT_tree_44_OP_0.200818760412537_Split_87.fasta', -29.574, -29.618, -27.85, -32.808
'PRANK_b0#0087_ttT_tree_44_OP_0.200818760412537_Split_87.fasta', -29.631, -29.659, -28.856, -32.707
'PRANK_b0#0088_hhH_tree_14_OP_0.3064418702671071_Split_88.fasta', -50.149, -51.277, -49.738, -54.649
'PRANK_b0#0088_hhT_tree_92_OP_0.23387605000900108_Split_88.fasta', -17.784, -14.46, -17.835, -19.949
'PRANK_b0#0088_htH_tree_92_OP_0.23387605000900108_Split_88.fasta', -18.522, -15.549, -18.279, -20.761
'PRANK_b0#0088_htT_tree_14_OP_0.3064418702671071_Split_88.fasta', -48.753, -49.617, -46.497, -50.472
'PRANK_b0#0088_thH_tree_92_OP_0.23387605000900108_Split_88.fasta', -18.264, -15.256, -18.086, -20.536
'PRANK_b0#0088_thT_tree_14_OP_0.3064418702671071_Split_88.fasta', -48.624, -49.52, -46.391, -50.425
'PRANK_b0#0088_thT_tree_92_OP_0.23387605000900108_Split_88.fasta', -17.811, -14.835, -17.309, -19.989
'PRANK_b0#0088_ttH_tree_14_OP_0.3064418702671071_Split_88.fasta', -50.149, -51.277, -49.738, -54.649
'PRANK_b0#0089_hhH_tree_21_OP_0.22890592879188038_Split_89.fasta', -17.671, -13.787, -14.91, -24.321
'PRANK_b0#0089_htT_tree_21_OP_0.22890592879188038_Split_89.fasta', -18.142, -14.217, -15.422, -25.003
'PRANK_b0#0089_thH_tree_21_OP_0.22890592879188038_Split_89.fasta', -17.063, -13.01, -14.503, -23.718
'PRANK_b0#0089_ttT_tree_21_OP_0.22890592879188038_Split_89.fasta', -17.602, -13.526, -15.003, -24.397
'PRANK_b0#0090_hhT_tree_95_OP_0.1030307002700046_Split_90.fasta', -11.575, -6.977, -14.636, -17.078
'PRANK_b0#0090_thH_tree_95_OP_0.1030307002700046_Split_90.fasta', -9.976, -5.066, -15.215, -15.096
'PRANK_b0#0090_ttH_tree_95_OP_0.1030307002700046_Split_90.fasta', -9.596, -4.592, -10.986, -14.578
'PRANK_b0#0090_ttT_tree_95_OP_0.1030307002700046_Split_90.fasta', -11.193, -6.494, -14.399, -16.762
'PRANK_b0#0091_hhH_tree_4_OP_0.3917727204478945_Split_91.fasta', -27.3, -25.147, -26.195, -31.66
'PRANK_b0#0091_htT_tree_4_OP_0.3917727204478945_Split_91.fasta', -27.317, -25.256, -25.342, -31.909
'PRANK_b0#0091_thH_tree_4_OP_0.3917727204478945_Split_91.fasta', -27.731, -25.506, -27.031, -32.141
'PRANK_b0#0091_thT_tree_4_OP_0.3917727204478945_Split_91.fasta', -28.321, -26.32, -26.305, -32.642
'PRANK_b0#0096_hhH_tree_77_OP_0.06320220646162977_Split_96.fasta', -27.622, -26.794, -27.545, -29.742
'PRANK_b0#0096_hhT_tree_77_OP_0.06320220646162977_Split_96.fasta', -33.646, -34.668, -33.116, -34.634
'PRANK_b0#0096_htH_tree_77_OP_0.06320220646162977_Split_96.fasta', -27.622, -26.794, -27.545, -29.742
'PRANK_b0#0096_ttT_tree_77_OP_0.06320220646162977_Split_96.fasta', -34.026, -34.963, -33.404, -35.125
'PRANK_b1#0000_hhH_tree_61_OP_0.4330011748014624_Split_0.fasta', -33.797, -32.628, -30.135, -39.137
'PRANK_b1#0000_hhT_tree_61_OP_0.4330011748014624_Split_0.fasta', -33.161, -32.039, -28.43, -38.758
'PRANK_b1#0000_htH_tree_61_OP_0.4330011748014624_Split_0.fasta', -33.796, -32.63, -30.14, -39.139
'PRANK_b1#0000_htT_tree_61_OP_0.4330011748014624_Split_0.fasta', -33.174, -32.043, -28.432, -38.754
'PRANK_b1#0001_hhH_tree_89_OP_0.08315440018559267_Split_1.fasta', -5.851, -1.032, -6.423, -10.142
'PRANK_b1#0001_hhT_tree_89_OP_0.08315440018559267_Split_1.fasta', -5.715, -0.967, -6.257, -10.056
'PRANK_b1#0001_htH_tree_89_OP_0.08315440018559267_Split_1.fasta', -5.856, -1.055, -6.402, -10.156
'PRANK_b1#0001_htT_tree_89_OP_0.08315440018559267_Split_1.fasta', -5.82, -1.077, -6.349, -10.15
'PRANK_b1#0004_hhH_tree_20_OP_0.1825262028599538_Split_4.fasta', -30.773, -28.946, -30.271, -34.573
'PRANK_b1#0004_hhH_tree_2_OP_0.0971126692608415_Split_4.fasta', -31.455, -33.685, -37.999, -40.077
'PRANK_b1#0004_hhT_tree_20_OP_0.1825262028599538_Split_4.fasta', -26.412, -24.622, -26.923, -29.604
'PRANK_b1#0004_hhT_tree_2_OP_0.0971126692608415_Split_4.fasta', -31.803, -29.593, -33.08, -36.06
'PRANK_b1#0004_htH_tree_20_OP_0.1825262028599538_Split_4.fasta', -29.742, -27.923, -28.827, -34.074
'PRANK_b1#0004_htH_tree_2_OP_0.0971126692608415_Split_4.fasta', -31.496, -33.766, -37.841, -40.592
'PRANK_b1#0004_htT_tree_20_OP_0.1825262028599538_Split_4.fasta', -26.528, -24.754, -27.02, -29.716
'PRANK_b1#0004_htT_tree_2_OP_0.0971126692608415_Split_4.fasta', -31.695, -29.38, -33.042, -35.94
'PRANK_b1#0005_hhH_tree_67_OP_0.008476858088944328_Split_5.fasta', -6.834, -2.401, -3.793, -12.178
'PRANK_b1#0005_hhT_tree_67_OP_0.008476858088944328_Split_5.fasta', -10.058, -5.995, -7.389, -15.002
'PRANK_b1#0005_htH_tree_67_OP_0.008476858088944328_Split_5.fasta', -6.843, -2.41, -3.801, -12.186
'PRANK_b1#0005_htT_tree_67_OP_0.008476858088944328_Split_5.fasta', -10.098, -6.038, -7.446, -15.06
'PRANK_b1#0006_hhH_tree_90_OP_0.4673207261707267_Split_6.fasta', -29.24, -26.332, -28.57, -33.516
'PRANK_b1#0006_hhT_tree_90_OP_0.4673207261707267_Split_6.fasta', -29.752, -26.91, -28.836, -34.542
'PRANK_b1#0006_htH_tree_90_OP_0.4673207261707267_Split_6.fasta', -28.866, -25.824, -28.41, -33.338
'PRANK_b1#0006_htT_tree_90_OP_0.4673207261707267_Split_6.fasta', -28.683, -25.651, -28.605, -33.686
'PRANK_b1#0007_hhH_tree_41_OP_0.02098294888047958_Split_7.fasta', -35.736, -36.135, -30.69, -40.503
'PRANK_b1#0007_hhT_tree_41_OP_0.02098294888047958_Split_7.fasta', -33.773, -33.757, -30.652, -38.153
'PRANK_b1#0007_htH_tree_41_OP_0.02098294888047958_Split_7.fasta', -35.736, -36.135, -30.69, -40.503
'PRANK_b1#0007_htT_tree_41_OP_0.02098294888047958_Split_7.fasta', -33.773, -33.757, -30.652, -38.153
'PRANK_b1#0008_hhH_tree_15_OP_0.23700500204391878_Split_8.fasta', -37.698, -39.326, -36.513, -41.935
'PRANK_b1#0008_hhT_tree_15_OP_0.23700500204391878_Split_8.fasta', -44.476, -46.187, -43.767, -48.283
'PRANK_b1#0008_htH_tree_15_OP_0.23700500204391878_Split_8.fasta', -39.12, -40.88, -38.518, -43.983
'PRANK_b1#0008_htT_tree_15_OP_0.23700500204391878_Split_8.fasta', -35.295, -34.733, -34.694, -38.444
'PRANK_b1#0009_hhH_tree_29_OP_0.3263217068805121_Split_9.fasta', -45.226, -46.438, -44.416, -50.491
'PRANK_b1#0009_hhT_tree_29_OP_0.3263217068805121_Split_9.fasta', -48.259, -49.976, -47.217, -52.26
'PRANK_b1#0009_htH_tree_29_OP_0.3263217068805121_Split_9.fasta', -45.281, -46.498, -44.173, -50.646
'PRANK_b1#0009_htT_tree_29_OP_0.3263217068805121_Split_9.fasta', -48.394, -50.074, -47.712, -53.255
'PRANK_b1#0010_hhH_tree_55_OP_0.12131382649812672_Split_10.fasta', -15.234, -11.785, -18.741, -18.951
'PRANK_b1#0010_hhH_tree_78_OP_0.2199134490774199_Split_10.fasta', -57.837, -58.963, -55.398, -60.523
'PRANK_b1#0010_hhH_tree_93_OP_0.22235197408396468_Split_10.fasta', -13.641, -9.65, -10.187, -19.974
'PRANK_b1#0010_hhT_tree_55_OP_0.12131382649812672_Split_10.fasta', -15.124, -11.543, -18.804, -19.169
'PRANK_b1#0010_hhT_tree_78_OP_0.2199134490774199_Split_10.fasta', -58.934, -59.901, -56.224, -61.686
'PRANK_b1#0010_hhT_tree_93_OP_0.22235197408396468_Split_10.fasta', -13.478, -9.385, -10.035, -19.838
'PRANK_b1#0010_htH_tree_55_OP_0.12131382649812672_Split_10.fasta', -15.264, -11.822, -18.76, -18.983
'PRANK_b1#0010_htH_tree_78_OP_0.2199134490774199_Split_10.fasta', -57.947, -59.081, -55.104, -60.883
'PRANK_b1#0010_htH_tree_93_OP_0.22235197408396468_Split_10.fasta', -13.74, -9.764, -10.255, -20.089
'PRANK_b1#0010_htT_tree_55_OP_0.12131382649812672_Split_10.fasta', -15.224, -11.66, -18.907, -19.278
'PRANK_b1#0010_htT_tree_78_OP_0.2199134490774199_Split_10.fasta', -58.937, -59.902, -56.228, -61.688
'PRANK_b1#0010_htT_tree_93_OP_0.22235197408396468_Split_10.fasta', -13.27, -9.181, -9.409, -19.066
'PRANK_b1#0012_hhH_tree_39_OP_0.22687500454657905_Split_12.fasta', -10.343, -6.107, -11.04, -13.955
'PRANK_b1#0012_hhH_tree_42_OP_0.0496315149686164_Split_12.fasta', -21.033, -18.41, -21.197, -23.759
'PRANK_b1#0012_hhT_tree_39_OP_0.22687500454657905_Split_12.fasta', -9.646, -5.267, -11.741, -12.106
'PRANK_b1#0012_hhT_tree_42_OP_0.0496315149686164_Split_12.fasta', -19.845, -17.469, -19.577, -23.288
'PRANK_b1#0012_htH_tree_39_OP_0.22687500454657905_Split_12.fasta', -10.367, -6.127, -11.076, -13.991
'PRANK_b1#0012_htH_tree_42_OP_0.0496315149686164_Split_12.fasta', -21.2, -18.644, -21.33, -23.933
'PRANK_b1#0012_htT_tree_39_OP_0.22687500454657905_Split_12.fasta', -9.643, -5.261, -11.745, -12.097
'PRANK_b1#0012_htT_tree_42_OP_0.0496315149686164_Split_12.fasta', -19.809, -17.413, -19.562, -23.26
'PRANK_b1#0015_hhH_tree_18_OP_0.2024155938605975_Split_15.fasta', -12.883, -7.845, -15.295, -16.151
'PRANK_b1#0015_hhT_tree_18_OP_0.2024155938605975_Split_15.fasta', -10.868, -5.52, -11.88, -14.378
'PRANK_b1#0015_htH_tree_18_OP_0.2024155938605975_Split_15.fasta', -12.459, -7.312, -13.41, -15.337
'PRANK_b1#0015_htT_tree_18_OP_0.2024155938605975_Split_15.fasta', -10.87, -5.528, -11.878, -14.39
'PRANK_b1#0017_hhH_tree_25_OP_0.40331807202508463_Split_17.fasta', -26.039, -25.191, -25.191, -31.562
'PRANK_b1#0017_hhT_tree_25_OP_0.40331807202508463_Split_17.fasta', -27.766, -27.636, -29.004, -32.971
'PRANK_b1#0017_htH_tree_25_OP_0.40331807202508463_Split_17.fasta', -28.413, -28.149, -27.105, -33.848
'PRANK_b1#0017_htT_tree_25_OP_0.40331807202508463_Split_17.fasta', -29.271, -29.911, -31.98, -34.302
'PRANK_b1#0018_hhH_tree_75_OP_0.4799762788828158_Split_18.fasta', -29.93, -29.021, -29.625, -32.303
'PRANK_b1#0018_hhT_tree_75_OP_0.4799762788828158_Split_18.fasta', -28.573, -27.492, -29.234, -31.851
'PRANK_b1#0018_htH_tree_75_OP_0.4799762788828158_Split_18.fasta', -30.731, -29.671, -30.215, -32.728
'PRANK_b1#0018_htT_tree_75_OP_0.4799762788828158_Split_18.fasta', -29.551, -28.552, -30.771, -32.276
'PRANK_b1#0020_hhH_tree_32_OP_0.46510307915842913_Split_20.fasta', -53.084, -55.467, -50.137, -59.953
'PRANK_b1#0020_hhH_tree_45_OP_0.34336798907063576_Split_20.fasta', -12.57, -7.79, -14.45, -13.292
'PRANK_b1#0020_hhT_tree_32_OP_0.46510307915842913_Split_20.fasta', -51.236, -52.808, -48.753, -56.866
'PRANK_b1#0020_hhT_tree_45_OP_0.34336798907063576_Split_20.fasta', -14.391, -9.662, -15.341, -15.745
'PRANK_b1#0020_htH_tree_32_OP_0.46510307915842913_Split_20.fasta', -53.816, -56.102, -50.346, -60.083
'PRANK_b1#0020_htH_tree_45_OP_0.34336798907063576_Split_20.fasta', -12.628, -7.853, -14.48, -13.379
'PRANK_b1#0020_htT_tree_32_OP_0.46510307915842913_Split_20.fasta', -50.989, -52.561, -48.479, -56.708
'PRANK_b1#0020_htT_tree_45_OP_0.34336798907063576_Split_20.fasta', -14.996, -10.167, -15.28, -17.315
'PRANK_b1#0021_hhH_tree_72_OP_0.03379288926432422_Split_21.fasta', -16.652, -16.123, -19.812, -21.07
'PRANK_b1#0021_hhT_tree_72_OP_0.03379288926432422_Split_21.fasta', -21.966, -24.283, -31.403, -32.609
'PRANK_b1#0021_htH_tree_72_OP_0.03379288926432422_Split_21.fasta', -16.629, -16.099, -19.79, -21.044
'PRANK_b1#0021_htT_tree_72_OP_0.03379288926432422_Split_21.fasta', -22.249, -24.59, -31.168, -32.612
'PRANK_b1#0022_hhH_tree_82_OP_0.3028561213552523_Split_22.fasta', -34.909, -37.783, -39.968, -43.264
'PRANK_b1#0022_hhH_tree_83_OP_0.37330283834351374_Split_22.fasta', -8.224, -3.568, -11.682, -11.493
'PRANK_b1#0022_hhT_tree_82_OP_0.3028561213552523_Split_22.fasta', -32.563, -32.781, -29.878, -37.795
'PRANK_b1#0022_hhT_tree_83_OP_0.37330283834351374_Split_22.fasta', -22.802, -21.235, -22.297, -29.434
'PRANK_b1#0022_htH_tree_82_OP_0.3028561213552523_Split_22.fasta', -34.188, -36.852, -39.283, -42.42
'PRANK_b1#0022_htH_tree_83_OP_0.37330283834351374_Split_22.fasta', -8.159, -3.479, -11.603, -11.397
'PRANK_b1#0022_htT_tree_82_OP_0.3028561213552523_Split_22.fasta', -32.459, -32.678, -29.755, -37.691
'PRANK_b1#0022_htT_tree_83_OP_0.37330283834351374_Split_22.fasta', -22.422, -20.737, -21.581, -29.146
'PRANK_b1#0024_hhH_tree_12_OP_0.12503863659849623_Split_24.fasta', -21.119, -17.784, -22.129, -20.122
'PRANK_b1#0024_hhH_tree_28_OP_0.026059464327883253_Split_24.fasta', -13.742, -10.848, -14.085, -16.604
'PRANK_b1#0024_hhH_tree_34_OP_0.3871869419205337_Split_24.fasta', -15.397, -11.512, -13.79, -18.804
'PRANK_b1#0024_hhH_tree_58_OP_0.4060880752132891_Split_24.fasta', -20.014, -16.948, -18.826, -25.029
'PRANK_b1#0024_hhH_tree_65_OP_0.2277419037379937_Split_24.fasta', -27.058, -23.074, -27.406, -29.084
'PRANK_b1#0024_hhT_tree_12_OP_0.12503863659849623_Split_24.fasta', -21.655, -18.35, -22.673, -20.648
'PRANK_b1#0024_hhT_tree_28_OP_0.026059464327883253_Split_24.fasta', -13.443, -10.292, -15.269, -15.153
'PRANK_b1#0024_hhT_tree_34_OP_0.3871869419205337_Split_24.fasta', -21.623, -19.161, -17.431, -25.311
'PRANK_b1#0024_hhT_tree_58_OP_0.4060880752132891_Split_24.fasta', -19.424, -15.928, -19.608, -23.919
'PRANK_b1#0024_hhT_tree_65_OP_0.2277419037379937_Split_24.fasta', -26.735, -23.603, -27.332, -29.396
'PRANK_b1#0024_htH_tree_12_OP_0.12503863659849623_Split_24.fasta', -21.233, -17.922, -22.221, -20.241
'PRANK_b1#0024_htH_tree_28_OP_0.026059464327883253_Split_24.fasta', -13.742, -10.848, -14.085, -16.604
'PRANK_b1#0024_htH_tree_34_OP_0.3871869419205337_Split_24.fasta', -17.465, -14.536, -16.975, -20.99
'PRANK_b1#0024_htH_tree_58_OP_0.4060880752132891_Split_24.fasta', -16.18, -12.149, -17.424, -20.567
'PRANK_b1#0024_htH_tree_65_OP_0.2277419037379937_Split_24.fasta', -26.975, -22.92, -27.401, -29.005
'PRANK_b1#0024_htT_tree_12_OP_0.12503863659849623_Split_24.fasta', -21.655, -18.35, -22.673, -20.648
'PRANK_b1#0024_htT_tree_28_OP_0.026059464327883253_Split_24.fasta', -13.449, -10.299, -15.275, -15.161
'PRANK_b1#0024_htT_tree_34_OP_0.3871869419205337_Split_24.fasta', -19.427, -16.358, -15.73, -23.157
'PRANK_b1#0024_htT_tree_58_OP_0.4060880752132891_Split_24.fasta', -19.404, -15.866, -19.606, -23.85
'PRANK_b1#0024_htT_tree_65_OP_0.2277419037379937_Split_24.fasta', -26.716, -23.586, -27.324, -29.403
'PRANK_b1#0026_hhH_tree_87_OP_0.11403984600375927_Split_26.fasta', -34.051, -35.025, -29.858, -39.218
'PRANK_b1#0026_hhT_tree_87_OP_0.11403984600375927_Split_26.fasta', -31.246, -33.621, -30.542, -36.106
'PRANK_b1#0026_htH_tree_87_OP_0.11403984600375927_Split_26.fasta', -33.969, -34.967, -29.736, -39.096
'PRANK_b1#0026_htT_tree_87_OP_0.11403984600375927_Split_26.fasta', -31.235, -33.614, -30.525, -36.088
'PRANK_b1#0028_hhH_tree_70_OP_0.3490789034502281_Split_28.fasta', -40.62, -39.377, -40.289, -44.392
'PRANK_b1#0028_hhT_tree_70_OP_0.3490789034502281_Split_28.fasta', -35.173, -33.353, -31.159, -41.686
'PRANK_b1#0028_htH_tree_70_OP_0.3490789034502281_Split_28.fasta', -32.889, -30.71, -33.919, -38.11
'PRANK_b1#0028_htT_tree_70_OP_0.3490789034502281_Split_28.fasta', -31.819, -29.678, -33.054, -37.084
'PRANK_b1#0029_hhH_tree_1_OP_0.05363264786522631_Split_29.fasta', -40.521, -39.817, -37.845, -44.721
'PRANK_b1#0029_hhH_tree_62_OP_0.09025347905865139_Split_29.fasta', -48.534, -50.841, -43.135, -52.227
'PRANK_b1#0029_hhT_tree_1_OP_0.05363264786522631_Split_29.fasta', -41.283, -40.724, -40.961, -43.59
'PRANK_b1#0029_hhT_tree_62_OP_0.09025347905865139_Split_29.fasta', -46.341, -48.612, -38.396, -49.886
'PRANK_b1#0029_htH_tree_1_OP_0.05363264786522631_Split_29.fasta', -40.562, -39.864, -40.12, -42.828
'PRANK_b1#0029_htH_tree_62_OP_0.09025347905865139_Split_29.fasta', -48.534, -50.841, -43.135, -52.227
'PRANK_b1#0029_htT_tree_1_OP_0.05363264786522631_Split_29.fasta', -41.19, -40.629, -38.512, -45.383
'PRANK_b1#0029_htT_tree_62_OP_0.09025347905865139_Split_29.fasta', -46.336, -48.606, -38.395, -49.883
'PRANK_b1#0030_hhH_tree_68_OP_0.2161589229083642_Split_30.fasta', -14.855, -11.015, -20.616, -20.312
'PRANK_b1#0030_hhT_tree_68_OP_0.2161589229083642_Split_30.fasta', -13.861, -9.852, -17.808, -19.179
'PRANK_b1#0030_htH_tree_68_OP_0.2161589229083642_Split_30.fasta', -12.579, -8.695, -18.199, -18.035
'PRANK_b1#0030_htT_tree_68_OP_0.2161589229083642_Split_30.fasta', -13.922, -9.917, -17.86, -19.227
'PRANK_b1#0032_hhH_tree_17_OP_0.0883996370966601_Split_32.fasta', -38.102, -36.973, -37.42, -42.065
'PRANK_b1#0032_hhH_tree_31_OP_0.2991272106085847_Split_32.fasta', -7.307, -3.024, -11.117, -11.311
'PRANK_b1#0032_hhH_tree_57_OP_0.01035969654869301_Split_32.fasta', -13.249, -10.696, -12.375, -15.305
'PRANK_b1#0032_hhH_tree_74_OP_0.34003546929790274_Split_32.fasta', -15.74, -11.616, -21.155, -21.368
'PRANK_b1#0032_hhH_tree_76_OP_0.3744455664317578_Split_32.fasta', -36.274, -35.059, -37.494, -41.984
'PRANK_b1#0032_hhT_tree_17_OP_0.0883996370966601_Split_32.fasta', -41.579, -41.212, -40.709, -45.194
'PRANK_b1#0032_hhT_tree_31_OP_0.2991272106085847_Split_32.fasta', -8.706, -4.467, -11.627, -12.901
'PRANK_b1#0032_hhT_tree_57_OP_0.01035969654869301_Split_32.fasta', -12.594, -9.776, -11.385, -14.571
'PRANK_b1#0032_hhT_tree_74_OP_0.34003546929790274_Split_32.fasta', -33.812, -32.97, -34.606, -39.459
'PRANK_b1#0032_hhT_tree_76_OP_0.3744455664317578_Split_32.fasta', -39.255, -38.881, -38.112, -44.893
'PRANK_b1#0032_htH_tree_17_OP_0.0883996370966601_Split_32.fasta', -38.003, -36.878, -37.352, -41.99
'PRANK_b1#0032_htH_tree_31_OP_0.2991272106085847_Split_32.fasta', -7.305, -2.999, -11.138, -11.332
'PRANK_b1#0032_htH_tree_57_OP_0.01035969654869301_Split_32.fasta', -13.249, -10.696, -12.375, -15.305
'PRANK_b1#0032_htH_tree_74_OP_0.34003546929790274_Split_32.fasta', -31.415, -30.681, -30.333, -37.364
'PRANK_b1#0032_htH_tree_76_OP_0.3744455664317578_Split_32.fasta', -36.29, -35.063, -37.515, -41.972
'PRANK_b1#0032_htT_tree_17_OP_0.0883996370966601_Split_32.fasta', -41.473, -41.09, -40.608, -45.094
'PRANK_b1#0032_htT_tree_31_OP_0.2991272106085847_Split_32.fasta', -8.706, -4.467, -11.627, -12.901
'PRANK_b1#0032_htT_tree_57_OP_0.01035969654869301_Split_32.fasta', -12.622, -9.78, -11.45, -14.584
'PRANK_b1#0032_htT_tree_74_OP_0.34003546929790274_Split_32.fasta', -16.172, -12.125, -21.492, -21.97
'PRANK_b1#0032_htT_tree_76_OP_0.3744455664317578_Split_32.fasta', -39.255, -38.881, -38.112, -44.893
'PRANK_b1#0034_hhH_tree_33_OP_0.48048927330141855_Split_34.fasta', -49.563, -48.369, -48.792, -52.426
'PRANK_b1#0034_hhH_tree_52_OP_0.03486385316080837_Split_34.fasta', -42.938, -44.901, -37.423, -46.719
'PRANK_b1#0034_hhT_tree_33_OP_0.48048927330141855_Split_34.fasta', -37.092, -35.844, -35.497, -40.896
'PRANK_b1#0034_hhT_tree_52_OP_0.03486385316080837_Split_34.fasta', -47.146, -49.993, -38.519, -51.497
'PRANK_b1#0034_htH_tree_33_OP_0.48048927330141855_Split_34.fasta', -36.894, -35.265, -35.388, -39.912
'PRANK_b1#0034_htH_tree_52_OP_0.03486385316080837_Split_34.fasta', -42.935, -44.902, -37.418, -46.719
'PRANK_b1#0034_htT_tree_33_OP_0.48048927330141855_Split_34.fasta', -36.764, -35.446, -35.223, -40.538
'PRANK_b1#0034_htT_tree_52_OP_0.03486385316080837_Split_34.fasta', -47.146, -49.993, -38.519, -51.497
'PRANK_b1#0036_hhH_tree_8_OP_0.3698786236358351_Split_36.fasta', -22.153, -17.191, -24.407, -25.681
'PRANK_b1#0036_hhT_tree_8_OP_0.3698786236358351_Split_36.fasta', -22.029, -17.133, -24.121, -25.761
'PRANK_b1#0036_htH_tree_8_OP_0.3698786236358351_Split_36.fasta', -21.918, -17.288, -22.198, -24.689
'PRANK_b1#0036_htT_tree_8_OP_0.3698786236358351_Split_36.fasta', -20.752, -15.949, -19.552, -25.207
'PRANK_b1#0037_hhH_tree_19_OP_0.2601680197593299_Split_37.fasta', -19.158, -17.272, -19.847, -21.547
'PRANK_b1#0037_hhT_tree_19_OP_0.2601680197593299_Split_37.fasta', -18.856, -16.99, -19.578, -21.19
'PRANK_b1#0037_htH_tree_19_OP_0.2601680197593299_Split_37.fasta', -19.246, -17.447, -19.877, -21.648
'PRANK_b1#0037_htT_tree_19_OP_0.2601680197593299_Split_37.fasta', -18.888, -17.021, -19.628, -21.238
'PRANK_b1#0038_hhH_tree_22_OP_0.1313757710015392_Split_38.fasta', -27.076, -25.716, -23.87, -33.053
'PRANK_b1#0038_hhH_tree_38_OP_0.29843463616112814_Split_38.fasta', -10.556, -5.735, -12.565, -13.431
'PRANK_b1#0038_hhH_tree_91_OP_0.31689700001611826_Split_38.fasta', -15.845, -12.493, -15.506, -20.721
'PRANK_b1#0038_hhT_tree_22_OP_0.1313757710015392_Split_38.fasta', -27.978, -26.502, -24.857, -33.669
'PRANK_b1#0038_hhT_tree_38_OP_0.29843463616112814_Split_38.fasta', -10.608, -5.786, -9.917, -14.42
'PRANK_b1#0038_hhT_tree_91_OP_0.31689700001611826_Split_38.fasta', -15.323, -11.992, -15.162, -19.66
'PRANK_b1#0038_htH_tree_22_OP_0.1313757710015392_Split_38.fasta', -26.953, -25.609, -23.744, -32.952
'PRANK_b1#0038_htH_tree_38_OP_0.29843463616112814_Split_38.fasta', -10.535, -5.715, -12.556, -13.439
'PRANK_b1#0038_htH_tree_91_OP_0.31689700001611826_Split_38.fasta', -14.899, -11.274, -15.364, -17.728
'PRANK_b1#0038_htT_tree_22_OP_0.1313757710015392_Split_38.fasta', -27.956, -26.517, -24.819, -33.603
'PRANK_b1#0038_htT_tree_38_OP_0.29843463616112814_Split_38.fasta', -10.608, -5.786, -9.917, -14.42
'PRANK_b1#0038_htT_tree_91_OP_0.31689700001611826_Split_38.fasta', -16.082, -13.013, -16.105, -20.701
'PRANK_b1#0040_hhH_tree_27_OP_0.14896923282821622_Split_40.fasta', -5.336, 0.294, -8.331, -7.137
'PRANK_b1#0040_hhH_tree_9_OP_0.3803136599863731_Split_40.fasta', -40.917, -40.545, -39.234, -47.271
'PRANK_b1#0040_hhT_tree_27_OP_0.14896923282821622_Split_40.fasta', -5.041, 0.601, -8.479, -6.172
'PRANK_b1#0040_hhT_tree_9_OP_0.3803136599863731_Split_40.fasta', -44.092, -44.095, -42.969, -49.87
'PRANK_b1#0040_htH_tree_27_OP_0.14896923282821622_Split_40.fasta', -5.335, 0.295, -8.327, -7.133
'PRANK_b1#0040_htH_tree_9_OP_0.3803136599863731_Split_40.fasta', -41.406, -41.125, -39.531, -47.728
'PRANK_b1#0040_htT_tree_27_OP_0.14896923282821622_Split_40.fasta', -4.729, 0.888, -7.619, -6.536
'PRANK_b1#0040_htT_tree_9_OP_0.3803136599863731_Split_40.fasta', -43.658, -43.561, -42.703, -49.433
'PRANK_b1#0041_hhH_tree_98_OP_0.2156405548443302_Split_41.fasta', -40.342, -39.974, -36.097, -43.482
'PRANK_b1#0041_hhT_tree_98_OP_0.2156405548443302_Split_41.fasta', -38.662, -38.396, -33.635, -42.126
'PRANK_b1#0041_htH_tree_98_OP_0.2156405548443302_Split_41.fasta', -40.289, -39.932, -36.261, -43.696
'PRANK_b1#0041_htT_tree_98_OP_0.2156405548443302_Split_41.fasta', -38.744, -38.469, -33.716, -42.196
'PRANK_b1#0042_hhH_tree_26_OP_0.19458729828343746_Split_42.fasta', -8.369, -3.228, -11.405, -12.675
'PRANK_b1#0042_hhH_tree_50_OP_0.41441335319694456_Split_42.fasta', -26.058, -23.451, -23.096, -29.806
'PRANK_b1#0042_hhT_tree_26_OP_0.19458729828343746_Split_42.fasta', -11.586, -7.276, -7.505, -18.607
'PRANK_b1#0042_hhT_tree_50_OP_0.41441335319694456_Split_42.fasta', -27.255, -25.261, -23.935, -31.355
'PRANK_b1#0042_htH_tree_26_OP_0.19458729828343746_Split_42.fasta', -10.907, -6.372, -13.679, -15.588
'PRANK_b1#0042_htH_tree_50_OP_0.41441335319694456_Split_42.fasta', -26.739, -24.425, -23.56, -30.704
'PRANK_b1#0042_htT_tree_26_OP_0.19458729828343746_Split_42.fasta', -11.505, -7.174, -7.449, -18.533
'PRANK_b1#0042_htT_tree_50_OP_0.41441335319694456_Split_42.fasta', -27.302, -25.306, -24.008, -31.411
'PRANK_b1#0044_hhH_tree_66_OP_0.002445136450722696_Split_44.fasta', -22.624, -21.194, -24.367, -27.412
'PRANK_b1#0044_hhT_tree_66_OP_0.002445136450722696_Split_44.fasta', -26.892, -25.505, -25.258, -33.832
'PRANK_b1#0044_htH_tree_66_OP_0.002445136450722696_Split_44.fasta', -15.265, -12.51, -12.618, -21.52
'PRANK_b1#0044_htT_tree_66_OP_0.002445136450722696_Split_44.fasta', -16.184, -13.022, -12.749, -22.149
'PRANK_b1#0047_hhH_tree_49_OP_0.3808211405032018_Split_47.fasta', -25.568, -22.827, -23.599, -30.586
'PRANK_b1#0047_hhH_tree_54_OP_0.19617966006842125_Split_47.fasta', -31.814, -31.572, -31.21, -37.638
'PRANK_b1#0047_hhH_tree_94_OP_0.02673109171310184_Split_47.fasta', -13.577, -10.26, -9.094, -17.525
'PRANK_b1#0047_hhT_tree_49_OP_0.3808211405032018_Split_47.fasta', -21.974, -19.013, -22.266, -25.027
'PRANK_b1#0047_hhT_tree_54_OP_0.19617966006842125_Split_47.fasta', -12.739, -9.516, -15.668, -15.781
'PRANK_b1#0047_hhT_tree_94_OP_0.02673109171310184_Split_47.fasta', -12.44, -8.474, -8.97, -16.608
'PRANK_b1#0047_htH_tree_49_OP_0.3808211405032018_Split_47.fasta', -21.141, -18.072, -21.598, -24.913
'PRANK_b1#0047_htH_tree_54_OP_0.19617966006842125_Split_47.fasta', -31.805, -31.576, -31.205, -37.621
'PRANK_b1#0047_htH_tree_94_OP_0.02673109171310184_Split_47.fasta', -14.464, -11.341, -9.298, -19.309
'PRANK_b1#0047_htT_tree_49_OP_0.3808211405032018_Split_47.fasta', -21.788, -18.838, -22.09, -24.864
'PRANK_b1#0047_htT_tree_54_OP_0.19617966006842125_Split_47.fasta', -12.366, -9.059, -15.236, -15.251
'PRANK_b1#0047_htT_tree_94_OP_0.02673109171310184_Split_47.fasta', -12.407, -8.44, -8.918, -16.559
'23410', 4.502, 10.411, 1.997, 0.68
